<?xml version="1.0" encoding="UTF-8"?>
<gpx creator="StravaGPX" version="1.1" xmlns="http://www.topografix.com/GPX/1/1" xmlns:xsi="http://www.w3.org/2001/XMLSchema-instance" xsi:schemaLocation="http://www.topografix.com/GPX/1/1 http://www.topografix.com/GPX/1/1/gpx.xsd">
 <trk>
  <name>Morning E-Bike Ride</name>
  <type>ebikeride</type>
  <trkseg>
   <trkpt lat="38.4044310" lon="-76.8405800">
    <ele>38.2</ele>
   </trkpt>
   <trkpt lat="38.4044130" lon="-76.8406760">
    <ele>36.2</ele>
   </trkpt>
   <trkpt lat="38.4044030" lon="-76.8407160">
    <ele>35.0</ele>
   </trkpt>
   <trkpt lat="38.4043970" lon="-76.8407810">
    <ele>33.8</ele>
   </trkpt>
   <trkpt lat="38.4044050" lon="-76.8408110">
    <ele>33.2</ele>
   </trkpt>
   <trkpt lat="38.4044200" lon="-76.8408360">
    <ele>32.8</ele>
   </trkpt>
   <trkpt lat="38.4044400" lon="-76.8408540">
    <ele>32.4</ele>
   </trkpt>
   <trkpt lat="38.4044830" lon="-76.8408790">
    <ele>31.4</ele>
   </trkpt>
   <trkpt lat="38.4045300" lon="-76.8409010">
    <ele>31.4</ele>
   </trkpt>
   <trkpt lat="38.4046110" lon="-76.8409860">
    <ele>31.2</ele>
   </trkpt>
   <trkpt lat="38.4046180" lon="-76.8411330">
    <ele>30.6</ele>
   </trkpt>
   <trkpt lat="38.4046000" lon="-76.8411980">
    <ele>30.2</ele>
   </trkpt>
   <trkpt lat="38.4045260" lon="-76.8413150">
    <ele>29.6</ele>
   </trkpt>
   <trkpt lat="38.4044900" lon="-76.8413560">
    <ele>29.2</ele>
   </trkpt>
   <trkpt lat="38.4043490" lon="-76.8415420">
    <ele>28.4</ele>
   </trkpt>
   <trkpt lat="38.4043260" lon="-76.8415720">
    <ele>28.2</ele>
   </trkpt>
   <trkpt lat="38.4042490" lon="-76.8416110">
    <ele>27.8</ele>
   </trkpt>
   <trkpt lat="38.4041390" lon="-76.8416170">
    <ele>28.0</ele>
   </trkpt>
   <trkpt lat="38.4041340" lon="-76.8416210">
    <ele>28.0</ele>
   </trkpt>
   <trkpt lat="38.4040710" lon="-76.8416380">
    <ele>28.2</ele>
   </trkpt>
   <trkpt lat="38.4039870" lon="-76.8417520">
    <ele>28.6</ele>
   </trkpt>
   <trkpt lat="38.4039280" lon="-76.8419020">
    <ele>27.8</ele>
   </trkpt>
   <trkpt lat="38.4039280" lon="-76.8418980">
    <ele>27.8</ele>
   </trkpt>
   <trkpt lat="38.4039400" lon="-76.8418540">
    <ele>24.8</ele>
   </trkpt>
   <trkpt lat="38.4039390" lon="-76.8418550">
    <ele>24.8</ele>
   </trkpt>
   <trkpt lat="38.4039380" lon="-76.8418590">
    <ele>23.8</ele>
   </trkpt>
   <trkpt lat="38.4039200" lon="-76.8419400">
    <ele>23.6</ele>
   </trkpt>
   <trkpt lat="38.4039100" lon="-76.8420000">
    <ele>23.6</ele>
   </trkpt>
   <trkpt lat="38.4038870" lon="-76.8421340">
    <ele>23.8</ele>
   </trkpt>
   <trkpt lat="38.4038020" lon="-76.8423710">
    <ele>23.6</ele>
   </trkpt>
   <trkpt lat="38.4036690" lon="-76.8427210">
    <ele>23.0</ele>
   </trkpt>
   <trkpt lat="38.4036170" lon="-76.8428610">
    <ele>21.0</ele>
   </trkpt>
   <trkpt lat="38.4035770" lon="-76.8429780">
    <ele>19.2</ele>
   </trkpt>
   <trkpt lat="38.4035380" lon="-76.8430690">
    <ele>19.2</ele>
   </trkpt>
   <trkpt lat="38.4035110" lon="-76.8431410">
    <ele>19.2</ele>
   </trkpt>
   <trkpt lat="38.4034920" lon="-76.8431930">
    <ele>19.4</ele>
   </trkpt>
   <trkpt lat="38.4034710" lon="-76.8432420">
    <ele>21.0</ele>
   </trkpt>
   <trkpt lat="38.4034370" lon="-76.8432880">
    <ele>21.4</ele>
   </trkpt>
   <trkpt lat="38.4033250" lon="-76.8434490">
    <ele>21.4</ele>
   </trkpt>
   <trkpt lat="38.4031740" lon="-76.8436300">
    <ele>20.6</ele>
   </trkpt>
   <trkpt lat="38.4031070" lon="-76.8436920">
    <ele>20.6</ele>
   </trkpt>
   <trkpt lat="38.4030590" lon="-76.8437230">
    <ele>20.6</ele>
   </trkpt>
   <trkpt lat="38.4030130" lon="-76.8437440">
    <ele>21.6</ele>
   </trkpt>
   <trkpt lat="38.4029640" lon="-76.8437650">
    <ele>24.0</ele>
   </trkpt>
   <trkpt lat="38.4029090" lon="-76.8437840">
    <ele>25.0</ele>
   </trkpt>
   <trkpt lat="38.4028560" lon="-76.8437990">
    <ele>25.4</ele>
   </trkpt>
   <trkpt lat="38.4027920" lon="-76.8438130">
    <ele>26.4</ele>
   </trkpt>
   <trkpt lat="38.4027200" lon="-76.8438150">
    <ele>27.6</ele>
   </trkpt>
   <trkpt lat="38.4026130" lon="-76.8437680">
    <ele>28.4</ele>
   </trkpt>
   <trkpt lat="38.4025880" lon="-76.8437120">
    <ele>29.8</ele>
   </trkpt>
   <trkpt lat="38.4025790" lon="-76.8436360">
    <ele>30.6</ele>
   </trkpt>
   <trkpt lat="38.4025670" lon="-76.8435510">
    <ele>31.4</ele>
   </trkpt>
   <trkpt lat="38.4025550" lon="-76.8434570">
    <ele>32.0</ele>
   </trkpt>
   <trkpt lat="38.4025580" lon="-76.8433650">
    <ele>32.8</ele>
   </trkpt>
   <trkpt lat="38.4025790" lon="-76.8432820">
    <ele>33.4</ele>
   </trkpt>
   <trkpt lat="38.4026270" lon="-76.8432000">
    <ele>33.4</ele>
   </trkpt>
   <trkpt lat="38.4027160" lon="-76.8431380">
    <ele>33.4</ele>
   </trkpt>
   <trkpt lat="38.4028400" lon="-76.8430920">
    <ele>33.4</ele>
   </trkpt>
   <trkpt lat="38.4029740" lon="-76.8430500">
    <ele>30.0</ele>
   </trkpt>
   <trkpt lat="38.4031010" lon="-76.8430100">
    <ele>26.4</ele>
   </trkpt>
   <trkpt lat="38.4032110" lon="-76.8429700">
    <ele>22.8</ele>
   </trkpt>
   <trkpt lat="38.4032970" lon="-76.8429130">
    <ele>21.0</ele>
   </trkpt>
   <trkpt lat="38.4033410" lon="-76.8428440">
    <ele>20.2</ele>
   </trkpt>
   <trkpt lat="38.4033520" lon="-76.8427770">
    <ele>20.2</ele>
   </trkpt>
   <trkpt lat="38.4033180" lon="-76.8427300">
    <ele>20.2</ele>
   </trkpt>
   <trkpt lat="38.4032530" lon="-76.8427180">
    <ele>20.2</ele>
   </trkpt>
   <trkpt lat="38.4031720" lon="-76.8427410">
    <ele>20.4</ele>
   </trkpt>
   <trkpt lat="38.4030140" lon="-76.8428130">
    <ele>21.2</ele>
   </trkpt>
   <trkpt lat="38.4028900" lon="-76.8428630">
    <ele>23.0</ele>
   </trkpt>
   <trkpt lat="38.4028410" lon="-76.8428840">
    <ele>25.4</ele>
   </trkpt>
   <trkpt lat="38.4027880" lon="-76.8429050">
    <ele>28.6</ele>
   </trkpt>
   <trkpt lat="38.4027370" lon="-76.8429360">
    <ele>30.2</ele>
   </trkpt>
   <trkpt lat="38.4026180" lon="-76.8429900">
    <ele>31.4</ele>
   </trkpt>
   <trkpt lat="38.4025430" lon="-76.8430200">
    <ele>33.4</ele>
   </trkpt>
   <trkpt lat="38.4024650" lon="-76.8430700">
    <ele>34.0</ele>
   </trkpt>
   <trkpt lat="38.4024050" lon="-76.8431380">
    <ele>34.2</ele>
   </trkpt>
   <trkpt lat="38.4023030" lon="-76.8432860">
    <ele>34.0</ele>
   </trkpt>
   <trkpt lat="38.4021460" lon="-76.8434440">
    <ele>32.2</ele>
   </trkpt>
   <trkpt lat="38.4020440" lon="-76.8435410">
    <ele>31.0</ele>
   </trkpt>
   <trkpt lat="38.4019390" lon="-76.8436210">
    <ele>28.2</ele>
   </trkpt>
   <trkpt lat="38.4018420" lon="-76.8436700">
    <ele>25.0</ele>
   </trkpt>
   <trkpt lat="38.4017820" lon="-76.8437060">
    <ele>24.0</ele>
   </trkpt>
   <trkpt lat="38.4017340" lon="-76.8437390">
    <ele>24.0</ele>
   </trkpt>
   <trkpt lat="38.4016920" lon="-76.8437880">
    <ele>24.0</ele>
   </trkpt>
   <trkpt lat="38.4016100" lon="-76.8439240">
    <ele>24.2</ele>
   </trkpt>
   <trkpt lat="38.4014920" lon="-76.8441130">
    <ele>25.6</ele>
   </trkpt>
   <trkpt lat="38.4014700" lon="-76.8441460">
    <ele>26.0</ele>
   </trkpt>
   <trkpt lat="38.4014430" lon="-76.8441830">
    <ele>26.6</ele>
   </trkpt>
   <trkpt lat="38.4013960" lon="-76.8442280">
    <ele>26.8</ele>
   </trkpt>
   <trkpt lat="38.4012850" lon="-76.8443000">
    <ele>27.0</ele>
   </trkpt>
   <trkpt lat="38.4012530" lon="-76.8443270">
    <ele>27.0</ele>
   </trkpt>
   <trkpt lat="38.4011950" lon="-76.8443670">
    <ele>27.2</ele>
   </trkpt>
   <trkpt lat="38.4010260" lon="-76.8443960">
    <ele>27.4</ele>
   </trkpt>
   <trkpt lat="38.4008570" lon="-76.8443820">
    <ele>27.6</ele>
   </trkpt>
   <trkpt lat="38.4007800" lon="-76.8443530">
    <ele>27.6</ele>
   </trkpt>
   <trkpt lat="38.4007030" lon="-76.8442990">
    <ele>27.6</ele>
   </trkpt>
   <trkpt lat="38.4005990" lon="-76.8441220">
    <ele>27.8</ele>
   </trkpt>
   <trkpt lat="38.4005640" lon="-76.8439930">
    <ele>28.8</ele>
   </trkpt>
   <trkpt lat="38.4005530" lon="-76.8438760">
    <ele>30.0</ele>
   </trkpt>
   <trkpt lat="38.4005570" lon="-76.8437570">
    <ele>31.0</ele>
   </trkpt>
   <trkpt lat="38.4005810" lon="-76.8436420">
    <ele>32.0</ele>
   </trkpt>
   <trkpt lat="38.4006340" lon="-76.8435420">
    <ele>33.2</ele>
   </trkpt>
   <trkpt lat="38.4007680" lon="-76.8433500">
    <ele>34.8</ele>
   </trkpt>
   <trkpt lat="38.4008790" lon="-76.8431000">
    <ele>35.2</ele>
   </trkpt>
   <trkpt lat="38.4009730" lon="-76.8428090">
    <ele>35.6</ele>
   </trkpt>
   <trkpt lat="38.4009850" lon="-76.8426620">
    <ele>36.0</ele>
   </trkpt>
   <trkpt lat="38.4009750" lon="-76.8423750">
    <ele>36.6</ele>
   </trkpt>
   <trkpt lat="38.4010040" lon="-76.8422340">
    <ele>36.8</ele>
   </trkpt>
   <trkpt lat="38.4011030" lon="-76.8420080">
    <ele>37.0</ele>
   </trkpt>
   <trkpt lat="38.4011830" lon="-76.8419320">
    <ele>37.0</ele>
   </trkpt>
   <trkpt lat="38.4012630" lon="-76.8418750">
    <ele>37.0</ele>
   </trkpt>
   <trkpt lat="38.4014190" lon="-76.8417560">
    <ele>38.8</ele>
   </trkpt>
   <trkpt lat="38.4015000" lon="-76.8416770">
    <ele>39.2</ele>
   </trkpt>
   <trkpt lat="38.4015850" lon="-76.8415820">
    <ele>39.2</ele>
   </trkpt>
   <trkpt lat="38.4019470" lon="-76.8411410">
    <ele>38.6</ele>
   </trkpt>
   <trkpt lat="38.4024440" lon="-76.8405690">
    <ele>38.6</ele>
   </trkpt>
   <trkpt lat="38.4026810" lon="-76.8405190">
    <ele>38.8</ele>
   </trkpt>
   <trkpt lat="38.4028790" lon="-76.8406760">
    <ele>39.4</ele>
   </trkpt>
   <trkpt lat="38.4029220" lon="-76.8409880">
    <ele>39.8</ele>
   </trkpt>
   <trkpt lat="38.4028380" lon="-76.8413020">
    <ele>39.8</ele>
   </trkpt>
   <trkpt lat="38.4026860" lon="-76.8415760">
    <ele>39.8</ele>
   </trkpt>
   <trkpt lat="38.4025900" lon="-76.8417060">
    <ele>39.6</ele>
   </trkpt>
   <trkpt lat="38.4021730" lon="-76.8422240">
    <ele>38.8</ele>
   </trkpt>
   <trkpt lat="38.4020840" lon="-76.8423350">
    <ele>38.8</ele>
   </trkpt>
   <trkpt lat="38.4020090" lon="-76.8424220">
    <ele>38.8</ele>
   </trkpt>
   <trkpt lat="38.4019960" lon="-76.8425480">
    <ele>39.0</ele>
   </trkpt>
   <trkpt lat="38.4020430" lon="-76.8425510">
    <ele>39.8</ele>
   </trkpt>
   <trkpt lat="38.4020950" lon="-76.8425180">
    <ele>40.0</ele>
   </trkpt>
   <trkpt lat="38.4022040" lon="-76.8424880">
    <ele>40.0</ele>
   </trkpt>
   <trkpt lat="38.4022490" lon="-76.8425020">
    <ele>40.2</ele>
   </trkpt>
   <trkpt lat="38.4023050" lon="-76.8425010">
    <ele>40.2</ele>
   </trkpt>
   <trkpt lat="38.4024110" lon="-76.8424310">
    <ele>39.8</ele>
   </trkpt>
   <trkpt lat="38.4025130" lon="-76.8423440">
    <ele>37.0</ele>
   </trkpt>
   <trkpt lat="38.4026460" lon="-76.8422450">
    <ele>33.4</ele>
   </trkpt>
   <trkpt lat="38.4027400" lon="-76.8421840">
    <ele>31.6</ele>
   </trkpt>
   <trkpt lat="38.4031030" lon="-76.8420200">
    <ele>31.4</ele>
   </trkpt>
   <trkpt lat="38.4032360" lon="-76.8420020">
    <ele>35.4</ele>
   </trkpt>
   <trkpt lat="38.4032910" lon="-76.8420000">
    <ele>35.8</ele>
   </trkpt>
   <trkpt lat="38.4034690" lon="-76.8420370">
    <ele>35.8</ele>
   </trkpt>
   <trkpt lat="38.4035910" lon="-76.8420630">
    <ele>34.0</ele>
   </trkpt>
   <trkpt lat="38.4037080" lon="-76.8420630">
    <ele>29.8</ele>
   </trkpt>
   <trkpt lat="38.4037840" lon="-76.8420110">
    <ele>26.0</ele>
   </trkpt>
   <trkpt lat="38.4037930" lon="-76.8418450">
    <ele>25.8</ele>
   </trkpt>
   <trkpt lat="38.4037270" lon="-76.8417030">
    <ele>26.2</ele>
   </trkpt>
   <trkpt lat="38.4036610" lon="-76.8416500">
    <ele>27.0</ele>
   </trkpt>
   <trkpt lat="38.4036060" lon="-76.8416110">
    <ele>28.2</ele>
   </trkpt>
   <trkpt lat="38.4035590" lon="-76.8415820">
    <ele>30.0</ele>
   </trkpt>
   <trkpt lat="38.4035070" lon="-76.8415540">
    <ele>32.6</ele>
   </trkpt>
   <trkpt lat="38.4034440" lon="-76.8415160">
    <ele>33.6</ele>
   </trkpt>
   <trkpt lat="38.4033900" lon="-76.8414760">
    <ele>34.8</ele>
   </trkpt>
   <trkpt lat="38.4033670" lon="-76.8414230">
    <ele>35.0</ele>
   </trkpt>
   <trkpt lat="38.4033830" lon="-76.8413650">
    <ele>36.0</ele>
   </trkpt>
   <trkpt lat="38.4034300" lon="-76.8413200">
    <ele>37.0</ele>
   </trkpt>
   <trkpt lat="38.4034970" lon="-76.8412990">
    <ele>37.2</ele>
   </trkpt>
   <trkpt lat="38.4036360" lon="-76.8413070">
    <ele>37.6</ele>
   </trkpt>
   <trkpt lat="38.4037770" lon="-76.8413820">
    <ele>37.8</ele>
   </trkpt>
   <trkpt lat="38.4038700" lon="-76.8414090">
    <ele>35.6</ele>
   </trkpt>
   <trkpt lat="38.4039730" lon="-76.8414070">
    <ele>31.2</ele>
   </trkpt>
   <trkpt lat="38.4040660" lon="-76.8413740">
    <ele>29.0</ele>
   </trkpt>
   <trkpt lat="38.4041310" lon="-76.8413270">
    <ele>27.8</ele>
   </trkpt>
   <trkpt lat="38.4041690" lon="-76.8412580">
    <ele>27.8</ele>
   </trkpt>
   <trkpt lat="38.4041970" lon="-76.8411750">
    <ele>27.8</ele>
   </trkpt>
   <trkpt lat="38.4042730" lon="-76.8408860">
    <ele>29.4</ele>
   </trkpt>
   <trkpt lat="38.4043090" lon="-76.8407010">
    <ele>30.6</ele>
   </trkpt>
   <trkpt lat="38.4043170" lon="-76.8406280">
    <ele>32.2</ele>
   </trkpt>
   <trkpt lat="38.4043260" lon="-76.8405630">
    <ele>34.8</ele>
   </trkpt>
   <trkpt lat="38.4043360" lon="-76.8404980">
    <ele>37.4</ele>
   </trkpt>
   <trkpt lat="38.4043470" lon="-76.8404330">
    <ele>39.0</ele>
   </trkpt>
   <trkpt lat="38.4043670" lon="-76.8402700">
    <ele>40.2</ele>
   </trkpt>
   <trkpt lat="38.4043920" lon="-76.8401610">
    <ele>40.2</ele>
   </trkpt>
   <trkpt lat="38.4044940" lon="-76.8399890">
    <ele>40.6</ele>
   </trkpt>
   <trkpt lat="38.4046620" lon="-76.8399820">
    <ele>40.2</ele>
   </trkpt>
   <trkpt lat="38.4048160" lon="-76.8400700">
    <ele>39.8</ele>
   </trkpt>
   <trkpt lat="38.4048780" lon="-76.8401460">
    <ele>38.8</ele>
   </trkpt>
   <trkpt lat="38.4049240" lon="-76.8402590">
    <ele>38.6</ele>
   </trkpt>
   <trkpt lat="38.4049490" lon="-76.8403960">
    <ele>37.8</ele>
   </trkpt>
   <trkpt lat="38.4049580" lon="-76.8405430">
    <ele>36.8</ele>
   </trkpt>
   <trkpt lat="38.4049470" lon="-76.8408860">
    <ele>36.0</ele>
   </trkpt>
   <trkpt lat="38.4049330" lon="-76.8410300">
    <ele>36.0</ele>
   </trkpt>
   <trkpt lat="38.4049100" lon="-76.8412330">
    <ele>35.6</ele>
   </trkpt>
   <trkpt lat="38.4048220" lon="-76.8416050">
    <ele>35.4</ele>
   </trkpt>
   <trkpt lat="38.4047590" lon="-76.8417400">
    <ele>33.4</ele>
   </trkpt>
   <trkpt lat="38.4046750" lon="-76.8418490">
    <ele>32.2</ele>
   </trkpt>
   <trkpt lat="38.4044870" lon="-76.8419510">
    <ele>31.4</ele>
   </trkpt>
   <trkpt lat="38.4044190" lon="-76.8419670">
    <ele>31.2</ele>
   </trkpt>
   <trkpt lat="38.4043570" lon="-76.8420010">
    <ele>30.4</ele>
   </trkpt>
   <trkpt lat="38.4042990" lon="-76.8420850">
    <ele>29.6</ele>
   </trkpt>
   <trkpt lat="38.4042600" lon="-76.8422070">
    <ele>28.6</ele>
   </trkpt>
   <trkpt lat="38.4042580" lon="-76.8423420">
    <ele>26.8</ele>
   </trkpt>
   <trkpt lat="38.4042580" lon="-76.8424640">
    <ele>26.4</ele>
   </trkpt>
   <trkpt lat="38.4041640" lon="-76.8426030">
    <ele>25.4</ele>
   </trkpt>
   <trkpt lat="38.4039980" lon="-76.8426840">
    <ele>25.0</ele>
   </trkpt>
   <trkpt lat="38.4039320" lon="-76.8426840">
    <ele>23.8</ele>
   </trkpt>
   <trkpt lat="38.4038850" lon="-76.8426710">
    <ele>22.8</ele>
   </trkpt>
   <trkpt lat="38.4038500" lon="-76.8426540">
    <ele>22.6</ele>
   </trkpt>
   <trkpt lat="38.4038270" lon="-76.8426470">
    <ele>22.6</ele>
   </trkpt>
   <trkpt lat="38.4037540" lon="-76.8426580">
    <ele>22.2</ele>
   </trkpt>
   <trkpt lat="38.4037040" lon="-76.8427150">
    <ele>22.2</ele>
   </trkpt>
   <trkpt lat="38.4036650" lon="-76.8427650">
    <ele>22.2</ele>
   </trkpt>
   <trkpt lat="38.4036260" lon="-76.8428160">
    <ele>23.4</ele>
   </trkpt>
   <trkpt lat="38.4035070" lon="-76.8431370">
    <ele>23.0</ele>
   </trkpt>
   <trkpt lat="38.4034490" lon="-76.8432370">
    <ele>25.2</ele>
   </trkpt>
   <trkpt lat="38.4033650" lon="-76.8433740">
    <ele>25.2</ele>
   </trkpt>
   <trkpt lat="38.4032350" lon="-76.8435470">
    <ele>24.0</ele>
   </trkpt>
   <trkpt lat="38.4030420" lon="-76.8436920">
    <ele>24.0</ele>
   </trkpt>
   <trkpt lat="38.4030150" lon="-76.8437090">
    <ele>25.4</ele>
   </trkpt>
   <trkpt lat="38.4029630" lon="-76.8437330">
    <ele>27.4</ele>
   </trkpt>
   <trkpt lat="38.4028600" lon="-76.8437700">
    <ele>28.8</ele>
   </trkpt>
   <trkpt lat="38.4027980" lon="-76.8437780">
    <ele>29.4</ele>
   </trkpt>
   <trkpt lat="38.4027260" lon="-76.8437790">
    <ele>31.0</ele>
   </trkpt>
   <trkpt lat="38.4026720" lon="-76.8437600">
    <ele>31.4</ele>
   </trkpt>
   <trkpt lat="38.4026140" lon="-76.8436870">
    <ele>33.8</ele>
   </trkpt>
   <trkpt lat="38.4025920" lon="-76.8435730">
    <ele>35.0</ele>
   </trkpt>
   <trkpt lat="38.4025610" lon="-76.8435060">
    <ele>35.4</ele>
   </trkpt>
   <trkpt lat="38.4025430" lon="-76.8434340">
    <ele>36.0</ele>
   </trkpt>
   <trkpt lat="38.4025440" lon="-76.8433490">
    <ele>37.0</ele>
   </trkpt>
   <trkpt lat="38.4025430" lon="-76.8433330">
    <ele>37.8</ele>
   </trkpt>
   <trkpt lat="38.4025550" lon="-76.8432970">
    <ele>38.0</ele>
   </trkpt>
   <trkpt lat="38.4025710" lon="-76.8432710">
    <ele>38.0</ele>
   </trkpt>
   <trkpt lat="38.4026620" lon="-76.8431480">
    <ele>38.0</ele>
   </trkpt>
   <trkpt lat="38.4027240" lon="-76.8431020">
    <ele>37.6</ele>
   </trkpt>
   <trkpt lat="38.4028150" lon="-76.8430600">
    <ele>36.4</ele>
   </trkpt>
   <trkpt lat="38.4029280" lon="-76.8430200">
    <ele>34.6</ele>
   </trkpt>
   <trkpt lat="38.4030430" lon="-76.8429770">
    <ele>31.4</ele>
   </trkpt>
   <trkpt lat="38.4031430" lon="-76.8429360">
    <ele>27.8</ele>
   </trkpt>
   <trkpt lat="38.4032230" lon="-76.8429050">
    <ele>25.0</ele>
   </trkpt>
   <trkpt lat="38.4032790" lon="-76.8428780">
    <ele>23.8</ele>
   </trkpt>
   <trkpt lat="38.4033070" lon="-76.8428370">
    <ele>23.8</ele>
   </trkpt>
   <trkpt lat="38.4033090" lon="-76.8427850">
    <ele>23.6</ele>
   </trkpt>
   <trkpt lat="38.4033000" lon="-76.8427430">
    <ele>23.6</ele>
   </trkpt>
   <trkpt lat="38.4031630" lon="-76.8427220">
    <ele>24.0</ele>
   </trkpt>
   <trkpt lat="38.4030600" lon="-76.8427470">
    <ele>24.2</ele>
   </trkpt>
   <trkpt lat="38.4029890" lon="-76.8427170">
    <ele>24.8</ele>
   </trkpt>
   <trkpt lat="38.4029490" lon="-76.8427040">
    <ele>25.6</ele>
   </trkpt>
   <trkpt lat="38.4029030" lon="-76.8426960">
    <ele>25.8</ele>
   </trkpt>
   <trkpt lat="38.4028160" lon="-76.8427210">
    <ele>26.8</ele>
   </trkpt>
   <trkpt lat="38.4027450" lon="-76.8427590">
    <ele>28.6</ele>
   </trkpt>
   <trkpt lat="38.4027080" lon="-76.8427750">
    <ele>29.6</ele>
   </trkpt>
   <trkpt lat="38.4026270" lon="-76.8428050">
    <ele>31.4</ele>
   </trkpt>
   <trkpt lat="38.4025820" lon="-76.8428220">
    <ele>32.6</ele>
   </trkpt>
   <trkpt lat="38.4025040" lon="-76.8428920">
    <ele>34.2</ele>
   </trkpt>
   <trkpt lat="38.4024880" lon="-76.8429440">
    <ele>35.2</ele>
   </trkpt>
   <trkpt lat="38.4024680" lon="-76.8430300">
    <ele>36.0</ele>
   </trkpt>
   <trkpt lat="38.4023970" lon="-76.8431500">
    <ele>37.2</ele>
   </trkpt>
   <trkpt lat="38.4023340" lon="-76.8432680">
    <ele>37.2</ele>
   </trkpt>
   <trkpt lat="38.4022880" lon="-76.8433160">
    <ele>37.2</ele>
   </trkpt>
   <trkpt lat="38.4021660" lon="-76.8434200">
    <ele>35.2</ele>
   </trkpt>
   <trkpt lat="38.4020910" lon="-76.8434880">
    <ele>34.4</ele>
   </trkpt>
   <trkpt lat="38.4020140" lon="-76.8435610">
    <ele>32.6</ele>
   </trkpt>
   <trkpt lat="38.4019390" lon="-76.8436340">
    <ele>30.4</ele>
   </trkpt>
   <trkpt lat="38.4018810" lon="-76.8436780">
    <ele>28.4</ele>
   </trkpt>
   <trkpt lat="38.4018140" lon="-76.8437220">
    <ele>27.2</ele>
   </trkpt>
   <trkpt lat="38.4017790" lon="-76.8437370">
    <ele>27.2</ele>
   </trkpt>
   <trkpt lat="38.4016740" lon="-76.8438360">
    <ele>27.2</ele>
   </trkpt>
   <trkpt lat="38.4016330" lon="-76.8439030">
    <ele>27.4</ele>
   </trkpt>
   <trkpt lat="38.4014900" lon="-76.8441360">
    <ele>28.6</ele>
   </trkpt>
   <trkpt lat="38.4014160" lon="-76.8442050">
    <ele>29.8</ele>
   </trkpt>
   <trkpt lat="38.4013700" lon="-76.8442440">
    <ele>30.0</ele>
   </trkpt>
   <trkpt lat="38.4012730" lon="-76.8443100">
    <ele>30.0</ele>
   </trkpt>
   <trkpt lat="38.4011590" lon="-76.8443730">
    <ele>30.4</ele>
   </trkpt>
   <trkpt lat="38.4011030" lon="-76.8443930">
    <ele>30.4</ele>
   </trkpt>
   <trkpt lat="38.4009870" lon="-76.8444030">
    <ele>30.6</ele>
   </trkpt>
   <trkpt lat="38.4008680" lon="-76.8443950">
    <ele>30.6</ele>
   </trkpt>
   <trkpt lat="38.4007220" lon="-76.8443260">
    <ele>30.6</ele>
   </trkpt>
   <trkpt lat="38.4006540" lon="-76.8442580">
    <ele>30.8</ele>
   </trkpt>
   <trkpt lat="38.4006060" lon="-76.8441690">
    <ele>30.8</ele>
   </trkpt>
   <trkpt lat="38.4005730" lon="-76.8440690">
    <ele>31.2</ele>
   </trkpt>
   <trkpt lat="38.4005560" lon="-76.8439610">
    <ele>32.2</ele>
   </trkpt>
   <trkpt lat="38.4005540" lon="-76.8438510">
    <ele>33.4</ele>
   </trkpt>
   <trkpt lat="38.4005560" lon="-76.8437630">
    <ele>34.6</ele>
   </trkpt>
   <trkpt lat="38.4005610" lon="-76.8436910">
    <ele>35.4</ele>
   </trkpt>
   <trkpt lat="38.4005780" lon="-76.8436230">
    <ele>36.0</ele>
   </trkpt>
   <trkpt lat="38.4006130" lon="-76.8435550">
    <ele>37.0</ele>
   </trkpt>
   <trkpt lat="38.4007310" lon="-76.8434300">
    <ele>37.8</ele>
   </trkpt>
   <trkpt lat="38.4007820" lon="-76.8433430">
    <ele>38.0</ele>
   </trkpt>
   <trkpt lat="38.4008270" lon="-76.8432390">
    <ele>38.0</ele>
   </trkpt>
   <trkpt lat="38.4009640" lon="-76.8428630">
    <ele>38.8</ele>
   </trkpt>
   <trkpt lat="38.4009860" lon="-76.8425890">
    <ele>39.4</ele>
   </trkpt>
   <trkpt lat="38.4009900" lon="-76.8423050">
    <ele>39.6</ele>
   </trkpt>
   <trkpt lat="38.4010320" lon="-76.8421690">
    <ele>39.6</ele>
   </trkpt>
   <trkpt lat="38.4011540" lon="-76.8419590">
    <ele>39.8</ele>
   </trkpt>
   <trkpt lat="38.4012340" lon="-76.8419050">
    <ele>39.8</ele>
   </trkpt>
   <trkpt lat="38.4013830" lon="-76.8417980">
    <ele>41.2</ele>
   </trkpt>
   <trkpt lat="38.4014430" lon="-76.8417430">
    <ele>42.0</ele>
   </trkpt>
   <trkpt lat="38.4015360" lon="-76.8416390">
    <ele>42.2</ele>
   </trkpt>
   <trkpt lat="38.4018010" lon="-76.8413220">
    <ele>42.0</ele>
   </trkpt>
   <trkpt lat="38.4022770" lon="-76.8407400">
    <ele>41.4</ele>
   </trkpt>
   <trkpt lat="38.4023830" lon="-76.8406320">
    <ele>41.4</ele>
   </trkpt>
   <trkpt lat="38.4026180" lon="-76.8405020">
    <ele>41.6</ele>
   </trkpt>
   <trkpt lat="38.4028340" lon="-76.8405930">
    <ele>42.2</ele>
   </trkpt>
   <trkpt lat="38.4029400" lon="-76.8408750">
    <ele>42.6</ele>
   </trkpt>
   <trkpt lat="38.4029060" lon="-76.8412040">
    <ele>42.4</ele>
   </trkpt>
   <trkpt lat="38.4027570" lon="-76.8414830">
    <ele>42.4</ele>
   </trkpt>
   <trkpt lat="38.4023400" lon="-76.8419850">
    <ele>41.6</ele>
   </trkpt>
   <trkpt lat="38.4022390" lon="-76.8421200">
    <ele>41.4</ele>
   </trkpt>
   <trkpt lat="38.4020710" lon="-76.8423480">
    <ele>41.2</ele>
   </trkpt>
   <trkpt lat="38.4020000" lon="-76.8425100">
    <ele>41.4</ele>
   </trkpt>
   <trkpt lat="38.4020320" lon="-76.8425600">
    <ele>42.4</ele>
   </trkpt>
   <trkpt lat="38.4021280" lon="-76.8424580">
    <ele>42.8</ele>
   </trkpt>
   <trkpt lat="38.4022980" lon="-76.8424730">
    <ele>42.8</ele>
   </trkpt>
   <trkpt lat="38.4024160" lon="-76.8423860">
    <ele>42.4</ele>
   </trkpt>
   <trkpt lat="38.4024910" lon="-76.8423010">
    <ele>42.0</ele>
   </trkpt>
   <trkpt lat="38.4025880" lon="-76.8422200">
    <ele>38.6</ele>
   </trkpt>
   <trkpt lat="38.4026910" lon="-76.8421510">
    <ele>34.4</ele>
   </trkpt>
   <trkpt lat="38.4028690" lon="-76.8420500">
    <ele>33.4</ele>
   </trkpt>
   <trkpt lat="38.4029510" lon="-76.8420120">
    <ele>33.4</ele>
   </trkpt>
   <trkpt lat="38.4030930" lon="-76.8419710">
    <ele>33.4</ele>
   </trkpt>
   <trkpt lat="38.4031370" lon="-76.8419700">
    <ele>34.8</ele>
   </trkpt>
   <trkpt lat="38.4031740" lon="-76.8419730">
    <ele>37.4</ele>
   </trkpt>
   <trkpt lat="38.4032180" lon="-76.8419800">
    <ele>39.4</ele>
   </trkpt>
   <trkpt lat="38.4033070" lon="-76.8419850">
    <ele>39.6</ele>
   </trkpt>
   <trkpt lat="38.4035160" lon="-76.8420300">
    <ele>36.6</ele>
   </trkpt>
   <trkpt lat="38.4036090" lon="-76.8420220">
    <ele>33.8</ele>
   </trkpt>
   <trkpt lat="38.4036820" lon="-76.8419940">
    <ele>31.4</ele>
   </trkpt>
   <trkpt lat="38.4037320" lon="-76.8419230">
    <ele>28.4</ele>
   </trkpt>
   <trkpt lat="38.4037660" lon="-76.8418540">
    <ele>28.2</ele>
   </trkpt>
   <trkpt lat="38.4037650" lon="-76.8417850">
    <ele>28.2</ele>
   </trkpt>
   <trkpt lat="38.4037300" lon="-76.8417150">
    <ele>28.2</ele>
   </trkpt>
   <trkpt lat="38.4036430" lon="-76.8416020">
    <ele>29.8</ele>
   </trkpt>
   <trkpt lat="38.4036020" lon="-76.8415750">
    <ele>31.0</ele>
   </trkpt>
   <trkpt lat="38.4035640" lon="-76.8415530">
    <ele>33.0</ele>
   </trkpt>
   <trkpt lat="38.4035160" lon="-76.8415250">
    <ele>35.4</ele>
   </trkpt>
   <trkpt lat="38.4034170" lon="-76.8414510">
    <ele>37.2</ele>
   </trkpt>
   <trkpt lat="38.4033980" lon="-76.8413890">
    <ele>37.4</ele>
   </trkpt>
   <trkpt lat="38.4034220" lon="-76.8413380">
    <ele>38.8</ele>
   </trkpt>
   <trkpt lat="38.4034750" lon="-76.8413110">
    <ele>39.4</ele>
   </trkpt>
   <trkpt lat="38.4035420" lon="-76.8412970">
    <ele>40.0</ele>
   </trkpt>
   <trkpt lat="38.4036050" lon="-76.8413000">
    <ele>40.0</ele>
   </trkpt>
   <trkpt lat="38.4036600" lon="-76.8413140">
    <ele>40.0</ele>
   </trkpt>
   <trkpt lat="38.4037870" lon="-76.8413590">
    <ele>39.8</ele>
   </trkpt>
   <trkpt lat="38.4039120" lon="-76.8414130">
    <ele>36.8</ele>
   </trkpt>
   <trkpt lat="38.4040330" lon="-76.8414130">
    <ele>31.8</ele>
   </trkpt>
   <trkpt lat="38.4041100" lon="-76.8413590">
    <ele>29.8</ele>
   </trkpt>
   <trkpt lat="38.4041830" lon="-76.8412410">
    <ele>29.8</ele>
   </trkpt>
   <trkpt lat="38.4042180" lon="-76.8411350">
    <ele>30.0</ele>
   </trkpt>
   <trkpt lat="38.4042730" lon="-76.8407980">
    <ele>31.6</ele>
   </trkpt>
   <trkpt lat="38.4042910" lon="-76.8406130">
    <ele>33.8</ele>
   </trkpt>
   <trkpt lat="38.4043040" lon="-76.8405450">
    <ele>35.8</ele>
   </trkpt>
   <trkpt lat="38.4043190" lon="-76.8404760">
    <ele>38.6</ele>
   </trkpt>
   <trkpt lat="38.4043320" lon="-76.8404160">
    <ele>41.0</ele>
   </trkpt>
   <trkpt lat="38.4043560" lon="-76.8402680">
    <ele>42.0</ele>
   </trkpt>
   <trkpt lat="38.4043820" lon="-76.8401630">
    <ele>42.2</ele>
   </trkpt>
   <trkpt lat="38.4044260" lon="-76.8400570">
    <ele>42.4</ele>
   </trkpt>
   <trkpt lat="38.4044910" lon="-76.8399910">
    <ele>42.4</ele>
   </trkpt>
   <trkpt lat="38.4045600" lon="-76.8399570">
    <ele>42.2</ele>
   </trkpt>
   <trkpt lat="38.4046260" lon="-76.8399430">
    <ele>42.0</ele>
   </trkpt>
   <trkpt lat="38.4047700" lon="-76.8399920">
    <ele>41.6</ele>
   </trkpt>
   <trkpt lat="38.4048360" lon="-76.8400850">
    <ele>40.8</ele>
   </trkpt>
   <trkpt lat="38.4048860" lon="-76.8401990">
    <ele>40.4</ele>
   </trkpt>
   <trkpt lat="38.4049180" lon="-76.8403270">
    <ele>39.8</ele>
   </trkpt>
   <trkpt lat="38.4049350" lon="-76.8404800">
    <ele>39.2</ele>
   </trkpt>
   <trkpt lat="38.4049380" lon="-76.8406340">
    <ele>38.0</ele>
   </trkpt>
   <trkpt lat="38.4049200" lon="-76.8410840">
    <ele>37.6</ele>
   </trkpt>
   <trkpt lat="38.4049140" lon="-76.8411850">
    <ele>37.4</ele>
   </trkpt>
   <trkpt lat="38.4048980" lon="-76.8413030">
    <ele>37.2</ele>
   </trkpt>
   <trkpt lat="38.4048250" lon="-76.8415790">
    <ele>37.2</ele>
   </trkpt>
   <trkpt lat="38.4047630" lon="-76.8417210">
    <ele>35.8</ele>
   </trkpt>
   <trkpt lat="38.4046830" lon="-76.8418310">
    <ele>34.2</ele>
   </trkpt>
   <trkpt lat="38.4044840" lon="-76.8419230">
    <ele>33.2</ele>
   </trkpt>
   <trkpt lat="38.4044190" lon="-76.8419580">
    <ele>32.8</ele>
   </trkpt>
   <trkpt lat="38.4043010" lon="-76.8420780">
    <ele>31.8</ele>
   </trkpt>
   <trkpt lat="38.4042710" lon="-76.8422000">
    <ele>30.2</ele>
   </trkpt>
   <trkpt lat="38.4042660" lon="-76.8423330">
    <ele>28.4</ele>
   </trkpt>
   <trkpt lat="38.4042200" lon="-76.8425420">
    <ele>27.6</ele>
   </trkpt>
   <trkpt lat="38.4041510" lon="-76.8425860">
    <ele>27.2</ele>
   </trkpt>
   <trkpt lat="38.4039860" lon="-76.8426580">
    <ele>26.6</ele>
   </trkpt>
   <trkpt lat="38.4039120" lon="-76.8426590">
    <ele>25.2</ele>
   </trkpt>
   <trkpt lat="38.4037810" lon="-76.8426410">
    <ele>24.2</ele>
   </trkpt>
   <trkpt lat="38.4037120" lon="-76.8426540">
    <ele>24.0</ele>
   </trkpt>
   <trkpt lat="38.4036510" lon="-76.8427000">
    <ele>24.0</ele>
   </trkpt>
   <trkpt lat="38.4035980" lon="-76.8427820">
    <ele>23.8</ele>
   </trkpt>
   <trkpt lat="38.4035560" lon="-76.8428870">
    <ele>23.2</ele>
   </trkpt>
   <trkpt lat="38.4034850" lon="-76.8430880">
    <ele>23.2</ele>
   </trkpt>
   <trkpt lat="38.4034570" lon="-76.8431550">
    <ele>23.2</ele>
   </trkpt>
   <trkpt lat="38.4033990" lon="-76.8432670">
    <ele>25.6</ele>
   </trkpt>
   <trkpt lat="38.4032510" lon="-76.8435120">
    <ele>25.2</ele>
   </trkpt>
   <trkpt lat="38.4031800" lon="-76.8435990">
    <ele>24.2</ele>
   </trkpt>
   <trkpt lat="38.4030640" lon="-76.8436900">
    <ele>24.2</ele>
   </trkpt>
   <trkpt lat="38.4030220" lon="-76.8437150">
    <ele>24.6</ele>
   </trkpt>
   <trkpt lat="38.4029740" lon="-76.8437320">
    <ele>27.6</ele>
   </trkpt>
   <trkpt lat="38.4029190" lon="-76.8437500">
    <ele>28.6</ele>
   </trkpt>
   <trkpt lat="38.4028600" lon="-76.8437610">
    <ele>29.4</ele>
   </trkpt>
   <trkpt lat="38.4027940" lon="-76.8437700">
    <ele>29.8</ele>
   </trkpt>
   <trkpt lat="38.4027200" lon="-76.8437670">
    <ele>31.6</ele>
   </trkpt>
   <trkpt lat="38.4026300" lon="-76.8437160">
    <ele>32.4</ele>
   </trkpt>
   <trkpt lat="38.4026090" lon="-76.8436580">
    <ele>34.2</ele>
   </trkpt>
   <trkpt lat="38.4025990" lon="-76.8435840">
    <ele>34.6</ele>
   </trkpt>
   <trkpt lat="38.4025790" lon="-76.8435080">
    <ele>35.4</ele>
   </trkpt>
   <trkpt lat="38.4025700" lon="-76.8433430">
    <ele>36.4</ele>
   </trkpt>
   <trkpt lat="38.4026410" lon="-76.8431940">
    <ele>37.0</ele>
   </trkpt>
   <trkpt lat="38.4027170" lon="-76.8431300">
    <ele>37.0</ele>
   </trkpt>
   <trkpt lat="38.4028300" lon="-76.8430800">
    <ele>36.8</ele>
   </trkpt>
   <trkpt lat="38.4029640" lon="-76.8430400">
    <ele>34.2</ele>
   </trkpt>
   <trkpt lat="38.4030990" lon="-76.8430030">
    <ele>30.8</ele>
   </trkpt>
   <trkpt lat="38.4032140" lon="-76.8429590">
    <ele>27.0</ele>
   </trkpt>
   <trkpt lat="38.4032960" lon="-76.8428910">
    <ele>24.6</ele>
   </trkpt>
   <trkpt lat="38.4033500" lon="-76.8428130">
    <ele>23.8</ele>
   </trkpt>
   <trkpt lat="38.4033520" lon="-76.8427470">
    <ele>24.0</ele>
   </trkpt>
   <trkpt lat="38.4032280" lon="-76.8427010">
    <ele>24.0</ele>
   </trkpt>
   <trkpt lat="38.4030780" lon="-76.8427460">
    <ele>24.6</ele>
   </trkpt>
   <trkpt lat="38.4030080" lon="-76.8427340">
    <ele>24.8</ele>
   </trkpt>
   <trkpt lat="38.4029380" lon="-76.8427190">
    <ele>25.4</ele>
   </trkpt>
   <trkpt lat="38.4028640" lon="-76.8427210">
    <ele>26.2</ele>
   </trkpt>
   <trkpt lat="38.4027960" lon="-76.8427360">
    <ele>27.0</ele>
   </trkpt>
   <trkpt lat="38.4027310" lon="-76.8427600">
    <ele>28.0</ele>
   </trkpt>
   <trkpt lat="38.4026670" lon="-76.8427810">
    <ele>30.0</ele>
   </trkpt>
   <trkpt lat="38.4026020" lon="-76.8428070">
    <ele>31.8</ele>
   </trkpt>
   <trkpt lat="38.4025440" lon="-76.8428430">
    <ele>33.2</ele>
   </trkpt>
   <trkpt lat="38.4025060" lon="-76.8428890">
    <ele>34.2</ele>
   </trkpt>
   <trkpt lat="38.4024890" lon="-76.8429530">
    <ele>35.4</ele>
   </trkpt>
   <trkpt lat="38.4024740" lon="-76.8430240">
    <ele>36.6</ele>
   </trkpt>
   <trkpt lat="38.4024440" lon="-76.8430900">
    <ele>36.8</ele>
   </trkpt>
   <trkpt lat="38.4023580" lon="-76.8432310">
    <ele>37.2</ele>
   </trkpt>
   <trkpt lat="38.4022210" lon="-76.8433680">
    <ele>37.2</ele>
   </trkpt>
   <trkpt lat="38.4020330" lon="-76.8435470">
    <ele>34.0</ele>
   </trkpt>
   <trkpt lat="38.4019270" lon="-76.8436370">
    <ele>30.8</ele>
   </trkpt>
   <trkpt lat="38.4018350" lon="-76.8437030">
    <ele>28.0</ele>
   </trkpt>
   <trkpt lat="38.4017330" lon="-76.8437860">
    <ele>27.4</ele>
   </trkpt>
   <trkpt lat="38.4015500" lon="-76.8440560">
    <ele>28.0</ele>
   </trkpt>
   <trkpt lat="38.4015010" lon="-76.8441270">
    <ele>28.4</ele>
   </trkpt>
   <trkpt lat="38.4014290" lon="-76.8442030">
    <ele>29.4</ele>
   </trkpt>
   <trkpt lat="38.4013220" lon="-76.8442950">
    <ele>30.2</ele>
   </trkpt>
   <trkpt lat="38.4012660" lon="-76.8443330">
    <ele>30.2</ele>
   </trkpt>
   <trkpt lat="38.4011220" lon="-76.8444080">
    <ele>30.4</ele>
   </trkpt>
   <trkpt lat="38.4010040" lon="-76.8444310">
    <ele>30.6</ele>
   </trkpt>
   <trkpt lat="38.4009570" lon="-76.8444300">
    <ele>30.6</ele>
   </trkpt>
   <trkpt lat="38.4009000" lon="-76.8444240">
    <ele>30.6</ele>
   </trkpt>
   <trkpt lat="38.4008310" lon="-76.8444030">
    <ele>30.6</ele>
   </trkpt>
   <trkpt lat="38.4006840" lon="-76.8442990">
    <ele>30.6</ele>
   </trkpt>
   <trkpt lat="38.4005890" lon="-76.8441220">
    <ele>30.8</ele>
   </trkpt>
   <trkpt lat="38.4005660" lon="-76.8440110">
    <ele>32.0</ele>
   </trkpt>
   <trkpt lat="38.4005590" lon="-76.8438910">
    <ele>33.2</ele>
   </trkpt>
   <trkpt lat="38.4005640" lon="-76.8437680">
    <ele>34.2</ele>
   </trkpt>
   <trkpt lat="38.4005860" lon="-76.8436510">
    <ele>35.2</ele>
   </trkpt>
   <trkpt lat="38.4006350" lon="-76.8435510">
    <ele>36.2</ele>
   </trkpt>
   <trkpt lat="38.4007030" lon="-76.8434780">
    <ele>37.0</ele>
   </trkpt>
   <trkpt lat="38.4007670" lon="-76.8433970">
    <ele>37.6</ele>
   </trkpt>
   <trkpt lat="38.4008260" lon="-76.8432970">
    <ele>38.0</ele>
   </trkpt>
   <trkpt lat="38.4009630" lon="-76.8429190">
    <ele>38.6</ele>
   </trkpt>
   <trkpt lat="38.4009880" lon="-76.8427750">
    <ele>38.8</ele>
   </trkpt>
   <trkpt lat="38.4009920" lon="-76.8426310">
    <ele>39.2</ele>
   </trkpt>
   <trkpt lat="38.4009830" lon="-76.8424860">
    <ele>39.2</ele>
   </trkpt>
   <trkpt lat="38.4009890" lon="-76.8423560">
    <ele>39.4</ele>
   </trkpt>
   <trkpt lat="38.4010170" lon="-76.8422400">
    <ele>39.4</ele>
   </trkpt>
   <trkpt lat="38.4011000" lon="-76.8420380">
    <ele>39.4</ele>
   </trkpt>
   <trkpt lat="38.4011710" lon="-76.8419730">
    <ele>39.6</ele>
   </trkpt>
   <trkpt lat="38.4012410" lon="-76.8419110">
    <ele>39.8</ele>
   </trkpt>
   <trkpt lat="38.4013880" lon="-76.8418130">
    <ele>41.0</ele>
   </trkpt>
   <trkpt lat="38.4014550" lon="-76.8417400">
    <ele>42.0</ele>
   </trkpt>
   <trkpt lat="38.4017140" lon="-76.8414890">
    <ele>42.0</ele>
   </trkpt>
   <trkpt lat="38.4018980" lon="-76.8412760">
    <ele>41.0</ele>
   </trkpt>
   <trkpt lat="38.4020790" lon="-76.8410310">
    <ele>40.8</ele>
   </trkpt>
   <trkpt lat="38.4023680" lon="-76.8406710">
    <ele>41.0</ele>
   </trkpt>
   <trkpt lat="38.4024830" lon="-76.8405820">
    <ele>41.0</ele>
   </trkpt>
   <trkpt lat="38.4027230" lon="-76.8405230">
    <ele>41.6</ele>
   </trkpt>
   <trkpt lat="38.4028400" lon="-76.8405850">
    <ele>41.8</ele>
   </trkpt>
   <trkpt lat="38.4029310" lon="-76.8406860">
    <ele>42.0</ele>
   </trkpt>
   <trkpt lat="38.4029770" lon="-76.8408210">
    <ele>42.2</ele>
   </trkpt>
   <trkpt lat="38.4029670" lon="-76.8409830">
    <ele>42.4</ele>
   </trkpt>
   <trkpt lat="38.4029220" lon="-76.8411540">
    <ele>42.4</ele>
   </trkpt>
   <trkpt lat="38.4028520" lon="-76.8413050">
    <ele>42.2</ele>
   </trkpt>
   <trkpt lat="38.4026690" lon="-76.8415850">
    <ele>42.0</ele>
   </trkpt>
   <trkpt lat="38.4022890" lon="-76.8420500">
    <ele>40.8</ele>
   </trkpt>
   <trkpt lat="38.4022330" lon="-76.8421120">
    <ele>40.8</ele>
   </trkpt>
   <trkpt lat="38.4021910" lon="-76.8421810">
    <ele>40.8</ele>
   </trkpt>
   <trkpt lat="38.4020820" lon="-76.8423490">
    <ele>41.0</ele>
   </trkpt>
   <trkpt lat="38.4020180" lon="-76.8424200">
    <ele>41.2</ele>
   </trkpt>
   <trkpt lat="38.4019900" lon="-76.8424960">
    <ele>41.4</ele>
   </trkpt>
   <trkpt lat="38.4020130" lon="-76.8425560">
    <ele>41.6</ele>
   </trkpt>
   <trkpt lat="38.4020550" lon="-76.8425710">
    <ele>42.0</ele>
   </trkpt>
   <trkpt lat="38.4021060" lon="-76.8425430">
    <ele>42.4</ele>
   </trkpt>
   <trkpt lat="38.4021560" lon="-76.8425330">
    <ele>42.4</ele>
   </trkpt>
   <trkpt lat="38.4022120" lon="-76.8425530">
    <ele>42.4</ele>
   </trkpt>
   <trkpt lat="38.4022780" lon="-76.8425580">
    <ele>42.4</ele>
   </trkpt>
   <trkpt lat="38.4023410" lon="-76.8425280">
    <ele>42.2</ele>
   </trkpt>
   <trkpt lat="38.4023980" lon="-76.8424690">
    <ele>42.0</ele>
   </trkpt>
   <trkpt lat="38.4024770" lon="-76.8423890">
    <ele>41.8</ele>
   </trkpt>
   <trkpt lat="38.4025900" lon="-76.8423010">
    <ele>38.6</ele>
   </trkpt>
   <trkpt lat="38.4027050" lon="-76.8422180">
    <ele>34.6</ele>
   </trkpt>
   <trkpt lat="38.4028220" lon="-76.8421450">
    <ele>33.4</ele>
   </trkpt>
   <trkpt lat="38.4030700" lon="-76.8420440">
    <ele>33.4</ele>
   </trkpt>
   <trkpt lat="38.4032540" lon="-76.8419950">
    <ele>34.8</ele>
   </trkpt>
   <trkpt lat="38.4033200" lon="-76.8419810">
    <ele>37.0</ele>
   </trkpt>
   <trkpt lat="38.4033890" lon="-76.8419850">
    <ele>37.0</ele>
   </trkpt>
   <trkpt lat="38.4036050" lon="-76.8420190">
    <ele>37.0</ele>
   </trkpt>
   <trkpt lat="38.4037200" lon="-76.8420170">
    <ele>33.0</ele>
   </trkpt>
   <trkpt lat="38.4037950" lon="-76.8419740">
    <ele>29.0</ele>
   </trkpt>
   <trkpt lat="38.4038180" lon="-76.8418190">
    <ele>28.2</ele>
   </trkpt>
   <trkpt lat="38.4037210" lon="-76.8416830">
    <ele>28.2</ele>
   </trkpt>
   <trkpt lat="38.4036300" lon="-76.8415920">
    <ele>30.6</ele>
   </trkpt>
   <trkpt lat="38.4035830" lon="-76.8415660">
    <ele>32.6</ele>
   </trkpt>
   <trkpt lat="38.4035260" lon="-76.8415370">
    <ele>34.8</ele>
   </trkpt>
   <trkpt lat="38.4034650" lon="-76.8415070">
    <ele>35.6</ele>
   </trkpt>
   <trkpt lat="38.4034130" lon="-76.8414600">
    <ele>36.6</ele>
   </trkpt>
   <trkpt lat="38.4033970" lon="-76.8414040">
    <ele>37.2</ele>
   </trkpt>
   <trkpt lat="38.4034250" lon="-76.8413570">
    <ele>38.6</ele>
   </trkpt>
   <trkpt lat="38.4034830" lon="-76.8413320">
    <ele>39.0</ele>
   </trkpt>
   <trkpt lat="38.4036270" lon="-76.8413090">
    <ele>39.4</ele>
   </trkpt>
   <trkpt lat="38.4037020" lon="-76.8413230">
    <ele>39.4</ele>
   </trkpt>
   <trkpt lat="38.4037990" lon="-76.8413690">
    <ele>39.4</ele>
   </trkpt>
   <trkpt lat="38.4039110" lon="-76.8414010">
    <ele>38.0</ele>
   </trkpt>
   <trkpt lat="38.4040260" lon="-76.8414170">
    <ele>33.6</ele>
   </trkpt>
   <trkpt lat="38.4041280" lon="-76.8413530">
    <ele>30.8</ele>
   </trkpt>
   <trkpt lat="38.4042410" lon="-76.8411780">
    <ele>30.2</ele>
   </trkpt>
   <trkpt lat="38.4043090" lon="-76.8407180">
    <ele>32.4</ele>
   </trkpt>
   <trkpt lat="38.4043220" lon="-76.8406640">
    <ele>33.8</ele>
   </trkpt>
   <trkpt lat="38.4043280" lon="-76.8406260">
    <ele>35.6</ele>
   </trkpt>
   <trkpt lat="38.4043300" lon="-76.8405870">
    <ele>37.8</ele>
   </trkpt>
   <trkpt lat="38.4043320" lon="-76.8405310">
    <ele>39.6</ele>
   </trkpt>
   <trkpt lat="38.4043380" lon="-76.8404640">
    <ele>40.4</ele>
   </trkpt>
   <trkpt lat="38.4043460" lon="-76.8403960">
    <ele>40.6</ele>
   </trkpt>
   <trkpt lat="38.4043590" lon="-76.8403130">
    <ele>41.4</ele>
   </trkpt>
   <trkpt lat="38.4044270" lon="-76.8401020">
    <ele>42.0</ele>
   </trkpt>
   <trkpt lat="38.4045290" lon="-76.8399740">
    <ele>42.0</ele>
   </trkpt>
   <trkpt lat="38.4046800" lon="-76.8399800">
    <ele>41.6</ele>
   </trkpt>
   <trkpt lat="38.4049090" lon="-76.8401660">
    <ele>40.4</ele>
   </trkpt>
   <trkpt lat="38.4049640" lon="-76.8404300">
    <ele>39.4</ele>
   </trkpt>
   <trkpt lat="38.4049670" lon="-76.8405720">
    <ele>38.2</ele>
   </trkpt>
   <trkpt lat="38.4049570" lon="-76.8407340">
    <ele>37.4</ele>
   </trkpt>
   <trkpt lat="38.4049390" lon="-76.8409100">
    <ele>37.4</ele>
   </trkpt>
   <trkpt lat="38.4049030" lon="-76.8411980">
    <ele>37.4</ele>
   </trkpt>
   <trkpt lat="38.4048840" lon="-76.8412910">
    <ele>37.2</ele>
   </trkpt>
   <trkpt lat="38.4048330" lon="-76.8415330">
    <ele>37.4</ele>
   </trkpt>
   <trkpt lat="38.4047320" lon="-76.8417770">
    <ele>34.8</ele>
   </trkpt>
   <trkpt lat="38.4046800" lon="-76.8418590">
    <ele>33.4</ele>
   </trkpt>
   <trkpt lat="38.4044730" lon="-76.8419890">
    <ele>32.8</ele>
   </trkpt>
   <trkpt lat="38.4044210" lon="-76.8420150">
    <ele>32.2</ele>
   </trkpt>
   <trkpt lat="38.4043190" lon="-76.8421110">
    <ele>31.2</ele>
   </trkpt>
   <trkpt lat="38.4042670" lon="-76.8423120">
    <ele>27.8</ele>
   </trkpt>
   <trkpt lat="38.4042660" lon="-76.8425020">
    <ele>27.6</ele>
   </trkpt>
   <trkpt lat="38.4042330" lon="-76.8425720">
    <ele>27.4</ele>
   </trkpt>
   <trkpt lat="38.4041610" lon="-76.8426170">
    <ele>27.2</ele>
   </trkpt>
   <trkpt lat="38.4040770" lon="-76.8426440">
    <ele>27.2</ele>
   </trkpt>
   <trkpt lat="38.4039880" lon="-76.8426750">
    <ele>27.2</ele>
   </trkpt>
   <trkpt lat="38.4039070" lon="-76.8426780">
    <ele>25.8</ele>
   </trkpt>
   <trkpt lat="38.4038390" lon="-76.8426670">
    <ele>24.6</ele>
   </trkpt>
   <trkpt lat="38.4037160" lon="-76.8426890">
    <ele>23.8</ele>
   </trkpt>
   <trkpt lat="38.4036670" lon="-76.8427200">
    <ele>23.6</ele>
   </trkpt>
   <trkpt lat="38.4036310" lon="-76.8427700">
    <ele>23.4</ele>
   </trkpt>
   <trkpt lat="38.4035970" lon="-76.8429010">
    <ele>22.6</ele>
   </trkpt>
   <trkpt lat="38.4034970" lon="-76.8430970">
    <ele>22.4</ele>
   </trkpt>
   <trkpt lat="38.4034390" lon="-76.8431790">
    <ele>24.8</ele>
   </trkpt>
   <trkpt lat="38.4033080" lon="-76.8433940">
    <ele>25.4</ele>
   </trkpt>
   <trkpt lat="38.4030960" lon="-76.8436630">
    <ele>24.4</ele>
   </trkpt>
   <trkpt lat="38.4030490" lon="-76.8437090">
    <ele>24.4</ele>
   </trkpt>
   <trkpt lat="38.4030190" lon="-76.8437350">
    <ele>24.4</ele>
   </trkpt>
   <trkpt lat="38.4029900" lon="-76.8437530">
    <ele>26.8</ele>
   </trkpt>
   <trkpt lat="38.4029500" lon="-76.8437730">
    <ele>27.8</ele>
   </trkpt>
   <trkpt lat="38.4028640" lon="-76.8437970">
    <ele>29.0</ele>
   </trkpt>
   <trkpt lat="38.4027600" lon="-76.8438150">
    <ele>31.0</ele>
   </trkpt>
   <trkpt lat="38.4026630" lon="-76.8437960">
    <ele>31.6</ele>
   </trkpt>
   <trkpt lat="38.4026370" lon="-76.8437730">
    <ele>32.2</ele>
   </trkpt>
   <trkpt lat="38.4026140" lon="-76.8437300">
    <ele>33.4</ele>
   </trkpt>
   <trkpt lat="38.4026010" lon="-76.8436750">
    <ele>34.4</ele>
   </trkpt>
   <trkpt lat="38.4025990" lon="-76.8436130">
    <ele>34.6</ele>
   </trkpt>
   <trkpt lat="38.4025890" lon="-76.8435470">
    <ele>35.2</ele>
   </trkpt>
   <trkpt lat="38.4025770" lon="-76.8434800">
    <ele>35.8</ele>
   </trkpt>
   <trkpt lat="38.4025700" lon="-76.8434200">
    <ele>36.2</ele>
   </trkpt>
   <trkpt lat="38.4025680" lon="-76.8433680">
    <ele>36.8</ele>
   </trkpt>
   <trkpt lat="38.4026000" lon="-76.8432620">
    <ele>37.4</ele>
   </trkpt>
   <trkpt lat="38.4026930" lon="-76.8431360">
    <ele>37.4</ele>
   </trkpt>
   <trkpt lat="38.4027820" lon="-76.8430890">
    <ele>37.2</ele>
   </trkpt>
   <trkpt lat="38.4028990" lon="-76.8430410">
    <ele>35.4</ele>
   </trkpt>
   <trkpt lat="38.4030390" lon="-76.8429820">
    <ele>31.2</ele>
   </trkpt>
   <trkpt lat="38.4031800" lon="-76.8429250">
    <ele>28.4</ele>
   </trkpt>
   <trkpt lat="38.4032880" lon="-76.8428680">
    <ele>25.6</ele>
   </trkpt>
   <trkpt lat="38.4033360" lon="-76.8428040">
    <ele>24.0</ele>
   </trkpt>
   <trkpt lat="38.4032950" lon="-76.8426970">
    <ele>24.0</ele>
   </trkpt>
   <trkpt lat="38.4031820" lon="-76.8426990">
    <ele>24.0</ele>
   </trkpt>
   <trkpt lat="38.4030810" lon="-76.8427270">
    <ele>24.4</ele>
   </trkpt>
   <trkpt lat="38.4029870" lon="-76.8427030">
    <ele>25.4</ele>
   </trkpt>
   <trkpt lat="38.4028850" lon="-76.8427070">
    <ele>26.4</ele>
   </trkpt>
   <trkpt lat="38.4028400" lon="-76.8427200">
    <ele>27.0</ele>
   </trkpt>
   <trkpt lat="38.4027970" lon="-76.8427320">
    <ele>27.8</ele>
   </trkpt>
   <trkpt lat="38.4027570" lon="-76.8427460">
    <ele>28.8</ele>
   </trkpt>
   <trkpt lat="38.4027180" lon="-76.8427590">
    <ele>30.0</ele>
   </trkpt>
   <trkpt lat="38.4026790" lon="-76.8427710">
    <ele>31.2</ele>
   </trkpt>
   <trkpt lat="38.4025940" lon="-76.8428070">
    <ele>33.0</ele>
   </trkpt>
   <trkpt lat="38.4025520" lon="-76.8428350">
    <ele>33.6</ele>
   </trkpt>
   <trkpt lat="38.4025210" lon="-76.8428760">
    <ele>34.4</ele>
   </trkpt>
   <trkpt lat="38.4025020" lon="-76.8429350">
    <ele>35.4</ele>
   </trkpt>
   <trkpt lat="38.4024810" lon="-76.8430000">
    <ele>36.2</ele>
   </trkpt>
   <trkpt lat="38.4024450" lon="-76.8430630">
    <ele>36.6</ele>
   </trkpt>
   <trkpt lat="38.4024090" lon="-76.8431240">
    <ele>37.2</ele>
   </trkpt>
   <trkpt lat="38.4023420" lon="-76.8432550">
    <ele>37.2</ele>
   </trkpt>
   <trkpt lat="38.4022410" lon="-76.8433860">
    <ele>36.6</ele>
   </trkpt>
   <trkpt lat="38.4020770" lon="-76.8435510">
    <ele>34.0</ele>
   </trkpt>
   <trkpt lat="38.4019790" lon="-76.8436390">
    <ele>30.6</ele>
   </trkpt>
   <trkpt lat="38.4018950" lon="-76.8436970">
    <ele>28.2</ele>
   </trkpt>
   <trkpt lat="38.4017810" lon="-76.8437670">
    <ele>27.2</ele>
   </trkpt>
   <trkpt lat="38.4016810" lon="-76.8438570">
    <ele>27.2</ele>
   </trkpt>
   <trkpt lat="38.4015950" lon="-76.8440120">
    <ele>27.8</ele>
   </trkpt>
   <trkpt lat="38.4015490" lon="-76.8440840">
    <ele>28.2</ele>
   </trkpt>
   <trkpt lat="38.4014790" lon="-76.8441820">
    <ele>29.2</ele>
   </trkpt>
   <trkpt lat="38.4013760" lon="-76.8442720">
    <ele>29.8</ele>
   </trkpt>
   <trkpt lat="38.4013230" lon="-76.8443090">
    <ele>30.0</ele>
   </trkpt>
   <trkpt lat="38.4012860" lon="-76.8443370">
    <ele>30.0</ele>
   </trkpt>
   <trkpt lat="38.4012100" lon="-76.8443890">
    <ele>30.2</ele>
   </trkpt>
   <trkpt lat="38.4011570" lon="-76.8444150">
    <ele>30.2</ele>
   </trkpt>
   <trkpt lat="38.4010970" lon="-76.8444340">
    <ele>30.2</ele>
   </trkpt>
   <trkpt lat="38.4010420" lon="-76.8444400">
    <ele>30.2</ele>
   </trkpt>
   <trkpt lat="38.4009960" lon="-76.8444370">
    <ele>30.4</ele>
   </trkpt>
   <trkpt lat="38.4008770" lon="-76.8444260">
    <ele>30.4</ele>
   </trkpt>
   <trkpt lat="38.4008000" lon="-76.8444020">
    <ele>30.4</ele>
   </trkpt>
   <trkpt lat="38.4007210" lon="-76.8443500">
    <ele>30.6</ele>
   </trkpt>
   <trkpt lat="38.4006040" lon="-76.8441850">
    <ele>30.6</ele>
   </trkpt>
   <trkpt lat="38.4005750" lon="-76.8440800">
    <ele>31.4</ele>
   </trkpt>
   <trkpt lat="38.4005670" lon="-76.8439670">
    <ele>32.4</ele>
   </trkpt>
   <trkpt lat="38.4005670" lon="-76.8438490">
    <ele>33.4</ele>
   </trkpt>
   <trkpt lat="38.4005800" lon="-76.8437370">
    <ele>34.2</ele>
   </trkpt>
   <trkpt lat="38.4006100" lon="-76.8436290">
    <ele>35.4</ele>
   </trkpt>
   <trkpt lat="38.4006650" lon="-76.8435370">
    <ele>36.2</ele>
   </trkpt>
   <trkpt lat="38.4007310" lon="-76.8434470">
    <ele>37.0</ele>
   </trkpt>
   <trkpt lat="38.4007930" lon="-76.8433420">
    <ele>37.6</ele>
   </trkpt>
   <trkpt lat="38.4008480" lon="-76.8432220">
    <ele>37.8</ele>
   </trkpt>
   <trkpt lat="38.4009000" lon="-76.8430940">
    <ele>38.0</ele>
   </trkpt>
   <trkpt lat="38.4009490" lon="-76.8429590">
    <ele>38.2</ele>
   </trkpt>
   <trkpt lat="38.4009880" lon="-76.8426720">
    <ele>39.0</ele>
   </trkpt>
   <trkpt lat="38.4009820" lon="-76.8425240">
    <ele>39.2</ele>
   </trkpt>
   <trkpt lat="38.4009870" lon="-76.8423750">
    <ele>39.4</ele>
   </trkpt>
   <trkpt lat="38.4010170" lon="-76.8422440">
    <ele>39.6</ele>
   </trkpt>
   <trkpt lat="38.4011150" lon="-76.8420180">
    <ele>39.8</ele>
   </trkpt>
   <trkpt lat="38.4011860" lon="-76.8419520">
    <ele>39.8</ele>
   </trkpt>
   <trkpt lat="38.4013290" lon="-76.8418410">
    <ele>40.2</ele>
   </trkpt>
   <trkpt lat="38.4014680" lon="-76.8417200">
    <ele>42.0</ele>
   </trkpt>
   <trkpt lat="38.4015460" lon="-76.8416390">
    <ele>42.0</ele>
   </trkpt>
   <trkpt lat="38.4018970" lon="-76.8412210">
    <ele>41.2</ele>
   </trkpt>
   <trkpt lat="38.4020920" lon="-76.8409960">
    <ele>41.0</ele>
   </trkpt>
   <trkpt lat="38.4024000" lon="-76.8406660">
    <ele>40.8</ele>
   </trkpt>
   <trkpt lat="38.4026360" lon="-76.8405490">
    <ele>41.0</ele>
   </trkpt>
   <trkpt lat="38.4028500" lon="-76.8406210">
    <ele>41.6</ele>
   </trkpt>
   <trkpt lat="38.4029160" lon="-76.8407370">
    <ele>42.2</ele>
   </trkpt>
   <trkpt lat="38.4029430" lon="-76.8408890">
    <ele>42.4</ele>
   </trkpt>
   <trkpt lat="38.4028920" lon="-76.8412030">
    <ele>42.4</ele>
   </trkpt>
   <trkpt lat="38.4026470" lon="-76.8416170">
    <ele>42.0</ele>
   </trkpt>
   <trkpt lat="38.4023300" lon="-76.8419820">
    <ele>41.2</ele>
   </trkpt>
   <trkpt lat="38.4022500" lon="-76.8420810">
    <ele>41.2</ele>
   </trkpt>
   <trkpt lat="38.4021100" lon="-76.8422940">
    <ele>41.2</ele>
   </trkpt>
   <trkpt lat="38.4020130" lon="-76.8424360">
    <ele>41.2</ele>
   </trkpt>
   <trkpt lat="38.4020190" lon="-76.8425340">
    <ele>41.4</ele>
   </trkpt>
   <trkpt lat="38.4020810" lon="-76.8425240">
    <ele>42.4</ele>
   </trkpt>
   <trkpt lat="38.4021270" lon="-76.8424800">
    <ele>42.4</ele>
   </trkpt>
   <trkpt lat="38.4021790" lon="-76.8424600">
    <ele>42.4</ele>
   </trkpt>
   <trkpt lat="38.4022270" lon="-76.8424720">
    <ele>42.4</ele>
   </trkpt>
   <trkpt lat="38.4022760" lon="-76.8424850">
    <ele>42.4</ele>
   </trkpt>
   <trkpt lat="38.4023630" lon="-76.8424560">
    <ele>42.2</ele>
   </trkpt>
   <trkpt lat="38.4024850" lon="-76.8423440">
    <ele>42.0</ele>
   </trkpt>
   <trkpt lat="38.4025780" lon="-76.8422630">
    <ele>39.4</ele>
   </trkpt>
   <trkpt lat="38.4026820" lon="-76.8421740">
    <ele>35.4</ele>
   </trkpt>
   <trkpt lat="38.4027880" lon="-76.8421020">
    <ele>33.6</ele>
   </trkpt>
   <trkpt lat="38.4028910" lon="-76.8420470">
    <ele>33.2</ele>
   </trkpt>
   <trkpt lat="38.4029830" lon="-76.8420150">
    <ele>33.2</ele>
   </trkpt>
   <trkpt lat="38.4030520" lon="-76.8420040">
    <ele>33.2</ele>
   </trkpt>
   <trkpt lat="38.4031750" lon="-76.8419900">
    <ele>36.4</ele>
   </trkpt>
   <trkpt lat="38.4032080" lon="-76.8419870">
    <ele>38.2</ele>
   </trkpt>
   <trkpt lat="38.4032450" lon="-76.8419870">
    <ele>39.4</ele>
   </trkpt>
   <trkpt lat="38.4033980" lon="-76.8419880">
    <ele>39.4</ele>
   </trkpt>
   <trkpt lat="38.4035350" lon="-76.8419840">
    <ele>36.2</ele>
   </trkpt>
   <trkpt lat="38.4036330" lon="-76.8419620">
    <ele>31.6</ele>
   </trkpt>
   <trkpt lat="38.4036980" lon="-76.8419070">
    <ele>28.0</ele>
   </trkpt>
   <trkpt lat="38.4037150" lon="-76.8417490">
    <ele>28.2</ele>
   </trkpt>
   <trkpt lat="38.4036860" lon="-76.8416790">
    <ele>28.2</ele>
   </trkpt>
   <trkpt lat="38.4036210" lon="-76.8415760">
    <ele>30.0</ele>
   </trkpt>
   <trkpt lat="38.4035810" lon="-76.8415510">
    <ele>31.4</ele>
   </trkpt>
   <trkpt lat="38.4035340" lon="-76.8415380">
    <ele>33.6</ele>
   </trkpt>
   <trkpt lat="38.4034820" lon="-76.8415180">
    <ele>35.4</ele>
   </trkpt>
   <trkpt lat="38.4034270" lon="-76.8414860">
    <ele>36.2</ele>
   </trkpt>
   <trkpt lat="38.4033810" lon="-76.8414360">
    <ele>37.0</ele>
   </trkpt>
   <trkpt lat="38.4033760" lon="-76.8413780">
    <ele>37.2</ele>
   </trkpt>
   <trkpt lat="38.4034120" lon="-76.8413270">
    <ele>38.8</ele>
   </trkpt>
   <trkpt lat="38.4035500" lon="-76.8412810">
    <ele>40.0</ele>
   </trkpt>
   <trkpt lat="38.4036300" lon="-76.8412890">
    <ele>40.0</ele>
   </trkpt>
   <trkpt lat="38.4037120" lon="-76.8413140">
    <ele>40.0</ele>
   </trkpt>
   <trkpt lat="38.4039000" lon="-76.8414430">
    <ele>37.6</ele>
   </trkpt>
   <trkpt lat="38.4040190" lon="-76.8414430">
    <ele>32.8</ele>
   </trkpt>
   <trkpt lat="38.4041220" lon="-76.8413800">
    <ele>29.6</ele>
   </trkpt>
   <trkpt lat="38.4041970" lon="-76.8412790">
    <ele>29.6</ele>
   </trkpt>
   <trkpt lat="38.4042390" lon="-76.8411760">
    <ele>29.6</ele>
   </trkpt>
   <trkpt lat="38.4042500" lon="-76.8410900">
    <ele>29.6</ele>
   </trkpt>
   <trkpt lat="38.4042910" lon="-76.8408490">
    <ele>31.0</ele>
   </trkpt>
   <trkpt lat="38.4043040" lon="-76.8407410">
    <ele>32.0</ele>
   </trkpt>
   <trkpt lat="38.4043170" lon="-76.8406570">
    <ele>33.0</ele>
   </trkpt>
   <trkpt lat="38.4043280" lon="-76.8405850">
    <ele>35.0</ele>
   </trkpt>
   <trkpt lat="38.4043410" lon="-76.8405140">
    <ele>37.6</ele>
   </trkpt>
   <trkpt lat="38.4043520" lon="-76.8404460">
    <ele>40.4</ele>
   </trkpt>
   <trkpt lat="38.4043620" lon="-76.8403000">
    <ele>41.6</ele>
   </trkpt>
   <trkpt lat="38.4043820" lon="-76.8401970">
    <ele>41.6</ele>
   </trkpt>
   <trkpt lat="38.4044150" lon="-76.8400890">
    <ele>41.8</ele>
   </trkpt>
   <trkpt lat="38.4044630" lon="-76.8400210">
    <ele>42.2</ele>
   </trkpt>
   <trkpt lat="38.4045210" lon="-76.8399910">
    <ele>42.0</ele>
   </trkpt>
   <trkpt lat="38.4045940" lon="-76.8399780">
    <ele>41.8</ele>
   </trkpt>
   <trkpt lat="38.4046740" lon="-76.8399900">
    <ele>41.4</ele>
   </trkpt>
   <trkpt lat="38.4048050" lon="-76.8400670">
    <ele>41.4</ele>
   </trkpt>
   <trkpt lat="38.4048650" lon="-76.8401370">
    <ele>40.6</ele>
   </trkpt>
   <trkpt lat="38.4049150" lon="-76.8402310">
    <ele>40.0</ele>
   </trkpt>
   <trkpt lat="38.4049460" lon="-76.8403620">
    <ele>39.2</ele>
   </trkpt>
   <trkpt lat="38.4049660" lon="-76.8405070">
    <ele>38.6</ele>
   </trkpt>
   <trkpt lat="38.4049710" lon="-76.8406620">
    <ele>37.6</ele>
   </trkpt>
   <trkpt lat="38.4049640" lon="-76.8408220">
    <ele>37.2</ele>
   </trkpt>
   <trkpt lat="38.4049480" lon="-76.8409700">
    <ele>37.2</ele>
   </trkpt>
   <trkpt lat="38.4049200" lon="-76.8411590">
    <ele>37.2</ele>
   </trkpt>
   <trkpt lat="38.4048790" lon="-76.8413880">
    <ele>37.4</ele>
   </trkpt>
   <trkpt lat="38.4048580" lon="-76.8415310">
    <ele>37.4</ele>
   </trkpt>
   <trkpt lat="38.4048150" lon="-76.8416770">
    <ele>37.2</ele>
   </trkpt>
   <trkpt lat="38.4047450" lon="-76.8418000">
    <ele>34.8</ele>
   </trkpt>
   <trkpt lat="38.4046620" lon="-76.8418820">
    <ele>33.6</ele>
   </trkpt>
   <trkpt lat="38.4045670" lon="-76.8419380">
    <ele>33.2</ele>
   </trkpt>
   <trkpt lat="38.4044800" lon="-76.8419680">
    <ele>33.0</ele>
   </trkpt>
   <trkpt lat="38.4044080" lon="-76.8419920">
    <ele>32.4</ele>
   </trkpt>
   <trkpt lat="38.4043440" lon="-76.8420380">
    <ele>31.8</ele>
   </trkpt>
   <trkpt lat="38.4042870" lon="-76.8421320">
    <ele>31.2</ele>
   </trkpt>
   <trkpt lat="38.4042610" lon="-76.8422560">
    <ele>29.4</ele>
   </trkpt>
   <trkpt lat="38.4042550" lon="-76.8424930">
    <ele>28.0</ele>
   </trkpt>
   <trkpt lat="38.4042200" lon="-76.8425720">
    <ele>27.4</ele>
   </trkpt>
   <trkpt lat="38.4041550" lon="-76.8426290">
    <ele>27.0</ele>
   </trkpt>
   <trkpt lat="38.4040650" lon="-76.8426680">
    <ele>27.0</ele>
   </trkpt>
   <trkpt lat="38.4039670" lon="-76.8426850">
    <ele>26.4</ele>
   </trkpt>
   <trkpt lat="38.4038730" lon="-76.8426720">
    <ele>25.2</ele>
   </trkpt>
   <trkpt lat="38.4037830" lon="-76.8426650">
    <ele>24.6</ele>
   </trkpt>
   <trkpt lat="38.4037170" lon="-76.8426870">
    <ele>24.0</ele>
   </trkpt>
   <trkpt lat="38.4036380" lon="-76.8427640">
    <ele>23.8</ele>
   </trkpt>
   <trkpt lat="38.4035920" lon="-76.8428480">
    <ele>23.2</ele>
   </trkpt>
   <trkpt lat="38.4035310" lon="-76.8429880">
    <ele>23.2</ele>
   </trkpt>
   <trkpt lat="38.4034630" lon="-76.8431620">
    <ele>23.4</ele>
   </trkpt>
   <trkpt lat="38.4033940" lon="-76.8432810">
    <ele>25.2</ele>
   </trkpt>
   <trkpt lat="38.4032840" lon="-76.8434490">
    <ele>25.2</ele>
   </trkpt>
   <trkpt lat="38.4031340" lon="-76.8436480">
    <ele>25.0</ele>
   </trkpt>
   <trkpt lat="38.4030780" lon="-76.8437040">
    <ele>25.0</ele>
   </trkpt>
   <trkpt lat="38.4030320" lon="-76.8437360">
    <ele>25.0</ele>
   </trkpt>
   <trkpt lat="38.4029810" lon="-76.8437590">
    <ele>27.6</ele>
   </trkpt>
   <trkpt lat="38.4029300" lon="-76.8437810">
    <ele>29.0</ele>
   </trkpt>
   <trkpt lat="38.4028180" lon="-76.8438080">
    <ele>30.2</ele>
   </trkpt>
   <trkpt lat="38.4027490" lon="-76.8438110">
    <ele>31.8</ele>
   </trkpt>
   <trkpt lat="38.4026800" lon="-76.8437980">
    <ele>32.0</ele>
   </trkpt>
   <trkpt lat="38.4025970" lon="-76.8437190">
    <ele>33.2</ele>
   </trkpt>
   <trkpt lat="38.4025910" lon="-76.8436580">
    <ele>34.2</ele>
   </trkpt>
   <trkpt lat="38.4025850" lon="-76.8435410">
    <ele>35.6</ele>
   </trkpt>
   <trkpt lat="38.4025690" lon="-76.8433910">
    <ele>36.4</ele>
   </trkpt>
   <trkpt lat="38.4025880" lon="-76.8433220">
    <ele>37.0</ele>
   </trkpt>
   <trkpt lat="38.4026650" lon="-76.8431890">
    <ele>37.2</ele>
   </trkpt>
   <trkpt lat="38.4028350" lon="-76.8430840">
    <ele>37.0</ele>
   </trkpt>
   <trkpt lat="38.4029500" lon="-76.8430510">
    <ele>34.2</ele>
   </trkpt>
   <trkpt lat="38.4030600" lon="-76.8430150">
    <ele>30.2</ele>
   </trkpt>
   <trkpt lat="38.4031590" lon="-76.8429800">
    <ele>27.6</ele>
   </trkpt>
   <trkpt lat="38.4032460" lon="-76.8429440">
    <ele>25.8</ele>
   </trkpt>
   <trkpt lat="38.4033130" lon="-76.8428960">
    <ele>24.6</ele>
   </trkpt>
   <trkpt lat="38.4033510" lon="-76.8428370">
    <ele>24.0</ele>
   </trkpt>
   <trkpt lat="38.4033250" lon="-76.8427370">
    <ele>24.0</ele>
   </trkpt>
   <trkpt lat="38.4032640" lon="-76.8427300">
    <ele>24.0</ele>
   </trkpt>
   <trkpt lat="38.4031970" lon="-76.8427330">
    <ele>24.2</ele>
   </trkpt>
   <trkpt lat="38.4030590" lon="-76.8427520">
    <ele>25.0</ele>
   </trkpt>
   <trkpt lat="38.4029980" lon="-76.8427420">
    <ele>25.2</ele>
   </trkpt>
   <trkpt lat="38.4029390" lon="-76.8427330">
    <ele>25.8</ele>
   </trkpt>
   <trkpt lat="38.4028810" lon="-76.8427310">
    <ele>26.2</ele>
   </trkpt>
   <trkpt lat="38.4028270" lon="-76.8427400">
    <ele>27.0</ele>
   </trkpt>
   <trkpt lat="38.4027710" lon="-76.8427590">
    <ele>28.0</ele>
   </trkpt>
   <trkpt lat="38.4027230" lon="-76.8427850">
    <ele>29.0</ele>
   </trkpt>
   <trkpt lat="38.4026770" lon="-76.8428040">
    <ele>30.6</ele>
   </trkpt>
   <trkpt lat="38.4026270" lon="-76.8428240">
    <ele>32.0</ele>
   </trkpt>
   <trkpt lat="38.4025790" lon="-76.8428500">
    <ele>33.2</ele>
   </trkpt>
   <trkpt lat="38.4025350" lon="-76.8428870">
    <ele>34.0</ele>
   </trkpt>
   <trkpt lat="38.4025070" lon="-76.8429430">
    <ele>35.2</ele>
   </trkpt>
   <trkpt lat="38.4024880" lon="-76.8430100">
    <ele>36.2</ele>
   </trkpt>
   <trkpt lat="38.4024580" lon="-76.8430780">
    <ele>37.0</ele>
   </trkpt>
   <trkpt lat="38.4024190" lon="-76.8431410">
    <ele>37.4</ele>
   </trkpt>
   <trkpt lat="38.4023290" lon="-76.8432690">
    <ele>37.4</ele>
   </trkpt>
   <trkpt lat="38.4021980" lon="-76.8433950">
    <ele>36.4</ele>
   </trkpt>
   <trkpt lat="38.4021020" lon="-76.8434930">
    <ele>35.2</ele>
   </trkpt>
   <trkpt lat="38.4019990" lon="-76.8435970">
    <ele>33.2</ele>
   </trkpt>
   <trkpt lat="38.4019000" lon="-76.8436860">
    <ele>30.0</ele>
   </trkpt>
   <trkpt lat="38.4018330" lon="-76.8437430">
    <ele>27.6</ele>
   </trkpt>
   <trkpt lat="38.4017830" lon="-76.8437770">
    <ele>27.4</ele>
   </trkpt>
   <trkpt lat="38.4017230" lon="-76.8438070">
    <ele>27.4</ele>
   </trkpt>
   <trkpt lat="38.4016320" lon="-76.8438830">
    <ele>27.6</ele>
   </trkpt>
   <trkpt lat="38.4015420" lon="-76.8440460">
    <ele>28.8</ele>
   </trkpt>
   <trkpt lat="38.4015290" lon="-76.8440780">
    <ele>29.2</ele>
   </trkpt>
   <trkpt lat="38.4015050" lon="-76.8441350">
    <ele>29.6</ele>
   </trkpt>
   <trkpt lat="38.4014910" lon="-76.8441530">
    <ele>30.0</ele>
   </trkpt>
   <trkpt lat="38.4013900" lon="-76.8442400">
    <ele>30.2</ele>
   </trkpt>
   <trkpt lat="38.4012930" lon="-76.8443100">
    <ele>30.4</ele>
   </trkpt>
   <trkpt lat="38.4011300" lon="-76.8443960">
    <ele>30.6</ele>
   </trkpt>
   <trkpt lat="38.4010690" lon="-76.8444130">
    <ele>30.6</ele>
   </trkpt>
   <trkpt lat="38.4009220" lon="-76.8444210">
    <ele>30.6</ele>
   </trkpt>
   <trkpt lat="38.4008450" lon="-76.8444000">
    <ele>30.6</ele>
   </trkpt>
   <trkpt lat="38.4007620" lon="-76.8443550">
    <ele>30.8</ele>
   </trkpt>
   <trkpt lat="38.4006860" lon="-76.8442920">
    <ele>30.8</ele>
   </trkpt>
   <trkpt lat="38.4006320" lon="-76.8442040">
    <ele>30.8</ele>
   </trkpt>
   <trkpt lat="38.4006050" lon="-76.8441050">
    <ele>31.2</ele>
   </trkpt>
   <trkpt lat="38.4005900" lon="-76.8440050">
    <ele>32.4</ele>
   </trkpt>
   <trkpt lat="38.4005840" lon="-76.8439050">
    <ele>33.6</ele>
   </trkpt>
   <trkpt lat="38.4005900" lon="-76.8438190">
    <ele>34.6</ele>
   </trkpt>
   <trkpt lat="38.4005960" lon="-76.8437450">
    <ele>35.2</ele>
   </trkpt>
   <trkpt lat="38.4006060" lon="-76.8436750">
    <ele>36.0</ele>
   </trkpt>
   <trkpt lat="38.4006280" lon="-76.8436010">
    <ele>36.8</ele>
   </trkpt>
   <trkpt lat="38.4006700" lon="-76.8435310">
    <ele>37.0</ele>
   </trkpt>
   <trkpt lat="38.4007850" lon="-76.8433760">
    <ele>38.0</ele>
   </trkpt>
   <trkpt lat="38.4009080" lon="-76.8430320">
    <ele>38.4</ele>
   </trkpt>
   <trkpt lat="38.4009960" lon="-76.8428540">
    <ele>38.6</ele>
   </trkpt>
   <trkpt lat="38.4010220" lon="-76.8427600">
    <ele>38.8</ele>
   </trkpt>
   <trkpt lat="38.4010340" lon="-76.8426620">
    <ele>39.2</ele>
   </trkpt>
   <trkpt lat="38.4010160" lon="-76.8424230">
    <ele>39.4</ele>
   </trkpt>
   <trkpt lat="38.4010150" lon="-76.8423040">
    <ele>39.4</ele>
   </trkpt>
   <trkpt lat="38.4010350" lon="-76.8421980">
    <ele>39.4</ele>
   </trkpt>
   <trkpt lat="38.4010700" lon="-76.8420900">
    <ele>39.6</ele>
   </trkpt>
   <trkpt lat="38.4011190" lon="-76.8419960">
    <ele>39.6</ele>
   </trkpt>
   <trkpt lat="38.4011860" lon="-76.8419280">
    <ele>39.6</ele>
   </trkpt>
   <trkpt lat="38.4013210" lon="-76.8418290">
    <ele>40.8</ele>
   </trkpt>
   <trkpt lat="38.4013740" lon="-76.8417880">
    <ele>41.8</ele>
   </trkpt>
   <trkpt lat="38.4014300" lon="-76.8417350">
    <ele>42.4</ele>
   </trkpt>
   <trkpt lat="38.4016500" lon="-76.8414790">
    <ele>42.4</ele>
   </trkpt>
   <trkpt lat="38.4020100" lon="-76.8410610">
    <ele>41.2</ele>
   </trkpt>
   <trkpt lat="38.4024130" lon="-76.8406210">
    <ele>41.2</ele>
   </trkpt>
   <trkpt lat="38.4025280" lon="-76.8405500">
    <ele>41.4</ele>
   </trkpt>
   <trkpt lat="38.4026440" lon="-76.8405210">
    <ele>41.6</ele>
   </trkpt>
   <trkpt lat="38.4027540" lon="-76.8405510">
    <ele>41.8</ele>
   </trkpt>
   <trkpt lat="38.4028360" lon="-76.8406460">
    <ele>42.0</ele>
   </trkpt>
   <trkpt lat="38.4028830" lon="-76.8407930">
    <ele>42.4</ele>
   </trkpt>
   <trkpt lat="38.4029000" lon="-76.8409450">
    <ele>42.4</ele>
   </trkpt>
   <trkpt lat="38.4028860" lon="-76.8410940">
    <ele>42.4</ele>
   </trkpt>
   <trkpt lat="38.4028470" lon="-76.8412380">
    <ele>42.4</ele>
   </trkpt>
   <trkpt lat="38.4026900" lon="-76.8415100">
    <ele>42.2</ele>
   </trkpt>
   <trkpt lat="38.4023010" lon="-76.8419950">
    <ele>41.6</ele>
   </trkpt>
   <trkpt lat="38.4022190" lon="-76.8421040">
    <ele>41.2</ele>
   </trkpt>
   <trkpt lat="38.4020900" lon="-76.8422960">
    <ele>41.2</ele>
   </trkpt>
   <trkpt lat="38.4019940" lon="-76.8424280">
    <ele>41.4</ele>
   </trkpt>
   <trkpt lat="38.4019910" lon="-76.8424950">
    <ele>41.4</ele>
   </trkpt>
   <trkpt lat="38.4020550" lon="-76.8425490">
    <ele>42.0</ele>
   </trkpt>
   <trkpt lat="38.4021610" lon="-76.8424860">
    <ele>42.8</ele>
   </trkpt>
   <trkpt lat="38.4022050" lon="-76.8424940">
    <ele>42.8</ele>
   </trkpt>
   <trkpt lat="38.4023220" lon="-76.8425350">
    <ele>42.8</ele>
   </trkpt>
   <trkpt lat="38.4024410" lon="-76.8424830">
    <ele>42.4</ele>
   </trkpt>
   <trkpt lat="38.4025800" lon="-76.8423910">
    <ele>39.0</ele>
   </trkpt>
   <trkpt lat="38.4026880" lon="-76.8422990">
    <ele>35.0</ele>
   </trkpt>
   <trkpt lat="38.4028070" lon="-76.8422000">
    <ele>34.0</ele>
   </trkpt>
   <trkpt lat="38.4030510" lon="-76.8421040">
    <ele>34.0</ele>
   </trkpt>
   <trkpt lat="38.4031990" lon="-76.8420790">
    <ele>35.4</ele>
   </trkpt>
   <trkpt lat="38.4032350" lon="-76.8420690">
    <ele>37.8</ele>
   </trkpt>
   <trkpt lat="38.4032800" lon="-76.8420630">
    <ele>39.0</ele>
   </trkpt>
   <trkpt lat="38.4033420" lon="-76.8420670">
    <ele>39.0</ele>
   </trkpt>
   <trkpt lat="38.4035530" lon="-76.8420950">
    <ele>38.8</ele>
   </trkpt>
   <trkpt lat="38.4036600" lon="-76.8420780">
    <ele>34.8</ele>
   </trkpt>
   <trkpt lat="38.4037350" lon="-76.8420190">
    <ele>30.0</ele>
   </trkpt>
   <trkpt lat="38.4037720" lon="-76.8419400">
    <ele>28.6</ele>
   </trkpt>
   <trkpt lat="38.4037770" lon="-76.8418590">
    <ele>28.6</ele>
   </trkpt>
   <trkpt lat="38.4037470" lon="-76.8417840">
    <ele>28.6</ele>
   </trkpt>
   <trkpt lat="38.4036690" lon="-76.8416550">
    <ele>30.0</ele>
   </trkpt>
   <trkpt lat="38.4036300" lon="-76.8416170">
    <ele>31.0</ele>
   </trkpt>
   <trkpt lat="38.4035860" lon="-76.8415870">
    <ele>32.6</ele>
   </trkpt>
   <trkpt lat="38.4035360" lon="-76.8415610">
    <ele>35.0</ele>
   </trkpt>
   <trkpt lat="38.4034760" lon="-76.8415380">
    <ele>36.2</ele>
   </trkpt>
   <trkpt lat="38.4034180" lon="-76.8415060">
    <ele>37.0</ele>
   </trkpt>
   <trkpt lat="38.4033870" lon="-76.8414590">
    <ele>37.6</ele>
   </trkpt>
   <trkpt lat="38.4034310" lon="-76.8413660">
    <ele>39.2</ele>
   </trkpt>
   <trkpt lat="38.4034980" lon="-76.8413390">
    <ele>39.6</ele>
   </trkpt>
   <trkpt lat="38.4035770" lon="-76.8413320">
    <ele>40.0</ele>
   </trkpt>
   <trkpt lat="38.4036480" lon="-76.8413440">
    <ele>40.0</ele>
   </trkpt>
   <trkpt lat="38.4037220" lon="-76.8413830">
    <ele>40.0</ele>
   </trkpt>
   <trkpt lat="38.4039420" lon="-76.8414960">
    <ele>37.0</ele>
   </trkpt>
   <trkpt lat="38.4040680" lon="-76.8414970">
    <ele>32.2</ele>
   </trkpt>
   <trkpt lat="38.4041540" lon="-76.8414380">
    <ele>30.0</ele>
   </trkpt>
   <trkpt lat="38.4042430" lon="-76.8412280">
    <ele>30.0</ele>
   </trkpt>
   <trkpt lat="38.4042870" lon="-76.8408760">
    <ele>31.6</ele>
   </trkpt>
   <trkpt lat="38.4043010" lon="-76.8407700">
    <ele>32.4</ele>
   </trkpt>
   <trkpt lat="38.4043110" lon="-76.8406840">
    <ele>33.6</ele>
   </trkpt>
   <trkpt lat="38.4043220" lon="-76.8406130">
    <ele>35.2</ele>
   </trkpt>
   <trkpt lat="38.4043320" lon="-76.8405420">
    <ele>37.8</ele>
   </trkpt>
   <trkpt lat="38.4043470" lon="-76.8404730">
    <ele>40.6</ele>
   </trkpt>
   <trkpt lat="38.4043720" lon="-76.8403210">
    <ele>42.2</ele>
   </trkpt>
   <trkpt lat="38.4043950" lon="-76.8402120">
    <ele>42.2</ele>
   </trkpt>
   <trkpt lat="38.4044890" lon="-76.8400200">
    <ele>42.6</ele>
   </trkpt>
   <trkpt lat="38.4046060" lon="-76.8399690">
    <ele>42.4</ele>
   </trkpt>
   <trkpt lat="38.4047650" lon="-76.8400440">
    <ele>41.8</ele>
   </trkpt>
   <trkpt lat="38.4048340" lon="-76.8401190">
    <ele>41.4</ele>
   </trkpt>
   <trkpt lat="38.4048850" lon="-76.8402140">
    <ele>40.8</ele>
   </trkpt>
   <trkpt lat="38.4049160" lon="-76.8403370">
    <ele>40.4</ele>
   </trkpt>
   <trkpt lat="38.4049360" lon="-76.8404820">
    <ele>39.4</ele>
   </trkpt>
   <trkpt lat="38.4049450" lon="-76.8406370">
    <ele>38.4</ele>
   </trkpt>
   <trkpt lat="38.4049370" lon="-76.8407980">
    <ele>38.0</ele>
   </trkpt>
   <trkpt lat="38.4048860" lon="-76.8413330">
    <ele>37.0</ele>
   </trkpt>
   <trkpt lat="38.4047650" lon="-76.8417430">
    <ele>36.0</ele>
   </trkpt>
   <trkpt lat="38.4046880" lon="-76.8418540">
    <ele>34.4</ele>
   </trkpt>
   <trkpt lat="38.4045890" lon="-76.8419360">
    <ele>33.6</ele>
   </trkpt>
   <trkpt lat="38.4044000" lon="-76.8420300">
    <ele>32.8</ele>
   </trkpt>
   <trkpt lat="38.4043200" lon="-76.8420750">
    <ele>32.0</ele>
   </trkpt>
   <trkpt lat="38.4042550" lon="-76.8421730">
    <ele>31.6</ele>
   </trkpt>
   <trkpt lat="38.4042350" lon="-76.8422950">
    <ele>29.2</ele>
   </trkpt>
   <trkpt lat="38.4042240" lon="-76.8425200">
    <ele>28.0</ele>
   </trkpt>
   <trkpt lat="38.4040870" lon="-76.8426190">
    <ele>27.2</ele>
   </trkpt>
   <trkpt lat="38.4039850" lon="-76.8426510">
    <ele>27.2</ele>
   </trkpt>
   <trkpt lat="38.4038980" lon="-76.8426550">
    <ele>26.6</ele>
   </trkpt>
   <trkpt lat="38.4037740" lon="-76.8426580">
    <ele>25.2</ele>
   </trkpt>
   <trkpt lat="38.4035960" lon="-76.8427520">
    <ele>24.4</ele>
   </trkpt>
   <trkpt lat="38.4035270" lon="-76.8428630">
    <ele>24.0</ele>
   </trkpt>
   <trkpt lat="38.4034790" lon="-76.8429860">
    <ele>24.0</ele>
   </trkpt>
   <trkpt lat="38.4034570" lon="-76.8430880">
    <ele>24.0</ele>
   </trkpt>
   <trkpt lat="38.4033930" lon="-76.8432280">
    <ele>25.0</ele>
   </trkpt>
   <trkpt lat="38.4033600" lon="-76.8433040">
    <ele>25.0</ele>
   </trkpt>
   <trkpt lat="38.4032410" lon="-76.8435080">
    <ele>25.0</ele>
   </trkpt>
   <trkpt lat="38.4030910" lon="-76.8436940">
    <ele>25.2</ele>
   </trkpt>
   <trkpt lat="38.4030400" lon="-76.8437410">
    <ele>25.2</ele>
   </trkpt>
   <trkpt lat="38.4029460" lon="-76.8437850">
    <ele>28.2</ele>
   </trkpt>
   <trkpt lat="38.4028970" lon="-76.8438050">
    <ele>29.2</ele>
   </trkpt>
   <trkpt lat="38.4028520" lon="-76.8438200">
    <ele>29.8</ele>
   </trkpt>
   <trkpt lat="38.4027960" lon="-76.8438260">
    <ele>30.6</ele>
   </trkpt>
   <trkpt lat="38.4027280" lon="-76.8438280">
    <ele>32.0</ele>
   </trkpt>
   <trkpt lat="38.4026650" lon="-76.8438110">
    <ele>32.2</ele>
   </trkpt>
   <trkpt lat="38.4026170" lon="-76.8437620">
    <ele>32.4</ele>
   </trkpt>
   <trkpt lat="38.4025990" lon="-76.8436940">
    <ele>33.4</ele>
   </trkpt>
   <trkpt lat="38.4025950" lon="-76.8436230">
    <ele>34.4</ele>
   </trkpt>
   <trkpt lat="38.4025790" lon="-76.8434980">
    <ele>35.8</ele>
   </trkpt>
   <trkpt lat="38.4025740" lon="-76.8433530">
    <ele>37.0</ele>
   </trkpt>
   <trkpt lat="38.4026340" lon="-76.8432240">
    <ele>37.8</ele>
   </trkpt>
   <trkpt lat="38.4026940" lon="-76.8431530">
    <ele>37.8</ele>
   </trkpt>
   <trkpt lat="38.4027780" lon="-76.8430880">
    <ele>37.8</ele>
   </trkpt>
   <trkpt lat="38.4028950" lon="-76.8430380">
    <ele>36.8</ele>
   </trkpt>
   <trkpt lat="38.4030420" lon="-76.8429990">
    <ele>33.4</ele>
   </trkpt>
   <trkpt lat="38.4031810" lon="-76.8429620">
    <ele>29.4</ele>
   </trkpt>
   <trkpt lat="38.4032880" lon="-76.8429100">
    <ele>26.4</ele>
   </trkpt>
   <trkpt lat="38.4033520" lon="-76.8428390">
    <ele>24.4</ele>
   </trkpt>
   <trkpt lat="38.4033710" lon="-76.8427640">
    <ele>24.4</ele>
   </trkpt>
   <trkpt lat="38.4033270" lon="-76.8427120">
    <ele>24.4</ele>
   </trkpt>
   <trkpt lat="38.4031820" lon="-76.8427050">
    <ele>24.6</ele>
   </trkpt>
   <trkpt lat="38.4030500" lon="-76.8427340">
    <ele>25.0</ele>
   </trkpt>
   <trkpt lat="38.4030030" lon="-76.8427260">
    <ele>25.4</ele>
   </trkpt>
   <trkpt lat="38.4029600" lon="-76.8427200">
    <ele>26.2</ele>
   </trkpt>
   <trkpt lat="38.4028790" lon="-76.8427260">
    <ele>27.0</ele>
   </trkpt>
   <trkpt lat="38.4028430" lon="-76.8427350">
    <ele>27.4</ele>
   </trkpt>
   <trkpt lat="38.4028050" lon="-76.8427470">
    <ele>28.2</ele>
   </trkpt>
   <trkpt lat="38.4027320" lon="-76.8427710">
    <ele>30.2</ele>
   </trkpt>
   <trkpt lat="38.4026610" lon="-76.8428020">
    <ele>32.0</ele>
   </trkpt>
   <trkpt lat="38.4025800" lon="-76.8428390">
    <ele>33.6</ele>
   </trkpt>
   <trkpt lat="38.4025500" lon="-76.8428590">
    <ele>34.2</ele>
   </trkpt>
   <trkpt lat="38.4025250" lon="-76.8428920">
    <ele>35.2</ele>
   </trkpt>
   <trkpt lat="38.4024960" lon="-76.8430060">
    <ele>36.6</ele>
   </trkpt>
   <trkpt lat="38.4024640" lon="-76.8430810">
    <ele>37.6</ele>
   </trkpt>
   <trkpt lat="38.4024450" lon="-76.8431030">
    <ele>37.8</ele>
   </trkpt>
   <trkpt lat="38.4023920" lon="-76.8432140">
    <ele>38.0</ele>
   </trkpt>
   <trkpt lat="38.4023060" lon="-76.8433440">
    <ele>38.0</ele>
   </trkpt>
   <trkpt lat="38.4022460" lon="-76.8434000">
    <ele>37.2</ele>
   </trkpt>
   <trkpt lat="38.4021680" lon="-76.8434600">
    <ele>35.6</ele>
   </trkpt>
   <trkpt lat="38.4020750" lon="-76.8435320">
    <ele>34.6</ele>
   </trkpt>
   <trkpt lat="38.4019720" lon="-76.8436040">
    <ele>32.0</ele>
   </trkpt>
   <trkpt lat="38.4018720" lon="-76.8436760">
    <ele>29.0</ele>
   </trkpt>
   <trkpt lat="38.4017930" lon="-76.8437450">
    <ele>28.0</ele>
   </trkpt>
   <trkpt lat="38.4017320" lon="-76.8438090">
    <ele>28.0</ele>
   </trkpt>
   <trkpt lat="38.4015350" lon="-76.8441160">
    <ele>29.0</ele>
   </trkpt>
   <trkpt lat="38.4014500" lon="-76.8442060">
    <ele>30.0</ele>
   </trkpt>
   <trkpt lat="38.4013310" lon="-76.8443090">
    <ele>30.6</ele>
   </trkpt>
   <trkpt lat="38.4012730" lon="-76.8443420">
    <ele>30.8</ele>
   </trkpt>
   <trkpt lat="38.4012290" lon="-76.8443710">
    <ele>30.8</ele>
   </trkpt>
   <trkpt lat="38.4011250" lon="-76.8444230">
    <ele>31.0</ele>
   </trkpt>
   <trkpt lat="38.4009540" lon="-76.8444290">
    <ele>31.0</ele>
   </trkpt>
   <trkpt lat="38.4008850" lon="-76.8444240">
    <ele>31.0</ele>
   </trkpt>
   <trkpt lat="38.4008070" lon="-76.8443940">
    <ele>31.0</ele>
   </trkpt>
   <trkpt lat="38.4007280" lon="-76.8443500">
    <ele>31.2</ele>
   </trkpt>
   <trkpt lat="38.4006140" lon="-76.8442260">
    <ele>31.2</ele>
   </trkpt>
   <trkpt lat="38.4005580" lon="-76.8440660">
    <ele>32.4</ele>
   </trkpt>
   <trkpt lat="38.4005490" lon="-76.8439660">
    <ele>33.4</ele>
   </trkpt>
   <trkpt lat="38.4005480" lon="-76.8438630">
    <ele>34.2</ele>
   </trkpt>
   <trkpt lat="38.4005600" lon="-76.8437780">
    <ele>35.4</ele>
   </trkpt>
   <trkpt lat="38.4005800" lon="-76.8437040">
    <ele>36.4</ele>
   </trkpt>
   <trkpt lat="38.4006750" lon="-76.8435720">
    <ele>37.6</ele>
   </trkpt>
   <trkpt lat="38.4007950" lon="-76.8434310">
    <ele>38.2</ele>
   </trkpt>
   <trkpt lat="38.4008430" lon="-76.8433290">
    <ele>38.4</ele>
   </trkpt>
   <trkpt lat="38.4008860" lon="-76.8432140">
    <ele>38.8</ele>
   </trkpt>
   <trkpt lat="38.4009860" lon="-76.8428220">
    <ele>39.4</ele>
   </trkpt>
   <trkpt lat="38.4009920" lon="-76.8425310">
    <ele>39.8</ele>
   </trkpt>
   <trkpt lat="38.4009920" lon="-76.8423900">
    <ele>40.0</ele>
   </trkpt>
   <trkpt lat="38.4010550" lon="-76.8421390">
    <ele>40.2</ele>
   </trkpt>
   <trkpt lat="38.4011090" lon="-76.8420320">
    <ele>40.2</ele>
   </trkpt>
   <trkpt lat="38.4011810" lon="-76.8419530">
    <ele>40.2</ele>
   </trkpt>
   <trkpt lat="38.4013420" lon="-76.8418490">
    <ele>41.0</ele>
   </trkpt>
   <trkpt lat="38.4014160" lon="-76.8417900">
    <ele>42.0</ele>
   </trkpt>
   <trkpt lat="38.4014930" lon="-76.8417140">
    <ele>42.6</ele>
   </trkpt>
   <trkpt lat="38.4017520" lon="-76.8414080">
    <ele>42.4</ele>
   </trkpt>
   <trkpt lat="38.4022280" lon="-76.8408170">
    <ele>41.6</ele>
   </trkpt>
   <trkpt lat="38.4023340" lon="-76.8407050">
    <ele>41.6</ele>
   </trkpt>
   <trkpt lat="38.4025640" lon="-76.8405420">
    <ele>41.8</ele>
   </trkpt>
   <trkpt lat="38.4027950" lon="-76.8405780">
    <ele>42.2</ele>
   </trkpt>
   <trkpt lat="38.4029190" lon="-76.8408330">
    <ele>43.0</ele>
   </trkpt>
   <trkpt lat="38.4028990" lon="-76.8411330">
    <ele>43.0</ele>
   </trkpt>
   <trkpt lat="38.4027490" lon="-76.8414170">
    <ele>42.8</ele>
   </trkpt>
   <trkpt lat="38.4022910" lon="-76.8420150">
    <ele>42.0</ele>
   </trkpt>
   <trkpt lat="38.4022020" lon="-76.8421430">
    <ele>41.8</ele>
   </trkpt>
   <trkpt lat="38.4020010" lon="-76.8424410">
    <ele>41.8</ele>
   </trkpt>
   <trkpt lat="38.4020100" lon="-76.8425680">
    <ele>42.0</ele>
   </trkpt>
   <trkpt lat="38.4020920" lon="-76.8425240">
    <ele>43.2</ele>
   </trkpt>
   <trkpt lat="38.4021460" lon="-76.8425070">
    <ele>43.2</ele>
   </trkpt>
   <trkpt lat="38.4022240" lon="-76.8425250">
    <ele>43.2</ele>
   </trkpt>
   <trkpt lat="38.4023040" lon="-76.8425350">
    <ele>43.2</ele>
   </trkpt>
   <trkpt lat="38.4023780" lon="-76.8425160">
    <ele>43.0</ele>
   </trkpt>
   <trkpt lat="38.4024550" lon="-76.8424660">
    <ele>43.0</ele>
   </trkpt>
   <trkpt lat="38.4025510" lon="-76.8423840">
    <ele>41.4</ele>
   </trkpt>
   <trkpt lat="38.4026610" lon="-76.8422890">
    <ele>37.4</ele>
   </trkpt>
   <trkpt lat="38.4027770" lon="-76.8422040">
    <ele>34.6</ele>
   </trkpt>
   <trkpt lat="38.4030280" lon="-76.8420760">
    <ele>34.4</ele>
   </trkpt>
   <trkpt lat="38.4031490" lon="-76.8420470">
    <ele>34.4</ele>
   </trkpt>
   <trkpt lat="38.4032260" lon="-76.8420350">
    <ele>35.0</ele>
   </trkpt>
   <trkpt lat="38.4032850" lon="-76.8420320">
    <ele>37.4</ele>
   </trkpt>
   <trkpt lat="38.4033550" lon="-76.8420390">
    <ele>37.4</ele>
   </trkpt>
   <trkpt lat="38.4035610" lon="-76.8420800">
    <ele>37.4</ele>
   </trkpt>
   <trkpt lat="38.4036750" lon="-76.8420790">
    <ele>33.6</ele>
   </trkpt>
   <trkpt lat="38.4037450" lon="-76.8420260">
    <ele>29.6</ele>
   </trkpt>
   <trkpt lat="38.4037720" lon="-76.8418590">
    <ele>28.8</ele>
   </trkpt>
   <trkpt lat="38.4036890" lon="-76.8417200">
    <ele>29.0</ele>
   </trkpt>
   <trkpt lat="38.4035960" lon="-76.8416260">
    <ele>31.8</ele>
   </trkpt>
   <trkpt lat="38.4035490" lon="-76.8415950">
    <ele>34.0</ele>
   </trkpt>
   <trkpt lat="38.4034960" lon="-76.8415650">
    <ele>36.0</ele>
   </trkpt>
   <trkpt lat="38.4034370" lon="-76.8415280">
    <ele>37.0</ele>
   </trkpt>
   <trkpt lat="38.4033720" lon="-76.8414060">
    <ele>38.2</ele>
   </trkpt>
   <trkpt lat="38.4034470" lon="-76.8413150">
    <ele>39.8</ele>
   </trkpt>
   <trkpt lat="38.4035120" lon="-76.8413000">
    <ele>40.2</ele>
   </trkpt>
   <trkpt lat="38.4036630" lon="-76.8413010">
    <ele>40.6</ele>
   </trkpt>
   <trkpt lat="38.4037350" lon="-76.8413260">
    <ele>40.6</ele>
   </trkpt>
   <trkpt lat="38.4038220" lon="-76.8413750">
    <ele>40.6</ele>
   </trkpt>
   <trkpt lat="38.4039280" lon="-76.8414320">
    <ele>37.2</ele>
   </trkpt>
   <trkpt lat="38.4040390" lon="-76.8414470">
    <ele>32.6</ele>
   </trkpt>
   <trkpt lat="38.4041300" lon="-76.8414000">
    <ele>30.4</ele>
   </trkpt>
   <trkpt lat="38.4041940" lon="-76.8413150">
    <ele>30.4</ele>
   </trkpt>
   <trkpt lat="38.4042610" lon="-76.8409980">
    <ele>31.2</ele>
   </trkpt>
   <trkpt lat="38.4042760" lon="-76.8408830">
    <ele>32.0</ele>
   </trkpt>
   <trkpt lat="38.4042950" lon="-76.8406820">
    <ele>33.8</ele>
   </trkpt>
   <trkpt lat="38.4043020" lon="-76.8406030">
    <ele>35.2</ele>
   </trkpt>
   <trkpt lat="38.4043050" lon="-76.8405340">
    <ele>38.0</ele>
   </trkpt>
   <trkpt lat="38.4043170" lon="-76.8404640">
    <ele>41.2</ele>
   </trkpt>
   <trkpt lat="38.4043460" lon="-76.8403110">
    <ele>42.4</ele>
   </trkpt>
   <trkpt lat="38.4043690" lon="-76.8402050">
    <ele>42.6</ele>
   </trkpt>
   <trkpt lat="38.4044060" lon="-76.8400940">
    <ele>43.0</ele>
   </trkpt>
   <trkpt lat="38.4044590" lon="-76.8400060">
    <ele>43.0</ele>
   </trkpt>
   <trkpt lat="38.4045270" lon="-76.8399670">
    <ele>43.0</ele>
   </trkpt>
   <trkpt lat="38.4046060" lon="-76.8399640">
    <ele>42.8</ele>
   </trkpt>
   <trkpt lat="38.4046840" lon="-76.8399870">
    <ele>42.6</ele>
   </trkpt>
   <trkpt lat="38.4048110" lon="-76.8400820">
    <ele>41.8</ele>
   </trkpt>
   <trkpt lat="38.4048720" lon="-76.8401930">
    <ele>41.4</ele>
   </trkpt>
   <trkpt lat="38.4049120" lon="-76.8403040">
    <ele>40.8</ele>
   </trkpt>
   <trkpt lat="38.4049360" lon="-76.8404410">
    <ele>40.2</ele>
   </trkpt>
   <trkpt lat="38.4049430" lon="-76.8406050">
    <ele>38.8</ele>
   </trkpt>
   <trkpt lat="38.4049240" lon="-76.8409340">
    <ele>38.4</ele>
   </trkpt>
   <trkpt lat="38.4049210" lon="-76.8410630">
    <ele>38.2</ele>
   </trkpt>
   <trkpt lat="38.4049120" lon="-76.8411840">
    <ele>37.8</ele>
   </trkpt>
   <trkpt lat="38.4048640" lon="-76.8414480">
    <ele>36.8</ele>
   </trkpt>
   <trkpt lat="38.4048120" lon="-76.8416050">
    <ele>37.0</ele>
   </trkpt>
   <trkpt lat="38.4047340" lon="-76.8417410">
    <ele>35.4</ele>
   </trkpt>
   <trkpt lat="38.4046350" lon="-76.8418250">
    <ele>34.6</ele>
   </trkpt>
   <trkpt lat="38.4045260" lon="-76.8418820">
    <ele>33.8</ele>
   </trkpt>
   <trkpt lat="38.4043750" lon="-76.8419670">
    <ele>33.2</ele>
   </trkpt>
   <trkpt lat="38.4043200" lon="-76.8420460">
    <ele>32.4</ele>
   </trkpt>
   <trkpt lat="38.4042830" lon="-76.8421630">
    <ele>31.8</ele>
   </trkpt>
   <trkpt lat="38.4042790" lon="-76.8422960">
    <ele>29.0</ele>
   </trkpt>
   <trkpt lat="38.4042770" lon="-76.8424110">
    <ele>28.8</ele>
   </trkpt>
   <trkpt lat="38.4042220" lon="-76.8425950">
    <ele>28.0</ele>
   </trkpt>
   <trkpt lat="38.4040440" lon="-76.8426700">
    <ele>27.6</ele>
   </trkpt>
   <trkpt lat="38.4039390" lon="-76.8426680">
    <ele>26.4</ele>
   </trkpt>
   <trkpt lat="38.4038370" lon="-76.8426640">
    <ele>25.2</ele>
   </trkpt>
   <trkpt lat="38.4037650" lon="-76.8426840">
    <ele>24.6</ele>
   </trkpt>
   <trkpt lat="38.4036730" lon="-76.8427660">
    <ele>24.4</ele>
   </trkpt>
   <trkpt lat="38.4036130" lon="-76.8428880">
    <ele>24.0</ele>
   </trkpt>
   <trkpt lat="38.4034440" lon="-76.8432920">
    <ele>25.4</ele>
   </trkpt>
   <trkpt lat="38.4032830" lon="-76.8435170">
    <ele>25.8</ele>
   </trkpt>
   <trkpt lat="38.4031240" lon="-76.8436900">
    <ele>25.6</ele>
   </trkpt>
   <trkpt lat="38.4030450" lon="-76.8437390">
    <ele>25.6</ele>
   </trkpt>
   <trkpt lat="38.4029900" lon="-76.8437710">
    <ele>25.6</ele>
   </trkpt>
   <trkpt lat="38.4029360" lon="-76.8437940">
    <ele>28.6</ele>
   </trkpt>
   <trkpt lat="38.4028810" lon="-76.8438160">
    <ele>29.6</ele>
   </trkpt>
   <trkpt lat="38.4027630" lon="-76.8438270">
    <ele>31.6</ele>
   </trkpt>
   <trkpt lat="38.4027010" lon="-76.8438130">
    <ele>32.2</ele>
   </trkpt>
   <trkpt lat="38.4026540" lon="-76.8437870">
    <ele>32.4</ele>
   </trkpt>
   <trkpt lat="38.4026240" lon="-76.8437450">
    <ele>33.6</ele>
   </trkpt>
   <trkpt lat="38.4026040" lon="-76.8436810">
    <ele>35.0</ele>
   </trkpt>
   <trkpt lat="38.4025720" lon="-76.8435170">
    <ele>36.0</ele>
   </trkpt>
   <trkpt lat="38.4025640" lon="-76.8434320">
    <ele>36.6</ele>
   </trkpt>
   <trkpt lat="38.4025700" lon="-76.8433620">
    <ele>37.6</ele>
   </trkpt>
   <trkpt lat="38.4025920" lon="-76.8433010">
    <ele>37.8</ele>
   </trkpt>
   <trkpt lat="38.4026890" lon="-76.8431650">
    <ele>37.8</ele>
   </trkpt>
   <trkpt lat="38.4028960" lon="-76.8430580">
    <ele>36.4</ele>
   </trkpt>
   <trkpt lat="38.4030260" lon="-76.8430120">
    <ele>32.8</ele>
   </trkpt>
   <trkpt lat="38.4031470" lon="-76.8429620">
    <ele>29.2</ele>
   </trkpt>
   <trkpt lat="38.4032450" lon="-76.8429080">
    <ele>26.6</ele>
   </trkpt>
   <trkpt lat="38.4033030" lon="-76.8428510">
    <ele>24.6</ele>
   </trkpt>
   <trkpt lat="38.4033240" lon="-76.8427960">
    <ele>24.4</ele>
   </trkpt>
   <trkpt lat="38.4033180" lon="-76.8427570">
    <ele>24.4</ele>
   </trkpt>
   <trkpt lat="38.4032800" lon="-76.8427300">
    <ele>24.4</ele>
   </trkpt>
   <trkpt lat="38.4030820" lon="-76.8427500">
    <ele>25.0</ele>
   </trkpt>
   <trkpt lat="38.4029480" lon="-76.8427310">
    <ele>26.0</ele>
   </trkpt>
   <trkpt lat="38.4028740" lon="-76.8427340">
    <ele>26.6</ele>
   </trkpt>
   <trkpt lat="38.4028040" lon="-76.8427490">
    <ele>27.2</ele>
   </trkpt>
   <trkpt lat="38.4027390" lon="-76.8427710">
    <ele>28.4</ele>
   </trkpt>
   <trkpt lat="38.4026840" lon="-76.8427950">
    <ele>30.4</ele>
   </trkpt>
   <trkpt lat="38.4026330" lon="-76.8428240">
    <ele>32.0</ele>
   </trkpt>
   <trkpt lat="38.4025770" lon="-76.8428600">
    <ele>33.2</ele>
   </trkpt>
   <trkpt lat="38.4025220" lon="-76.8428970">
    <ele>34.4</ele>
   </trkpt>
   <trkpt lat="38.4024650" lon="-76.8430100">
    <ele>36.4</ele>
   </trkpt>
   <trkpt lat="38.4024060" lon="-76.8431500">
    <ele>38.0</ele>
   </trkpt>
   <trkpt lat="38.4023280" lon="-76.8432900">
    <ele>38.0</ele>
   </trkpt>
   <trkpt lat="38.4022070" lon="-76.8434050">
    <ele>36.8</ele>
   </trkpt>
   <trkpt lat="38.4021220" lon="-76.8434800">
    <ele>35.6</ele>
   </trkpt>
   <trkpt lat="38.4020280" lon="-76.8435700">
    <ele>34.4</ele>
   </trkpt>
   <trkpt lat="38.4019350" lon="-76.8436510">
    <ele>31.2</ele>
   </trkpt>
   <trkpt lat="38.4018470" lon="-76.8437180">
    <ele>28.8</ele>
   </trkpt>
   <trkpt lat="38.4016720" lon="-76.8438840">
    <ele>28.0</ele>
   </trkpt>
   <trkpt lat="38.4014850" lon="-76.8441580">
    <ele>29.2</ele>
   </trkpt>
   <trkpt lat="38.4014500" lon="-76.8441940">
    <ele>30.0</ele>
   </trkpt>
   <trkpt lat="38.4013620" lon="-76.8442770">
    <ele>30.8</ele>
   </trkpt>
   <trkpt lat="38.4013050" lon="-76.8443200">
    <ele>30.8</ele>
   </trkpt>
   <trkpt lat="38.4011990" lon="-76.8443920">
    <ele>31.0</ele>
   </trkpt>
   <trkpt lat="38.4011540" lon="-76.8444160">
    <ele>31.0</ele>
   </trkpt>
   <trkpt lat="38.4010290" lon="-76.8444470">
    <ele>31.2</ele>
   </trkpt>
   <trkpt lat="38.4009280" lon="-76.8444480">
    <ele>31.2</ele>
   </trkpt>
   <trkpt lat="38.4007870" lon="-76.8444090">
    <ele>31.2</ele>
   </trkpt>
   <trkpt lat="38.4006390" lon="-76.8443010">
    <ele>31.4</ele>
   </trkpt>
   <trkpt lat="38.4005890" lon="-76.8442100">
    <ele>31.4</ele>
   </trkpt>
   <trkpt lat="38.4005640" lon="-76.8441020">
    <ele>31.8</ele>
   </trkpt>
   <trkpt lat="38.4005560" lon="-76.8439820">
    <ele>33.0</ele>
   </trkpt>
   <trkpt lat="38.4005570" lon="-76.8438600">
    <ele>34.2</ele>
   </trkpt>
   <trkpt lat="38.4005670" lon="-76.8437400">
    <ele>35.4</ele>
   </trkpt>
   <trkpt lat="38.4006530" lon="-76.8435440">
    <ele>37.0</ele>
   </trkpt>
   <trkpt lat="38.4007890" lon="-76.8433810">
    <ele>38.2</ele>
   </trkpt>
   <trkpt lat="38.4008420" lon="-76.8432700">
    <ele>38.4</ele>
   </trkpt>
   <trkpt lat="38.4009800" lon="-76.8428800">
    <ele>39.4</ele>
   </trkpt>
   <trkpt lat="38.4009970" lon="-76.8427360">
    <ele>39.4</ele>
   </trkpt>
   <trkpt lat="38.4009930" lon="-76.8425870">
    <ele>39.8</ele>
   </trkpt>
   <trkpt lat="38.4009980" lon="-76.8422940">
    <ele>40.2</ele>
   </trkpt>
   <trkpt lat="38.4010890" lon="-76.8420530">
    <ele>40.4</ele>
   </trkpt>
   <trkpt lat="38.4011590" lon="-76.8419650">
    <ele>40.4</ele>
   </trkpt>
   <trkpt lat="38.4012510" lon="-76.8419140">
    <ele>40.6</ele>
   </trkpt>
   <trkpt lat="38.4014110" lon="-76.8418040">
    <ele>41.8</ele>
   </trkpt>
   <trkpt lat="38.4014900" lon="-76.8417300">
    <ele>42.4</ele>
   </trkpt>
   <trkpt lat="38.4016550" lon="-76.8415320">
    <ele>42.4</ele>
   </trkpt>
   <trkpt lat="38.4021220" lon="-76.8409560">
    <ele>41.8</ele>
   </trkpt>
   <trkpt lat="38.4024390" lon="-76.8406240">
    <ele>41.8</ele>
   </trkpt>
   <trkpt lat="38.4025590" lon="-76.8405470">
    <ele>41.8</ele>
   </trkpt>
   <trkpt lat="38.4026790" lon="-76.8405330">
    <ele>42.0</ele>
   </trkpt>
   <trkpt lat="38.4027860" lon="-76.8405810">
    <ele>42.2</ele>
   </trkpt>
   <trkpt lat="38.4028670" lon="-76.8406930">
    <ele>42.6</ele>
   </trkpt>
   <trkpt lat="38.4029200" lon="-76.8408310">
    <ele>42.8</ele>
   </trkpt>
   <trkpt lat="38.4029450" lon="-76.8409740">
    <ele>42.8</ele>
   </trkpt>
   <trkpt lat="38.4029360" lon="-76.8411230">
    <ele>43.0</ele>
   </trkpt>
   <trkpt lat="38.4028930" lon="-76.8412780">
    <ele>43.0</ele>
   </trkpt>
   <trkpt lat="38.4028200" lon="-76.8414200">
    <ele>43.0</ele>
   </trkpt>
   <trkpt lat="38.4025160" lon="-76.8418030">
    <ele>42.2</ele>
   </trkpt>
   <trkpt lat="38.4022480" lon="-76.8421080">
    <ele>41.6</ele>
   </trkpt>
   <trkpt lat="38.4021840" lon="-76.8421970">
    <ele>41.6</ele>
   </trkpt>
   <trkpt lat="38.4021300" lon="-76.8422790">
    <ele>41.6</ele>
   </trkpt>
   <trkpt lat="38.4020290" lon="-76.8424080">
    <ele>42.0</ele>
   </trkpt>
   <trkpt lat="38.4020340" lon="-76.8425170">
    <ele>42.2</ele>
   </trkpt>
   <trkpt lat="38.4021220" lon="-76.8424800">
    <ele>43.2</ele>
   </trkpt>
   <trkpt lat="38.4022080" lon="-76.8424840">
    <ele>43.2</ele>
   </trkpt>
   <trkpt lat="38.4022750" lon="-76.8425080">
    <ele>43.2</ele>
   </trkpt>
   <trkpt lat="38.4024240" lon="-76.8424810">
    <ele>43.0</ele>
   </trkpt>
   <trkpt lat="38.4025120" lon="-76.8423960">
    <ele>42.6</ele>
   </trkpt>
   <trkpt lat="38.4026110" lon="-76.8423010">
    <ele>40.4</ele>
   </trkpt>
   <trkpt lat="38.4027140" lon="-76.8422070">
    <ele>35.8</ele>
   </trkpt>
   <trkpt lat="38.4028330" lon="-76.8421250">
    <ele>34.2</ele>
   </trkpt>
   <trkpt lat="38.4030680" lon="-76.8420080">
    <ele>34.2</ele>
   </trkpt>
   <trkpt lat="38.4031860" lon="-76.8419840">
    <ele>35.0</ele>
   </trkpt>
   <trkpt lat="38.4032160" lon="-76.8419820">
    <ele>38.4</ele>
   </trkpt>
   <trkpt lat="38.4032490" lon="-76.8419800">
    <ele>39.6</ele>
   </trkpt>
   <trkpt lat="38.4033740" lon="-76.8420030">
    <ele>39.6</ele>
   </trkpt>
   <trkpt lat="38.4035680" lon="-76.8420290">
    <ele>35.8</ele>
   </trkpt>
   <trkpt lat="38.4036530" lon="-76.8420130">
    <ele>31.0</ele>
   </trkpt>
   <trkpt lat="38.4037110" lon="-76.8419700">
    <ele>28.8</ele>
   </trkpt>
   <trkpt lat="38.4037430" lon="-76.8419250">
    <ele>28.4</ele>
   </trkpt>
   <trkpt lat="38.4037470" lon="-76.8418700">
    <ele>28.6</ele>
   </trkpt>
   <trkpt lat="38.4037380" lon="-76.8418200">
    <ele>28.6</ele>
   </trkpt>
   <trkpt lat="38.4036750" lon="-76.8416770">
    <ele>29.8</ele>
   </trkpt>
   <trkpt lat="38.4036110" lon="-76.8416030">
    <ele>31.6</ele>
   </trkpt>
   <trkpt lat="38.4035740" lon="-76.8415750">
    <ele>32.8</ele>
   </trkpt>
   <trkpt lat="38.4035270" lon="-76.8415480">
    <ele>35.2</ele>
   </trkpt>
   <trkpt lat="38.4034120" lon="-76.8414900">
    <ele>36.8</ele>
   </trkpt>
   <trkpt lat="38.4033870" lon="-76.8414510">
    <ele>37.4</ele>
   </trkpt>
   <trkpt lat="38.4034000" lon="-76.8413980">
    <ele>38.2</ele>
   </trkpt>
   <trkpt lat="38.4034370" lon="-76.8413530">
    <ele>39.4</ele>
   </trkpt>
   <trkpt lat="38.4034950" lon="-76.8413230">
    <ele>39.8</ele>
   </trkpt>
   <trkpt lat="38.4036450" lon="-76.8413140">
    <ele>40.4</ele>
   </trkpt>
   <trkpt lat="38.4038950" lon="-76.8414100">
    <ele>37.2</ele>
   </trkpt>
   <trkpt lat="38.4040140" lon="-76.8414010">
    <ele>32.2</ele>
   </trkpt>
   <trkpt lat="38.4041160" lon="-76.8413650">
    <ele>30.0</ele>
   </trkpt>
   <trkpt lat="38.4041770" lon="-76.8412860">
    <ele>30.0</ele>
   </trkpt>
   <trkpt lat="38.4042230" lon="-76.8411790">
    <ele>30.0</ele>
   </trkpt>
   <trkpt lat="38.4042400" lon="-76.8410700">
    <ele>30.0</ele>
   </trkpt>
   <trkpt lat="38.4042700" lon="-76.8408480">
    <ele>31.8</ele>
   </trkpt>
   <trkpt lat="38.4042870" lon="-76.8407440">
    <ele>32.6</ele>
   </trkpt>
   <trkpt lat="38.4043130" lon="-76.8406570">
    <ele>33.6</ele>
   </trkpt>
   <trkpt lat="38.4043170" lon="-76.8405870">
    <ele>35.4</ele>
   </trkpt>
   <trkpt lat="38.4043290" lon="-76.8405150">
    <ele>38.2</ele>
   </trkpt>
   <trkpt lat="38.4043440" lon="-76.8404480">
    <ele>40.8</ele>
   </trkpt>
   <trkpt lat="38.4043630" lon="-76.8403160">
    <ele>42.4</ele>
   </trkpt>
   <trkpt lat="38.4043730" lon="-76.8402230">
    <ele>42.4</ele>
   </trkpt>
   <trkpt lat="38.4043910" lon="-76.8401130">
    <ele>42.4</ele>
   </trkpt>
   <trkpt lat="38.4044240" lon="-76.8400150">
    <ele>42.8</ele>
   </trkpt>
   <trkpt lat="38.4044750" lon="-76.8399560">
    <ele>42.8</ele>
   </trkpt>
   <trkpt lat="38.4045340" lon="-76.8399300">
    <ele>42.6</ele>
   </trkpt>
   <trkpt lat="38.4046050" lon="-76.8399330">
    <ele>42.2</ele>
   </trkpt>
   <trkpt lat="38.4047720" lon="-76.8400180">
    <ele>42.0</ele>
   </trkpt>
   <trkpt lat="38.4048960" lon="-76.8401910">
    <ele>40.8</ele>
   </trkpt>
   <trkpt lat="38.4049300" lon="-76.8403100">
    <ele>40.0</ele>
   </trkpt>
   <trkpt lat="38.4049410" lon="-76.8404420">
    <ele>39.4</ele>
   </trkpt>
   <trkpt lat="38.4049400" lon="-76.8405770">
    <ele>38.0</ele>
   </trkpt>
   <trkpt lat="38.4049340" lon="-76.8407190">
    <ele>37.8</ele>
   </trkpt>
   <trkpt lat="38.4049100" lon="-76.8409770">
    <ele>37.6</ele>
   </trkpt>
   <trkpt lat="38.4049090" lon="-76.8410680">
    <ele>37.6</ele>
   </trkpt>
   <trkpt lat="38.4048100" lon="-76.8415510">
    <ele>37.6</ele>
   </trkpt>
   <trkpt lat="38.4047560" lon="-76.8416860">
    <ele>36.4</ele>
   </trkpt>
   <trkpt lat="38.4046790" lon="-76.8417860">
    <ele>34.4</ele>
   </trkpt>
   <trkpt lat="38.4045850" lon="-76.8418520">
    <ele>33.6</ele>
   </trkpt>
   <trkpt lat="38.4044850" lon="-76.8418930">
    <ele>33.4</ele>
   </trkpt>
   <trkpt lat="38.4044080" lon="-76.8419170">
    <ele>33.2</ele>
   </trkpt>
   <trkpt lat="38.4043460" lon="-76.8419640">
    <ele>32.4</ele>
   </trkpt>
   <trkpt lat="38.4042850" lon="-76.8420580">
    <ele>32.0</ele>
   </trkpt>
   <trkpt lat="38.4042430" lon="-76.8421930">
    <ele>31.0</ele>
   </trkpt>
   <trkpt lat="38.4042360" lon="-76.8423240">
    <ele>28.8</ele>
   </trkpt>
   <trkpt lat="38.4042410" lon="-76.8424440">
    <ele>28.4</ele>
   </trkpt>
   <trkpt lat="38.4042200" lon="-76.8425420">
    <ele>27.8</ele>
   </trkpt>
   <trkpt lat="38.4041820" lon="-76.8426170">
    <ele>27.6</ele>
   </trkpt>
   <trkpt lat="38.4041020" lon="-76.8426630">
    <ele>27.2</ele>
   </trkpt>
   <trkpt lat="38.4040110" lon="-76.8426900">
    <ele>27.0</ele>
   </trkpt>
   <trkpt lat="38.4039020" lon="-76.8426940">
    <ele>25.8</ele>
   </trkpt>
   <trkpt lat="38.4038000" lon="-76.8427010">
    <ele>24.6</ele>
   </trkpt>
   <trkpt lat="38.4037060" lon="-76.8427390">
    <ele>24.4</ele>
   </trkpt>
   <trkpt lat="38.4036210" lon="-76.8428310">
    <ele>24.0</ele>
   </trkpt>
   <trkpt lat="38.4035550" lon="-76.8429500">
    <ele>23.6</ele>
   </trkpt>
   <trkpt lat="38.4035010" lon="-76.8430660">
    <ele>23.6</ele>
   </trkpt>
   <trkpt lat="38.4034270" lon="-76.8432260">
    <ele>23.6</ele>
   </trkpt>
   <trkpt lat="38.4033500" lon="-76.8433700">
    <ele>25.2</ele>
   </trkpt>
   <trkpt lat="38.4032030" lon="-76.8435720">
    <ele>25.4</ele>
   </trkpt>
   <trkpt lat="38.4030490" lon="-76.8437280">
    <ele>25.4</ele>
   </trkpt>
   <trkpt lat="38.4029960" lon="-76.8437570">
    <ele>25.4</ele>
   </trkpt>
   <trkpt lat="38.4029460" lon="-76.8437670">
    <ele>27.4</ele>
   </trkpt>
   <trkpt lat="38.4028880" lon="-76.8437770">
    <ele>28.8</ele>
   </trkpt>
   <trkpt lat="38.4027760" lon="-76.8437950">
    <ele>30.2</ele>
   </trkpt>
   <trkpt lat="38.4027240" lon="-76.8437970">
    <ele>31.8</ele>
   </trkpt>
   <trkpt lat="38.4026470" lon="-76.8437730">
    <ele>32.4</ele>
   </trkpt>
   <trkpt lat="38.4026210" lon="-76.8437370">
    <ele>33.6</ele>
   </trkpt>
   <trkpt lat="38.4026020" lon="-76.8436830">
    <ele>34.8</ele>
   </trkpt>
   <trkpt lat="38.4025780" lon="-76.8435280">
    <ele>35.6</ele>
   </trkpt>
   <trkpt lat="38.4025700" lon="-76.8434480">
    <ele>36.4</ele>
   </trkpt>
   <trkpt lat="38.4025830" lon="-76.8433250">
    <ele>37.4</ele>
   </trkpt>
   <trkpt lat="38.4026540" lon="-76.8432090">
    <ele>37.4</ele>
   </trkpt>
   <trkpt lat="38.4027250" lon="-76.8431460">
    <ele>37.4</ele>
   </trkpt>
   <trkpt lat="38.4028140" lon="-76.8430840">
    <ele>37.0</ele>
   </trkpt>
   <trkpt lat="38.4029320" lon="-76.8430330">
    <ele>34.6</ele>
   </trkpt>
   <trkpt lat="38.4030670" lon="-76.8429880">
    <ele>31.0</ele>
   </trkpt>
   <trkpt lat="38.4031900" lon="-76.8429470">
    <ele>28.0</ele>
   </trkpt>
   <trkpt lat="38.4032750" lon="-76.8428920">
    <ele>24.8</ele>
   </trkpt>
   <trkpt lat="38.4033240" lon="-76.8428350">
    <ele>24.4</ele>
   </trkpt>
   <trkpt lat="38.4033290" lon="-76.8427750">
    <ele>24.2</ele>
   </trkpt>
   <trkpt lat="38.4032890" lon="-76.8427280">
    <ele>24.2</ele>
   </trkpt>
   <trkpt lat="38.4031510" lon="-76.8427270">
    <ele>24.6</ele>
   </trkpt>
   <trkpt lat="38.4030070" lon="-76.8427410">
    <ele>25.2</ele>
   </trkpt>
   <trkpt lat="38.4029350" lon="-76.8427320">
    <ele>25.8</ele>
   </trkpt>
   <trkpt lat="38.4028580" lon="-76.8427360">
    <ele>26.4</ele>
   </trkpt>
   <trkpt lat="38.4027190" lon="-76.8427730">
    <ele>28.6</ele>
   </trkpt>
   <trkpt lat="38.4026570" lon="-76.8428030">
    <ele>30.6</ele>
   </trkpt>
   <trkpt lat="38.4025950" lon="-76.8428430">
    <ele>32.2</ele>
   </trkpt>
   <trkpt lat="38.4025350" lon="-76.8428920">
    <ele>33.6</ele>
   </trkpt>
   <trkpt lat="38.4024890" lon="-76.8429620">
    <ele>34.8</ele>
   </trkpt>
   <trkpt lat="38.4024530" lon="-76.8430460">
    <ele>36.2</ele>
   </trkpt>
   <trkpt lat="38.4024210" lon="-76.8431320">
    <ele>37.2</ele>
   </trkpt>
   <trkpt lat="38.4023200" lon="-76.8432960">
    <ele>37.2</ele>
   </trkpt>
   <trkpt lat="38.4022470" lon="-76.8433730">
    <ele>37.2</ele>
   </trkpt>
   <trkpt lat="38.4021580" lon="-76.8434520">
    <ele>36.2</ele>
   </trkpt>
   <trkpt lat="38.4020600" lon="-76.8435430">
    <ele>34.8</ele>
   </trkpt>
   <trkpt lat="38.4019600" lon="-76.8436260">
    <ele>32.2</ele>
   </trkpt>
   <trkpt lat="38.4018650" lon="-76.8436930">
    <ele>29.0</ele>
   </trkpt>
   <trkpt lat="38.4017920" lon="-76.8437420">
    <ele>27.8</ele>
   </trkpt>
   <trkpt lat="38.4017330" lon="-76.8437860">
    <ele>27.8</ele>
   </trkpt>
   <trkpt lat="38.4016780" lon="-76.8438470">
    <ele>27.8</ele>
   </trkpt>
   <trkpt lat="38.4016260" lon="-76.8439260">
    <ele>27.8</ele>
   </trkpt>
   <trkpt lat="38.4015230" lon="-76.8440930">
    <ele>28.6</ele>
   </trkpt>
   <trkpt lat="38.4014760" lon="-76.8441540">
    <ele>29.0</ele>
   </trkpt>
   <trkpt lat="38.4013840" lon="-76.8442410">
    <ele>30.6</ele>
   </trkpt>
   <trkpt lat="38.4013240" lon="-76.8442910">
    <ele>30.6</ele>
   </trkpt>
   <trkpt lat="38.4012710" lon="-76.8443420">
    <ele>30.6</ele>
   </trkpt>
   <trkpt lat="38.4011820" lon="-76.8444010">
    <ele>30.8</ele>
   </trkpt>
   <trkpt lat="38.4010710" lon="-76.8444440">
    <ele>31.0</ele>
   </trkpt>
   <trkpt lat="38.4009530" lon="-76.8444520">
    <ele>31.2</ele>
   </trkpt>
   <trkpt lat="38.4008880" lon="-76.8444400">
    <ele>31.2</ele>
   </trkpt>
   <trkpt lat="38.4008150" lon="-76.8444060">
    <ele>31.2</ele>
   </trkpt>
   <trkpt lat="38.4006640" lon="-76.8442850">
    <ele>31.2</ele>
   </trkpt>
   <trkpt lat="38.4005870" lon="-76.8441030">
    <ele>31.4</ele>
   </trkpt>
   <trkpt lat="38.4005760" lon="-76.8439800">
    <ele>32.8</ele>
   </trkpt>
   <trkpt lat="38.4005720" lon="-76.8438520">
    <ele>33.8</ele>
   </trkpt>
   <trkpt lat="38.4005840" lon="-76.8437300">
    <ele>34.8</ele>
   </trkpt>
   <trkpt lat="38.4006190" lon="-76.8436250">
    <ele>35.8</ele>
   </trkpt>
   <trkpt lat="38.4006810" lon="-76.8435350">
    <ele>37.0</ele>
   </trkpt>
   <trkpt lat="38.4008070" lon="-76.8433230">
    <ele>38.4</ele>
   </trkpt>
   <trkpt lat="38.4009940" lon="-76.8427840">
    <ele>39.2</ele>
   </trkpt>
   <trkpt lat="38.4009970" lon="-76.8424760">
    <ele>39.6</ele>
   </trkpt>
   <trkpt lat="38.4010050" lon="-76.8423330">
    <ele>39.8</ele>
   </trkpt>
   <trkpt lat="38.4010920" lon="-76.8420800">
    <ele>39.8</ele>
   </trkpt>
   <trkpt lat="38.4011650" lon="-76.8419830">
    <ele>40.0</ele>
   </trkpt>
   <trkpt lat="38.4012370" lon="-76.8419280">
    <ele>40.2</ele>
   </trkpt>
   <trkpt lat="38.4013910" lon="-76.8418170">
    <ele>41.2</ele>
   </trkpt>
   <trkpt lat="38.4014680" lon="-76.8417510">
    <ele>42.2</ele>
   </trkpt>
   <trkpt lat="38.4016380" lon="-76.8415680">
    <ele>42.2</ele>
   </trkpt>
   <trkpt lat="38.4020250" lon="-76.8411260">
    <ele>41.6</ele>
   </trkpt>
   <trkpt lat="38.4023100" lon="-76.8407400">
    <ele>41.4</ele>
   </trkpt>
   <trkpt lat="38.4024220" lon="-76.8406370">
    <ele>41.4</ele>
   </trkpt>
   <trkpt lat="38.4025370" lon="-76.8405590">
    <ele>41.6</ele>
   </trkpt>
   <trkpt lat="38.4027740" lon="-76.8405330">
    <ele>41.8</ele>
   </trkpt>
   <trkpt lat="38.4028520" lon="-76.8406600">
    <ele>42.4</ele>
   </trkpt>
   <trkpt lat="38.4029300" lon="-76.8409510">
    <ele>42.6</ele>
   </trkpt>
   <trkpt lat="38.4028720" lon="-76.8412620">
    <ele>42.6</ele>
   </trkpt>
   <trkpt lat="38.4025940" lon="-76.8416610">
    <ele>42.2</ele>
   </trkpt>
   <trkpt lat="38.4021850" lon="-76.8421710">
    <ele>41.6</ele>
   </trkpt>
   <trkpt lat="38.4020350" lon="-76.8423740">
    <ele>41.6</ele>
   </trkpt>
   <trkpt lat="38.4020010" lon="-76.8425580">
    <ele>41.8</ele>
   </trkpt>
   <trkpt lat="38.4020650" lon="-76.8425910">
    <ele>42.8</ele>
   </trkpt>
   <trkpt lat="38.4021660" lon="-76.8425440">
    <ele>43.0</ele>
   </trkpt>
   <trkpt lat="38.4022330" lon="-76.8425520">
    <ele>43.0</ele>
   </trkpt>
   <trkpt lat="38.4023050" lon="-76.8425360">
    <ele>43.0</ele>
   </trkpt>
   <trkpt lat="38.4024720" lon="-76.8424370">
    <ele>42.8</ele>
   </trkpt>
   <trkpt lat="38.4025720" lon="-76.8423390">
    <ele>40.8</ele>
   </trkpt>
   <trkpt lat="38.4026860" lon="-76.8422380">
    <ele>36.2</ele>
   </trkpt>
   <trkpt lat="38.4028140" lon="-76.8421530">
    <ele>34.2</ele>
   </trkpt>
   <trkpt lat="38.4030550" lon="-76.8420260">
    <ele>34.2</ele>
   </trkpt>
   <trkpt lat="38.4032000" lon="-76.8419820">
    <ele>36.0</ele>
   </trkpt>
   <trkpt lat="38.4032690" lon="-76.8419920">
    <ele>37.0</ele>
   </trkpt>
   <trkpt lat="38.4034680" lon="-76.8420170">
    <ele>37.0</ele>
   </trkpt>
   <trkpt lat="38.4035910" lon="-76.8420250">
    <ele>35.8</ele>
   </trkpt>
   <trkpt lat="38.4036880" lon="-76.8420010">
    <ele>31.0</ele>
   </trkpt>
   <trkpt lat="38.4037630" lon="-76.8419470">
    <ele>28.8</ele>
   </trkpt>
   <trkpt lat="38.4037730" lon="-76.8417940">
    <ele>28.8</ele>
   </trkpt>
   <trkpt lat="38.4036290" lon="-76.8416210">
    <ele>30.4</ele>
   </trkpt>
   <trkpt lat="38.4035890" lon="-76.8415800">
    <ele>31.8</ele>
   </trkpt>
   <trkpt lat="38.4035460" lon="-76.8415470">
    <ele>34.0</ele>
   </trkpt>
   <trkpt lat="38.4034920" lon="-76.8415220">
    <ele>35.8</ele>
   </trkpt>
   <trkpt lat="38.4034320" lon="-76.8414990">
    <ele>36.4</ele>
   </trkpt>
   <trkpt lat="38.4033820" lon="-76.8414660">
    <ele>37.6</ele>
   </trkpt>
   <trkpt lat="38.4033650" lon="-76.8414190">
    <ele>37.8</ele>
   </trkpt>
   <trkpt lat="38.4033870" lon="-76.8413770">
    <ele>39.4</ele>
   </trkpt>
   <trkpt lat="38.4034350" lon="-76.8413470">
    <ele>39.8</ele>
   </trkpt>
   <trkpt lat="38.4035020" lon="-76.8413320">
    <ele>40.2</ele>
   </trkpt>
   <trkpt lat="38.4036390" lon="-76.8413290">
    <ele>40.4</ele>
   </trkpt>
   <trkpt lat="38.4039370" lon="-76.8414340">
    <ele>35.8</ele>
   </trkpt>
   <trkpt lat="38.4040450" lon="-76.8414220">
    <ele>31.8</ele>
   </trkpt>
   <trkpt lat="38.4041320" lon="-76.8413790">
    <ele>30.4</ele>
   </trkpt>
   <trkpt lat="38.4042080" lon="-76.8412350">
    <ele>30.4</ele>
   </trkpt>
   <trkpt lat="38.4042280" lon="-76.8411610">
    <ele>30.4</ele>
   </trkpt>
   <trkpt lat="38.4042630" lon="-76.8409130">
    <ele>32.0</ele>
   </trkpt>
   <trkpt lat="38.4042910" lon="-76.8407390">
    <ele>33.4</ele>
   </trkpt>
   <trkpt lat="38.4043050" lon="-76.8406640">
    <ele>34.4</ele>
   </trkpt>
   <trkpt lat="38.4043080" lon="-76.8405980">
    <ele>36.4</ele>
   </trkpt>
   <trkpt lat="38.4043140" lon="-76.8405290">
    <ele>39.0</ele>
   </trkpt>
   <trkpt lat="38.4043250" lon="-76.8404610">
    <ele>40.8</ele>
   </trkpt>
   <trkpt lat="38.4043360" lon="-76.8403920">
    <ele>41.4</ele>
   </trkpt>
   <trkpt lat="38.4043480" lon="-76.8403090">
    <ele>42.4</ele>
   </trkpt>
   <trkpt lat="38.4043750" lon="-76.8402020">
    <ele>42.4</ele>
   </trkpt>
   <trkpt lat="38.4044790" lon="-76.8400170">
    <ele>42.6</ele>
   </trkpt>
   <trkpt lat="38.4046180" lon="-76.8399750">
    <ele>42.4</ele>
   </trkpt>
   <trkpt lat="38.4047720" lon="-76.8400610">
    <ele>41.8</ele>
   </trkpt>
   <trkpt lat="38.4048460" lon="-76.8401430">
    <ele>41.2</ele>
   </trkpt>
   <trkpt lat="38.4049040" lon="-76.8402470">
    <ele>40.8</ele>
   </trkpt>
   <trkpt lat="38.4049430" lon="-76.8403700">
    <ele>39.8</ele>
   </trkpt>
   <trkpt lat="38.4049640" lon="-76.8405090">
    <ele>39.4</ele>
   </trkpt>
   <trkpt lat="38.4049670" lon="-76.8406640">
    <ele>38.2</ele>
   </trkpt>
   <trkpt lat="38.4049510" lon="-76.8408300">
    <ele>38.0</ele>
   </trkpt>
   <trkpt lat="38.4049340" lon="-76.8409850">
    <ele>38.0</ele>
   </trkpt>
   <trkpt lat="38.4049130" lon="-76.8412050">
    <ele>37.6</ele>
   </trkpt>
   <trkpt lat="38.4048950" lon="-76.8413230">
    <ele>37.2</ele>
   </trkpt>
   <trkpt lat="38.4048670" lon="-76.8414550">
    <ele>37.2</ele>
   </trkpt>
   <trkpt lat="38.4047590" lon="-76.8417380">
    <ele>35.6</ele>
   </trkpt>
   <trkpt lat="38.4046790" lon="-76.8418520">
    <ele>34.2</ele>
   </trkpt>
   <trkpt lat="38.4045740" lon="-76.8419390">
    <ele>33.6</ele>
   </trkpt>
   <trkpt lat="38.4045020" lon="-76.8419850">
    <ele>33.2</ele>
   </trkpt>
   <trkpt lat="38.4043680" lon="-76.8421060">
    <ele>31.8</ele>
   </trkpt>
   <trkpt lat="38.4043100" lon="-76.8423220">
    <ele>28.8</ele>
   </trkpt>
   <trkpt lat="38.4042540" lon="-76.8425290">
    <ele>28.0</ele>
   </trkpt>
   <trkpt lat="38.4041820" lon="-76.8425920">
    <ele>27.6</ele>
   </trkpt>
   <trkpt lat="38.4040890" lon="-76.8426310">
    <ele>27.0</ele>
   </trkpt>
   <trkpt lat="38.4038670" lon="-76.8426370">
    <ele>25.8</ele>
   </trkpt>
   <trkpt lat="38.4037630" lon="-76.8426340">
    <ele>24.4</ele>
   </trkpt>
   <trkpt lat="38.4036720" lon="-76.8426730">
    <ele>24.4</ele>
   </trkpt>
   <trkpt lat="38.4035360" lon="-76.8428690">
    <ele>23.6</ele>
   </trkpt>
   <trkpt lat="38.4034380" lon="-76.8430840">
    <ele>23.6</ele>
   </trkpt>
   <trkpt lat="38.4034020" lon="-76.8431600">
    <ele>23.8</ele>
   </trkpt>
   <trkpt lat="38.4031910" lon="-76.8435120">
    <ele>25.2</ele>
   </trkpt>
   <trkpt lat="38.4031110" lon="-76.8436090">
    <ele>25.2</ele>
   </trkpt>
   <trkpt lat="38.4030010" lon="-76.8437050">
    <ele>25.2</ele>
   </trkpt>
   <trkpt lat="38.4029520" lon="-76.8437250">
    <ele>27.0</ele>
   </trkpt>
   <trkpt lat="38.4028950" lon="-76.8437460">
    <ele>28.8</ele>
   </trkpt>
   <trkpt lat="38.4028370" lon="-76.8437640">
    <ele>29.4</ele>
   </trkpt>
   <trkpt lat="38.4027700" lon="-76.8437740">
    <ele>30.4</ele>
   </trkpt>
   <trkpt lat="38.4026970" lon="-76.8437730">
    <ele>31.8</ele>
   </trkpt>
   <trkpt lat="38.4026050" lon="-76.8437020">
    <ele>33.0</ele>
   </trkpt>
   <trkpt lat="38.4025840" lon="-76.8436420">
    <ele>34.6</ele>
   </trkpt>
   <trkpt lat="38.4025720" lon="-76.8435650">
    <ele>34.8</ele>
   </trkpt>
   <trkpt lat="38.4025550" lon="-76.8433980">
    <ele>36.2</ele>
   </trkpt>
   <trkpt lat="38.4025740" lon="-76.8433260">
    <ele>37.0</ele>
   </trkpt>
   <trkpt lat="38.4026050" lon="-76.8432570">
    <ele>37.0</ele>
   </trkpt>
   <trkpt lat="38.4027210" lon="-76.8431370">
    <ele>37.0</ele>
   </trkpt>
   <trkpt lat="38.4029660" lon="-76.8430250">
    <ele>33.4</ele>
   </trkpt>
   <trkpt lat="38.4030920" lon="-76.8429810">
    <ele>29.4</ele>
   </trkpt>
   <trkpt lat="38.4031960" lon="-76.8429360">
    <ele>25.8</ele>
   </trkpt>
   <trkpt lat="38.4032640" lon="-76.8428790">
    <ele>24.0</ele>
   </trkpt>
   <trkpt lat="38.4032850" lon="-76.8428170">
    <ele>23.8</ele>
   </trkpt>
   <trkpt lat="38.4032740" lon="-76.8427650">
    <ele>23.8</ele>
   </trkpt>
   <trkpt lat="38.4032320" lon="-76.8427410">
    <ele>23.8</ele>
   </trkpt>
   <trkpt lat="38.4031740" lon="-76.8427330">
    <ele>24.0</ele>
   </trkpt>
   <trkpt lat="38.4031120" lon="-76.8427450">
    <ele>24.4</ele>
   </trkpt>
   <trkpt lat="38.4029850" lon="-76.8427730">
    <ele>24.6</ele>
   </trkpt>
   <trkpt lat="38.4029200" lon="-76.8427650">
    <ele>25.6</ele>
   </trkpt>
   <trkpt lat="38.4027820" lon="-76.8427710">
    <ele>26.6</ele>
   </trkpt>
   <trkpt lat="38.4027190" lon="-76.8427890">
    <ele>28.0</ele>
   </trkpt>
   <trkpt lat="38.4026590" lon="-76.8428140">
    <ele>29.6</ele>
   </trkpt>
   <trkpt lat="38.4025970" lon="-76.8428420">
    <ele>31.2</ele>
   </trkpt>
   <trkpt lat="38.4025370" lon="-76.8428810">
    <ele>32.8</ele>
   </trkpt>
   <trkpt lat="38.4024870" lon="-76.8429380">
    <ele>33.8</ele>
   </trkpt>
   <trkpt lat="38.4024490" lon="-76.8430130">
    <ele>35.2</ele>
   </trkpt>
   <trkpt lat="38.4024170" lon="-76.8430930">
    <ele>36.2</ele>
   </trkpt>
   <trkpt lat="38.4023460" lon="-76.8432480">
    <ele>37.0</ele>
   </trkpt>
   <trkpt lat="38.4022260" lon="-76.8433920">
    <ele>37.0</ele>
   </trkpt>
   <trkpt lat="38.4021550" lon="-76.8434560">
    <ele>35.8</ele>
   </trkpt>
   <trkpt lat="38.4020630" lon="-76.8435330">
    <ele>34.6</ele>
   </trkpt>
   <trkpt lat="38.4019630" lon="-76.8436160">
    <ele>32.0</ele>
   </trkpt>
   <trkpt lat="38.4018710" lon="-76.8436910">
    <ele>29.0</ele>
   </trkpt>
   <trkpt lat="38.4017990" lon="-76.8437480">
    <ele>27.4</ele>
   </trkpt>
   <trkpt lat="38.4017610" lon="-76.8437930">
    <ele>27.4</ele>
   </trkpt>
   <trkpt lat="38.4016510" lon="-76.8439130">
    <ele>27.4</ele>
   </trkpt>
   <trkpt lat="38.4016040" lon="-76.8439810">
    <ele>27.6</ele>
   </trkpt>
   <trkpt lat="38.4015120" lon="-76.8441250">
    <ele>28.6</ele>
   </trkpt>
   <trkpt lat="38.4014720" lon="-76.8441710">
    <ele>29.0</ele>
   </trkpt>
   <trkpt lat="38.4014310" lon="-76.8442080">
    <ele>29.4</ele>
   </trkpt>
   <trkpt lat="38.4013850" lon="-76.8442490">
    <ele>30.0</ele>
   </trkpt>
   <trkpt lat="38.4013300" lon="-76.8442890">
    <ele>30.2</ele>
   </trkpt>
   <trkpt lat="38.4012330" lon="-76.8443510">
    <ele>30.4</ele>
   </trkpt>
   <trkpt lat="38.4012030" lon="-76.8443730">
    <ele>30.4</ele>
   </trkpt>
   <trkpt lat="38.4011290" lon="-76.8444150">
    <ele>30.6</ele>
   </trkpt>
   <trkpt lat="38.4010730" lon="-76.8444250">
    <ele>30.6</ele>
   </trkpt>
   <trkpt lat="38.4009660" lon="-76.8444290">
    <ele>30.6</ele>
   </trkpt>
   <trkpt lat="38.4008230" lon="-76.8443930">
    <ele>30.8</ele>
   </trkpt>
   <trkpt lat="38.4006760" lon="-76.8442700">
    <ele>30.8</ele>
   </trkpt>
   <trkpt lat="38.4006290" lon="-76.8441770">
    <ele>30.8</ele>
   </trkpt>
   <trkpt lat="38.4005990" lon="-76.8440740">
    <ele>31.4</ele>
   </trkpt>
   <trkpt lat="38.4005810" lon="-76.8439600">
    <ele>32.6</ele>
   </trkpt>
   <trkpt lat="38.4005820" lon="-76.8438470">
    <ele>33.8</ele>
   </trkpt>
   <trkpt lat="38.4005970" lon="-76.8437410">
    <ele>35.0</ele>
   </trkpt>
   <trkpt lat="38.4006340" lon="-76.8436490">
    <ele>35.8</ele>
   </trkpt>
   <trkpt lat="38.4006900" lon="-76.8435630">
    <ele>36.8</ele>
   </trkpt>
   <trkpt lat="38.4007500" lon="-76.8434690">
    <ele>37.6</ele>
   </trkpt>
   <trkpt lat="38.4008120" lon="-76.8433590">
    <ele>37.8</ele>
   </trkpt>
   <trkpt lat="38.4008720" lon="-76.8432410">
    <ele>38.2</ele>
   </trkpt>
   <trkpt lat="38.4009290" lon="-76.8431160">
    <ele>38.2</ele>
   </trkpt>
   <trkpt lat="38.4009780" lon="-76.8429810">
    <ele>38.6</ele>
   </trkpt>
   <trkpt lat="38.4010140" lon="-76.8428380">
    <ele>39.0</ele>
   </trkpt>
   <trkpt lat="38.4010300" lon="-76.8426940">
    <ele>39.2</ele>
   </trkpt>
   <trkpt lat="38.4010230" lon="-76.8424120">
    <ele>39.4</ele>
   </trkpt>
   <trkpt lat="38.4010310" lon="-76.8422910">
    <ele>39.4</ele>
   </trkpt>
   <trkpt lat="38.4010590" lon="-76.8421820">
    <ele>39.4</ele>
   </trkpt>
   <trkpt lat="38.4011570" lon="-76.8419730">
    <ele>39.6</ele>
   </trkpt>
   <trkpt lat="38.4013170" lon="-76.8418570">
    <ele>40.0</ele>
   </trkpt>
   <trkpt lat="38.4013940" lon="-76.8418020">
    <ele>41.4</ele>
   </trkpt>
   <trkpt lat="38.4017350" lon="-76.8414310">
    <ele>42.0</ele>
   </trkpt>
   <trkpt lat="38.4022220" lon="-76.8408340">
    <ele>41.2</ele>
   </trkpt>
   <trkpt lat="38.4024340" lon="-76.8406130">
    <ele>41.4</ele>
   </trkpt>
   <trkpt lat="38.4025520" lon="-76.8405440">
    <ele>41.4</ele>
   </trkpt>
   <trkpt lat="38.4027970" lon="-76.8405450">
    <ele>41.8</ele>
   </trkpt>
   <trkpt lat="38.4029450" lon="-76.8407830">
    <ele>42.4</ele>
   </trkpt>
   <trkpt lat="38.4029450" lon="-76.8410930">
    <ele>42.6</ele>
   </trkpt>
   <trkpt lat="38.4028270" lon="-76.8414000">
    <ele>42.6</ele>
   </trkpt>
   <trkpt lat="38.4026430" lon="-76.8416680">
    <ele>42.0</ele>
   </trkpt>
   <trkpt lat="38.4025360" lon="-76.8417960">
    <ele>41.8</ele>
   </trkpt>
   <trkpt lat="38.4024210" lon="-76.8419240">
    <ele>41.4</ele>
   </trkpt>
   <trkpt lat="38.4022030" lon="-76.8421850">
    <ele>41.2</ele>
   </trkpt>
   <trkpt lat="38.4021140" lon="-76.8423050">
    <ele>41.2</ele>
   </trkpt>
   <trkpt lat="38.4019860" lon="-76.8424940">
    <ele>41.2</ele>
   </trkpt>
   <trkpt lat="38.4020250" lon="-76.8426060">
    <ele>42.0</ele>
   </trkpt>
   <trkpt lat="38.4020800" lon="-76.8425690">
    <ele>42.6</ele>
   </trkpt>
   <trkpt lat="38.4021270" lon="-76.8425320">
    <ele>42.6</ele>
   </trkpt>
   <trkpt lat="38.4021820" lon="-76.8425400">
    <ele>42.6</ele>
   </trkpt>
   <trkpt lat="38.4022480" lon="-76.8425530">
    <ele>42.6</ele>
   </trkpt>
   <trkpt lat="38.4023160" lon="-76.8425260">
    <ele>42.6</ele>
   </trkpt>
   <trkpt lat="38.4023880" lon="-76.8424640">
    <ele>42.4</ele>
   </trkpt>
   <trkpt lat="38.4024800" lon="-76.8423730">
    <ele>42.0</ele>
   </trkpt>
   <trkpt lat="38.4025930" lon="-76.8422740">
    <ele>38.8</ele>
   </trkpt>
   <trkpt lat="38.4027100" lon="-76.8421890">
    <ele>34.8</ele>
   </trkpt>
   <trkpt lat="38.4028340" lon="-76.8421230">
    <ele>33.6</ele>
   </trkpt>
   <trkpt lat="38.4030690" lon="-76.8420170">
    <ele>33.6</ele>
   </trkpt>
   <trkpt lat="38.4031540" lon="-76.8419970">
    <ele>33.8</ele>
   </trkpt>
   <trkpt lat="38.4032210" lon="-76.8420000">
    <ele>35.8</ele>
   </trkpt>
   <trkpt lat="38.4033000" lon="-76.8420200">
    <ele>36.6</ele>
   </trkpt>
   <trkpt lat="38.4035030" lon="-76.8420650">
    <ele>36.6</ele>
   </trkpt>
   <trkpt lat="38.4036190" lon="-76.8420560">
    <ele>35.2</ele>
   </trkpt>
   <trkpt lat="38.4037100" lon="-76.8420220">
    <ele>30.8</ele>
   </trkpt>
   <trkpt lat="38.4037710" lon="-76.8419660">
    <ele>28.4</ele>
   </trkpt>
   <trkpt lat="38.4037850" lon="-76.8419030">
    <ele>28.4</ele>
   </trkpt>
   <trkpt lat="38.4037640" lon="-76.8418130">
    <ele>28.4</ele>
   </trkpt>
   <trkpt lat="38.4037210" lon="-76.8417370">
    <ele>28.4</ele>
   </trkpt>
   <trkpt lat="38.4036350" lon="-76.8416300">
    <ele>30.0</ele>
   </trkpt>
   <trkpt lat="38.4035960" lon="-76.8415940">
    <ele>31.6</ele>
   </trkpt>
   <trkpt lat="38.4035590" lon="-76.8415670">
    <ele>33.8</ele>
   </trkpt>
   <trkpt lat="38.4035030" lon="-76.8415420">
    <ele>35.6</ele>
   </trkpt>
   <trkpt lat="38.4034410" lon="-76.8415120">
    <ele>36.2</ele>
   </trkpt>
   <trkpt lat="38.4034030" lon="-76.8414560">
    <ele>37.2</ele>
   </trkpt>
   <trkpt lat="38.4034060" lon="-76.8413970">
    <ele>38.0</ele>
   </trkpt>
   <trkpt lat="38.4034400" lon="-76.8413540">
    <ele>39.0</ele>
   </trkpt>
   <trkpt lat="38.4034980" lon="-76.8413220">
    <ele>39.8</ele>
   </trkpt>
   <trkpt lat="38.4035660" lon="-76.8413070">
    <ele>40.2</ele>
   </trkpt>
   <trkpt lat="38.4036890" lon="-76.8413170">
    <ele>40.2</ele>
   </trkpt>
   <trkpt lat="38.4037650" lon="-76.8413530">
    <ele>40.2</ele>
   </trkpt>
   <trkpt lat="38.4038610" lon="-76.8413920">
    <ele>39.0</ele>
   </trkpt>
   <trkpt lat="38.4039630" lon="-76.8414140">
    <ele>35.0</ele>
   </trkpt>
   <trkpt lat="38.4040550" lon="-76.8414070">
    <ele>31.8</ele>
   </trkpt>
   <trkpt lat="38.4041240" lon="-76.8413750">
    <ele>30.4</ele>
   </trkpt>
   <trkpt lat="38.4041650" lon="-76.8413270">
    <ele>30.2</ele>
   </trkpt>
   <trkpt lat="38.4041940" lon="-76.8412680">
    <ele>30.2</ele>
   </trkpt>
   <trkpt lat="38.4042160" lon="-76.8411950">
    <ele>30.2</ele>
   </trkpt>
   <trkpt lat="38.4042430" lon="-76.8410140">
    <ele>30.8</ele>
   </trkpt>
   <trkpt lat="38.4042570" lon="-76.8409150">
    <ele>31.6</ele>
   </trkpt>
   <trkpt lat="38.4042870" lon="-76.8407300">
    <ele>33.2</ele>
   </trkpt>
   <trkpt lat="38.4043000" lon="-76.8406550">
    <ele>34.2</ele>
   </trkpt>
   <trkpt lat="38.4043080" lon="-76.8405870">
    <ele>36.4</ele>
   </trkpt>
   <trkpt lat="38.4043180" lon="-76.8405190">
    <ele>39.2</ele>
   </trkpt>
   <trkpt lat="38.4043310" lon="-76.8404510">
    <ele>41.0</ele>
   </trkpt>
   <trkpt lat="38.4043430" lon="-76.8403810">
    <ele>41.6</ele>
   </trkpt>
   <trkpt lat="38.4043480" lon="-76.8402940">
    <ele>42.0</ele>
   </trkpt>
   <trkpt lat="38.4043730" lon="-76.8401860">
    <ele>42.2</ele>
   </trkpt>
   <trkpt lat="38.4044780" lon="-76.8399950">
    <ele>42.6</ele>
   </trkpt>
   <trkpt lat="38.4045420" lon="-76.8399580">
    <ele>42.4</ele>
   </trkpt>
   <trkpt lat="38.4046210" lon="-76.8399680">
    <ele>42.2</ele>
   </trkpt>
   <trkpt lat="38.4047030" lon="-76.8400090">
    <ele>41.8</ele>
   </trkpt>
   <trkpt lat="38.4047760" lon="-76.8400640">
    <ele>41.8</ele>
   </trkpt>
   <trkpt lat="38.4048940" lon="-76.8402490">
    <ele>40.8</ele>
   </trkpt>
   <trkpt lat="38.4049480" lon="-76.8404980">
    <ele>39.2</ele>
   </trkpt>
   <trkpt lat="38.4049510" lon="-76.8406470">
    <ele>38.2</ele>
   </trkpt>
   <trkpt lat="38.4049220" lon="-76.8411960">
    <ele>37.4</ele>
   </trkpt>
   <trkpt lat="38.4049030" lon="-76.8413130">
    <ele>37.0</ele>
   </trkpt>
   <trkpt lat="38.4047660" lon="-76.8417250">
    <ele>36.0</ele>
   </trkpt>
   <trkpt lat="38.4046780" lon="-76.8418280">
    <ele>34.4</ele>
   </trkpt>
   <trkpt lat="38.4045820" lon="-76.8419020">
    <ele>33.8</ele>
   </trkpt>
   <trkpt lat="38.4044060" lon="-76.8419770">
    <ele>33.2</ele>
   </trkpt>
   <trkpt lat="38.4043410" lon="-76.8420380">
    <ele>32.4</ele>
   </trkpt>
   <trkpt lat="38.4042890" lon="-76.8421440">
    <ele>32.0</ele>
   </trkpt>
   <trkpt lat="38.4042590" lon="-76.8422640">
    <ele>29.8</ele>
   </trkpt>
   <trkpt lat="38.4042580" lon="-76.8423830">
    <ele>28.8</ele>
   </trkpt>
   <trkpt lat="38.4042630" lon="-76.8424920">
    <ele>28.2</ele>
   </trkpt>
   <trkpt lat="38.4042430" lon="-76.8425820">
    <ele>27.8</ele>
   </trkpt>
   <trkpt lat="38.4041880" lon="-76.8426410">
    <ele>27.4</ele>
   </trkpt>
   <trkpt lat="38.4040970" lon="-76.8426780">
    <ele>27.2</ele>
   </trkpt>
   <trkpt lat="38.4039870" lon="-76.8426880">
    <ele>26.8</ele>
   </trkpt>
   <trkpt lat="38.4038710" lon="-76.8426770">
    <ele>25.6</ele>
   </trkpt>
   <trkpt lat="38.4037660" lon="-76.8426760">
    <ele>24.6</ele>
   </trkpt>
   <trkpt lat="38.4036770" lon="-76.8427070">
    <ele>24.4</ele>
   </trkpt>
   <trkpt lat="38.4036060" lon="-76.8427940">
    <ele>23.8</ele>
   </trkpt>
   <trkpt lat="38.4035470" lon="-76.8429150">
    <ele>23.6</ele>
   </trkpt>
   <trkpt lat="38.4035030" lon="-76.8430290">
    <ele>23.6</ele>
   </trkpt>
   <trkpt lat="38.4034420" lon="-76.8431880">
    <ele>24.0</ele>
   </trkpt>
   <trkpt lat="38.4032910" lon="-76.8434320">
    <ele>25.0</ele>
   </trkpt>
   <trkpt lat="38.4032030" lon="-76.8435350">
    <ele>25.2</ele>
   </trkpt>
   <trkpt lat="38.4031080" lon="-76.8436250">
    <ele>25.2</ele>
   </trkpt>
   <trkpt lat="38.4029800" lon="-76.8437250">
    <ele>25.2</ele>
   </trkpt>
   <trkpt lat="38.4029250" lon="-76.8437480">
    <ele>28.0</ele>
   </trkpt>
   <trkpt lat="38.4028670" lon="-76.8437710">
    <ele>29.2</ele>
   </trkpt>
   <trkpt lat="38.4028050" lon="-76.8437900">
    <ele>29.8</ele>
   </trkpt>
   <trkpt lat="38.4027300" lon="-76.8437900">
    <ele>31.6</ele>
   </trkpt>
   <trkpt lat="38.4026660" lon="-76.8437670">
    <ele>32.2</ele>
   </trkpt>
   <trkpt lat="38.4026210" lon="-76.8437230">
    <ele>32.6</ele>
   </trkpt>
   <trkpt lat="38.4025950" lon="-76.8436650">
    <ele>34.4</ele>
   </trkpt>
   <trkpt lat="38.4025800" lon="-76.8435910">
    <ele>35.0</ele>
   </trkpt>
   <trkpt lat="38.4025650" lon="-76.8435090">
    <ele>35.8</ele>
   </trkpt>
   <trkpt lat="38.4025570" lon="-76.8434230">
    <ele>36.2</ele>
   </trkpt>
   <trkpt lat="38.4025650" lon="-76.8433380">
    <ele>37.2</ele>
   </trkpt>
   <trkpt lat="38.4025950" lon="-76.8432590">
    <ele>37.4</ele>
   </trkpt>
   <trkpt lat="38.4027270" lon="-76.8431150">
    <ele>37.4</ele>
   </trkpt>
   <trkpt lat="38.4028420" lon="-76.8430620">
    <ele>36.8</ele>
   </trkpt>
   <trkpt lat="38.4029750" lon="-76.8430160">
    <ele>33.6</ele>
   </trkpt>
   <trkpt lat="38.4031040" lon="-76.8429780">
    <ele>29.6</ele>
   </trkpt>
   <trkpt lat="38.4032200" lon="-76.8429410">
    <ele>26.2</ele>
   </trkpt>
   <trkpt lat="38.4033130" lon="-76.8428920">
    <ele>24.8</ele>
   </trkpt>
   <trkpt lat="38.4033450" lon="-76.8428250">
    <ele>24.4</ele>
   </trkpt>
   <trkpt lat="38.4032870" lon="-76.8427130">
    <ele>24.4</ele>
   </trkpt>
   <trkpt lat="38.4031570" lon="-76.8427390">
    <ele>24.8</ele>
   </trkpt>
   <trkpt lat="38.4030840" lon="-76.8427610">
    <ele>24.8</ele>
   </trkpt>
   <trkpt lat="38.4029330" lon="-76.8427510">
    <ele>26.0</ele>
   </trkpt>
   <trkpt lat="38.4027820" lon="-76.8427600">
    <ele>27.4</ele>
   </trkpt>
   <trkpt lat="38.4027160" lon="-76.8427840">
    <ele>28.8</ele>
   </trkpt>
   <trkpt lat="38.4026520" lon="-76.8428160">
    <ele>30.8</ele>
   </trkpt>
   <trkpt lat="38.4025860" lon="-76.8428550">
    <ele>32.6</ele>
   </trkpt>
   <trkpt lat="38.4025290" lon="-76.8429080">
    <ele>34.0</ele>
   </trkpt>
   <trkpt lat="38.4024830" lon="-76.8429800">
    <ele>35.0</ele>
   </trkpt>
   <trkpt lat="38.4024460" lon="-76.8430620">
    <ele>36.4</ele>
   </trkpt>
   <trkpt lat="38.4023770" lon="-76.8432140">
    <ele>37.4</ele>
   </trkpt>
   <trkpt lat="38.4023300" lon="-76.8432830">
    <ele>37.4</ele>
   </trkpt>
   <trkpt lat="38.4021970" lon="-76.8434110">
    <ele>36.8</ele>
   </trkpt>
   <trkpt lat="38.4021070" lon="-76.8434910">
    <ele>35.4</ele>
   </trkpt>
   <trkpt lat="38.4020110" lon="-76.8435690">
    <ele>33.2</ele>
   </trkpt>
   <trkpt lat="38.4019150" lon="-76.8436260">
    <ele>30.2</ele>
   </trkpt>
   <trkpt lat="38.4018290" lon="-76.8436760">
    <ele>28.2</ele>
   </trkpt>
   <trkpt lat="38.4017560" lon="-76.8437240">
    <ele>28.0</ele>
   </trkpt>
   <trkpt lat="38.4017010" lon="-76.8437860">
    <ele>28.0</ele>
   </trkpt>
   <trkpt lat="38.4016010" lon="-76.8439500">
    <ele>28.0</ele>
   </trkpt>
   <trkpt lat="38.4014890" lon="-76.8441230">
    <ele>29.0</ele>
   </trkpt>
   <trkpt lat="38.4014380" lon="-76.8441750">
    <ele>29.6</ele>
   </trkpt>
   <trkpt lat="38.4013890" lon="-76.8442200">
    <ele>30.2</ele>
   </trkpt>
   <trkpt lat="38.4013310" lon="-76.8442700">
    <ele>30.6</ele>
   </trkpt>
   <trkpt lat="38.4012750" lon="-76.8443120">
    <ele>30.8</ele>
   </trkpt>
   <trkpt lat="38.4011880" lon="-76.8443640">
    <ele>31.0</ele>
   </trkpt>
   <trkpt lat="38.4010970" lon="-76.8444130">
    <ele>31.2</ele>
   </trkpt>
   <trkpt lat="38.4010370" lon="-76.8444280">
    <ele>31.2</ele>
   </trkpt>
   <trkpt lat="38.4009410" lon="-76.8444350">
    <ele>31.2</ele>
   </trkpt>
   <trkpt lat="38.4008110" lon="-76.8444000">
    <ele>31.4</ele>
   </trkpt>
   <trkpt lat="38.4006550" lon="-76.8443090">
    <ele>31.4</ele>
   </trkpt>
   <trkpt lat="38.4006060" lon="-76.8442310">
    <ele>31.4</ele>
   </trkpt>
   <trkpt lat="38.4005740" lon="-76.8441250">
    <ele>31.6</ele>
   </trkpt>
   <trkpt lat="38.4005570" lon="-76.8440030">
    <ele>32.4</ele>
   </trkpt>
   <trkpt lat="38.4005510" lon="-76.8438900">
    <ele>33.8</ele>
   </trkpt>
   <trkpt lat="38.4005550" lon="-76.8437920">
    <ele>34.8</ele>
   </trkpt>
   <trkpt lat="38.4005690" lon="-76.8437020">
    <ele>35.8</ele>
   </trkpt>
   <trkpt lat="38.4006060" lon="-76.8436270">
    <ele>37.0</ele>
   </trkpt>
   <trkpt lat="38.4007170" lon="-76.8434780">
    <ele>38.2</ele>
   </trkpt>
   <trkpt lat="38.4007720" lon="-76.8433810">
    <ele>38.6</ele>
   </trkpt>
   <trkpt lat="38.4008280" lon="-76.8432710">
    <ele>38.8</ele>
   </trkpt>
   <trkpt lat="38.4009690" lon="-76.8429190">
    <ele>39.2</ele>
   </trkpt>
   <trkpt lat="38.4010020" lon="-76.8428040">
    <ele>39.4</ele>
   </trkpt>
   <trkpt lat="38.4010200" lon="-76.8425520">
    <ele>40.2</ele>
   </trkpt>
   <trkpt lat="38.4010140" lon="-76.8424380">
    <ele>40.2</ele>
   </trkpt>
   <trkpt lat="38.4010120" lon="-76.8423410">
    <ele>40.2</ele>
   </trkpt>
   <trkpt lat="38.4010170" lon="-76.8422570">
    <ele>40.2</ele>
   </trkpt>
   <trkpt lat="38.4010410" lon="-76.8421790">
    <ele>40.4</ele>
   </trkpt>
   <trkpt lat="38.4011120" lon="-76.8420190">
    <ele>40.4</ele>
   </trkpt>
   <trkpt lat="38.4011710" lon="-76.8419530">
    <ele>40.4</ele>
   </trkpt>
   <trkpt lat="38.4013830" lon="-76.8418030">
    <ele>41.8</ele>
   </trkpt>
   <trkpt lat="38.4015430" lon="-76.8416520">
    <ele>42.6</ele>
   </trkpt>
   <trkpt lat="38.4018000" lon="-76.8413210">
    <ele>42.4</ele>
   </trkpt>
   <trkpt lat="38.4021900" lon="-76.8408540">
    <ele>41.6</ele>
   </trkpt>
   <trkpt lat="38.4024050" lon="-76.8406260">
    <ele>41.8</ele>
   </trkpt>
   <trkpt lat="38.4025190" lon="-76.8405410">
    <ele>41.8</ele>
   </trkpt>
   <trkpt lat="38.4026420" lon="-76.8405200">
    <ele>41.8</ele>
   </trkpt>
   <trkpt lat="38.4027660" lon="-76.8405460">
    <ele>42.2</ele>
   </trkpt>
   <trkpt lat="38.4028640" lon="-76.8406300">
    <ele>42.6</ele>
   </trkpt>
   <trkpt lat="38.4029210" lon="-76.8407670">
    <ele>43.0</ele>
   </trkpt>
   <trkpt lat="38.4029500" lon="-76.8409220">
    <ele>43.0</ele>
   </trkpt>
   <trkpt lat="38.4029420" lon="-76.8410820">
    <ele>43.0</ele>
   </trkpt>
   <trkpt lat="38.4029040" lon="-76.8412380">
    <ele>43.0</ele>
   </trkpt>
   <trkpt lat="38.4028330" lon="-76.8413810">
    <ele>43.0</ele>
   </trkpt>
   <trkpt lat="38.4025290" lon="-76.8417790">
    <ele>42.4</ele>
   </trkpt>
   <trkpt lat="38.4022940" lon="-76.8420230">
    <ele>41.8</ele>
   </trkpt>
   <trkpt lat="38.4021850" lon="-76.8421510">
    <ele>41.6</ele>
   </trkpt>
   <trkpt lat="38.4020980" lon="-76.8422740">
    <ele>41.6</ele>
   </trkpt>
   <trkpt lat="38.4020310" lon="-76.8423740">
    <ele>41.6</ele>
   </trkpt>
   <trkpt lat="38.4020000" lon="-76.8424730">
    <ele>41.6</ele>
   </trkpt>
   <trkpt lat="38.4020140" lon="-76.8425540">
    <ele>41.8</ele>
   </trkpt>
   <trkpt lat="38.4020560" lon="-76.8425800">
    <ele>42.4</ele>
   </trkpt>
   <trkpt lat="38.4021070" lon="-76.8425300">
    <ele>42.8</ele>
   </trkpt>
   <trkpt lat="38.4021620" lon="-76.8424920">
    <ele>43.0</ele>
   </trkpt>
   <trkpt lat="38.4022140" lon="-76.8425010">
    <ele>42.8</ele>
   </trkpt>
   <trkpt lat="38.4022770" lon="-76.8425170">
    <ele>42.8</ele>
   </trkpt>
   <trkpt lat="38.4023330" lon="-76.8425000">
    <ele>42.8</ele>
   </trkpt>
   <trkpt lat="38.4023910" lon="-76.8424550">
    <ele>42.8</ele>
   </trkpt>
   <trkpt lat="38.4025150" lon="-76.8423450">
    <ele>40.4</ele>
   </trkpt>
   <trkpt lat="38.4026390" lon="-76.8422370">
    <ele>36.2</ele>
   </trkpt>
   <trkpt lat="38.4027570" lon="-76.8421500">
    <ele>34.0</ele>
   </trkpt>
   <trkpt lat="38.4029980" lon="-76.8420180">
    <ele>34.0</ele>
   </trkpt>
   <trkpt lat="38.4032500" lon="-76.8419930">
    <ele>37.2</ele>
   </trkpt>
   <trkpt lat="38.4035540" lon="-76.8420620">
    <ele>37.2</ele>
   </trkpt>
   <trkpt lat="38.4036710" lon="-76.8420530">
    <ele>32.6</ele>
   </trkpt>
   <trkpt lat="38.4037520" lon="-76.8420110">
    <ele>29.4</ele>
   </trkpt>
   <trkpt lat="38.4037700" lon="-76.8418380">
    <ele>28.8</ele>
   </trkpt>
   <trkpt lat="38.4037370" lon="-76.8417540">
    <ele>28.8</ele>
   </trkpt>
   <trkpt lat="38.4036860" lon="-76.8416890">
    <ele>29.2</ele>
   </trkpt>
   <trkpt lat="38.4035940" lon="-76.8416030">
    <ele>31.6</ele>
   </trkpt>
   <trkpt lat="38.4035480" lon="-76.8415720">
    <ele>33.6</ele>
   </trkpt>
   <trkpt lat="38.4034950" lon="-76.8415410">
    <ele>35.6</ele>
   </trkpt>
   <trkpt lat="38.4034400" lon="-76.8415070">
    <ele>36.6</ele>
   </trkpt>
   <trkpt lat="38.4033990" lon="-76.8414540">
    <ele>37.6</ele>
   </trkpt>
   <trkpt lat="38.4034100" lon="-76.8414010">
    <ele>37.8</ele>
   </trkpt>
   <trkpt lat="38.4034450" lon="-76.8413610">
    <ele>39.4</ele>
   </trkpt>
   <trkpt lat="38.4035010" lon="-76.8413370">
    <ele>40.2</ele>
   </trkpt>
   <trkpt lat="38.4037220" lon="-76.8413390">
    <ele>40.4</ele>
   </trkpt>
   <trkpt lat="38.4040230" lon="-76.8415260">
    <ele>34.8</ele>
   </trkpt>
   <trkpt lat="38.4041270" lon="-76.8415120">
    <ele>30.6</ele>
   </trkpt>
   <trkpt lat="38.4041990" lon="-76.8414460">
    <ele>30.0</ele>
   </trkpt>
   <trkpt lat="38.4042390" lon="-76.8413470">
    <ele>30.0</ele>
   </trkpt>
   <trkpt lat="38.4042650" lon="-76.8412410">
    <ele>30.0</ele>
   </trkpt>
   <trkpt lat="38.4042800" lon="-76.8411300">
    <ele>30.2</ele>
   </trkpt>
   <trkpt lat="38.4042960" lon="-76.8409330">
    <ele>31.8</ele>
   </trkpt>
   <trkpt lat="38.4043070" lon="-76.8408480">
    <ele>32.4</ele>
   </trkpt>
   <trkpt lat="38.4043120" lon="-76.8407680">
    <ele>33.2</ele>
   </trkpt>
   <trkpt lat="38.4043140" lon="-76.8406950">
    <ele>34.6</ele>
   </trkpt>
   <trkpt lat="38.4043160" lon="-76.8406350">
    <ele>36.2</ele>
   </trkpt>
   <trkpt lat="38.4043130" lon="-76.8405790">
    <ele>38.4</ele>
   </trkpt>
   <trkpt lat="38.4043200" lon="-76.8405120">
    <ele>40.8</ele>
   </trkpt>
   <trkpt lat="38.4043440" lon="-76.8403710">
    <ele>42.4</ele>
   </trkpt>
   <trkpt lat="38.4043620" lon="-76.8402760">
    <ele>42.6</ele>
   </trkpt>
   <trkpt lat="38.4043970" lon="-76.8401640">
    <ele>42.8</ele>
   </trkpt>
   <trkpt lat="38.4044470" lon="-76.8400670">
    <ele>43.0</ele>
   </trkpt>
   <trkpt lat="38.4045170" lon="-76.8400250">
    <ele>43.0</ele>
   </trkpt>
   <trkpt lat="38.4046000" lon="-76.8400220">
    <ele>42.8</ele>
   </trkpt>
   <trkpt lat="38.4046830" lon="-76.8400410">
    <ele>42.6</ele>
   </trkpt>
   <trkpt lat="38.4048280" lon="-76.8401430">
    <ele>42.0</ele>
   </trkpt>
   <trkpt lat="38.4049290" lon="-76.8403400">
    <ele>41.2</ele>
   </trkpt>
   <trkpt lat="38.4049500" lon="-76.8404660">
    <ele>40.2</ele>
   </trkpt>
   <trkpt lat="38.4049740" lon="-76.8407440">
    <ele>38.6</ele>
   </trkpt>
   <trkpt lat="38.4049840" lon="-76.8410370">
    <ele>38.4</ele>
   </trkpt>
   <trkpt lat="38.4049740" lon="-76.8411290">
    <ele>38.4</ele>
   </trkpt>
   <trkpt lat="38.4049540" lon="-76.8412270">
    <ele>38.0</ele>
   </trkpt>
   <trkpt lat="38.4049040" lon="-76.8414490">
    <ele>38.0</ele>
   </trkpt>
   <trkpt lat="38.4047850" lon="-76.8417250">
    <ele>36.0</ele>
   </trkpt>
   <trkpt lat="38.4047010" lon="-76.8418270">
    <ele>34.8</ele>
   </trkpt>
   <trkpt lat="38.4046060" lon="-76.8418970">
    <ele>34.0</ele>
   </trkpt>
   <trkpt lat="38.4045050" lon="-76.8419430">
    <ele>33.6</ele>
   </trkpt>
   <trkpt lat="38.4044300" lon="-76.8419860">
    <ele>33.0</ele>
   </trkpt>
   <trkpt lat="38.4043710" lon="-76.8420540">
    <ele>32.6</ele>
   </trkpt>
   <trkpt lat="38.4043240" lon="-76.8421720">
    <ele>31.8</ele>
   </trkpt>
   <trkpt lat="38.4043030" lon="-76.8422970">
    <ele>29.6</ele>
   </trkpt>
   <trkpt lat="38.4043060" lon="-76.8425140">
    <ele>28.4</ele>
   </trkpt>
   <trkpt lat="38.4042630" lon="-76.8425880">
    <ele>28.2</ele>
   </trkpt>
   <trkpt lat="38.4040510" lon="-76.8426700">
    <ele>27.8</ele>
   </trkpt>
   <trkpt lat="38.4039600" lon="-76.8426810">
    <ele>26.4</ele>
   </trkpt>
   <trkpt lat="38.4038840" lon="-76.8426720">
    <ele>25.4</ele>
   </trkpt>
   <trkpt lat="38.4037750" lon="-76.8425970">
    <ele>25.0</ele>
   </trkpt>
   <trkpt lat="38.4037810" lon="-76.8426530">
    <ele>24.8</ele>
   </trkpt>
   <trkpt lat="38.4036950" lon="-76.8427210">
    <ele>24.4</ele>
   </trkpt>
   <trkpt lat="38.4036400" lon="-76.8427850">
    <ele>24.2</ele>
   </trkpt>
   <trkpt lat="38.4035530" lon="-76.8429690">
    <ele>23.6</ele>
   </trkpt>
   <trkpt lat="38.4034780" lon="-76.8431470">
    <ele>23.6</ele>
   </trkpt>
   <trkpt lat="38.4034500" lon="-76.8432080">
    <ele>23.6</ele>
   </trkpt>
   <trkpt lat="38.4034200" lon="-76.8432630">
    <ele>26.0</ele>
   </trkpt>
   <trkpt lat="38.4032580" lon="-76.8435170">
    <ele>26.0</ele>
   </trkpt>
   <trkpt lat="38.4031940" lon="-76.8436120">
    <ele>25.0</ele>
   </trkpt>
   <trkpt lat="38.4030720" lon="-76.8437160">
    <ele>25.0</ele>
   </trkpt>
   <trkpt lat="38.4029910" lon="-76.8437510">
    <ele>26.8</ele>
   </trkpt>
   <trkpt lat="38.4029470" lon="-76.8437690">
    <ele>28.6</ele>
   </trkpt>
   <trkpt lat="38.4028510" lon="-76.8438140">
    <ele>29.6</ele>
   </trkpt>
   <trkpt lat="38.4027920" lon="-76.8438250">
    <ele>30.8</ele>
   </trkpt>
   <trkpt lat="38.4027250" lon="-76.8438220">
    <ele>32.2</ele>
   </trkpt>
   <trkpt lat="38.4026400" lon="-76.8437500">
    <ele>32.8</ele>
   </trkpt>
   <trkpt lat="38.4026180" lon="-76.8436890">
    <ele>34.8</ele>
   </trkpt>
   <trkpt lat="38.4026020" lon="-76.8436190">
    <ele>35.2</ele>
   </trkpt>
   <trkpt lat="38.4025850" lon="-76.8435430">
    <ele>35.6</ele>
   </trkpt>
   <trkpt lat="38.4025670" lon="-76.8434550">
    <ele>36.2</ele>
   </trkpt>
   <trkpt lat="38.4025810" lon="-76.8433070">
    <ele>37.6</ele>
   </trkpt>
   <trkpt lat="38.4026760" lon="-76.8431660">
    <ele>37.6</ele>
   </trkpt>
   <trkpt lat="38.4027540" lon="-76.8431040">
    <ele>37.6</ele>
   </trkpt>
   <trkpt lat="38.4028660" lon="-76.8430540">
    <ele>36.2</ele>
   </trkpt>
   <trkpt lat="38.4029910" lon="-76.8430150">
    <ele>32.8</ele>
   </trkpt>
   <trkpt lat="38.4031060" lon="-76.8429780">
    <ele>29.2</ele>
   </trkpt>
   <trkpt lat="38.4032060" lon="-76.8429370">
    <ele>26.4</ele>
   </trkpt>
   <trkpt lat="38.4032970" lon="-76.8428860">
    <ele>24.8</ele>
   </trkpt>
   <trkpt lat="38.4033350" lon="-76.8428300">
    <ele>24.4</ele>
   </trkpt>
   <trkpt lat="38.4033260" lon="-76.8427730">
    <ele>24.4</ele>
   </trkpt>
   <trkpt lat="38.4032880" lon="-76.8427310">
    <ele>24.4</ele>
   </trkpt>
   <trkpt lat="38.4032180" lon="-76.8427210">
    <ele>24.4</ele>
   </trkpt>
   <trkpt lat="38.4031480" lon="-76.8427360">
    <ele>24.8</ele>
   </trkpt>
   <trkpt lat="38.4030040" lon="-76.8427570">
    <ele>25.6</ele>
   </trkpt>
   <trkpt lat="38.4029280" lon="-76.8427460">
    <ele>26.0</ele>
   </trkpt>
   <trkpt lat="38.4027750" lon="-76.8427500">
    <ele>27.6</ele>
   </trkpt>
   <trkpt lat="38.4027080" lon="-76.8427790">
    <ele>29.2</ele>
   </trkpt>
   <trkpt lat="38.4026450" lon="-76.8428100">
    <ele>31.0</ele>
   </trkpt>
   <trkpt lat="38.4025800" lon="-76.8428460">
    <ele>33.0</ele>
   </trkpt>
   <trkpt lat="38.4025150" lon="-76.8428950">
    <ele>34.2</ele>
   </trkpt>
   <trkpt lat="38.4024680" lon="-76.8429670">
    <ele>35.2</ele>
   </trkpt>
   <trkpt lat="38.4024320" lon="-76.8430510">
    <ele>36.6</ele>
   </trkpt>
   <trkpt lat="38.4023640" lon="-76.8432130">
    <ele>37.6</ele>
   </trkpt>
   <trkpt lat="38.4023060" lon="-76.8432910">
    <ele>37.6</ele>
   </trkpt>
   <trkpt lat="38.4020600" lon="-76.8435270">
    <ele>35.2</ele>
   </trkpt>
   <trkpt lat="38.4019590" lon="-76.8436230">
    <ele>32.4</ele>
   </trkpt>
   <trkpt lat="38.4018590" lon="-76.8437000">
    <ele>29.6</ele>
   </trkpt>
   <trkpt lat="38.4017770" lon="-76.8437620">
    <ele>28.0</ele>
   </trkpt>
   <trkpt lat="38.4017170" lon="-76.8438210">
    <ele>28.0</ele>
   </trkpt>
   <trkpt lat="38.4015080" lon="-76.8441240">
    <ele>28.8</ele>
   </trkpt>
   <trkpt lat="38.4014570" lon="-76.8441820">
    <ele>29.4</ele>
   </trkpt>
   <trkpt lat="38.4013660" lon="-76.8442660">
    <ele>30.6</ele>
   </trkpt>
   <trkpt lat="38.4012140" lon="-76.8443930">
    <ele>30.8</ele>
   </trkpt>
   <trkpt lat="38.4011710" lon="-76.8444130">
    <ele>30.8</ele>
   </trkpt>
   <trkpt lat="38.4010480" lon="-76.8444470">
    <ele>31.0</ele>
   </trkpt>
   <trkpt lat="38.4009370" lon="-76.8444490">
    <ele>31.2</ele>
   </trkpt>
   <trkpt lat="38.4007850" lon="-76.8444190">
    <ele>31.2</ele>
   </trkpt>
   <trkpt lat="38.4006400" lon="-76.8443120">
    <ele>31.4</ele>
   </trkpt>
   <trkpt lat="38.4005750" lon="-76.8440920">
    <ele>31.8</ele>
   </trkpt>
   <trkpt lat="38.4005620" lon="-76.8439670">
    <ele>33.0</ele>
   </trkpt>
   <trkpt lat="38.4005620" lon="-76.8438490">
    <ele>34.0</ele>
   </trkpt>
   <trkpt lat="38.4005760" lon="-76.8437320">
    <ele>35.0</ele>
   </trkpt>
   <trkpt lat="38.4006760" lon="-76.8435410">
    <ele>37.4</ele>
   </trkpt>
   <trkpt lat="38.4008000" lon="-76.8433350">
    <ele>38.6</ele>
   </trkpt>
   <trkpt lat="38.4008530" lon="-76.8432120">
    <ele>38.8</ele>
   </trkpt>
   <trkpt lat="38.4009870" lon="-76.8427950">
    <ele>39.6</ele>
   </trkpt>
   <trkpt lat="38.4009990" lon="-76.8426490">
    <ele>39.6</ele>
   </trkpt>
   <trkpt lat="38.4009910" lon="-76.8425010">
    <ele>39.8</ele>
   </trkpt>
   <trkpt lat="38.4010320" lon="-76.8422170">
    <ele>40.0</ele>
   </trkpt>
   <trkpt lat="38.4011440" lon="-76.8419930">
    <ele>40.2</ele>
   </trkpt>
   <trkpt lat="38.4012170" lon="-76.8419260">
    <ele>40.2</ele>
   </trkpt>
   <trkpt lat="38.4013760" lon="-76.8418110">
    <ele>41.6</ele>
   </trkpt>
   <trkpt lat="38.4014510" lon="-76.8417380">
    <ele>42.6</ele>
   </trkpt>
   <trkpt lat="38.4015300" lon="-76.8416390">
    <ele>42.6</ele>
   </trkpt>
   <trkpt lat="38.4018880" lon="-76.8412050">
    <ele>41.8</ele>
   </trkpt>
   <trkpt lat="38.4023820" lon="-76.8406540">
    <ele>41.6</ele>
   </trkpt>
   <trkpt lat="38.4024890" lon="-76.8405630">
    <ele>41.6</ele>
   </trkpt>
   <trkpt lat="38.4026050" lon="-76.8405430">
    <ele>41.8</ele>
   </trkpt>
   <trkpt lat="38.4027170" lon="-76.8405840">
    <ele>42.2</ele>
   </trkpt>
   <trkpt lat="38.4028210" lon="-76.8406660">
    <ele>42.4</ele>
   </trkpt>
   <trkpt lat="38.4028920" lon="-76.8407800">
    <ele>42.6</ele>
   </trkpt>
   <trkpt lat="38.4029380" lon="-76.8409130">
    <ele>42.8</ele>
   </trkpt>
   <trkpt lat="38.4029370" lon="-76.8410570">
    <ele>42.8</ele>
   </trkpt>
   <trkpt lat="38.4028130" lon="-76.8413490">
    <ele>42.8</ele>
   </trkpt>
   <trkpt lat="38.4024340" lon="-76.8418570">
    <ele>42.0</ele>
   </trkpt>
   <trkpt lat="38.4022250" lon="-76.8421050">
    <ele>41.6</ele>
   </trkpt>
   <trkpt lat="38.4021470" lon="-76.8422260">
    <ele>41.6</ele>
   </trkpt>
   <trkpt lat="38.4020780" lon="-76.8423230">
    <ele>41.6</ele>
   </trkpt>
   <trkpt lat="38.4020170" lon="-76.8424040">
    <ele>41.6</ele>
   </trkpt>
   <trkpt lat="38.4019960" lon="-76.8424980">
    <ele>41.6</ele>
   </trkpt>
   <trkpt lat="38.4020290" lon="-76.8425780">
    <ele>42.0</ele>
   </trkpt>
   <trkpt lat="38.4020690" lon="-76.8425960">
    <ele>42.4</ele>
   </trkpt>
   <trkpt lat="38.4021180" lon="-76.8425490">
    <ele>43.0</ele>
   </trkpt>
   <trkpt lat="38.4022180" lon="-76.8425130">
    <ele>43.0</ele>
   </trkpt>
   <trkpt lat="38.4022810" lon="-76.8425220">
    <ele>43.0</ele>
   </trkpt>
   <trkpt lat="38.4023490" lon="-76.8425040">
    <ele>42.8</ele>
   </trkpt>
   <trkpt lat="38.4025100" lon="-76.8423670">
    <ele>42.4</ele>
   </trkpt>
   <trkpt lat="38.4026110" lon="-76.8422780">
    <ele>38.6</ele>
   </trkpt>
   <trkpt lat="38.4027230" lon="-76.8422100">
    <ele>34.4</ele>
   </trkpt>
   <trkpt lat="38.4030050" lon="-76.8420700">
    <ele>33.8</ele>
   </trkpt>
   <trkpt lat="38.4031030" lon="-76.8420570">
    <ele>33.8</ele>
   </trkpt>
   <trkpt lat="38.4032090" lon="-76.8420420">
    <ele>37.8</ele>
   </trkpt>
   <trkpt lat="38.4032490" lon="-76.8420350">
    <ele>38.8</ele>
   </trkpt>
   <trkpt lat="38.4033100" lon="-76.8420380">
    <ele>38.8</ele>
   </trkpt>
   <trkpt lat="38.4035070" lon="-76.8420680">
    <ele>38.2</ele>
   </trkpt>
   <trkpt lat="38.4036100" lon="-76.8420570">
    <ele>33.6</ele>
   </trkpt>
   <trkpt lat="38.4036900" lon="-76.8420150">
    <ele>30.2</ele>
   </trkpt>
   <trkpt lat="38.4037300" lon="-76.8419440">
    <ele>28.6</ele>
   </trkpt>
   <trkpt lat="38.4037400" lon="-76.8418590">
    <ele>28.6</ele>
   </trkpt>
   <trkpt lat="38.4037190" lon="-76.8417850">
    <ele>28.6</ele>
   </trkpt>
   <trkpt lat="38.4036380" lon="-76.8416650">
    <ele>29.4</ele>
   </trkpt>
   <trkpt lat="38.4035980" lon="-76.8416260">
    <ele>30.6</ele>
   </trkpt>
   <trkpt lat="38.4035720" lon="-76.8415990">
    <ele>32.2</ele>
   </trkpt>
   <trkpt lat="38.4035200" lon="-76.8415700">
    <ele>34.4</ele>
   </trkpt>
   <trkpt lat="38.4034670" lon="-76.8415480">
    <ele>35.8</ele>
   </trkpt>
   <trkpt lat="38.4034110" lon="-76.8415170">
    <ele>36.6</ele>
   </trkpt>
   <trkpt lat="38.4033900" lon="-76.8414630">
    <ele>37.2</ele>
   </trkpt>
   <trkpt lat="38.4034720" lon="-76.8413640">
    <ele>39.2</ele>
   </trkpt>
   <trkpt lat="38.4035290" lon="-76.8413370">
    <ele>39.8</ele>
   </trkpt>
   <trkpt lat="38.4035990" lon="-76.8413340">
    <ele>40.2</ele>
   </trkpt>
   <trkpt lat="38.4036770" lon="-76.8413490">
    <ele>40.2</ele>
   </trkpt>
   <trkpt lat="38.4038690" lon="-76.8414380">
    <ele>40.2</ele>
   </trkpt>
   <trkpt lat="38.4039730" lon="-76.8414940">
    <ele>37.0</ele>
   </trkpt>
   <trkpt lat="38.4040730" lon="-76.8414990">
    <ele>32.2</ele>
   </trkpt>
   <trkpt lat="38.4041630" lon="-76.8414510">
    <ele>29.8</ele>
   </trkpt>
   <trkpt lat="38.4042230" lon="-76.8413710">
    <ele>29.8</ele>
   </trkpt>
   <trkpt lat="38.4042580" lon="-76.8412700">
    <ele>29.8</ele>
   </trkpt>
   <trkpt lat="38.4042850" lon="-76.8411660">
    <ele>29.8</ele>
   </trkpt>
   <trkpt lat="38.4043250" lon="-76.8409600">
    <ele>31.2</ele>
   </trkpt>
   <trkpt lat="38.4043330" lon="-76.8408830">
    <ele>32.2</ele>
   </trkpt>
   <trkpt lat="38.4043270" lon="-76.8408210">
    <ele>32.6</ele>
   </trkpt>
   <trkpt lat="38.4043230" lon="-76.8407590">
    <ele>33.6</ele>
   </trkpt>
   <trkpt lat="38.4043400" lon="-76.8406440">
    <ele>35.6</ele>
   </trkpt>
   <trkpt lat="38.4043410" lon="-76.8405960">
    <ele>37.2</ele>
   </trkpt>
   <trkpt lat="38.4043420" lon="-76.8405410">
    <ele>39.4</ele>
   </trkpt>
   <trkpt lat="38.4043480" lon="-76.8404770">
    <ele>40.8</ele>
   </trkpt>
   <trkpt lat="38.4043530" lon="-76.8404070">
    <ele>41.4</ele>
   </trkpt>
   <trkpt lat="38.4043560" lon="-76.8403250">
    <ele>42.2</ele>
   </trkpt>
   <trkpt lat="38.4043760" lon="-76.8402200">
    <ele>42.2</ele>
   </trkpt>
   <trkpt lat="38.4044180" lon="-76.8401160">
    <ele>42.6</ele>
   </trkpt>
   <trkpt lat="38.4044780" lon="-76.8400360">
    <ele>42.8</ele>
   </trkpt>
   <trkpt lat="38.4046180" lon="-76.8399970">
    <ele>42.2</ele>
   </trkpt>
   <trkpt lat="38.4047730" lon="-76.8400870">
    <ele>41.8</ele>
   </trkpt>
   <trkpt lat="38.4048460" lon="-76.8401550">
    <ele>41.6</ele>
   </trkpt>
   <trkpt lat="38.4049060" lon="-76.8402350">
    <ele>41.0</ele>
   </trkpt>
   <trkpt lat="38.4049460" lon="-76.8403370">
    <ele>40.6</ele>
   </trkpt>
   <trkpt lat="38.4049670" lon="-76.8404630">
    <ele>39.8</ele>
   </trkpt>
   <trkpt lat="38.4049780" lon="-76.8406070">
    <ele>38.4</ele>
   </trkpt>
   <trkpt lat="38.4049820" lon="-76.8407610">
    <ele>38.2</ele>
   </trkpt>
   <trkpt lat="38.4049280" lon="-76.8410270">
    <ele>38.0</ele>
   </trkpt>
   <trkpt lat="38.4048720" lon="-76.8413020">
    <ele>37.8</ele>
   </trkpt>
   <trkpt lat="38.4047790" lon="-76.8416490">
    <ele>36.6</ele>
   </trkpt>
   <trkpt lat="38.4047420" lon="-76.8417590">
    <ele>34.6</ele>
   </trkpt>
   <trkpt lat="38.4046100" lon="-76.8419200">
    <ele>34.0</ele>
   </trkpt>
   <trkpt lat="38.4044610" lon="-76.8419710">
    <ele>33.4</ele>
   </trkpt>
   <trkpt lat="38.4044050" lon="-76.8420000">
    <ele>32.6</ele>
   </trkpt>
   <trkpt lat="38.4043500" lon="-76.8420700">
    <ele>32.0</ele>
   </trkpt>
   <trkpt lat="38.4043000" lon="-76.8421780">
    <ele>31.4</ele>
   </trkpt>
   <trkpt lat="38.4042640" lon="-76.8423010">
    <ele>29.4</ele>
   </trkpt>
   <trkpt lat="38.4042440" lon="-76.8425090">
    <ele>28.2</ele>
   </trkpt>
   <trkpt lat="38.4041610" lon="-76.8426320">
    <ele>27.6</ele>
   </trkpt>
   <trkpt lat="38.4039960" lon="-76.8426850">
    <ele>27.6</ele>
   </trkpt>
   <trkpt lat="38.4038950" lon="-76.8426850">
    <ele>26.2</ele>
   </trkpt>
   <trkpt lat="38.4037940" lon="-76.8426820">
    <ele>25.4</ele>
   </trkpt>
   <trkpt lat="38.4037000" lon="-76.8427000">
    <ele>24.8</ele>
   </trkpt>
   <trkpt lat="38.4036240" lon="-76.8427590">
    <ele>24.2</ele>
   </trkpt>
   <trkpt lat="38.4035260" lon="-76.8429720">
    <ele>23.6</ele>
   </trkpt>
   <trkpt lat="38.4034930" lon="-76.8430840">
    <ele>23.6</ele>
   </trkpt>
   <trkpt lat="38.4034830" lon="-76.8431680">
    <ele>23.6</ele>
   </trkpt>
   <trkpt lat="38.4034280" lon="-76.8433080">
    <ele>25.4</ele>
   </trkpt>
   <trkpt lat="38.4032720" lon="-76.8435730">
    <ele>25.4</ele>
   </trkpt>
   <trkpt lat="38.4032010" lon="-76.8436640">
    <ele>25.0</ele>
   </trkpt>
   <trkpt lat="38.4031300" lon="-76.8437140">
    <ele>25.0</ele>
   </trkpt>
   <trkpt lat="38.4030690" lon="-76.8437450">
    <ele>25.0</ele>
   </trkpt>
   <trkpt lat="38.4030160" lon="-76.8437660">
    <ele>26.0</ele>
   </trkpt>
   <trkpt lat="38.4029620" lon="-76.8437770">
    <ele>28.4</ele>
   </trkpt>
   <trkpt lat="38.4028460" lon="-76.8438080">
    <ele>29.8</ele>
   </trkpt>
   <trkpt lat="38.4027770" lon="-76.8438190">
    <ele>31.2</ele>
   </trkpt>
   <trkpt lat="38.4026700" lon="-76.8437760">
    <ele>32.4</ele>
   </trkpt>
   <trkpt lat="38.4026370" lon="-76.8437280">
    <ele>33.6</ele>
   </trkpt>
   <trkpt lat="38.4026160" lon="-76.8436600">
    <ele>35.0</ele>
   </trkpt>
   <trkpt lat="38.4025830" lon="-76.8434810">
    <ele>35.8</ele>
   </trkpt>
   <trkpt lat="38.4025770" lon="-76.8433900">
    <ele>36.6</ele>
   </trkpt>
   <trkpt lat="38.4026320" lon="-76.8432220">
    <ele>37.2</ele>
   </trkpt>
   <trkpt lat="38.4027870" lon="-76.8430810">
    <ele>37.2</ele>
   </trkpt>
   <trkpt lat="38.4029070" lon="-76.8430320">
    <ele>35.4</ele>
   </trkpt>
   <trkpt lat="38.4030360" lon="-76.8429850">
    <ele>32.2</ele>
   </trkpt>
   <trkpt lat="38.4031570" lon="-76.8429400">
    <ele>27.8</ele>
   </trkpt>
   <trkpt lat="38.4032570" lon="-76.8428950">
    <ele>25.2</ele>
   </trkpt>
   <trkpt lat="38.4033350" lon="-76.8428390">
    <ele>24.4</ele>
   </trkpt>
   <trkpt lat="38.4033470" lon="-76.8427780">
    <ele>24.2</ele>
   </trkpt>
   <trkpt lat="38.4033070" lon="-76.8427240">
    <ele>24.2</ele>
   </trkpt>
   <trkpt lat="38.4031840" lon="-76.8427080">
    <ele>24.4</ele>
   </trkpt>
   <trkpt lat="38.4030480" lon="-76.8427580">
    <ele>25.0</ele>
   </trkpt>
   <trkpt lat="38.4029140" lon="-76.8427480">
    <ele>26.0</ele>
   </trkpt>
   <trkpt lat="38.4028440" lon="-76.8427480">
    <ele>26.4</ele>
   </trkpt>
   <trkpt lat="38.4027770" lon="-76.8427650">
    <ele>27.2</ele>
   </trkpt>
   <trkpt lat="38.4027120" lon="-76.8427870">
    <ele>28.6</ele>
   </trkpt>
   <trkpt lat="38.4026500" lon="-76.8428140">
    <ele>30.4</ele>
   </trkpt>
   <trkpt lat="38.4025900" lon="-76.8428480">
    <ele>32.4</ele>
   </trkpt>
   <trkpt lat="38.4025320" lon="-76.8429030">
    <ele>33.6</ele>
   </trkpt>
   <trkpt lat="38.4024880" lon="-76.8429710">
    <ele>34.6</ele>
   </trkpt>
   <trkpt lat="38.4024530" lon="-76.8430520">
    <ele>36.0</ele>
   </trkpt>
   <trkpt lat="38.4024200" lon="-76.8431360">
    <ele>37.2</ele>
   </trkpt>
   <trkpt lat="38.4023810" lon="-76.8432180">
    <ele>37.2</ele>
   </trkpt>
   <trkpt lat="38.4023320" lon="-76.8432960">
    <ele>37.2</ele>
   </trkpt>
   <trkpt lat="38.4022860" lon="-76.8433460">
    <ele>37.2</ele>
   </trkpt>
   <trkpt lat="38.4020990" lon="-76.8435070">
    <ele>35.4</ele>
   </trkpt>
   <trkpt lat="38.4019970" lon="-76.8435930">
    <ele>32.8</ele>
   </trkpt>
   <trkpt lat="38.4019040" lon="-76.8436570">
    <ele>29.8</ele>
   </trkpt>
   <trkpt lat="38.4018320" lon="-76.8437010">
    <ele>27.8</ele>
   </trkpt>
   <trkpt lat="38.4017760" lon="-76.8437450">
    <ele>27.6</ele>
   </trkpt>
   <trkpt lat="38.4016860" lon="-76.8438750">
    <ele>27.6</ele>
   </trkpt>
   <trkpt lat="38.4015830" lon="-76.8440450">
    <ele>28.2</ele>
   </trkpt>
   <trkpt lat="38.4015320" lon="-76.8441150">
    <ele>28.8</ele>
   </trkpt>
   <trkpt lat="38.4014890" lon="-76.8441620">
    <ele>29.4</ele>
   </trkpt>
   <trkpt lat="38.4014470" lon="-76.8442030">
    <ele>30.2</ele>
   </trkpt>
   <trkpt lat="38.4013890" lon="-76.8442510">
    <ele>30.4</ele>
   </trkpt>
   <trkpt lat="38.4012750" lon="-76.8443310">
    <ele>30.6</ele>
   </trkpt>
   <trkpt lat="38.4012310" lon="-76.8443510">
    <ele>30.6</ele>
   </trkpt>
   <trkpt lat="38.4011910" lon="-76.8443730">
    <ele>30.8</ele>
   </trkpt>
   <trkpt lat="38.4011420" lon="-76.8443950">
    <ele>30.8</ele>
   </trkpt>
   <trkpt lat="38.4010200" lon="-76.8444190">
    <ele>30.8</ele>
   </trkpt>
   <trkpt lat="38.4009700" lon="-76.8444200">
    <ele>30.8</ele>
   </trkpt>
   <trkpt lat="38.4008410" lon="-76.8443870">
    <ele>31.0</ele>
   </trkpt>
   <trkpt lat="38.4007140" lon="-76.8442870">
    <ele>31.0</ele>
   </trkpt>
   <trkpt lat="38.4006610" lon="-76.8442030">
    <ele>31.0</ele>
   </trkpt>
   <trkpt lat="38.4006290" lon="-76.8441000">
    <ele>31.6</ele>
   </trkpt>
   <trkpt lat="38.4006100" lon="-76.8439870">
    <ele>32.8</ele>
   </trkpt>
   <trkpt lat="38.4006050" lon="-76.8438670">
    <ele>34.0</ele>
   </trkpt>
   <trkpt lat="38.4006100" lon="-76.8437680">
    <ele>35.2</ele>
   </trkpt>
   <trkpt lat="38.4006500" lon="-76.8436390">
    <ele>36.2</ele>
   </trkpt>
   <trkpt lat="38.4007110" lon="-76.8435500">
    <ele>37.0</ele>
   </trkpt>
   <trkpt lat="38.4007770" lon="-76.8434490">
    <ele>37.6</ele>
   </trkpt>
   <trkpt lat="38.4009010" lon="-76.8432120">
    <ele>38.2</ele>
   </trkpt>
   <trkpt lat="38.4009530" lon="-76.8430790">
    <ele>38.6</ele>
   </trkpt>
   <trkpt lat="38.4010280" lon="-76.8428280">
    <ele>39.0</ele>
   </trkpt>
   <trkpt lat="38.4010410" lon="-76.8426870">
    <ele>39.2</ele>
   </trkpt>
   <trkpt lat="38.4010250" lon="-76.8425490">
    <ele>39.4</ele>
   </trkpt>
   <trkpt lat="38.4010200" lon="-76.8422410">
    <ele>39.4</ele>
   </trkpt>
   <trkpt lat="38.4011330" lon="-76.8419950">
    <ele>39.6</ele>
   </trkpt>
   <trkpt lat="38.4012190" lon="-76.8419270">
    <ele>39.6</ele>
   </trkpt>
   <trkpt lat="38.4013990" lon="-76.8417940">
    <ele>41.2</ele>
   </trkpt>
   <trkpt lat="38.4014860" lon="-76.8417170">
    <ele>41.6</ele>
   </trkpt>
   <trkpt lat="38.4017620" lon="-76.8414070">
    <ele>41.4</ele>
   </trkpt>
   <trkpt lat="38.4021570" lon="-76.8409220">
    <ele>41.0</ele>
   </trkpt>
   <trkpt lat="38.4022550" lon="-76.8407990">
    <ele>41.0</ele>
   </trkpt>
   <trkpt lat="38.4024650" lon="-76.8405920">
    <ele>41.0</ele>
   </trkpt>
   <trkpt lat="38.4025820" lon="-76.8405480">
    <ele>41.2</ele>
   </trkpt>
   <trkpt lat="38.4027040" lon="-76.8405530">
    <ele>41.4</ele>
   </trkpt>
   <trkpt lat="38.4028100" lon="-76.8406190">
    <ele>41.8</ele>
   </trkpt>
   <trkpt lat="38.4029230" lon="-76.8408590">
    <ele>42.4</ele>
   </trkpt>
   <trkpt lat="38.4028960" lon="-76.8411520">
    <ele>42.4</ele>
   </trkpt>
   <trkpt lat="38.4026580" lon="-76.8415570">
    <ele>42.0</ele>
   </trkpt>
   <trkpt lat="38.4022460" lon="-76.8420640">
    <ele>41.2</ele>
   </trkpt>
   <trkpt lat="38.4021620" lon="-76.8421890">
    <ele>41.2</ele>
   </trkpt>
   <trkpt lat="38.4020850" lon="-76.8422960">
    <ele>41.2</ele>
   </trkpt>
   <trkpt lat="38.4020180" lon="-76.8423890">
    <ele>41.2</ele>
   </trkpt>
   <trkpt lat="38.4019800" lon="-76.8424810">
    <ele>41.2</ele>
   </trkpt>
   <trkpt lat="38.4019880" lon="-76.8425520">
    <ele>41.2</ele>
   </trkpt>
   <trkpt lat="38.4020280" lon="-76.8425650">
    <ele>42.0</ele>
   </trkpt>
   <trkpt lat="38.4020740" lon="-76.8425310">
    <ele>42.6</ele>
   </trkpt>
   <trkpt lat="38.4021240" lon="-76.8425030">
    <ele>42.6</ele>
   </trkpt>
   <trkpt lat="38.4022450" lon="-76.8425210">
    <ele>42.6</ele>
   </trkpt>
   <trkpt lat="38.4023190" lon="-76.8425110">
    <ele>42.4</ele>
   </trkpt>
   <trkpt lat="38.4023930" lon="-76.8424720">
    <ele>42.4</ele>
   </trkpt>
   <trkpt lat="38.4025640" lon="-76.8422830">
    <ele>40.0</ele>
   </trkpt>
   <trkpt lat="38.4026720" lon="-76.8421940">
    <ele>36.2</ele>
   </trkpt>
   <trkpt lat="38.4027840" lon="-76.8421310">
    <ele>34.0</ele>
   </trkpt>
   <trkpt lat="38.4029040" lon="-76.8420700">
    <ele>33.6</ele>
   </trkpt>
   <trkpt lat="38.4030200" lon="-76.8420350">
    <ele>33.6</ele>
   </trkpt>
   <trkpt lat="38.4032010" lon="-76.8420270">
    <ele>34.2</ele>
   </trkpt>
   <trkpt lat="38.4032650" lon="-76.8420280">
    <ele>36.8</ele>
   </trkpt>
   <trkpt lat="38.4034240" lon="-76.8420420">
    <ele>36.8</ele>
   </trkpt>
   <trkpt lat="38.4036330" lon="-76.8420560">
    <ele>33.8</ele>
   </trkpt>
   <trkpt lat="38.4037110" lon="-76.8420220">
    <ele>29.8</ele>
   </trkpt>
   <trkpt lat="38.4037580" lon="-76.8419510">
    <ele>28.2</ele>
   </trkpt>
   <trkpt lat="38.4037500" lon="-76.8417960">
    <ele>28.2</ele>
   </trkpt>
   <trkpt lat="38.4036720" lon="-76.8416720">
    <ele>29.0</ele>
   </trkpt>
   <trkpt lat="38.4036250" lon="-76.8416310">
    <ele>30.0</ele>
   </trkpt>
   <trkpt lat="38.4035890" lon="-76.8416070">
    <ele>32.0</ele>
   </trkpt>
   <trkpt lat="38.4035320" lon="-76.8415730">
    <ele>34.4</ele>
   </trkpt>
   <trkpt lat="38.4034760" lon="-76.8415400">
    <ele>35.6</ele>
   </trkpt>
   <trkpt lat="38.4034230" lon="-76.8415000">
    <ele>36.4</ele>
   </trkpt>
   <trkpt lat="38.4034000" lon="-76.8414420">
    <ele>37.0</ele>
   </trkpt>
   <trkpt lat="38.4034230" lon="-76.8413900">
    <ele>37.8</ele>
   </trkpt>
   <trkpt lat="38.4034690" lon="-76.8413540">
    <ele>38.8</ele>
   </trkpt>
   <trkpt lat="38.4035170" lon="-76.8413340">
    <ele>39.6</ele>
   </trkpt>
   <trkpt lat="38.4035990" lon="-76.8413160">
    <ele>39.8</ele>
   </trkpt>
   <trkpt lat="38.4036820" lon="-76.8413260">
    <ele>39.8</ele>
   </trkpt>
   <trkpt lat="38.4038820" lon="-76.8414170">
    <ele>39.4</ele>
   </trkpt>
   <trkpt lat="38.4039940" lon="-76.8414630">
    <ele>35.2</ele>
   </trkpt>
   <trkpt lat="38.4040980" lon="-76.8414590">
    <ele>30.4</ele>
   </trkpt>
   <trkpt lat="38.4041720" lon="-76.8413970">
    <ele>29.4</ele>
   </trkpt>
   <trkpt lat="38.4042110" lon="-76.8413230">
    <ele>29.4</ele>
   </trkpt>
   <trkpt lat="38.4042510" lon="-76.8412050">
    <ele>29.4</ele>
   </trkpt>
   <trkpt lat="38.4042870" lon="-76.8410070">
    <ele>30.4</ele>
   </trkpt>
   <trkpt lat="38.4043120" lon="-76.8407870">
    <ele>32.0</ele>
   </trkpt>
   <trkpt lat="38.4043320" lon="-76.8406790">
    <ele>33.0</ele>
   </trkpt>
   <trkpt lat="38.4043480" lon="-76.8406050">
    <ele>34.8</ele>
   </trkpt>
   <trkpt lat="38.4043570" lon="-76.8405340">
    <ele>37.6</ele>
   </trkpt>
   <trkpt lat="38.4043680" lon="-76.8404640">
    <ele>40.2</ele>
   </trkpt>
   <trkpt lat="38.4043760" lon="-76.8403940">
    <ele>41.0</ele>
   </trkpt>
   <trkpt lat="38.4043800" lon="-76.8403080">
    <ele>41.6</ele>
   </trkpt>
   <trkpt lat="38.4043930" lon="-76.8402000">
    <ele>41.8</ele>
   </trkpt>
   <trkpt lat="38.4044350" lon="-76.8400930">
    <ele>42.2</ele>
   </trkpt>
   <trkpt lat="38.4045020" lon="-76.8400180">
    <ele>42.4</ele>
   </trkpt>
   <trkpt lat="38.4045590" lon="-76.8399910">
    <ele>42.2</ele>
   </trkpt>
   <trkpt lat="38.4046460" lon="-76.8399860">
    <ele>41.8</ele>
   </trkpt>
   <trkpt lat="38.4047270" lon="-76.8400150">
    <ele>41.6</ele>
   </trkpt>
   <trkpt lat="38.4048030" lon="-76.8400700">
    <ele>41.4</ele>
   </trkpt>
   <trkpt lat="38.4049270" lon="-76.8402420">
    <ele>40.6</ele>
   </trkpt>
   <trkpt lat="38.4049820" lon="-76.8405040">
    <ele>38.8</ele>
   </trkpt>
   <trkpt lat="38.4049850" lon="-76.8406580">
    <ele>37.6</ele>
   </trkpt>
   <trkpt lat="38.4049700" lon="-76.8408200">
    <ele>37.0</ele>
   </trkpt>
   <trkpt lat="38.4049540" lon="-76.8409390">
    <ele>37.0</ele>
   </trkpt>
   <trkpt lat="38.4049490" lon="-76.8410140">
    <ele>37.0</ele>
   </trkpt>
   <trkpt lat="38.4049440" lon="-76.8410750">
    <ele>37.0</ele>
   </trkpt>
   <trkpt lat="38.4049300" lon="-76.8411690">
    <ele>37.6</ele>
   </trkpt>
   <trkpt lat="38.4048720" lon="-76.8414240">
    <ele>37.6</ele>
   </trkpt>
   <trkpt lat="38.4048440" lon="-76.8415100">
    <ele>36.8</ele>
   </trkpt>
   <trkpt lat="38.4048060" lon="-76.8416080">
    <ele>35.0</ele>
   </trkpt>
   <trkpt lat="38.4047690" lon="-76.8416920">
    <ele>34.0</ele>
   </trkpt>
   <trkpt lat="38.4047180" lon="-76.8417790">
    <ele>33.8</ele>
   </trkpt>
   <trkpt lat="38.4046660" lon="-76.8418530">
    <ele>33.6</ele>
   </trkpt>
   <trkpt lat="38.4045270" lon="-76.8419310">
    <ele>33.2</ele>
   </trkpt>
   <trkpt lat="38.4044600" lon="-76.8419510">
    <ele>32.8</ele>
   </trkpt>
   <trkpt lat="38.4044040" lon="-76.8419780">
    <ele>32.2</ele>
   </trkpt>
   <trkpt lat="38.4043600" lon="-76.8420290">
    <ele>31.6</ele>
   </trkpt>
   <trkpt lat="38.4043030" lon="-76.8421460">
    <ele>31.4</ele>
   </trkpt>
   <trkpt lat="38.4042740" lon="-76.8422660">
    <ele>28.8</ele>
   </trkpt>
   <trkpt lat="38.4042690" lon="-76.8423800">
    <ele>28.2</ele>
   </trkpt>
   <trkpt lat="38.4042460" lon="-76.8425740">
    <ele>27.4</ele>
   </trkpt>
   <trkpt lat="38.4041800" lon="-76.8426160">
    <ele>27.0</ele>
   </trkpt>
   <trkpt lat="38.4039590" lon="-76.8426660">
    <ele>26.4</ele>
   </trkpt>
   <trkpt lat="38.4038460" lon="-76.8426690">
    <ele>25.0</ele>
   </trkpt>
   <trkpt lat="38.4037340" lon="-76.8426790">
    <ele>24.2</ele>
   </trkpt>
   <trkpt lat="38.4036360" lon="-76.8427280">
    <ele>24.0</ele>
   </trkpt>
   <trkpt lat="38.4035760" lon="-76.8428380">
    <ele>23.4</ele>
   </trkpt>
   <trkpt lat="38.4035270" lon="-76.8429830">
    <ele>23.4</ele>
   </trkpt>
   <trkpt lat="38.4034880" lon="-76.8430820">
    <ele>23.4</ele>
   </trkpt>
   <trkpt lat="38.4034510" lon="-76.8431500">
    <ele>23.4</ele>
   </trkpt>
   <trkpt lat="38.4034190" lon="-76.8432130">
    <ele>24.4</ele>
   </trkpt>
   <trkpt lat="38.4033890" lon="-76.8432710">
    <ele>25.0</ele>
   </trkpt>
   <trkpt lat="38.4033220" lon="-76.8433890">
    <ele>25.0</ele>
   </trkpt>
   <trkpt lat="38.4031660" lon="-76.8435790">
    <ele>24.8</ele>
   </trkpt>
   <trkpt lat="38.4030940" lon="-76.8436580">
    <ele>24.8</ele>
   </trkpt>
   <trkpt lat="38.4030360" lon="-76.8437040">
    <ele>24.8</ele>
   </trkpt>
   <trkpt lat="38.4029800" lon="-76.8437250">
    <ele>27.8</ele>
   </trkpt>
   <trkpt lat="38.4028580" lon="-76.8437500">
    <ele>29.2</ele>
   </trkpt>
   <trkpt lat="38.4027830" lon="-76.8437540">
    <ele>30.2</ele>
   </trkpt>
   <trkpt lat="38.4027070" lon="-76.8437550">
    <ele>31.6</ele>
   </trkpt>
   <trkpt lat="38.4026630" lon="-76.8437290">
    <ele>31.8</ele>
   </trkpt>
   <trkpt lat="38.4026120" lon="-76.8436800">
    <ele>32.8</ele>
   </trkpt>
   <trkpt lat="38.4025950" lon="-76.8436190">
    <ele>34.4</ele>
   </trkpt>
   <trkpt lat="38.4025690" lon="-76.8434650">
    <ele>35.4</ele>
   </trkpt>
   <trkpt lat="38.4025600" lon="-76.8433810">
    <ele>36.0</ele>
   </trkpt>
   <trkpt lat="38.4025650" lon="-76.8433190">
    <ele>36.8</ele>
   </trkpt>
   <trkpt lat="38.4025970" lon="-76.8432300">
    <ele>36.8</ele>
   </trkpt>
   <trkpt lat="38.4026510" lon="-76.8431600">
    <ele>36.8</ele>
   </trkpt>
   <trkpt lat="38.4027350" lon="-76.8431030">
    <ele>36.8</ele>
   </trkpt>
   <trkpt lat="38.4028450" lon="-76.8430680">
    <ele>35.8</ele>
   </trkpt>
   <trkpt lat="38.4029690" lon="-76.8430360">
    <ele>32.8</ele>
   </trkpt>
   <trkpt lat="38.4030870" lon="-76.8429910">
    <ele>29.4</ele>
   </trkpt>
   <trkpt lat="38.4031880" lon="-76.8429430">
    <ele>26.6</ele>
   </trkpt>
   <trkpt lat="38.4032670" lon="-76.8428940">
    <ele>24.6</ele>
   </trkpt>
   <trkpt lat="38.4033080" lon="-76.8428370">
    <ele>23.8</ele>
   </trkpt>
   <trkpt lat="38.4032690" lon="-76.8427450">
    <ele>23.8</ele>
   </trkpt>
   <trkpt lat="38.4031390" lon="-76.8427730">
    <ele>24.0</ele>
   </trkpt>
   <trkpt lat="38.4030700" lon="-76.8428020">
    <ele>24.4</ele>
   </trkpt>
   <trkpt lat="38.4028740" lon="-76.8428870">
    <ele>26.2</ele>
   </trkpt>
   <trkpt lat="38.4028300" lon="-76.8429020">
    <ele>28.6</ele>
   </trkpt>
   <trkpt lat="38.4027870" lon="-76.8429160">
    <ele>31.4</ele>
   </trkpt>
   <trkpt lat="38.4027370" lon="-76.8429300">
    <ele>33.0</ele>
   </trkpt>
   <trkpt lat="38.4026750" lon="-76.8429500">
    <ele>34.2</ele>
   </trkpt>
   <trkpt lat="38.4025530" lon="-76.8429910">
    <ele>35.0</ele>
   </trkpt>
   <trkpt lat="38.4024850" lon="-76.8430280">
    <ele>37.0</ele>
   </trkpt>
   <trkpt lat="38.4024170" lon="-76.8430880">
    <ele>37.2</ele>
   </trkpt>
   <trkpt lat="38.4023730" lon="-76.8431590">
    <ele>37.4</ele>
   </trkpt>
   <trkpt lat="38.4023120" lon="-76.8432730">
    <ele>37.2</ele>
   </trkpt>
   <trkpt lat="38.4022560" lon="-76.8433340">
    <ele>36.8</ele>
   </trkpt>
   <trkpt lat="38.4021150" lon="-76.8434610">
    <ele>35.0</ele>
   </trkpt>
   <trkpt lat="38.4020320" lon="-76.8435380">
    <ele>33.2</ele>
   </trkpt>
   <trkpt lat="38.4019440" lon="-76.8436110">
    <ele>30.8</ele>
   </trkpt>
   <trkpt lat="38.4018620" lon="-76.8436800">
    <ele>28.6</ele>
   </trkpt>
   <trkpt lat="38.4017940" lon="-76.8437310">
    <ele>27.6</ele>
   </trkpt>
   <trkpt lat="38.4017440" lon="-76.8437710">
    <ele>27.4</ele>
   </trkpt>
   <trkpt lat="38.4016450" lon="-76.8438810">
    <ele>27.4</ele>
   </trkpt>
   <trkpt lat="38.4015430" lon="-76.8440460">
    <ele>27.8</ele>
   </trkpt>
   <trkpt lat="38.4014940" lon="-76.8441130">
    <ele>28.4</ele>
   </trkpt>
   <trkpt lat="38.4014600" lon="-76.8441630">
    <ele>29.0</ele>
   </trkpt>
   <trkpt lat="38.4014240" lon="-76.8442060">
    <ele>29.8</ele>
   </trkpt>
   <trkpt lat="38.4013790" lon="-76.8442520">
    <ele>30.0</ele>
   </trkpt>
   <trkpt lat="38.4013250" lon="-76.8442980">
    <ele>30.2</ele>
   </trkpt>
   <trkpt lat="38.4012300" lon="-76.8443470">
    <ele>30.2</ele>
   </trkpt>
   <trkpt lat="38.4011000" lon="-76.8444090">
    <ele>30.4</ele>
   </trkpt>
   <trkpt lat="38.4010440" lon="-76.8444280">
    <ele>30.4</ele>
   </trkpt>
   <trkpt lat="38.4009870" lon="-76.8444360">
    <ele>30.6</ele>
   </trkpt>
   <trkpt lat="38.4008520" lon="-76.8444220">
    <ele>30.6</ele>
   </trkpt>
   <trkpt lat="38.4007720" lon="-76.8443960">
    <ele>30.6</ele>
   </trkpt>
   <trkpt lat="38.4007010" lon="-76.8443470">
    <ele>30.6</ele>
   </trkpt>
   <trkpt lat="38.4006000" lon="-76.8441850">
    <ele>30.8</ele>
   </trkpt>
   <trkpt lat="38.4005750" lon="-76.8440700">
    <ele>31.4</ele>
   </trkpt>
   <trkpt lat="38.4005640" lon="-76.8439480">
    <ele>32.8</ele>
   </trkpt>
   <trkpt lat="38.4005650" lon="-76.8438250">
    <ele>34.0</ele>
   </trkpt>
   <trkpt lat="38.4005900" lon="-76.8437100">
    <ele>35.0</ele>
   </trkpt>
   <trkpt lat="38.4006440" lon="-76.8436090">
    <ele>36.2</ele>
   </trkpt>
   <trkpt lat="38.4007810" lon="-76.8434060">
    <ele>37.6</ele>
   </trkpt>
   <trkpt lat="38.4009010" lon="-76.8431560">
    <ele>38.0</ele>
   </trkpt>
   <trkpt lat="38.4009970" lon="-76.8428710">
    <ele>38.6</ele>
   </trkpt>
   <trkpt lat="38.4010210" lon="-76.8427210">
    <ele>38.8</ele>
   </trkpt>
   <trkpt lat="38.4010150" lon="-76.8425760">
    <ele>39.2</ele>
   </trkpt>
   <trkpt lat="38.4009970" lon="-76.8423510">
    <ele>39.4</ele>
   </trkpt>
   <trkpt lat="38.4010570" lon="-76.8421690">
    <ele>39.4</ele>
   </trkpt>
   <trkpt lat="38.4010970" lon="-76.8421000">
    <ele>39.4</ele>
   </trkpt>
   <trkpt lat="38.4011340" lon="-76.8420380">
    <ele>39.4</ele>
   </trkpt>
   <trkpt lat="38.4012020" lon="-76.8419700">
    <ele>39.6</ele>
   </trkpt>
   <trkpt lat="38.4012570" lon="-76.8419250">
    <ele>40.0</ele>
   </trkpt>
   <trkpt lat="38.4013600" lon="-76.8418520">
    <ele>41.4</ele>
   </trkpt>
   <trkpt lat="38.4014900" lon="-76.8417360">
    <ele>42.2</ele>
   </trkpt>
   <trkpt lat="38.4015620" lon="-76.8416490">
    <ele>42.2</ele>
   </trkpt>
   <trkpt lat="38.4017270" lon="-76.8414330">
    <ele>41.8</ele>
   </trkpt>
   <trkpt lat="38.4021140" lon="-76.8409990">
    <ele>40.8</ele>
   </trkpt>
   <trkpt lat="38.4023010" lon="-76.8407560">
    <ele>40.8</ele>
   </trkpt>
   <trkpt lat="38.4024030" lon="-76.8406510">
    <ele>41.0</ele>
   </trkpt>
   <trkpt lat="38.4025130" lon="-76.8405730">
    <ele>41.2</ele>
   </trkpt>
   <trkpt lat="38.4026260" lon="-76.8405240">
    <ele>41.6</ele>
   </trkpt>
   <trkpt lat="38.4027440" lon="-76.8405230">
    <ele>42.0</ele>
   </trkpt>
   <trkpt lat="38.4028530" lon="-76.8405780">
    <ele>42.2</ele>
   </trkpt>
   <trkpt lat="38.4029200" lon="-76.8406860">
    <ele>42.6</ele>
   </trkpt>
   <trkpt lat="38.4029450" lon="-76.8408330">
    <ele>42.6</ele>
   </trkpt>
   <trkpt lat="38.4029270" lon="-76.8409930">
    <ele>42.6</ele>
   </trkpt>
   <trkpt lat="38.4028760" lon="-76.8411510">
    <ele>42.6</ele>
   </trkpt>
   <trkpt lat="38.4028100" lon="-76.8413020">
    <ele>42.4</ele>
   </trkpt>
   <trkpt lat="38.4026430" lon="-76.8415860">
    <ele>42.0</ele>
   </trkpt>
   <trkpt lat="38.4024510" lon="-76.8418200">
    <ele>41.8</ele>
   </trkpt>
   <trkpt lat="38.4023580" lon="-76.8419130">
    <ele>41.2</ele>
   </trkpt>
   <trkpt lat="38.4022220" lon="-76.8420710">
    <ele>41.2</ele>
   </trkpt>
   <trkpt lat="38.4021760" lon="-76.8421450">
    <ele>41.2</ele>
   </trkpt>
   <trkpt lat="38.4020800" lon="-76.8422990">
    <ele>41.2</ele>
   </trkpt>
   <trkpt lat="38.4020000" lon="-76.8424100">
    <ele>41.2</ele>
   </trkpt>
   <trkpt lat="38.4020080" lon="-76.8425130">
    <ele>41.4</ele>
   </trkpt>
   <trkpt lat="38.4020750" lon="-76.8425180">
    <ele>42.2</ele>
   </trkpt>
   <trkpt lat="38.4021190" lon="-76.8424930">
    <ele>42.4</ele>
   </trkpt>
   <trkpt lat="38.4021670" lon="-76.8424920">
    <ele>42.4</ele>
   </trkpt>
   <trkpt lat="38.4022190" lon="-76.8425140">
    <ele>42.4</ele>
   </trkpt>
   <trkpt lat="38.4022770" lon="-76.8425300">
    <ele>42.4</ele>
   </trkpt>
   <trkpt lat="38.4023910" lon="-76.8424930">
    <ele>42.2</ele>
   </trkpt>
   <trkpt lat="38.4025650" lon="-76.8423410">
    <ele>39.8</ele>
   </trkpt>
   <trkpt lat="38.4026670" lon="-76.8422480">
    <ele>35.8</ele>
   </trkpt>
   <trkpt lat="38.4027750" lon="-76.8421630">
    <ele>33.6</ele>
   </trkpt>
   <trkpt lat="38.4030150" lon="-76.8420350">
    <ele>33.4</ele>
   </trkpt>
   <trkpt lat="38.4031950" lon="-76.8420250">
    <ele>33.8</ele>
   </trkpt>
   <trkpt lat="38.4032520" lon="-76.8420330">
    <ele>37.0</ele>
   </trkpt>
   <trkpt lat="38.4035210" lon="-76.8420750">
    <ele>37.0</ele>
   </trkpt>
   <trkpt lat="38.4036240" lon="-76.8420710">
    <ele>34.4</ele>
   </trkpt>
   <trkpt lat="38.4037040" lon="-76.8420400">
    <ele>30.2</ele>
   </trkpt>
   <trkpt lat="38.4037580" lon="-76.8419860">
    <ele>28.2</ele>
   </trkpt>
   <trkpt lat="38.4037750" lon="-76.8419090">
    <ele>28.2</ele>
   </trkpt>
   <trkpt lat="38.4037190" lon="-76.8417510">
    <ele>28.2</ele>
   </trkpt>
   <trkpt lat="38.4036200" lon="-76.8416440">
    <ele>30.4</ele>
   </trkpt>
   <trkpt lat="38.4035710" lon="-76.8416050">
    <ele>32.2</ele>
   </trkpt>
   <trkpt lat="38.4035150" lon="-76.8415790">
    <ele>34.8</ele>
   </trkpt>
   <trkpt lat="38.4034120" lon="-76.8414850">
    <ele>36.8</ele>
   </trkpt>
   <trkpt lat="38.4034020" lon="-76.8414230">
    <ele>37.0</ele>
   </trkpt>
   <trkpt lat="38.4034430" lon="-76.8413790">
    <ele>38.2</ele>
   </trkpt>
   <trkpt lat="38.4035060" lon="-76.8413470">
    <ele>39.0</ele>
   </trkpt>
   <trkpt lat="38.4035770" lon="-76.8413280">
    <ele>39.6</ele>
   </trkpt>
   <trkpt lat="38.4037070" lon="-76.8413420">
    <ele>39.6</ele>
   </trkpt>
   <trkpt lat="38.4038310" lon="-76.8414130">
    <ele>38.2</ele>
   </trkpt>
   <trkpt lat="38.4039600" lon="-76.8414470">
    <ele>34.4</ele>
   </trkpt>
   <trkpt lat="38.4040750" lon="-76.8414320">
    <ele>29.6</ele>
   </trkpt>
   <trkpt lat="38.4041570" lon="-76.8413580">
    <ele>29.4</ele>
   </trkpt>
   <trkpt lat="38.4042230" lon="-76.8411670">
    <ele>29.4</ele>
   </trkpt>
   <trkpt lat="38.4042500" lon="-76.8409520">
    <ele>30.6</ele>
   </trkpt>
   <trkpt lat="38.4042810" lon="-76.8407520">
    <ele>32.0</ele>
   </trkpt>
   <trkpt lat="38.4042970" lon="-76.8406690">
    <ele>33.4</ele>
   </trkpt>
   <trkpt lat="38.4043050" lon="-76.8406020">
    <ele>35.0</ele>
   </trkpt>
   <trkpt lat="38.4043120" lon="-76.8405370">
    <ele>37.8</ele>
   </trkpt>
   <trkpt lat="38.4043230" lon="-76.8404730">
    <ele>40.2</ele>
   </trkpt>
   <trkpt lat="38.4043470" lon="-76.8403350">
    <ele>41.8</ele>
   </trkpt>
   <trkpt lat="38.4044040" lon="-76.8401240">
    <ele>42.0</ele>
   </trkpt>
   <trkpt lat="38.4045250" lon="-76.8399940">
    <ele>42.2</ele>
   </trkpt>
   <trkpt lat="38.4046810" lon="-76.8399980">
    <ele>41.8</ele>
   </trkpt>
   <trkpt lat="38.4048410" lon="-76.8400990">
    <ele>41.2</ele>
   </trkpt>
   <trkpt lat="38.4049030" lon="-76.8401790">
    <ele>40.6</ele>
   </trkpt>
   <trkpt lat="38.4049480" lon="-76.8402890">
    <ele>40.4</ele>
   </trkpt>
   <trkpt lat="38.4049710" lon="-76.8404170">
    <ele>39.4</ele>
   </trkpt>
   <trkpt lat="38.4049840" lon="-76.8405590">
    <ele>38.0</ele>
   </trkpt>
   <trkpt lat="38.4049800" lon="-76.8406890">
    <ele>37.4</ele>
   </trkpt>
   <trkpt lat="38.4049620" lon="-76.8408590">
    <ele>37.4</ele>
   </trkpt>
   <trkpt lat="38.4049460" lon="-76.8410380">
    <ele>37.4</ele>
   </trkpt>
   <trkpt lat="38.4049180" lon="-76.8412700">
    <ele>37.0</ele>
   </trkpt>
   <trkpt lat="38.4048520" lon="-76.8415480">
    <ele>36.6</ele>
   </trkpt>
   <trkpt lat="38.4047140" lon="-76.8418220">
    <ele>34.2</ele>
   </trkpt>
   <trkpt lat="38.4044890" lon="-76.8419690">
    <ele>33.0</ele>
   </trkpt>
   <trkpt lat="38.4043940" lon="-76.8420060">
    <ele>32.6</ele>
   </trkpt>
   <trkpt lat="38.4043160" lon="-76.8420630">
    <ele>32.0</ele>
   </trkpt>
   <trkpt lat="38.4042690" lon="-76.8421360">
    <ele>31.4</ele>
   </trkpt>
   <trkpt lat="38.4042410" lon="-76.8422880">
    <ele>29.0</ele>
   </trkpt>
   <trkpt lat="38.4042700" lon="-76.8424190">
    <ele>28.4</ele>
   </trkpt>
   <trkpt lat="38.4042720" lon="-76.8425300">
    <ele>28.0</ele>
   </trkpt>
   <trkpt lat="38.4042410" lon="-76.8426140">
    <ele>27.4</ele>
   </trkpt>
   <trkpt lat="38.4041610" lon="-76.8426720">
    <ele>27.0</ele>
   </trkpt>
   <trkpt lat="38.4039430" lon="-76.8427140">
    <ele>26.2</ele>
   </trkpt>
   <trkpt lat="38.4038240" lon="-76.8427120">
    <ele>25.0</ele>
   </trkpt>
   <trkpt lat="38.4037250" lon="-76.8427210">
    <ele>24.4</ele>
   </trkpt>
   <trkpt lat="38.4036540" lon="-76.8427660">
    <ele>24.0</ele>
   </trkpt>
   <trkpt lat="38.4035630" lon="-76.8428830">
    <ele>23.8</ele>
   </trkpt>
   <trkpt lat="38.4035070" lon="-76.8430060">
    <ele>23.6</ele>
   </trkpt>
   <trkpt lat="38.4034070" lon="-76.8432410">
    <ele>24.8</ele>
   </trkpt>
   <trkpt lat="38.4033690" lon="-76.8433040">
    <ele>25.0</ele>
   </trkpt>
   <trkpt lat="38.4033180" lon="-76.8433820">
    <ele>25.0</ele>
   </trkpt>
   <trkpt lat="38.4031740" lon="-76.8435810">
    <ele>25.2</ele>
   </trkpt>
   <trkpt lat="38.4030990" lon="-76.8436690">
    <ele>25.2</ele>
   </trkpt>
   <trkpt lat="38.4029870" lon="-76.8437440">
    <ele>25.2</ele>
   </trkpt>
   <trkpt lat="38.4029340" lon="-76.8437620">
    <ele>27.8</ele>
   </trkpt>
   <trkpt lat="38.4028750" lon="-76.8437780">
    <ele>29.0</ele>
   </trkpt>
   <trkpt lat="38.4027470" lon="-76.8437950">
    <ele>31.2</ele>
   </trkpt>
   <trkpt lat="38.4026960" lon="-76.8437820">
    <ele>31.8</ele>
   </trkpt>
   <trkpt lat="38.4026330" lon="-76.8437480">
    <ele>32.2</ele>
   </trkpt>
   <trkpt lat="38.4026020" lon="-76.8436990">
    <ele>34.0</ele>
   </trkpt>
   <trkpt lat="38.4025910" lon="-76.8436420">
    <ele>34.6</ele>
   </trkpt>
   <trkpt lat="38.4025790" lon="-76.8435620">
    <ele>35.2</ele>
   </trkpt>
   <trkpt lat="38.4025610" lon="-76.8433830">
    <ele>36.6</ele>
   </trkpt>
   <trkpt lat="38.4026220" lon="-76.8432310">
    <ele>36.8</ele>
   </trkpt>
   <trkpt lat="38.4026920" lon="-76.8431630">
    <ele>36.8</ele>
   </trkpt>
   <trkpt lat="38.4027910" lon="-76.8431130">
    <ele>36.4</ele>
   </trkpt>
   <trkpt lat="38.4029220" lon="-76.8430720">
    <ele>33.4</ele>
   </trkpt>
   <trkpt lat="38.4030800" lon="-76.8430250">
    <ele>29.2</ele>
   </trkpt>
   <trkpt lat="38.4031900" lon="-76.8429790">
    <ele>26.2</ele>
   </trkpt>
   <trkpt lat="38.4032720" lon="-76.8429140">
    <ele>23.8</ele>
   </trkpt>
   <trkpt lat="38.4033080" lon="-76.8428350">
    <ele>23.8</ele>
   </trkpt>
   <trkpt lat="38.4032940" lon="-76.8427740">
    <ele>23.8</ele>
   </trkpt>
   <trkpt lat="38.4031730" lon="-76.8427430">
    <ele>24.0</ele>
   </trkpt>
   <trkpt lat="38.4029570" lon="-76.8428500">
    <ele>25.0</ele>
   </trkpt>
   <trkpt lat="38.4028960" lon="-76.8428710">
    <ele>25.6</ele>
   </trkpt>
   <trkpt lat="38.4028450" lon="-76.8428890">
    <ele>27.2</ele>
   </trkpt>
   <trkpt lat="38.4028120" lon="-76.8429070">
    <ele>30.0</ele>
   </trkpt>
   <trkpt lat="38.4027680" lon="-76.8429310">
    <ele>32.4</ele>
   </trkpt>
   <trkpt lat="38.4027040" lon="-76.8429610">
    <ele>33.8</ele>
   </trkpt>
   <trkpt lat="38.4025140" lon="-76.8430440">
    <ele>36.8</ele>
   </trkpt>
   <trkpt lat="38.4024470" lon="-76.8430940">
    <ele>37.6</ele>
   </trkpt>
   <trkpt lat="38.4023900" lon="-76.8431660">
    <ele>37.6</ele>
   </trkpt>
   <trkpt lat="38.4022820" lon="-76.8433090">
    <ele>37.6</ele>
   </trkpt>
   <trkpt lat="38.4021360" lon="-76.8434400">
    <ele>35.6</ele>
   </trkpt>
   <trkpt lat="38.4020410" lon="-76.8435250">
    <ele>34.6</ele>
   </trkpt>
   <trkpt lat="38.4019400" lon="-76.8436100">
    <ele>31.8</ele>
   </trkpt>
   <trkpt lat="38.4018480" lon="-76.8436770">
    <ele>28.8</ele>
   </trkpt>
   <trkpt lat="38.4017800" lon="-76.8437300">
    <ele>27.4</ele>
   </trkpt>
   <trkpt lat="38.4017320" lon="-76.8437820">
    <ele>27.4</ele>
   </trkpt>
   <trkpt lat="38.4015200" lon="-76.8440740">
    <ele>28.2</ele>
   </trkpt>
   <trkpt lat="38.4014800" lon="-76.8441200">
    <ele>28.8</ele>
   </trkpt>
   <trkpt lat="38.4014340" lon="-76.8441680">
    <ele>29.2</ele>
   </trkpt>
   <trkpt lat="38.4013870" lon="-76.8442100">
    <ele>30.0</ele>
   </trkpt>
   <trkpt lat="38.4012760" lon="-76.8443050">
    <ele>30.4</ele>
   </trkpt>
   <trkpt lat="38.4011870" lon="-76.8443640">
    <ele>30.4</ele>
   </trkpt>
   <trkpt lat="38.4010980" lon="-76.8444120">
    <ele>30.6</ele>
   </trkpt>
   <trkpt lat="38.4009770" lon="-76.8444270">
    <ele>30.6</ele>
   </trkpt>
   <trkpt lat="38.4009140" lon="-76.8444260">
    <ele>30.6</ele>
   </trkpt>
   <trkpt lat="38.4007570" lon="-76.8443820">
    <ele>30.8</ele>
   </trkpt>
   <trkpt lat="38.4006300" lon="-76.8442390">
    <ele>30.8</ele>
   </trkpt>
   <trkpt lat="38.4005730" lon="-76.8440070">
    <ele>32.2</ele>
   </trkpt>
   <trkpt lat="38.4005680" lon="-76.8438870">
    <ele>33.4</ele>
   </trkpt>
   <trkpt lat="38.4005790" lon="-76.8437670">
    <ele>34.6</ele>
   </trkpt>
   <trkpt lat="38.4006140" lon="-76.8436540">
    <ele>35.8</ele>
   </trkpt>
   <trkpt lat="38.4006730" lon="-76.8435580">
    <ele>36.8</ele>
   </trkpt>
   <trkpt lat="38.4007410" lon="-76.8434590">
    <ele>37.4</ele>
   </trkpt>
   <trkpt lat="38.4007950" lon="-76.8433680">
    <ele>37.8</ele>
   </trkpt>
   <trkpt lat="38.4009150" lon="-76.8430920">
    <ele>38.4</ele>
   </trkpt>
   <trkpt lat="38.4009550" lon="-76.8429870">
    <ele>38.6</ele>
   </trkpt>
   <trkpt lat="38.4009960" lon="-76.8428250">
    <ele>38.8</ele>
   </trkpt>
   <trkpt lat="38.4010100" lon="-76.8426940">
    <ele>39.0</ele>
   </trkpt>
   <trkpt lat="38.4010110" lon="-76.8425720">
    <ele>39.2</ele>
   </trkpt>
   <trkpt lat="38.4010050" lon="-76.8423520">
    <ele>39.6</ele>
   </trkpt>
   <trkpt lat="38.4010530" lon="-76.8421650">
    <ele>39.6</ele>
   </trkpt>
   <trkpt lat="38.4011010" lon="-76.8420780">
    <ele>39.6</ele>
   </trkpt>
   <trkpt lat="38.4011630" lon="-76.8420040">
    <ele>39.6</ele>
   </trkpt>
   <trkpt lat="38.4012340" lon="-76.8419460">
    <ele>39.6</ele>
   </trkpt>
   <trkpt lat="38.4013050" lon="-76.8418950">
    <ele>40.0</ele>
   </trkpt>
   <trkpt lat="38.4013660" lon="-76.8418430">
    <ele>41.2</ele>
   </trkpt>
   <trkpt lat="38.4014950" lon="-76.8417160">
    <ele>42.2</ele>
   </trkpt>
   <trkpt lat="38.4015710" lon="-76.8416280">
    <ele>42.2</ele>
   </trkpt>
   <trkpt lat="38.4016540" lon="-76.8415310">
    <ele>42.2</ele>
   </trkpt>
   <trkpt lat="38.4018400" lon="-76.8413290">
    <ele>41.8</ele>
   </trkpt>
   <trkpt lat="38.4022300" lon="-76.8408630">
    <ele>40.8</ele>
   </trkpt>
   <trkpt lat="38.4023330" lon="-76.8407480">
    <ele>40.8</ele>
   </trkpt>
   <trkpt lat="38.4026780" lon="-76.8405530">
    <ele>41.0</ele>
   </trkpt>
   <trkpt lat="38.4028910" lon="-76.8406910">
    <ele>42.4</ele>
   </trkpt>
   <trkpt lat="38.4029660" lon="-76.8409860">
    <ele>42.8</ele>
   </trkpt>
   <trkpt lat="38.4028540" lon="-76.8412880">
    <ele>42.8</ele>
   </trkpt>
   <trkpt lat="38.4025600" lon="-76.8416890">
    <ele>42.0</ele>
   </trkpt>
   <trkpt lat="38.4022620" lon="-76.8420400">
    <ele>41.2</ele>
   </trkpt>
   <trkpt lat="38.4021680" lon="-76.8421760">
    <ele>41.0</ele>
   </trkpt>
   <trkpt lat="38.4020660" lon="-76.8423210">
    <ele>41.0</ele>
   </trkpt>
   <trkpt lat="38.4020010" lon="-76.8424230">
    <ele>41.0</ele>
   </trkpt>
   <trkpt lat="38.4019730" lon="-76.8425230">
    <ele>41.2</ele>
   </trkpt>
   <trkpt lat="38.4019890" lon="-76.8425880">
    <ele>41.4</ele>
   </trkpt>
   <trkpt lat="38.4020550" lon="-76.8425980">
    <ele>42.4</ele>
   </trkpt>
   <trkpt lat="38.4021570" lon="-76.8425370">
    <ele>42.6</ele>
   </trkpt>
   <trkpt lat="38.4022170" lon="-76.8425520">
    <ele>42.6</ele>
   </trkpt>
   <trkpt lat="38.4022850" lon="-76.8425590">
    <ele>42.6</ele>
   </trkpt>
   <trkpt lat="38.4023530" lon="-76.8425420">
    <ele>42.4</ele>
   </trkpt>
   <trkpt lat="38.4024160" lon="-76.8425110">
    <ele>42.2</ele>
   </trkpt>
   <trkpt lat="38.4025470" lon="-76.8424230">
    <ele>39.2</ele>
   </trkpt>
   <trkpt lat="38.4026190" lon="-76.8423770">
    <ele>34.6</ele>
   </trkpt>
   <trkpt lat="38.4030200" lon="-76.8421020">
    <ele>33.8</ele>
   </trkpt>
   <trkpt lat="38.4031340" lon="-76.8420690">
    <ele>33.8</ele>
   </trkpt>
   <trkpt lat="38.4032500" lon="-76.8420640">
    <ele>36.4</ele>
   </trkpt>
   <trkpt lat="38.4033300" lon="-76.8420730">
    <ele>36.6</ele>
   </trkpt>
   <trkpt lat="38.4034030" lon="-76.8420900">
    <ele>36.6</ele>
   </trkpt>
   <trkpt lat="38.4036320" lon="-76.8421410">
    <ele>34.8</ele>
   </trkpt>
   <trkpt lat="38.4037450" lon="-76.8421320">
    <ele>30.6</ele>
   </trkpt>
   <trkpt lat="38.4038290" lon="-76.8420590">
    <ele>28.0</ele>
   </trkpt>
   <trkpt lat="38.4038520" lon="-76.8418830">
    <ele>28.0</ele>
   </trkpt>
   <trkpt lat="38.4037560" lon="-76.8417310">
    <ele>28.4</ele>
   </trkpt>
   <trkpt lat="38.4036950" lon="-76.8416700">
    <ele>29.4</ele>
   </trkpt>
   <trkpt lat="38.4036390" lon="-76.8416310">
    <ele>30.4</ele>
   </trkpt>
   <trkpt lat="38.4035890" lon="-76.8416010">
    <ele>32.4</ele>
   </trkpt>
   <trkpt lat="38.4035340" lon="-76.8415770">
    <ele>34.8</ele>
   </trkpt>
   <trkpt lat="38.4034260" lon="-76.8414910">
    <ele>37.0</ele>
   </trkpt>
   <trkpt lat="38.4034430" lon="-76.8413810">
    <ele>38.4</ele>
   </trkpt>
   <trkpt lat="38.4035640" lon="-76.8413390">
    <ele>40.0</ele>
   </trkpt>
   <trkpt lat="38.4036330" lon="-76.8413360">
    <ele>40.2</ele>
   </trkpt>
   <trkpt lat="38.4037110" lon="-76.8413460">
    <ele>40.2</ele>
   </trkpt>
   <trkpt lat="38.4038650" lon="-76.8414180">
    <ele>39.8</ele>
   </trkpt>
   <trkpt lat="38.4039840" lon="-76.8414550">
    <ele>35.8</ele>
   </trkpt>
   <trkpt lat="38.4040830" lon="-76.8414420">
    <ele>32.0</ele>
   </trkpt>
   <trkpt lat="38.4041700" lon="-76.8413940">
    <ele>30.8</ele>
   </trkpt>
   <trkpt lat="38.4042320" lon="-76.8413140">
    <ele>30.4</ele>
   </trkpt>
   <trkpt lat="38.4042650" lon="-76.8412160">
    <ele>30.4</ele>
   </trkpt>
   <trkpt lat="38.4042880" lon="-76.8411110">
    <ele>30.4</ele>
   </trkpt>
   <trkpt lat="38.4043410" lon="-76.8407930">
    <ele>32.4</ele>
   </trkpt>
   <trkpt lat="38.4043580" lon="-76.8407020">
    <ele>33.4</ele>
   </trkpt>
   <trkpt lat="38.4043620" lon="-76.8406270">
    <ele>35.2</ele>
   </trkpt>
   <trkpt lat="38.4043610" lon="-76.8405570">
    <ele>37.6</ele>
   </trkpt>
   <trkpt lat="38.4043570" lon="-76.8404870">
    <ele>40.2</ele>
   </trkpt>
   <trkpt lat="38.4043720" lon="-76.8403470">
    <ele>42.2</ele>
   </trkpt>
   <trkpt lat="38.4044320" lon="-76.8401390">
    <ele>42.4</ele>
   </trkpt>
   <trkpt lat="38.4045550" lon="-76.8399950">
    <ele>42.4</ele>
   </trkpt>
   <trkpt lat="38.4046290" lon="-76.8399860">
    <ele>42.4</ele>
   </trkpt>
   <trkpt lat="38.4047120" lon="-76.8400070">
    <ele>42.2</ele>
   </trkpt>
   <trkpt lat="38.4048650" lon="-76.8401120">
    <ele>41.8</ele>
   </trkpt>
   <trkpt lat="38.4049210" lon="-76.8401930">
    <ele>40.8</ele>
   </trkpt>
   <trkpt lat="38.4049620" lon="-76.8402920">
    <ele>40.6</ele>
   </trkpt>
   <trkpt lat="38.4049830" lon="-76.8404160">
    <ele>39.6</ele>
   </trkpt>
   <trkpt lat="38.4049850" lon="-76.8405690">
    <ele>38.6</ele>
   </trkpt>
   <trkpt lat="38.4049620" lon="-76.8408940">
    <ele>37.8</ele>
   </trkpt>
   <trkpt lat="38.4049540" lon="-76.8410220">
    <ele>37.8</ele>
   </trkpt>
   <trkpt lat="38.4049240" lon="-76.8412330">
    <ele>37.6</ele>
   </trkpt>
   <trkpt lat="38.4049010" lon="-76.8413500">
    <ele>37.4</ele>
   </trkpt>
   <trkpt lat="38.4048680" lon="-76.8414880">
    <ele>37.4</ele>
   </trkpt>
   <trkpt lat="38.4047760" lon="-76.8417340">
    <ele>35.6</ele>
   </trkpt>
   <trkpt lat="38.4046730" lon="-76.8418650">
    <ele>34.2</ele>
   </trkpt>
   <trkpt lat="38.4045800" lon="-76.8419540">
    <ele>33.8</ele>
   </trkpt>
   <trkpt lat="38.4044970" lon="-76.8420220">
    <ele>33.2</ele>
   </trkpt>
   <trkpt lat="38.4043640" lon="-76.8421410">
    <ele>32.0</ele>
   </trkpt>
   <trkpt lat="38.4042730" lon="-76.8423590">
    <ele>28.8</ele>
   </trkpt>
   <trkpt lat="38.4042570" lon="-76.8425790">
    <ele>28.0</ele>
   </trkpt>
   <trkpt lat="38.4042170" lon="-76.8426310">
    <ele>27.6</ele>
   </trkpt>
   <trkpt lat="38.4040970" lon="-76.8426810">
    <ele>27.2</ele>
   </trkpt>
   <trkpt lat="38.4039810" lon="-76.8426900">
    <ele>27.2</ele>
   </trkpt>
   <trkpt lat="38.4038670" lon="-76.8426810">
    <ele>26.0</ele>
   </trkpt>
   <trkpt lat="38.4037450" lon="-76.8426790">
    <ele>25.0</ele>
   </trkpt>
   <trkpt lat="38.4036450" lon="-76.8427340">
    <ele>24.6</ele>
   </trkpt>
   <trkpt lat="38.4035210" lon="-76.8429630">
    <ele>23.8</ele>
   </trkpt>
   <trkpt lat="38.4034030" lon="-76.8432280">
    <ele>23.8</ele>
   </trkpt>
   <trkpt lat="38.4033760" lon="-76.8432820">
    <ele>25.2</ele>
   </trkpt>
   <trkpt lat="38.4033400" lon="-76.8433510">
    <ele>25.2</ele>
   </trkpt>
   <trkpt lat="38.4032120" lon="-76.8435350">
    <ele>25.2</ele>
   </trkpt>
   <trkpt lat="38.4031380" lon="-76.8436280">
    <ele>25.2</ele>
   </trkpt>
   <trkpt lat="38.4030270" lon="-76.8437260">
    <ele>25.2</ele>
   </trkpt>
   <trkpt lat="38.4029780" lon="-76.8437580">
    <ele>26.4</ele>
   </trkpt>
   <trkpt lat="38.4029110" lon="-76.8437820">
    <ele>28.4</ele>
   </trkpt>
   <trkpt lat="38.4028540" lon="-76.8438000">
    <ele>29.6</ele>
   </trkpt>
   <trkpt lat="38.4027940" lon="-76.8438100">
    <ele>30.2</ele>
   </trkpt>
   <trkpt lat="38.4027300" lon="-76.8438090">
    <ele>31.8</ele>
   </trkpt>
   <trkpt lat="38.4026710" lon="-76.8437870">
    <ele>32.2</ele>
   </trkpt>
   <trkpt lat="38.4026060" lon="-76.8436930">
    <ele>34.6</ele>
   </trkpt>
   <trkpt lat="38.4025910" lon="-76.8436190">
    <ele>35.0</ele>
   </trkpt>
   <trkpt lat="38.4025640" lon="-76.8434630">
    <ele>36.2</ele>
   </trkpt>
   <trkpt lat="38.4025670" lon="-76.8433650">
    <ele>36.8</ele>
   </trkpt>
   <trkpt lat="38.4025910" lon="-76.8432900">
    <ele>37.2</ele>
   </trkpt>
   <trkpt lat="38.4027260" lon="-76.8431530">
    <ele>37.2</ele>
   </trkpt>
   <trkpt lat="38.4029530" lon="-76.8430780">
    <ele>32.8</ele>
   </trkpt>
   <trkpt lat="38.4030970" lon="-76.8430330">
    <ele>29.4</ele>
   </trkpt>
   <trkpt lat="38.4032010" lon="-76.8429960">
    <ele>26.0</ele>
   </trkpt>
   <trkpt lat="38.4032860" lon="-76.8429370">
    <ele>24.4</ele>
   </trkpt>
   <trkpt lat="38.4033240" lon="-76.8428530">
    <ele>24.0</ele>
   </trkpt>
   <trkpt lat="38.4033170" lon="-76.8427800">
    <ele>24.0</ele>
   </trkpt>
   <trkpt lat="38.4031970" lon="-76.8427400">
    <ele>24.0</ele>
   </trkpt>
   <trkpt lat="38.4031280" lon="-76.8427650">
    <ele>24.2</ele>
   </trkpt>
   <trkpt lat="38.4029900" lon="-76.8428460">
    <ele>24.8</ele>
   </trkpt>
   <trkpt lat="38.4028730" lon="-76.8429010">
    <ele>26.4</ele>
   </trkpt>
   <trkpt lat="38.4028260" lon="-76.8429230">
    <ele>28.8</ele>
   </trkpt>
   <trkpt lat="38.4027760" lon="-76.8429430">
    <ele>31.6</ele>
   </trkpt>
   <trkpt lat="38.4027210" lon="-76.8429660">
    <ele>33.4</ele>
   </trkpt>
   <trkpt lat="38.4025980" lon="-76.8430010">
    <ele>34.8</ele>
   </trkpt>
   <trkpt lat="38.4025320" lon="-76.8430270">
    <ele>36.4</ele>
   </trkpt>
   <trkpt lat="38.4024640" lon="-76.8430710">
    <ele>37.2</ele>
   </trkpt>
   <trkpt lat="38.4024090" lon="-76.8431230">
    <ele>37.6</ele>
   </trkpt>
   <trkpt lat="38.4023780" lon="-76.8431830">
    <ele>37.6</ele>
   </trkpt>
   <trkpt lat="38.4023330" lon="-76.8432930">
    <ele>37.4</ele>
   </trkpt>
   <trkpt lat="38.4023030" lon="-76.8433250">
    <ele>37.2</ele>
   </trkpt>
   <trkpt lat="38.4022160" lon="-76.8433850">
    <ele>35.6</ele>
   </trkpt>
   <trkpt lat="38.4020820" lon="-76.8434990">
    <ele>34.4</ele>
   </trkpt>
   <trkpt lat="38.4019970" lon="-76.8435850">
    <ele>32.2</ele>
   </trkpt>
   <trkpt lat="38.4019180" lon="-76.8436560">
    <ele>29.8</ele>
   </trkpt>
   <trkpt lat="38.4018530" lon="-76.8436990">
    <ele>27.4</ele>
   </trkpt>
   <trkpt lat="38.4018180" lon="-76.8437190">
    <ele>27.2</ele>
   </trkpt>
   <trkpt lat="38.4017610" lon="-76.8437620">
    <ele>27.2</ele>
   </trkpt>
   <trkpt lat="38.4016080" lon="-76.8439290">
    <ele>27.6</ele>
   </trkpt>
   <trkpt lat="38.4015160" lon="-76.8440420">
    <ele>28.4</ele>
   </trkpt>
   <trkpt lat="38.4014820" lon="-76.8440970">
    <ele>28.8</ele>
   </trkpt>
   <trkpt lat="38.4014580" lon="-76.8441300">
    <ele>29.2</ele>
   </trkpt>
   <trkpt lat="38.4014080" lon="-76.8441850">
    <ele>30.2</ele>
   </trkpt>
   <trkpt lat="38.4013660" lon="-76.8442190">
    <ele>30.4</ele>
   </trkpt>
   <trkpt lat="38.4012390" lon="-76.8442810">
    <ele>30.6</ele>
   </trkpt>
   <trkpt lat="38.4010410" lon="-76.8443880">
    <ele>30.8</ele>
   </trkpt>
   <trkpt lat="38.4009530" lon="-76.8444010">
    <ele>31.0</ele>
   </trkpt>
   <trkpt lat="38.4008270" lon="-76.8443930">
    <ele>31.0</ele>
   </trkpt>
   <trkpt lat="38.4007520" lon="-76.8443690">
    <ele>31.0</ele>
   </trkpt>
   <trkpt lat="38.4006150" lon="-76.8442550">
    <ele>31.0</ele>
   </trkpt>
   <trkpt lat="38.4005460" lon="-76.8440550">
    <ele>32.0</ele>
   </trkpt>
   <trkpt lat="38.4005340" lon="-76.8439400">
    <ele>33.0</ele>
   </trkpt>
   <trkpt lat="38.4005310" lon="-76.8438260">
    <ele>34.2</ele>
   </trkpt>
   <trkpt lat="38.4005870" lon="-76.8436130">
    <ele>36.2</ele>
   </trkpt>
   <trkpt lat="38.4006530" lon="-76.8435190">
    <ele>37.2</ele>
   </trkpt>
   <trkpt lat="38.4007210" lon="-76.8434200">
    <ele>37.6</ele>
   </trkpt>
   <trkpt lat="38.4007810" lon="-76.8433080">
    <ele>38.2</ele>
   </trkpt>
   <trkpt lat="38.4008340" lon="-76.8431850">
    <ele>38.4</ele>
   </trkpt>
   <trkpt lat="38.4009390" lon="-76.8429100">
    <ele>38.8</ele>
   </trkpt>
   <trkpt lat="38.4009720" lon="-76.8427630">
    <ele>39.2</ele>
   </trkpt>
   <trkpt lat="38.4009870" lon="-76.8426130">
    <ele>39.6</ele>
   </trkpt>
   <trkpt lat="38.4009990" lon="-76.8423130">
    <ele>39.8</ele>
   </trkpt>
   <trkpt lat="38.4011120" lon="-76.8420500">
    <ele>40.0</ele>
   </trkpt>
   <trkpt lat="38.4013700" lon="-76.8418290">
    <ele>40.6</ele>
   </trkpt>
   <trkpt lat="38.4014540" lon="-76.8417510">
    <ele>42.0</ele>
   </trkpt>
   <trkpt lat="38.4016370" lon="-76.8415490">
    <ele>42.2</ele>
   </trkpt>
   <trkpt lat="38.4020240" lon="-76.8410640">
    <ele>41.4</ele>
   </trkpt>
   <trkpt lat="38.4021250" lon="-76.8409390">
    <ele>41.4</ele>
   </trkpt>
   <trkpt lat="38.4023340" lon="-76.8407110">
    <ele>41.4</ele>
   </trkpt>
   <trkpt lat="38.4024490" lon="-76.8406250">
    <ele>41.6</ele>
   </trkpt>
   <trkpt lat="38.4026900" lon="-76.8405540">
    <ele>41.8</ele>
   </trkpt>
   <trkpt lat="38.4028850" lon="-76.8407160">
    <ele>42.6</ele>
   </trkpt>
   <trkpt lat="38.4029240" lon="-76.8409970">
    <ele>42.6</ele>
   </trkpt>
   <trkpt lat="38.4028070" lon="-76.8412980">
    <ele>42.6</ele>
   </trkpt>
   <trkpt lat="38.4025320" lon="-76.8416980">
    <ele>42.0</ele>
   </trkpt>
   <trkpt lat="38.4021290" lon="-76.8422200">
    <ele>41.6</ele>
   </trkpt>
   <trkpt lat="38.4019880" lon="-76.8424220">
    <ele>41.6</ele>
   </trkpt>
   <trkpt lat="38.4019750" lon="-76.8424980">
    <ele>41.6</ele>
   </trkpt>
   <trkpt lat="38.4020080" lon="-76.8425810">
    <ele>41.6</ele>
   </trkpt>
   <trkpt lat="38.4020680" lon="-76.8425720">
    <ele>42.4</ele>
   </trkpt>
   <trkpt lat="38.4021300" lon="-76.8425080">
    <ele>43.0</ele>
   </trkpt>
   <trkpt lat="38.4021810" lon="-76.8424960">
    <ele>43.0</ele>
   </trkpt>
   <trkpt lat="38.4022470" lon="-76.8425120">
    <ele>43.0</ele>
   </trkpt>
   <trkpt lat="38.4023170" lon="-76.8425260">
    <ele>43.0</ele>
   </trkpt>
   <trkpt lat="38.4024510" lon="-76.8424670">
    <ele>42.6</ele>
   </trkpt>
   <trkpt lat="38.4025240" lon="-76.8424110">
    <ele>41.8</ele>
   </trkpt>
   <trkpt lat="38.4026300" lon="-76.8423090">
    <ele>37.4</ele>
   </trkpt>
   <trkpt lat="38.4027400" lon="-76.8422170">
    <ele>34.2</ele>
   </trkpt>
   <trkpt lat="38.4031150" lon="-76.8420260">
    <ele>34.2</ele>
   </trkpt>
   <trkpt lat="38.4031970" lon="-76.8420170">
    <ele>34.6</ele>
   </trkpt>
   <trkpt lat="38.4032510" lon="-76.8420260">
    <ele>37.2</ele>
   </trkpt>
   <trkpt lat="38.4033180" lon="-76.8420300">
    <ele>37.2</ele>
   </trkpt>
   <trkpt lat="38.4034100" lon="-76.8420460">
    <ele>37.2</ele>
   </trkpt>
   <trkpt lat="38.4035160" lon="-76.8420560">
    <ele>37.2</ele>
   </trkpt>
   <trkpt lat="38.4036110" lon="-76.8420540">
    <ele>34.0</ele>
   </trkpt>
   <trkpt lat="38.4036910" lon="-76.8420280">
    <ele>30.2</ele>
   </trkpt>
   <trkpt lat="38.4037430" lon="-76.8419690">
    <ele>28.6</ele>
   </trkpt>
   <trkpt lat="38.4037610" lon="-76.8418880">
    <ele>28.6</ele>
   </trkpt>
   <trkpt lat="38.4037020" lon="-76.8417290">
    <ele>28.6</ele>
   </trkpt>
   <trkpt lat="38.4036410" lon="-76.8416720">
    <ele>29.4</ele>
   </trkpt>
   <trkpt lat="38.4035930" lon="-76.8416270">
    <ele>30.8</ele>
   </trkpt>
   <trkpt lat="38.4035450" lon="-76.8415920">
    <ele>32.4</ele>
   </trkpt>
   <trkpt lat="38.4034950" lon="-76.8415630">
    <ele>35.0</ele>
   </trkpt>
   <trkpt lat="38.4034400" lon="-76.8415290">
    <ele>35.8</ele>
   </trkpt>
   <trkpt lat="38.4033920" lon="-76.8414760">
    <ele>37.2</ele>
   </trkpt>
   <trkpt lat="38.4033720" lon="-76.8414130">
    <ele>37.6</ele>
   </trkpt>
   <trkpt lat="38.4034090" lon="-76.8413670">
    <ele>38.6</ele>
   </trkpt>
   <trkpt lat="38.4034680" lon="-76.8413360">
    <ele>39.8</ele>
   </trkpt>
   <trkpt lat="38.4035360" lon="-76.8413210">
    <ele>40.2</ele>
   </trkpt>
   <trkpt lat="38.4037040" lon="-76.8413380">
    <ele>40.2</ele>
   </trkpt>
   <trkpt lat="38.4040060" lon="-76.8414530">
    <ele>34.6</ele>
   </trkpt>
   <trkpt lat="38.4040970" lon="-76.8414210">
    <ele>31.4</ele>
   </trkpt>
   <trkpt lat="38.4041710" lon="-76.8413500">
    <ele>30.6</ele>
   </trkpt>
   <trkpt lat="38.4042520" lon="-76.8411400">
    <ele>30.8</ele>
   </trkpt>
   <trkpt lat="38.4042730" lon="-76.8410290">
    <ele>30.8</ele>
   </trkpt>
   <trkpt lat="38.4043160" lon="-76.8407160">
    <ele>33.2</ele>
   </trkpt>
   <trkpt lat="38.4043310" lon="-76.8406380">
    <ele>34.6</ele>
   </trkpt>
   <trkpt lat="38.4043340" lon="-76.8405740">
    <ele>36.8</ele>
   </trkpt>
   <trkpt lat="38.4043430" lon="-76.8405030">
    <ele>39.6</ele>
   </trkpt>
   <trkpt lat="38.4043580" lon="-76.8404310">
    <ele>41.4</ele>
   </trkpt>
   <trkpt lat="38.4043650" lon="-76.8403550">
    <ele>42.0</ele>
   </trkpt>
   <trkpt lat="38.4043760" lon="-76.8402590">
    <ele>42.4</ele>
   </trkpt>
   <trkpt lat="38.4044020" lon="-76.8401490">
    <ele>42.4</ele>
   </trkpt>
   <trkpt lat="38.4044530" lon="-76.8400630">
    <ele>42.6</ele>
   </trkpt>
   <trkpt lat="38.4045190" lon="-76.8400190">
    <ele>42.6</ele>
   </trkpt>
   <trkpt lat="38.4045950" lon="-76.8400010">
    <ele>42.4</ele>
   </trkpt>
   <trkpt lat="38.4046790" lon="-76.8400170">
    <ele>42.2</ele>
   </trkpt>
   <trkpt lat="38.4048320" lon="-76.8401290">
    <ele>41.8</ele>
   </trkpt>
   <trkpt lat="38.4048890" lon="-76.8402180">
    <ele>41.2</ele>
   </trkpt>
   <trkpt lat="38.4049300" lon="-76.8403230">
    <ele>41.0</ele>
   </trkpt>
   <trkpt lat="38.4049520" lon="-76.8404490">
    <ele>40.0</ele>
   </trkpt>
   <trkpt lat="38.4049600" lon="-76.8407350">
    <ele>38.4</ele>
   </trkpt>
   <trkpt lat="38.4049460" lon="-76.8408970">
    <ele>38.2</ele>
   </trkpt>
   <trkpt lat="38.4049150" lon="-76.8412410">
    <ele>38.0</ele>
   </trkpt>
   <trkpt lat="38.4048660" lon="-76.8414830">
    <ele>37.8</ele>
   </trkpt>
   <trkpt lat="38.4047570" lon="-76.8417650">
    <ele>36.0</ele>
   </trkpt>
   <trkpt lat="38.4046860" lon="-76.8418740">
    <ele>34.8</ele>
   </trkpt>
   <trkpt lat="38.4045980" lon="-76.8419460">
    <ele>34.2</ele>
   </trkpt>
   <trkpt lat="38.4045080" lon="-76.8419870">
    <ele>33.6</ele>
   </trkpt>
   <trkpt lat="38.4043600" lon="-76.8420480">
    <ele>32.4</ele>
   </trkpt>
   <trkpt lat="38.4042460" lon="-76.8422240">
    <ele>30.8</ele>
   </trkpt>
   <trkpt lat="38.4042300" lon="-76.8423430">
    <ele>29.0</ele>
   </trkpt>
   <trkpt lat="38.4042260" lon="-76.8424550">
    <ele>28.6</ele>
   </trkpt>
   <trkpt lat="38.4041550" lon="-76.8425970">
    <ele>28.0</ele>
   </trkpt>
   <trkpt lat="38.4039420" lon="-76.8426670">
    <ele>27.4</ele>
   </trkpt>
   <trkpt lat="38.4038350" lon="-76.8426660">
    <ele>25.8</ele>
   </trkpt>
   <trkpt lat="38.4037290" lon="-76.8426710">
    <ele>25.0</ele>
   </trkpt>
   <trkpt lat="38.4036260" lon="-76.8427130">
    <ele>24.8</ele>
   </trkpt>
   <trkpt lat="38.4035400" lon="-76.8428030">
    <ele>24.2</ele>
   </trkpt>
   <trkpt lat="38.4035040" lon="-76.8429220">
    <ele>23.8</ele>
   </trkpt>
   <trkpt lat="38.4034160" lon="-76.8432000">
    <ele>24.0</ele>
   </trkpt>
   <trkpt lat="38.4033830" lon="-76.8432560">
    <ele>26.2</ele>
   </trkpt>
   <trkpt lat="38.4032880" lon="-76.8434030">
    <ele>26.2</ele>
   </trkpt>
   <trkpt lat="38.4032120" lon="-76.8434980">
    <ele>26.2</ele>
   </trkpt>
   <trkpt lat="38.4030260" lon="-76.8437440">
    <ele>25.6</ele>
   </trkpt>
   <trkpt lat="38.4029850" lon="-76.8437700">
    <ele>26.4</ele>
   </trkpt>
   <trkpt lat="38.4029410" lon="-76.8437900">
    <ele>28.8</ele>
   </trkpt>
   <trkpt lat="38.4028880" lon="-76.8438100">
    <ele>29.6</ele>
   </trkpt>
   <trkpt lat="38.4028410" lon="-76.8438150">
    <ele>30.0</ele>
   </trkpt>
   <trkpt lat="38.4027860" lon="-76.8438170">
    <ele>31.0</ele>
   </trkpt>
   <trkpt lat="38.4027230" lon="-76.8438060">
    <ele>32.4</ele>
   </trkpt>
   <trkpt lat="38.4026700" lon="-76.8437890">
    <ele>32.4</ele>
   </trkpt>
   <trkpt lat="38.4026110" lon="-76.8437070">
    <ele>34.4</ele>
   </trkpt>
   <trkpt lat="38.4025750" lon="-76.8435690">
    <ele>35.8</ele>
   </trkpt>
   <trkpt lat="38.4025610" lon="-76.8434940">
    <ele>36.4</ele>
   </trkpt>
   <trkpt lat="38.4025580" lon="-76.8434130">
    <ele>36.8</ele>
   </trkpt>
   <trkpt lat="38.4025630" lon="-76.8433410">
    <ele>37.8</ele>
   </trkpt>
   <trkpt lat="38.4026260" lon="-76.8432090">
    <ele>37.8</ele>
   </trkpt>
   <trkpt lat="38.4027700" lon="-76.8431100">
    <ele>37.6</ele>
   </trkpt>
   <trkpt lat="38.4029130" lon="-76.8430640">
    <ele>34.6</ele>
   </trkpt>
   <trkpt lat="38.4030420" lon="-76.8430290">
    <ele>31.2</ele>
   </trkpt>
   <trkpt lat="38.4031580" lon="-76.8429900">
    <ele>28.2</ele>
   </trkpt>
   <trkpt lat="38.4032540" lon="-76.8429370">
    <ele>25.6</ele>
   </trkpt>
   <trkpt lat="38.4033200" lon="-76.8428660">
    <ele>24.6</ele>
   </trkpt>
   <trkpt lat="38.4033490" lon="-76.8427970">
    <ele>24.6</ele>
   </trkpt>
   <trkpt lat="38.4033240" lon="-76.8427360">
    <ele>24.6</ele>
   </trkpt>
   <trkpt lat="38.4032000" lon="-76.8426960">
    <ele>24.8</ele>
   </trkpt>
   <trkpt lat="38.4029950" lon="-76.8428330">
    <ele>25.6</ele>
   </trkpt>
   <trkpt lat="38.4028760" lon="-76.8429010">
    <ele>27.8</ele>
   </trkpt>
   <trkpt lat="38.4028330" lon="-76.8429210">
    <ele>30.2</ele>
   </trkpt>
   <trkpt lat="38.4027850" lon="-76.8429380">
    <ele>33.0</ele>
   </trkpt>
   <trkpt lat="38.4027270" lon="-76.8429450">
    <ele>34.4</ele>
   </trkpt>
   <trkpt lat="38.4026000" lon="-76.8429630">
    <ele>35.6</ele>
   </trkpt>
   <trkpt lat="38.4025390" lon="-76.8429950">
    <ele>37.0</ele>
   </trkpt>
   <trkpt lat="38.4024730" lon="-76.8430350">
    <ele>38.0</ele>
   </trkpt>
   <trkpt lat="38.4024120" lon="-76.8430850">
    <ele>38.4</ele>
   </trkpt>
   <trkpt lat="38.4023710" lon="-76.8431430">
    <ele>38.4</ele>
   </trkpt>
   <trkpt lat="38.4023150" lon="-76.8432580">
    <ele>38.0</ele>
   </trkpt>
   <trkpt lat="38.4022280" lon="-76.8433390">
    <ele>37.6</ele>
   </trkpt>
   <trkpt lat="38.4021660" lon="-76.8433880">
    <ele>36.6</ele>
   </trkpt>
   <trkpt lat="38.4020980" lon="-76.8434580">
    <ele>35.4</ele>
   </trkpt>
   <trkpt lat="38.4020210" lon="-76.8435350">
    <ele>33.6</ele>
   </trkpt>
   <trkpt lat="38.4019450" lon="-76.8435860">
    <ele>31.0</ele>
   </trkpt>
   <trkpt lat="38.4018670" lon="-76.8436250">
    <ele>29.4</ele>
   </trkpt>
   <trkpt lat="38.4017960" lon="-76.8436670">
    <ele>28.2</ele>
   </trkpt>
   <trkpt lat="38.4016740" lon="-76.8437880">
    <ele>28.2</ele>
   </trkpt>
   <trkpt lat="38.4015630" lon="-76.8440110">
    <ele>28.8</ele>
   </trkpt>
   <trkpt lat="38.4015180" lon="-76.8440740">
    <ele>29.2</ele>
   </trkpt>
   <trkpt lat="38.4014770" lon="-76.8441220">
    <ele>29.6</ele>
   </trkpt>
   <trkpt lat="38.4014440" lon="-76.8441570">
    <ele>30.2</ele>
   </trkpt>
   <trkpt lat="38.4014080" lon="-76.8441970">
    <ele>31.0</ele>
   </trkpt>
   <trkpt lat="38.4013550" lon="-76.8442420">
    <ele>31.0</ele>
   </trkpt>
   <trkpt lat="38.4012540" lon="-76.8443210">
    <ele>31.2</ele>
   </trkpt>
   <trkpt lat="38.4012120" lon="-76.8443430">
    <ele>31.2</ele>
   </trkpt>
   <trkpt lat="38.4011360" lon="-76.8443840">
    <ele>31.4</ele>
   </trkpt>
   <trkpt lat="38.4010740" lon="-76.8444080">
    <ele>31.4</ele>
   </trkpt>
   <trkpt lat="38.4009630" lon="-76.8444250">
    <ele>31.6</ele>
   </trkpt>
   <trkpt lat="38.4007410" lon="-76.8443610">
    <ele>31.6</ele>
   </trkpt>
   <trkpt lat="38.4006140" lon="-76.8442210">
    <ele>31.8</ele>
   </trkpt>
   <trkpt lat="38.4005390" lon="-76.8440190">
    <ele>33.0</ele>
   </trkpt>
   <trkpt lat="38.4005410" lon="-76.8439020">
    <ele>34.4</ele>
   </trkpt>
   <trkpt lat="38.4005520" lon="-76.8437890">
    <ele>36.0</ele>
   </trkpt>
   <trkpt lat="38.4005800" lon="-76.8436800">
    <ele>36.4</ele>
   </trkpt>
   <trkpt lat="38.4006340" lon="-76.8435850">
    <ele>37.2</ele>
   </trkpt>
   <trkpt lat="38.4007000" lon="-76.8435030">
    <ele>38.0</ele>
   </trkpt>
   <trkpt lat="38.4007680" lon="-76.8434060">
    <ele>38.8</ele>
   </trkpt>
   <trkpt lat="38.4008350" lon="-76.8432930">
    <ele>39.0</ele>
   </trkpt>
   <trkpt lat="38.4009760" lon="-76.8429060">
    <ele>39.8</ele>
   </trkpt>
   <trkpt lat="38.4010030" lon="-76.8427650">
    <ele>40.2</ele>
   </trkpt>
   <trkpt lat="38.4009980" lon="-76.8423370">
    <ele>40.6</ele>
   </trkpt>
   <trkpt lat="38.4011100" lon="-76.8420810">
    <ele>40.8</ele>
   </trkpt>
   <trkpt lat="38.4013650" lon="-76.8418570">
    <ele>41.4</ele>
   </trkpt>
   <trkpt lat="38.4014470" lon="-76.8417800">
    <ele>42.8</ele>
   </trkpt>
   <trkpt lat="38.4017200" lon="-76.8414770">
    <ele>42.8</ele>
   </trkpt>
   <trkpt lat="38.4021140" lon="-76.8409950">
    <ele>42.2</ele>
   </trkpt>
   <trkpt lat="38.4023190" lon="-76.8407520">
    <ele>42.2</ele>
   </trkpt>
   <trkpt lat="38.4024320" lon="-76.8406460">
    <ele>42.2</ele>
   </trkpt>
   <trkpt lat="38.4025520" lon="-76.8405820">
    <ele>42.6</ele>
   </trkpt>
   <trkpt lat="38.4026760" lon="-76.8405660">
    <ele>42.6</ele>
   </trkpt>
   <trkpt lat="38.4028000" lon="-76.8406010">
    <ele>43.0</ele>
   </trkpt>
   <trkpt lat="38.4028970" lon="-76.8406750">
    <ele>43.2</ele>
   </trkpt>
   <trkpt lat="38.4029430" lon="-76.8408080">
    <ele>43.4</ele>
   </trkpt>
   <trkpt lat="38.4029400" lon="-76.8409580">
    <ele>43.4</ele>
   </trkpt>
   <trkpt lat="38.4029180" lon="-76.8411170">
    <ele>43.4</ele>
   </trkpt>
   <trkpt lat="38.4028650" lon="-76.8412620">
    <ele>43.4</ele>
   </trkpt>
   <trkpt lat="38.4027840" lon="-76.8413970">
    <ele>43.4</ele>
   </trkpt>
   <trkpt lat="38.4023840" lon="-76.8419110">
    <ele>42.4</ele>
   </trkpt>
   <trkpt lat="38.4020310" lon="-76.8423590">
    <ele>42.2</ele>
   </trkpt>
   <trkpt lat="38.4019820" lon="-76.8424450">
    <ele>42.4</ele>
   </trkpt>
   <trkpt lat="38.4019790" lon="-76.8425170">
    <ele>42.4</ele>
   </trkpt>
   <trkpt lat="38.4020300" lon="-76.8425570">
    <ele>43.6</ele>
   </trkpt>
   <trkpt lat="38.4020850" lon="-76.8425270">
    <ele>43.8</ele>
   </trkpt>
   <trkpt lat="38.4021470" lon="-76.8425290">
    <ele>43.8</ele>
   </trkpt>
   <trkpt lat="38.4022180" lon="-76.8425370">
    <ele>43.8</ele>
   </trkpt>
   <trkpt lat="38.4022960" lon="-76.8425070">
    <ele>43.8</ele>
   </trkpt>
   <trkpt lat="38.4023770" lon="-76.8424590">
    <ele>43.6</ele>
   </trkpt>
   <trkpt lat="38.4024730" lon="-76.8423800">
    <ele>43.4</ele>
   </trkpt>
   <trkpt lat="38.4025830" lon="-76.8422770">
    <ele>40.8</ele>
   </trkpt>
   <trkpt lat="38.4026960" lon="-76.8421850">
    <ele>36.6</ele>
   </trkpt>
   <trkpt lat="38.4028130" lon="-76.8421100">
    <ele>34.8</ele>
   </trkpt>
   <trkpt lat="38.4029400" lon="-76.8420530">
    <ele>34.6</ele>
   </trkpt>
   <trkpt lat="38.4031880" lon="-76.8420180">
    <ele>34.6</ele>
   </trkpt>
   <trkpt lat="38.4032760" lon="-76.8420150">
    <ele>36.2</ele>
   </trkpt>
   <trkpt lat="38.4033450" lon="-76.8420100">
    <ele>37.8</ele>
   </trkpt>
   <trkpt lat="38.4035040" lon="-76.8420570">
    <ele>37.8</ele>
   </trkpt>
   <trkpt lat="38.4036050" lon="-76.8420640">
    <ele>37.2</ele>
   </trkpt>
   <trkpt lat="38.4036980" lon="-76.8420490">
    <ele>32.6</ele>
   </trkpt>
   <trkpt lat="38.4037660" lon="-76.8420060">
    <ele>30.2</ele>
   </trkpt>
   <trkpt lat="38.4037890" lon="-76.8419110">
    <ele>29.4</ele>
   </trkpt>
   <trkpt lat="38.4037460" lon="-76.8417420">
    <ele>29.4</ele>
   </trkpt>
   <trkpt lat="38.4036580" lon="-76.8416140">
    <ele>30.8</ele>
   </trkpt>
   <trkpt lat="38.4036150" lon="-76.8415750">
    <ele>32.2</ele>
   </trkpt>
   <trkpt lat="38.4035680" lon="-76.8415500">
    <ele>34.4</ele>
   </trkpt>
   <trkpt lat="38.4035140" lon="-76.8415260">
    <ele>36.2</ele>
   </trkpt>
   <trkpt lat="38.4034580" lon="-76.8414940">
    <ele>37.4</ele>
   </trkpt>
   <trkpt lat="38.4034110" lon="-76.8414450">
    <ele>38.4</ele>
   </trkpt>
   <trkpt lat="38.4034110" lon="-76.8413960">
    <ele>38.8</ele>
   </trkpt>
   <trkpt lat="38.4034420" lon="-76.8413620">
    <ele>40.2</ele>
   </trkpt>
   <trkpt lat="38.4034910" lon="-76.8413420">
    <ele>40.6</ele>
   </trkpt>
   <trkpt lat="38.4036290" lon="-76.8413270">
    <ele>41.0</ele>
   </trkpt>
   <trkpt lat="38.4037840" lon="-76.8413930">
    <ele>41.0</ele>
   </trkpt>
   <trkpt lat="38.4038950" lon="-76.8414580">
    <ele>39.8</ele>
   </trkpt>
   <trkpt lat="38.4040020" lon="-76.8414900">
    <ele>35.4</ele>
   </trkpt>
   <trkpt lat="38.4040950" lon="-76.8414820">
    <ele>31.6</ele>
   </trkpt>
   <trkpt lat="38.4041640" lon="-76.8414300">
    <ele>31.0</ele>
   </trkpt>
   <trkpt lat="38.4042130" lon="-76.8413500">
    <ele>31.0</ele>
   </trkpt>
   <trkpt lat="38.4042440" lon="-76.8412500">
    <ele>31.0</ele>
   </trkpt>
   <trkpt lat="38.4042880" lon="-76.8410110">
    <ele>31.8</ele>
   </trkpt>
   <trkpt lat="38.4043050" lon="-76.8408910">
    <ele>32.6</ele>
   </trkpt>
   <trkpt lat="38.4043260" lon="-76.8407820">
    <ele>33.8</ele>
   </trkpt>
   <trkpt lat="38.4043550" lon="-76.8406120">
    <ele>36.6</ele>
   </trkpt>
   <trkpt lat="38.4043600" lon="-76.8405410">
    <ele>39.4</ele>
   </trkpt>
   <trkpt lat="38.4043760" lon="-76.8404690">
    <ele>41.8</ele>
   </trkpt>
   <trkpt lat="38.4043820" lon="-76.8403980">
    <ele>42.2</ele>
   </trkpt>
   <trkpt lat="38.4043790" lon="-76.8403150">
    <ele>42.8</ele>
   </trkpt>
   <trkpt lat="38.4043930" lon="-76.8402090">
    <ele>43.0</ele>
   </trkpt>
   <trkpt lat="38.4045010" lon="-76.8400270">
    <ele>43.6</ele>
   </trkpt>
   <trkpt lat="38.4046460" lon="-76.8399840">
    <ele>43.0</ele>
   </trkpt>
   <trkpt lat="38.4047990" lon="-76.8400500">
    <ele>42.6</ele>
   </trkpt>
   <trkpt lat="38.4048680" lon="-76.8401210">
    <ele>42.2</ele>
   </trkpt>
   <trkpt lat="38.4049210" lon="-76.8402240">
    <ele>41.6</ele>
   </trkpt>
   <trkpt lat="38.4049460" lon="-76.8403520">
    <ele>40.8</ele>
   </trkpt>
   <trkpt lat="38.4049530" lon="-76.8404960">
    <ele>40.4</ele>
   </trkpt>
   <trkpt lat="38.4049540" lon="-76.8406530">
    <ele>39.2</ele>
   </trkpt>
   <trkpt lat="38.4049410" lon="-76.8408220">
    <ele>38.8</ele>
   </trkpt>
   <trkpt lat="38.4049350" lon="-76.8410480">
    <ele>38.8</ele>
   </trkpt>
   <trkpt lat="38.4049250" lon="-76.8411440">
    <ele>38.8</ele>
   </trkpt>
   <trkpt lat="38.4048780" lon="-76.8413790">
    <ele>38.2</ele>
   </trkpt>
   <trkpt lat="38.4047890" lon="-76.8416650">
    <ele>38.0</ele>
   </trkpt>
   <trkpt lat="38.4047280" lon="-76.8417850">
    <ele>36.0</ele>
   </trkpt>
   <trkpt lat="38.4046380" lon="-76.8418470">
    <ele>34.8</ele>
   </trkpt>
   <trkpt lat="38.4045430" lon="-76.8418940">
    <ele>34.6</ele>
   </trkpt>
   <trkpt lat="38.4043940" lon="-76.8419630">
    <ele>33.6</ele>
   </trkpt>
   <trkpt lat="38.4043310" lon="-76.8420230">
    <ele>33.0</ele>
   </trkpt>
   <trkpt lat="38.4042820" lon="-76.8421290">
    <ele>32.4</ele>
   </trkpt>
   <trkpt lat="38.4042580" lon="-76.8422550">
    <ele>30.0</ele>
   </trkpt>
   <trkpt lat="38.4042490" lon="-76.8424840">
    <ele>29.2</ele>
   </trkpt>
   <trkpt lat="38.4042240" lon="-76.8425760">
    <ele>28.8</ele>
   </trkpt>
   <trkpt lat="38.4041720" lon="-76.8426550">
    <ele>28.2</ele>
   </trkpt>
   <trkpt lat="38.4040860" lon="-76.8426980">
    <ele>28.2</ele>
   </trkpt>
   <trkpt lat="38.4039830" lon="-76.8427050">
    <ele>27.6</ele>
   </trkpt>
   <trkpt lat="38.4038780" lon="-76.8427020">
    <ele>26.2</ele>
   </trkpt>
   <trkpt lat="38.4037730" lon="-76.8427020">
    <ele>25.4</ele>
   </trkpt>
   <trkpt lat="38.4036140" lon="-76.8428160">
    <ele>24.8</ele>
   </trkpt>
   <trkpt lat="38.4034420" lon="-76.8431640">
    <ele>24.4</ele>
   </trkpt>
   <trkpt lat="38.4034100" lon="-76.8432240">
    <ele>26.6</ele>
   </trkpt>
   <trkpt lat="38.4032310" lon="-76.8435380">
    <ele>25.0</ele>
   </trkpt>
   <trkpt lat="38.4032080" lon="-76.8435930">
    <ele>23.8</ele>
   </trkpt>
   <trkpt lat="38.4031960" lon="-76.8436420">
    <ele>23.8</ele>
   </trkpt>
   <trkpt lat="38.4031790" lon="-76.8436950">
    <ele>23.8</ele>
   </trkpt>
   <trkpt lat="38.4031550" lon="-76.8437380">
    <ele>23.8</ele>
   </trkpt>
   <trkpt lat="38.4030970" lon="-76.8437910">
    <ele>25.4</ele>
   </trkpt>
   <trkpt lat="38.4030560" lon="-76.8438260">
    <ele>26.6</ele>
   </trkpt>
   <trkpt lat="38.4029780" lon="-76.8438720">
    <ele>28.2</ele>
   </trkpt>
   <trkpt lat="38.4029400" lon="-76.8438850">
    <ele>29.2</ele>
   </trkpt>
   <trkpt lat="38.4028920" lon="-76.8438910">
    <ele>29.8</ele>
   </trkpt>
   <trkpt lat="38.4027930" lon="-76.8438680">
    <ele>30.8</ele>
   </trkpt>
   <trkpt lat="38.4026900" lon="-76.8437960">
    <ele>32.4</ele>
   </trkpt>
   <trkpt lat="38.4026460" lon="-76.8437540">
    <ele>33.2</ele>
   </trkpt>
   <trkpt lat="38.4026150" lon="-76.8436980">
    <ele>34.0</ele>
   </trkpt>
   <trkpt lat="38.4026020" lon="-76.8436290">
    <ele>35.2</ele>
   </trkpt>
   <trkpt lat="38.4025850" lon="-76.8434710">
    <ele>36.8</ele>
   </trkpt>
   <trkpt lat="38.4025810" lon="-76.8433070">
    <ele>38.4</ele>
   </trkpt>
   <trkpt lat="38.4026120" lon="-76.8432370">
    <ele>38.4</ele>
   </trkpt>
   <trkpt lat="38.4026570" lon="-76.8431690">
    <ele>38.4</ele>
   </trkpt>
   <trkpt lat="38.4028480" lon="-76.8430700">
    <ele>37.0</ele>
   </trkpt>
   <trkpt lat="38.4029810" lon="-76.8430280">
    <ele>33.4</ele>
   </trkpt>
   <trkpt lat="38.4031050" lon="-76.8429900">
    <ele>29.6</ele>
   </trkpt>
   <trkpt lat="38.4032090" lon="-76.8429470">
    <ele>26.6</ele>
   </trkpt>
   <trkpt lat="38.4032820" lon="-76.8428810">
    <ele>25.6</ele>
   </trkpt>
   <trkpt lat="38.4033160" lon="-76.8428000">
    <ele>25.2</ele>
   </trkpt>
   <trkpt lat="38.4032820" lon="-76.8426760">
    <ele>25.2</ele>
   </trkpt>
   <trkpt lat="38.4031480" lon="-76.8427150">
    <ele>25.6</ele>
   </trkpt>
   <trkpt lat="38.4030800" lon="-76.8427610">
    <ele>26.0</ele>
   </trkpt>
   <trkpt lat="38.4029490" lon="-76.8428340">
    <ele>26.8</ele>
   </trkpt>
   <trkpt lat="38.4028930" lon="-76.8428650">
    <ele>28.4</ele>
   </trkpt>
   <trkpt lat="38.4028430" lon="-76.8428930">
    <ele>30.8</ele>
   </trkpt>
   <trkpt lat="38.4027910" lon="-76.8429200">
    <ele>33.8</ele>
   </trkpt>
   <trkpt lat="38.4027300" lon="-76.8429450">
    <ele>35.2</ele>
   </trkpt>
   <trkpt lat="38.4026020" lon="-76.8429920">
    <ele>36.2</ele>
   </trkpt>
   <trkpt lat="38.4025280" lon="-76.8430300">
    <ele>38.2</ele>
   </trkpt>
   <trkpt lat="38.4023900" lon="-76.8431650">
    <ele>38.8</ele>
   </trkpt>
   <trkpt lat="38.4022160" lon="-76.8433830">
    <ele>38.4</ele>
   </trkpt>
   <trkpt lat="38.4021350" lon="-76.8434540">
    <ele>37.0</ele>
   </trkpt>
   <trkpt lat="38.4020380" lon="-76.8435420">
    <ele>35.6</ele>
   </trkpt>
   <trkpt lat="38.4019320" lon="-76.8436250">
    <ele>32.8</ele>
   </trkpt>
   <trkpt lat="38.4018320" lon="-76.8436910">
    <ele>30.0</ele>
   </trkpt>
   <trkpt lat="38.4017670" lon="-76.8437440">
    <ele>28.6</ele>
   </trkpt>
   <trkpt lat="38.4017110" lon="-76.8437960">
    <ele>28.8</ele>
   </trkpt>
   <trkpt lat="38.4016590" lon="-76.8438600">
    <ele>28.8</ele>
   </trkpt>
   <trkpt lat="38.4014960" lon="-76.8441100">
    <ele>29.8</ele>
   </trkpt>
   <trkpt lat="38.4014490" lon="-76.8441670">
    <ele>30.4</ele>
   </trkpt>
   <trkpt lat="38.4013490" lon="-76.8442580">
    <ele>31.4</ele>
   </trkpt>
   <trkpt lat="38.4012960" lon="-76.8443070">
    <ele>31.6</ele>
   </trkpt>
   <trkpt lat="38.4012400" lon="-76.8443410">
    <ele>31.6</ele>
   </trkpt>
   <trkpt lat="38.4011960" lon="-76.8443570">
    <ele>31.6</ele>
   </trkpt>
   <trkpt lat="38.4011030" lon="-76.8443970">
    <ele>31.8</ele>
   </trkpt>
   <trkpt lat="38.4010380" lon="-76.8444200">
    <ele>31.8</ele>
   </trkpt>
   <trkpt lat="38.4009190" lon="-76.8444260">
    <ele>32.0</ele>
   </trkpt>
   <trkpt lat="38.4007720" lon="-76.8444030">
    <ele>32.0</ele>
   </trkpt>
   <trkpt lat="38.4007110" lon="-76.8443700">
    <ele>32.0</ele>
   </trkpt>
   <trkpt lat="38.4006340" lon="-76.8443000">
    <ele>32.2</ele>
   </trkpt>
   <trkpt lat="38.4005910" lon="-76.8442010">
    <ele>32.2</ele>
   </trkpt>
   <trkpt lat="38.4005580" lon="-76.8440880">
    <ele>32.6</ele>
   </trkpt>
   <trkpt lat="38.4005360" lon="-76.8439730">
    <ele>33.6</ele>
   </trkpt>
   <trkpt lat="38.4005280" lon="-76.8438570">
    <ele>35.0</ele>
   </trkpt>
   <trkpt lat="38.4005320" lon="-76.8437410">
    <ele>36.2</ele>
   </trkpt>
   <trkpt lat="38.4005550" lon="-76.8436400">
    <ele>37.0</ele>
   </trkpt>
   <trkpt lat="38.4006140" lon="-76.8435480">
    <ele>38.0</ele>
   </trkpt>
   <trkpt lat="38.4006890" lon="-76.8434520">
    <ele>38.8</ele>
   </trkpt>
   <trkpt lat="38.4007470" lon="-76.8433370">
    <ele>39.2</ele>
   </trkpt>
   <trkpt lat="38.4008030" lon="-76.8432120">
    <ele>39.4</ele>
   </trkpt>
   <trkpt lat="38.4009540" lon="-76.8428130">
    <ele>40.0</ele>
   </trkpt>
   <trkpt lat="38.4009680" lon="-76.8426660">
    <ele>40.4</ele>
   </trkpt>
   <trkpt lat="38.4009650" lon="-76.8423660">
    <ele>40.8</ele>
   </trkpt>
   <trkpt lat="38.4010020" lon="-76.8422220">
    <ele>40.8</ele>
   </trkpt>
   <trkpt lat="38.4010680" lon="-76.8420980">
    <ele>40.8</ele>
   </trkpt>
   <trkpt lat="38.4011510" lon="-76.8420020">
    <ele>41.0</ele>
   </trkpt>
   <trkpt lat="38.4012440" lon="-76.8419320">
    <ele>41.2</ele>
   </trkpt>
   <trkpt lat="38.4013220" lon="-76.8418860">
    <ele>41.4</ele>
   </trkpt>
   <trkpt lat="38.4014360" lon="-76.8417920">
    <ele>43.0</ele>
   </trkpt>
   <trkpt lat="38.4018080" lon="-76.8413650">
    <ele>43.0</ele>
   </trkpt>
   <trkpt lat="38.4021970" lon="-76.8408850">
    <ele>42.6</ele>
   </trkpt>
   <trkpt lat="38.4024070" lon="-76.8406600">
    <ele>42.6</ele>
   </trkpt>
   <trkpt lat="38.4026560" lon="-76.8405490">
    <ele>43.0</ele>
   </trkpt>
   <trkpt lat="38.4028770" lon="-76.8406420">
    <ele>43.4</ele>
   </trkpt>
   <trkpt lat="38.4029340" lon="-76.8407670">
    <ele>44.0</ele>
   </trkpt>
   <trkpt lat="38.4029430" lon="-76.8409130">
    <ele>44.2</ele>
   </trkpt>
   <trkpt lat="38.4028780" lon="-76.8412240">
    <ele>44.0</ele>
   </trkpt>
   <trkpt lat="38.4026210" lon="-76.8416220">
    <ele>43.4</ele>
   </trkpt>
   <trkpt lat="38.4024170" lon="-76.8418780">
    <ele>43.0</ele>
   </trkpt>
   <trkpt lat="38.4020980" lon="-76.8422570">
    <ele>42.6</ele>
   </trkpt>
   <trkpt lat="38.4019680" lon="-76.8424460">
    <ele>42.6</ele>
   </trkpt>
   <trkpt lat="38.4019860" lon="-76.8425630">
    <ele>43.0</ele>
   </trkpt>
   <trkpt lat="38.4020900" lon="-76.8425200">
    <ele>44.0</ele>
   </trkpt>
   <trkpt lat="38.4021390" lon="-76.8425160">
    <ele>44.0</ele>
   </trkpt>
   <trkpt lat="38.4022030" lon="-76.8425330">
    <ele>44.0</ele>
   </trkpt>
   <trkpt lat="38.4022820" lon="-76.8425380">
    <ele>44.0</ele>
   </trkpt>
   <trkpt lat="38.4023540" lon="-76.8425060">
    <ele>43.8</ele>
   </trkpt>
   <trkpt lat="38.4024210" lon="-76.8424450">
    <ele>43.6</ele>
   </trkpt>
   <trkpt lat="38.4026300" lon="-76.8422710">
    <ele>39.6</ele>
   </trkpt>
   <trkpt lat="38.4027540" lon="-76.8421900">
    <ele>35.4</ele>
   </trkpt>
   <trkpt lat="38.4031160" lon="-76.8420370">
    <ele>35.2</ele>
   </trkpt>
   <trkpt lat="38.4032450" lon="-76.8420500">
    <ele>37.2</ele>
   </trkpt>
   <trkpt lat="38.4033100" lon="-76.8420490">
    <ele>39.2</ele>
   </trkpt>
   <trkpt lat="38.4036210" lon="-76.8420730">
    <ele>36.2</ele>
   </trkpt>
   <trkpt lat="38.4037000" lon="-76.8420660">
    <ele>32.8</ele>
   </trkpt>
   <trkpt lat="38.4037700" lon="-76.8420390">
    <ele>30.8</ele>
   </trkpt>
   <trkpt lat="38.4038170" lon="-76.8419790">
    <ele>29.6</ele>
   </trkpt>
   <trkpt lat="38.4038190" lon="-76.8418990">
    <ele>29.6</ele>
   </trkpt>
   <trkpt lat="38.4038020" lon="-76.8418190">
    <ele>29.6</ele>
   </trkpt>
   <trkpt lat="38.4037610" lon="-76.8417440">
    <ele>29.6</ele>
   </trkpt>
   <trkpt lat="38.4037080" lon="-76.8416880">
    <ele>30.8</ele>
   </trkpt>
   <trkpt lat="38.4036610" lon="-76.8416460">
    <ele>32.0</ele>
   </trkpt>
   <trkpt lat="38.4036120" lon="-76.8416060">
    <ele>33.4</ele>
   </trkpt>
   <trkpt lat="38.4035550" lon="-76.8415760">
    <ele>36.2</ele>
   </trkpt>
   <trkpt lat="38.4034370" lon="-76.8414870">
    <ele>38.2</ele>
   </trkpt>
   <trkpt lat="38.4034320" lon="-76.8413830">
    <ele>39.6</ele>
   </trkpt>
   <trkpt lat="38.4035430" lon="-76.8413410">
    <ele>41.0</ele>
   </trkpt>
   <trkpt lat="38.4036260" lon="-76.8413350">
    <ele>41.4</ele>
   </trkpt>
   <trkpt lat="38.4037060" lon="-76.8413440">
    <ele>41.4</ele>
   </trkpt>
   <trkpt lat="38.4038780" lon="-76.8414440">
    <ele>41.2</ele>
   </trkpt>
   <trkpt lat="38.4039840" lon="-76.8415060">
    <ele>37.6</ele>
   </trkpt>
   <trkpt lat="38.4040800" lon="-76.8415250">
    <ele>33.0</ele>
   </trkpt>
   <trkpt lat="38.4041630" lon="-76.8414830">
    <ele>31.0</ele>
   </trkpt>
   <trkpt lat="38.4042190" lon="-76.8413990">
    <ele>31.0</ele>
   </trkpt>
   <trkpt lat="38.4042650" lon="-76.8411860">
    <ele>31.0</ele>
   </trkpt>
   <trkpt lat="38.4042760" lon="-76.8410710">
    <ele>31.8</ele>
   </trkpt>
   <trkpt lat="38.4042870" lon="-76.8409560">
    <ele>32.2</ele>
   </trkpt>
   <trkpt lat="38.4043130" lon="-76.8407460">
    <ele>34.0</ele>
   </trkpt>
   <trkpt lat="38.4043290" lon="-76.8406650">
    <ele>35.4</ele>
   </trkpt>
   <trkpt lat="38.4043300" lon="-76.8405950">
    <ele>38.0</ele>
   </trkpt>
   <trkpt lat="38.4043300" lon="-76.8405270">
    <ele>40.8</ele>
   </trkpt>
   <trkpt lat="38.4043410" lon="-76.8404710">
    <ele>42.2</ele>
   </trkpt>
   <trkpt lat="38.4043520" lon="-76.8403980">
    <ele>43.0</ele>
   </trkpt>
   <trkpt lat="38.4044000" lon="-76.8401850">
    <ele>43.4</ele>
   </trkpt>
   <trkpt lat="38.4045300" lon="-76.8400560">
    <ele>43.8</ele>
   </trkpt>
   <trkpt lat="38.4046930" lon="-76.8400500">
    <ele>43.4</ele>
   </trkpt>
   <trkpt lat="38.4048530" lon="-76.8401480">
    <ele>42.8</ele>
   </trkpt>
   <trkpt lat="38.4049080" lon="-76.8402310">
    <ele>42.2</ele>
   </trkpt>
   <trkpt lat="38.4049560" lon="-76.8403260">
    <ele>41.8</ele>
   </trkpt>
   <trkpt lat="38.4049870" lon="-76.8404410">
    <ele>41.0</ele>
   </trkpt>
   <trkpt lat="38.4050040" lon="-76.8405690">
    <ele>40.0</ele>
   </trkpt>
   <trkpt lat="38.4049800" lon="-76.8408880">
    <ele>39.2</ele>
   </trkpt>
   <trkpt lat="38.4049310" lon="-76.8412520">
    <ele>38.8</ele>
   </trkpt>
   <trkpt lat="38.4048420" lon="-76.8416270">
    <ele>38.4</ele>
   </trkpt>
   <trkpt lat="38.4047900" lon="-76.8417580">
    <ele>36.8</ele>
   </trkpt>
   <trkpt lat="38.4047090" lon="-76.8418520">
    <ele>35.4</ele>
   </trkpt>
   <trkpt lat="38.4046110" lon="-76.8419200">
    <ele>34.4</ele>
   </trkpt>
   <trkpt lat="38.4045140" lon="-76.8419650">
    <ele>34.4</ele>
   </trkpt>
   <trkpt lat="38.4043600" lon="-76.8420340">
    <ele>33.2</ele>
   </trkpt>
   <trkpt lat="38.4042660" lon="-76.8422240">
    <ele>30.8</ele>
   </trkpt>
   <trkpt lat="38.4042690" lon="-76.8423570">
    <ele>29.6</ele>
   </trkpt>
   <trkpt lat="38.4042720" lon="-76.8424800">
    <ele>29.4</ele>
   </trkpt>
   <trkpt lat="38.4042360" lon="-76.8425660">
    <ele>28.8</ele>
   </trkpt>
   <trkpt lat="38.4041530" lon="-76.8426130">
    <ele>28.4</ele>
   </trkpt>
   <trkpt lat="38.4040580" lon="-76.8426480">
    <ele>28.2</ele>
   </trkpt>
   <trkpt lat="38.4038370" lon="-76.8426610">
    <ele>26.2</ele>
   </trkpt>
   <trkpt lat="38.4037240" lon="-76.8426830">
    <ele>25.4</ele>
   </trkpt>
   <trkpt lat="38.4035770" lon="-76.8428540">
    <ele>24.8</ele>
   </trkpt>
   <trkpt lat="38.4034580" lon="-76.8431620">
    <ele>24.8</ele>
   </trkpt>
   <trkpt lat="38.4034250" lon="-76.8432280">
    <ele>26.4</ele>
   </trkpt>
   <trkpt lat="38.4031720" lon="-76.8435790">
    <ele>26.4</ele>
   </trkpt>
   <trkpt lat="38.4031000" lon="-76.8436650">
    <ele>26.4</ele>
   </trkpt>
   <trkpt lat="38.4029810" lon="-76.8437530">
    <ele>26.4</ele>
   </trkpt>
   <trkpt lat="38.4029310" lon="-76.8437750">
    <ele>29.0</ele>
   </trkpt>
   <trkpt lat="38.4028780" lon="-76.8437940">
    <ele>30.2</ele>
   </trkpt>
   <trkpt lat="38.4027620" lon="-76.8438030">
    <ele>32.0</ele>
   </trkpt>
   <trkpt lat="38.4027060" lon="-76.8438030">
    <ele>32.8</ele>
   </trkpt>
   <trkpt lat="38.4026650" lon="-76.8437810">
    <ele>33.2</ele>
   </trkpt>
   <trkpt lat="38.4026360" lon="-76.8437440">
    <ele>34.4</ele>
   </trkpt>
   <trkpt lat="38.4026110" lon="-76.8436840">
    <ele>35.6</ele>
   </trkpt>
   <trkpt lat="38.4025730" lon="-76.8435380">
    <ele>36.6</ele>
   </trkpt>
   <trkpt lat="38.4025770" lon="-76.8434590">
    <ele>37.2</ele>
   </trkpt>
   <trkpt lat="38.4025900" lon="-76.8433780">
    <ele>38.0</ele>
   </trkpt>
   <trkpt lat="38.4026610" lon="-76.8432380">
    <ele>38.2</ele>
   </trkpt>
   <trkpt lat="38.4028140" lon="-76.8431360">
    <ele>37.8</ele>
   </trkpt>
   <trkpt lat="38.4029220" lon="-76.8430930">
    <ele>35.2</ele>
   </trkpt>
   <trkpt lat="38.4030350" lon="-76.8430430">
    <ele>32.6</ele>
   </trkpt>
   <trkpt lat="38.4031360" lon="-76.8430010">
    <ele>29.2</ele>
   </trkpt>
   <trkpt lat="38.4032220" lon="-76.8429630">
    <ele>26.8</ele>
   </trkpt>
   <trkpt lat="38.4032890" lon="-76.8429160">
    <ele>25.4</ele>
   </trkpt>
   <trkpt lat="38.4033290" lon="-76.8428650">
    <ele>25.0</ele>
   </trkpt>
   <trkpt lat="38.4033310" lon="-76.8428110">
    <ele>25.0</ele>
   </trkpt>
   <trkpt lat="38.4033030" lon="-76.8427530">
    <ele>25.0</ele>
   </trkpt>
   <trkpt lat="38.4032410" lon="-76.8427320">
    <ele>25.0</ele>
   </trkpt>
   <trkpt lat="38.4031720" lon="-76.8427520">
    <ele>25.6</ele>
   </trkpt>
   <trkpt lat="38.4030360" lon="-76.8428380">
    <ele>26.0</ele>
   </trkpt>
   <trkpt lat="38.4029720" lon="-76.8428680">
    <ele>26.2</ele>
   </trkpt>
   <trkpt lat="38.4029310" lon="-76.8428840">
    <ele>27.4</ele>
   </trkpt>
   <trkpt lat="38.4029050" lon="-76.8428950">
    <ele>29.0</ele>
   </trkpt>
   <trkpt lat="38.4028970" lon="-76.8428960">
    <ele>30.4</ele>
   </trkpt>
   <trkpt lat="38.4028970" lon="-76.8428980">
    <ele>32.0</ele>
   </trkpt>
   <trkpt lat="38.4028600" lon="-76.8429210">
    <ele>35.0</ele>
   </trkpt>
   <trkpt lat="38.4028200" lon="-76.8429360">
    <ele>33.4</ele>
   </trkpt>
   <trkpt lat="38.4026910" lon="-76.8429780">
    <ele>34.8</ele>
   </trkpt>
   <trkpt lat="38.4026260" lon="-76.8429900">
    <ele>35.2</ele>
   </trkpt>
   <trkpt lat="38.4025580" lon="-76.8430160">
    <ele>36.8</ele>
   </trkpt>
   <trkpt lat="38.4024890" lon="-76.8430590">
    <ele>37.8</ele>
   </trkpt>
   <trkpt lat="38.4024350" lon="-76.8431120">
    <ele>38.0</ele>
   </trkpt>
   <trkpt lat="38.4023890" lon="-76.8431750">
    <ele>38.2</ele>
   </trkpt>
   <trkpt lat="38.4022910" lon="-76.8433260">
    <ele>38.0</ele>
   </trkpt>
   <trkpt lat="38.4021400" lon="-76.8434680">
    <ele>35.8</ele>
   </trkpt>
   <trkpt lat="38.4020470" lon="-76.8435540">
    <ele>34.6</ele>
   </trkpt>
   <trkpt lat="38.4019520" lon="-76.8436300">
    <ele>31.4</ele>
   </trkpt>
   <trkpt lat="38.4018760" lon="-76.8436790">
    <ele>28.6</ele>
   </trkpt>
   <trkpt lat="38.4018200" lon="-76.8437060">
    <ele>27.8</ele>
   </trkpt>
   <trkpt lat="38.4017460" lon="-76.8437640">
    <ele>28.0</ele>
   </trkpt>
   <trkpt lat="38.4017030" lon="-76.8438020">
    <ele>28.0</ele>
   </trkpt>
   <trkpt lat="38.4015690" lon="-76.8439670">
    <ele>28.6</ele>
   </trkpt>
   <trkpt lat="38.4015530" lon="-76.8440070">
    <ele>28.8</ele>
   </trkpt>
   <trkpt lat="38.4015360" lon="-76.8440500">
    <ele>29.6</ele>
   </trkpt>
   <trkpt lat="38.4014290" lon="-76.8441780">
    <ele>30.8</ele>
   </trkpt>
   <trkpt lat="38.4014020" lon="-76.8442020">
    <ele>30.8</ele>
   </trkpt>
   <trkpt lat="38.4013290" lon="-76.8442460">
    <ele>31.0</ele>
   </trkpt>
   <trkpt lat="38.4012440" lon="-76.8442830">
    <ele>31.0</ele>
   </trkpt>
   <trkpt lat="38.4012030" lon="-76.8443160">
    <ele>31.0</ele>
   </trkpt>
   <trkpt lat="38.4011550" lon="-76.8443560">
    <ele>31.0</ele>
   </trkpt>
   <trkpt lat="38.4010540" lon="-76.8443930">
    <ele>31.2</ele>
   </trkpt>
   <trkpt lat="38.4009230" lon="-76.8443960">
    <ele>31.4</ele>
   </trkpt>
   <trkpt lat="38.4008470" lon="-76.8443880">
    <ele>31.4</ele>
   </trkpt>
   <trkpt lat="38.4007620" lon="-76.8443600">
    <ele>31.4</ele>
   </trkpt>
   <trkpt lat="38.4006900" lon="-76.8443020">
    <ele>31.6</ele>
   </trkpt>
   <trkpt lat="38.4006330" lon="-76.8442180">
    <ele>31.6</ele>
   </trkpt>
   <trkpt lat="38.4005630" lon="-76.8440490">
    <ele>32.6</ele>
   </trkpt>
   <trkpt lat="38.4005510" lon="-76.8439660">
    <ele>33.8</ele>
   </trkpt>
   <trkpt lat="38.4005560" lon="-76.8438840">
    <ele>34.6</ele>
   </trkpt>
   <trkpt lat="38.4005700" lon="-76.8438020">
    <ele>35.4</ele>
   </trkpt>
   <trkpt lat="38.4005810" lon="-76.8437230">
    <ele>36.0</ele>
   </trkpt>
   <trkpt lat="38.4006070" lon="-76.8436460">
    <ele>37.0</ele>
   </trkpt>
   <trkpt lat="38.4006470" lon="-76.8435760">
    <ele>37.4</ele>
   </trkpt>
   <trkpt lat="38.4007030" lon="-76.8435070">
    <ele>38.0</ele>
   </trkpt>
   <trkpt lat="38.4008140" lon="-76.8433270">
    <ele>38.8</ele>
   </trkpt>
   <trkpt lat="38.4008620" lon="-76.8432180">
    <ele>38.8</ele>
   </trkpt>
   <trkpt lat="38.4009100" lon="-76.8431010">
    <ele>39.0</ele>
   </trkpt>
   <trkpt lat="38.4009940" lon="-76.8428640">
    <ele>39.2</ele>
   </trkpt>
   <trkpt lat="38.4010180" lon="-76.8427320">
    <ele>39.6</ele>
   </trkpt>
   <trkpt lat="38.4010150" lon="-76.8425970">
    <ele>39.6</ele>
   </trkpt>
   <trkpt lat="38.4009880" lon="-76.8423250">
    <ele>40.2</ele>
   </trkpt>
   <trkpt lat="38.4010120" lon="-76.8422190">
    <ele>40.2</ele>
   </trkpt>
   <trkpt lat="38.4010630" lon="-76.8421340">
    <ele>40.2</ele>
   </trkpt>
   <trkpt lat="38.4011780" lon="-76.8419950">
    <ele>40.4</ele>
   </trkpt>
   <trkpt lat="38.4012660" lon="-76.8419210">
    <ele>40.6</ele>
   </trkpt>
   <trkpt lat="38.4013990" lon="-76.8418260">
    <ele>41.8</ele>
   </trkpt>
   <trkpt lat="38.4016270" lon="-76.8416040">
    <ele>42.6</ele>
   </trkpt>
   <trkpt lat="38.4018950" lon="-76.8413280">
    <ele>42.0</ele>
   </trkpt>
   <trkpt lat="38.4022980" lon="-76.8408320">
    <ele>41.4</ele>
   </trkpt>
   <trkpt lat="38.4023930" lon="-76.8407170">
    <ele>41.4</ele>
   </trkpt>
   <trkpt lat="38.4024990" lon="-76.8406240">
    <ele>41.6</ele>
   </trkpt>
   <trkpt lat="38.4026220" lon="-76.8405580">
    <ele>41.8</ele>
   </trkpt>
   <trkpt lat="38.4027380" lon="-76.8405380">
    <ele>42.2</ele>
   </trkpt>
   <trkpt lat="38.4028350" lon="-76.8405800">
    <ele>42.6</ele>
   </trkpt>
   <trkpt lat="38.4029020" lon="-76.8406910">
    <ele>42.8</ele>
   </trkpt>
   <trkpt lat="38.4029320" lon="-76.8408390">
    <ele>43.0</ele>
   </trkpt>
   <trkpt lat="38.4029280" lon="-76.8409910">
    <ele>43.0</ele>
   </trkpt>
   <trkpt lat="38.4028940" lon="-76.8411430">
    <ele>43.0</ele>
   </trkpt>
   <trkpt lat="38.4027770" lon="-76.8414350">
    <ele>42.8</ele>
   </trkpt>
   <trkpt lat="38.4026810" lon="-76.8415680">
    <ele>42.6</ele>
   </trkpt>
   <trkpt lat="38.4022470" lon="-76.8420690">
    <ele>41.8</ele>
   </trkpt>
   <trkpt lat="38.4021510" lon="-76.8422000">
    <ele>41.8</ele>
   </trkpt>
   <trkpt lat="38.4020000" lon="-76.8424120">
    <ele>41.8</ele>
   </trkpt>
   <trkpt lat="38.4019720" lon="-76.8424940">
    <ele>41.8</ele>
   </trkpt>
   <trkpt lat="38.4019940" lon="-76.8425480">
    <ele>41.8</ele>
   </trkpt>
   <trkpt lat="38.4020300" lon="-76.8425720">
    <ele>42.8</ele>
   </trkpt>
   <trkpt lat="38.4020700" lon="-76.8425400">
    <ele>43.2</ele>
   </trkpt>
   <trkpt lat="38.4021750" lon="-76.8424820">
    <ele>43.2</ele>
   </trkpt>
   <trkpt lat="38.4022520" lon="-76.8424700">
    <ele>43.2</ele>
   </trkpt>
   <trkpt lat="38.4023320" lon="-76.8424660">
    <ele>43.2</ele>
   </trkpt>
   <trkpt lat="38.4024970" lon="-76.8423380">
    <ele>42.8</ele>
   </trkpt>
   <trkpt lat="38.4026090" lon="-76.8422420">
    <ele>39.6</ele>
   </trkpt>
   <trkpt lat="38.4027280" lon="-76.8421580">
    <ele>35.6</ele>
   </trkpt>
   <trkpt lat="38.4028480" lon="-76.8420920">
    <ele>34.2</ele>
   </trkpt>
   <trkpt lat="38.4029730" lon="-76.8420360">
    <ele>34.2</ele>
   </trkpt>
   <trkpt lat="38.4032050" lon="-76.8419990">
    <ele>34.2</ele>
   </trkpt>
   <trkpt lat="38.4032790" lon="-76.8419990">
    <ele>36.4</ele>
   </trkpt>
   <trkpt lat="38.4033350" lon="-76.8420030">
    <ele>37.4</ele>
   </trkpt>
   <trkpt lat="38.4035840" lon="-76.8420750">
    <ele>36.2</ele>
   </trkpt>
   <trkpt lat="38.4036880" lon="-76.8420680">
    <ele>31.6</ele>
   </trkpt>
   <trkpt lat="38.4037730" lon="-76.8420260">
    <ele>29.0</ele>
   </trkpt>
   <trkpt lat="38.4037690" lon="-76.8418770">
    <ele>28.8</ele>
   </trkpt>
   <trkpt lat="38.4037150" lon="-76.8417360">
    <ele>29.0</ele>
   </trkpt>
   <trkpt lat="38.4036750" lon="-76.8416780">
    <ele>29.8</ele>
   </trkpt>
   <trkpt lat="38.4036350" lon="-76.8416340">
    <ele>31.0</ele>
   </trkpt>
   <trkpt lat="38.4035890" lon="-76.8416010">
    <ele>32.8</ele>
   </trkpt>
   <trkpt lat="38.4035370" lon="-76.8415690">
    <ele>35.2</ele>
   </trkpt>
   <trkpt lat="38.4034810" lon="-76.8415350">
    <ele>36.4</ele>
   </trkpt>
   <trkpt lat="38.4034290" lon="-76.8414820">
    <ele>37.4</ele>
   </trkpt>
   <trkpt lat="38.4034220" lon="-76.8413840">
    <ele>39.0</ele>
   </trkpt>
   <trkpt lat="38.4035320" lon="-76.8413370">
    <ele>40.6</ele>
   </trkpt>
   <trkpt lat="38.4036090" lon="-76.8413290">
    <ele>40.6</ele>
   </trkpt>
   <trkpt lat="38.4036870" lon="-76.8413380">
    <ele>40.6</ele>
   </trkpt>
   <trkpt lat="38.4038570" lon="-76.8414310">
    <ele>40.6</ele>
   </trkpt>
   <trkpt lat="38.4039560" lon="-76.8415010">
    <ele>37.0</ele>
   </trkpt>
   <trkpt lat="38.4040520" lon="-76.8415260">
    <ele>32.2</ele>
   </trkpt>
   <trkpt lat="38.4041470" lon="-76.8414870">
    <ele>30.2</ele>
   </trkpt>
   <trkpt lat="38.4042040" lon="-76.8414150">
    <ele>30.2</ele>
   </trkpt>
   <trkpt lat="38.4042740" lon="-76.8412350">
    <ele>30.2</ele>
   </trkpt>
   <trkpt lat="38.4042840" lon="-76.8411300">
    <ele>30.8</ele>
   </trkpt>
   <trkpt lat="38.4043000" lon="-76.8410190">
    <ele>31.2</ele>
   </trkpt>
   <trkpt lat="38.4043300" lon="-76.8407960">
    <ele>33.0</ele>
   </trkpt>
   <trkpt lat="38.4043440" lon="-76.8406980">
    <ele>34.0</ele>
   </trkpt>
   <trkpt lat="38.4043570" lon="-76.8406200">
    <ele>35.6</ele>
   </trkpt>
   <trkpt lat="38.4043650" lon="-76.8405480">
    <ele>38.2</ele>
   </trkpt>
   <trkpt lat="38.4043730" lon="-76.8404760">
    <ele>41.0</ele>
   </trkpt>
   <trkpt lat="38.4043950" lon="-76.8403190">
    <ele>42.4</ele>
   </trkpt>
   <trkpt lat="38.4044330" lon="-76.8399940">
    <ele>43.2</ele>
   </trkpt>
   <trkpt lat="38.4044410" lon="-76.8398440">
    <ele>43.2</ele>
   </trkpt>
   <trkpt lat="38.4044420" lon="-76.8398250">
    <ele>43.8</ele>
   </trkpt>
   <trkpt lat="38.4044630" lon="-76.8397550">
    <ele>44.0</ele>
   </trkpt>
   <trkpt lat="38.4044990" lon="-76.8397130">
    <ele>44.0</ele>
   </trkpt>
   <trkpt lat="38.4045310" lon="-76.8397070">
    <ele>44.0</ele>
   </trkpt>
   <trkpt lat="38.4045440" lon="-76.8397120">
    <ele>44.0</ele>
   </trkpt>
   <trkpt lat="38.4045490" lon="-76.8397140">
    <ele>43.8</ele>
   </trkpt>
   <trkpt lat="38.4045490" lon="-76.8397140">
    <ele>43.6</ele>
   </trkpt>
   <trkpt lat="38.4045490" lon="-76.8397140">
    <ele>43.4</ele>
   </trkpt>
   <trkpt lat="38.4045580" lon="-76.8397280">
    <ele>43.6</ele>
   </trkpt>
   <trkpt lat="38.4045730" lon="-76.8397560">
    <ele>43.6</ele>
   </trkpt>
   <trkpt lat="38.4046240" lon="-76.8398090">
    <ele>43.4</ele>
   </trkpt>
   <trkpt lat="38.4047170" lon="-76.8398610">
    <ele>42.8</ele>
   </trkpt>
   <trkpt lat="38.4047460" lon="-76.8398780">
    <ele>42.4</ele>
   </trkpt>
   <trkpt lat="38.4047820" lon="-76.8399010">
    <ele>42.2</ele>
   </trkpt>
   <trkpt lat="38.4048120" lon="-76.8399520">
    <ele>42.0</ele>
   </trkpt>
   <trkpt lat="38.4048160" lon="-76.8399950">
    <ele>41.8</ele>
   </trkpt>
   <trkpt lat="38.4048250" lon="-76.8400560">
    <ele>41.6</ele>
   </trkpt>
   <trkpt lat="38.4049180" lon="-76.8402960">
    <ele>40.8</ele>
   </trkpt>
   <trkpt lat="38.4049430" lon="-76.8404000">
    <ele>40.0</ele>
   </trkpt>
   <trkpt lat="38.4049550" lon="-76.8406340">
    <ele>38.4</ele>
   </trkpt>
   <trkpt lat="38.4049320" lon="-76.8411010">
    <ele>37.4</ele>
   </trkpt>
   <trkpt lat="38.4049090" lon="-76.8412870">
    <ele>37.8</ele>
   </trkpt>
   <trkpt lat="38.4048570" lon="-76.8415150">
    <ele>37.8</ele>
   </trkpt>
   <trkpt lat="38.4048140" lon="-76.8416430">
    <ele>37.0</ele>
   </trkpt>
   <trkpt lat="38.4047570" lon="-76.8417650">
    <ele>35.2</ele>
   </trkpt>
   <trkpt lat="38.4046890" lon="-76.8418620">
    <ele>34.4</ele>
   </trkpt>
   <trkpt lat="38.4046130" lon="-76.8419190">
    <ele>33.6</ele>
   </trkpt>
   <trkpt lat="38.4045380" lon="-76.8419440">
    <ele>33.4</ele>
   </trkpt>
   <trkpt lat="38.4044260" lon="-76.8419700">
    <ele>32.6</ele>
   </trkpt>
   <trkpt lat="38.4043830" lon="-76.8420020">
    <ele>32.2</ele>
   </trkpt>
   <trkpt lat="38.4043340" lon="-76.8420580">
    <ele>31.8</ele>
   </trkpt>
   <trkpt lat="38.4042660" lon="-76.8422250">
    <ele>29.2</ele>
   </trkpt>
   <trkpt lat="38.4042690" lon="-76.8423160">
    <ele>28.0</ele>
   </trkpt>
   <trkpt lat="38.4042800" lon="-76.8424830">
    <ele>28.0</ele>
   </trkpt>
   <trkpt lat="38.4042160" lon="-76.8425860">
    <ele>27.8</ele>
   </trkpt>
   <trkpt lat="38.4040240" lon="-76.8426650">
    <ele>27.0</ele>
   </trkpt>
   <trkpt lat="38.4039600" lon="-76.8426730">
    <ele>26.0</ele>
   </trkpt>
   <trkpt lat="38.4038970" lon="-76.8426660">
    <ele>25.2</ele>
   </trkpt>
   <trkpt lat="38.4038310" lon="-76.8426550">
    <ele>24.8</ele>
   </trkpt>
   <trkpt lat="38.4037620" lon="-76.8426510">
    <ele>24.6</ele>
   </trkpt>
   <trkpt lat="38.4037010" lon="-76.8426660">
    <ele>24.4</ele>
   </trkpt>
   <trkpt lat="38.4036530" lon="-76.8427010">
    <ele>24.0</ele>
   </trkpt>
   <trkpt lat="38.4035910" lon="-76.8428290">
    <ele>23.4</ele>
   </trkpt>
   <trkpt lat="38.4034570" lon="-76.8431380">
    <ele>23.0</ele>
   </trkpt>
   <trkpt lat="38.4034250" lon="-76.8431990">
    <ele>25.0</ele>
   </trkpt>
   <trkpt lat="38.4032910" lon="-76.8434300">
    <ele>25.4</ele>
   </trkpt>
   <trkpt lat="38.4032170" lon="-76.8435280">
    <ele>25.0</ele>
   </trkpt>
   <trkpt lat="38.4031430" lon="-76.8436120">
    <ele>25.0</ele>
   </trkpt>
   <trkpt lat="38.4030200" lon="-76.8437040">
    <ele>25.0</ele>
   </trkpt>
   <trkpt lat="38.4029730" lon="-76.8437330">
    <ele>26.8</ele>
   </trkpt>
   <trkpt lat="38.4029180" lon="-76.8437570">
    <ele>28.4</ele>
   </trkpt>
   <trkpt lat="38.4028010" lon="-76.8437870">
    <ele>29.8</ele>
   </trkpt>
   <trkpt lat="38.4027310" lon="-76.8437810">
    <ele>31.6</ele>
   </trkpt>
   <trkpt lat="38.4026670" lon="-76.8437520">
    <ele>31.8</ele>
   </trkpt>
   <trkpt lat="38.4026200" lon="-76.8437100">
    <ele>32.4</ele>
   </trkpt>
   <trkpt lat="38.4025960" lon="-76.8436590">
    <ele>34.2</ele>
   </trkpt>
   <trkpt lat="38.4025880" lon="-76.8435950">
    <ele>34.6</ele>
   </trkpt>
   <trkpt lat="38.4025800" lon="-76.8435220">
    <ele>35.4</ele>
   </trkpt>
   <trkpt lat="38.4025600" lon="-76.8433650">
    <ele>36.6</ele>
   </trkpt>
   <trkpt lat="38.4025760" lon="-76.8432990">
    <ele>37.4</ele>
   </trkpt>
   <trkpt lat="38.4026580" lon="-76.8431780">
    <ele>37.4</ele>
   </trkpt>
   <trkpt lat="38.4027330" lon="-76.8431240">
    <ele>37.4</ele>
   </trkpt>
   <trkpt lat="38.4028290" lon="-76.8430860">
    <ele>36.4</ele>
   </trkpt>
   <trkpt lat="38.4029350" lon="-76.8430580">
    <ele>33.2</ele>
   </trkpt>
   <trkpt lat="38.4030400" lon="-76.8430320">
    <ele>30.2</ele>
   </trkpt>
   <trkpt lat="38.4031400" lon="-76.8430030">
    <ele>27.4</ele>
   </trkpt>
   <trkpt lat="38.4032300" lon="-76.8429620">
    <ele>25.8</ele>
   </trkpt>
   <trkpt lat="38.4033040" lon="-76.8429020">
    <ele>24.6</ele>
   </trkpt>
   <trkpt lat="38.4033500" lon="-76.8428300">
    <ele>24.0</ele>
   </trkpt>
   <trkpt lat="38.4033490" lon="-76.8427680">
    <ele>24.0</ele>
   </trkpt>
   <trkpt lat="38.4032550" lon="-76.8427220">
    <ele>24.0</ele>
   </trkpt>
   <trkpt lat="38.4031870" lon="-76.8427350">
    <ele>24.4</ele>
   </trkpt>
   <trkpt lat="38.4031160" lon="-76.8427720">
    <ele>24.6</ele>
   </trkpt>
   <trkpt lat="38.4030400" lon="-76.8428080">
    <ele>24.8</ele>
   </trkpt>
   <trkpt lat="38.4029090" lon="-76.8428670">
    <ele>26.8</ele>
   </trkpt>
   <trkpt lat="38.4028580" lon="-76.8428880">
    <ele>29.2</ele>
   </trkpt>
   <trkpt lat="38.4028060" lon="-76.8429120">
    <ele>32.0</ele>
   </trkpt>
   <trkpt lat="38.4027460" lon="-76.8429370">
    <ele>33.4</ele>
   </trkpt>
   <trkpt lat="38.4026840" lon="-76.8429630">
    <ele>34.6</ele>
   </trkpt>
   <trkpt lat="38.4025510" lon="-76.8430080">
    <ele>36.6</ele>
   </trkpt>
   <trkpt lat="38.4024810" lon="-76.8430510">
    <ele>37.4</ele>
   </trkpt>
   <trkpt lat="38.4024280" lon="-76.8431090">
    <ele>37.6</ele>
   </trkpt>
   <trkpt lat="38.4023840" lon="-76.8431760">
    <ele>37.6</ele>
   </trkpt>
   <trkpt lat="38.4022890" lon="-76.8433080">
    <ele>37.4</ele>
   </trkpt>
   <trkpt lat="38.4021480" lon="-76.8434210">
    <ele>35.6</ele>
   </trkpt>
   <trkpt lat="38.4020570" lon="-76.8434960">
    <ele>34.6</ele>
   </trkpt>
   <trkpt lat="38.4019690" lon="-76.8435720">
    <ele>32.0</ele>
   </trkpt>
   <trkpt lat="38.4018880" lon="-76.8436380">
    <ele>28.8</ele>
   </trkpt>
   <trkpt lat="38.4018210" lon="-76.8436850">
    <ele>27.6</ele>
   </trkpt>
   <trkpt lat="38.4017730" lon="-76.8437240">
    <ele>27.4</ele>
   </trkpt>
   <trkpt lat="38.4017360" lon="-76.8437560">
    <ele>27.4</ele>
   </trkpt>
   <trkpt lat="38.4016500" lon="-76.8438590">
    <ele>27.4</ele>
   </trkpt>
   <trkpt lat="38.4015630" lon="-76.8440100">
    <ele>28.2</ele>
   </trkpt>
   <trkpt lat="38.4015220" lon="-76.8440700">
    <ele>28.6</ele>
   </trkpt>
   <trkpt lat="38.4014090" lon="-76.8441930">
    <ele>30.4</ele>
   </trkpt>
   <trkpt lat="38.4013580" lon="-76.8442330">
    <ele>30.4</ele>
   </trkpt>
   <trkpt lat="38.4012090" lon="-76.8443380">
    <ele>30.6</ele>
   </trkpt>
   <trkpt lat="38.4010590" lon="-76.8444050">
    <ele>30.8</ele>
   </trkpt>
   <trkpt lat="38.4009400" lon="-76.8444080">
    <ele>31.0</ele>
   </trkpt>
   <trkpt lat="38.4008180" lon="-76.8443920">
    <ele>31.0</ele>
   </trkpt>
   <trkpt lat="38.4006750" lon="-76.8443210">
    <ele>31.0</ele>
   </trkpt>
   <trkpt lat="38.4005640" lon="-76.8441630">
    <ele>31.2</ele>
   </trkpt>
   <trkpt lat="38.4005350" lon="-76.8440560">
    <ele>32.0</ele>
   </trkpt>
   <trkpt lat="38.4005200" lon="-76.8439440">
    <ele>33.4</ele>
   </trkpt>
   <trkpt lat="38.4005180" lon="-76.8438290">
    <ele>34.6</ele>
   </trkpt>
   <trkpt lat="38.4005360" lon="-76.8437240">
    <ele>35.4</ele>
   </trkpt>
   <trkpt lat="38.4005820" lon="-76.8436370">
    <ele>36.6</ele>
   </trkpt>
   <trkpt lat="38.4006520" lon="-76.8435510">
    <ele>37.2</ele>
   </trkpt>
   <trkpt lat="38.4007220" lon="-76.8434500">
    <ele>37.8</ele>
   </trkpt>
   <trkpt lat="38.4008390" lon="-76.8432190">
    <ele>38.4</ele>
   </trkpt>
   <trkpt lat="38.4009450" lon="-76.8429560">
    <ele>39.0</ele>
   </trkpt>
   <trkpt lat="38.4009770" lon="-76.8428120">
    <ele>39.4</ele>
   </trkpt>
   <trkpt lat="38.4009840" lon="-76.8426680">
    <ele>39.4</ele>
   </trkpt>
   <trkpt lat="38.4009720" lon="-76.8423820">
    <ele>39.8</ele>
   </trkpt>
   <trkpt lat="38.4010040" lon="-76.8422410">
    <ele>40.0</ele>
   </trkpt>
   <trkpt lat="38.4010630" lon="-76.8421160">
    <ele>40.0</ele>
   </trkpt>
   <trkpt lat="38.4011420" lon="-76.8420200">
    <ele>40.2</ele>
   </trkpt>
   <trkpt lat="38.4012320" lon="-76.8419470">
    <ele>40.4</ele>
   </trkpt>
   <trkpt lat="38.4013820" lon="-76.8418470">
    <ele>41.6</ele>
   </trkpt>
   <trkpt lat="38.4014520" lon="-76.8418110">
    <ele>42.6</ele>
   </trkpt>
   <trkpt lat="38.4015190" lon="-76.8417660">
    <ele>42.6</ele>
   </trkpt>
   <trkpt lat="38.4015890" lon="-76.8417040">
    <ele>42.6</ele>
   </trkpt>
   <trkpt lat="38.4018270" lon="-76.8414450">
    <ele>42.0</ele>
   </trkpt>
   <trkpt lat="38.4020110" lon="-76.8412280">
    <ele>41.6</ele>
   </trkpt>
   <trkpt lat="38.4021870" lon="-76.8409930">
    <ele>41.4</ele>
   </trkpt>
   <trkpt lat="38.4024760" lon="-76.8406560">
    <ele>41.6</ele>
   </trkpt>
   <trkpt lat="38.4025940" lon="-76.8405870">
    <ele>41.8</ele>
   </trkpt>
   <trkpt lat="38.4027120" lon="-76.8405680">
    <ele>42.0</ele>
   </trkpt>
   <trkpt lat="38.4028160" lon="-76.8406110">
    <ele>42.4</ele>
   </trkpt>
   <trkpt lat="38.4028910" lon="-76.8407070">
    <ele>42.8</ele>
   </trkpt>
   <trkpt lat="38.4029190" lon="-76.8408380">
    <ele>43.0</ele>
   </trkpt>
   <trkpt lat="38.4029130" lon="-76.8409830">
    <ele>43.0</ele>
   </trkpt>
   <trkpt lat="38.4028860" lon="-76.8411290">
    <ele>43.0</ele>
   </trkpt>
   <trkpt lat="38.4028400" lon="-76.8412710">
    <ele>42.8</ele>
   </trkpt>
   <trkpt lat="38.4027740" lon="-76.8414080">
    <ele>42.8</ele>
   </trkpt>
   <trkpt lat="38.4026900" lon="-76.8415400">
    <ele>42.6</ele>
   </trkpt>
   <trkpt lat="38.4024930" lon="-76.8417890">
    <ele>42.4</ele>
   </trkpt>
   <trkpt lat="38.4021850" lon="-76.8421730">
    <ele>42.0</ele>
   </trkpt>
   <trkpt lat="38.4021000" lon="-76.8423080">
    <ele>41.8</ele>
   </trkpt>
   <trkpt lat="38.4019860" lon="-76.8424970">
    <ele>42.0</ele>
   </trkpt>
   <trkpt lat="38.4020000" lon="-76.8425530">
    <ele>42.0</ele>
   </trkpt>
   <trkpt lat="38.4020830" lon="-76.8425430">
    <ele>43.2</ele>
   </trkpt>
   <trkpt lat="38.4021750" lon="-76.8424990">
    <ele>43.4</ele>
   </trkpt>
   <trkpt lat="38.4022320" lon="-76.8425060">
    <ele>43.4</ele>
   </trkpt>
   <trkpt lat="38.4022860" lon="-76.8425010">
    <ele>43.2</ele>
   </trkpt>
   <trkpt lat="38.4023830" lon="-76.8424360">
    <ele>43.0</ele>
   </trkpt>
   <trkpt lat="38.4025240" lon="-76.8422860">
    <ele>40.2</ele>
   </trkpt>
   <trkpt lat="38.4026220" lon="-76.8422100">
    <ele>36.4</ele>
   </trkpt>
   <trkpt lat="38.4027350" lon="-76.8421460">
    <ele>34.4</ele>
   </trkpt>
   <trkpt lat="38.4029770" lon="-76.8420330">
    <ele>34.2</ele>
   </trkpt>
   <trkpt lat="38.4031660" lon="-76.8419940">
    <ele>34.8</ele>
   </trkpt>
   <trkpt lat="38.4032370" lon="-76.8419990">
    <ele>38.2</ele>
   </trkpt>
   <trkpt lat="38.4033010" lon="-76.8420060">
    <ele>38.4</ele>
   </trkpt>
   <trkpt lat="38.4034820" lon="-76.8420510">
    <ele>38.4</ele>
   </trkpt>
   <trkpt lat="38.4035730" lon="-76.8420660">
    <ele>36.6</ele>
   </trkpt>
   <trkpt lat="38.4036630" lon="-76.8420660">
    <ele>32.6</ele>
   </trkpt>
   <trkpt lat="38.4037350" lon="-76.8420410">
    <ele>30.0</ele>
   </trkpt>
   <trkpt lat="38.4037810" lon="-76.8419990">
    <ele>28.8</ele>
   </trkpt>
   <trkpt lat="38.4038040" lon="-76.8419250">
    <ele>28.8</ele>
   </trkpt>
   <trkpt lat="38.4037970" lon="-76.8418420">
    <ele>28.8</ele>
   </trkpt>
   <trkpt lat="38.4037640" lon="-76.8417680">
    <ele>28.8</ele>
   </trkpt>
   <trkpt lat="38.4036770" lon="-76.8416490">
    <ele>30.4</ele>
   </trkpt>
   <trkpt lat="38.4036310" lon="-76.8416220">
    <ele>31.6</ele>
   </trkpt>
   <trkpt lat="38.4035900" lon="-76.8415970">
    <ele>33.4</ele>
   </trkpt>
   <trkpt lat="38.4035370" lon="-76.8415700">
    <ele>35.6</ele>
   </trkpt>
   <trkpt lat="38.4034290" lon="-76.8414880">
    <ele>37.6</ele>
   </trkpt>
   <trkpt lat="38.4034090" lon="-76.8414310">
    <ele>38.0</ele>
   </trkpt>
   <trkpt lat="38.4034260" lon="-76.8413810">
    <ele>39.2</ele>
   </trkpt>
   <trkpt lat="38.4034700" lon="-76.8413450">
    <ele>40.0</ele>
   </trkpt>
   <trkpt lat="38.4035380" lon="-76.8413290">
    <ele>40.4</ele>
   </trkpt>
   <trkpt lat="38.4036670" lon="-76.8413290">
    <ele>40.6</ele>
   </trkpt>
   <trkpt lat="38.4038040" lon="-76.8413870">
    <ele>40.6</ele>
   </trkpt>
   <trkpt lat="38.4038840" lon="-76.8414470">
    <ele>39.4</ele>
   </trkpt>
   <trkpt lat="38.4039730" lon="-76.8414870">
    <ele>35.4</ele>
   </trkpt>
   <trkpt lat="38.4040600" lon="-76.8414930">
    <ele>31.6</ele>
   </trkpt>
   <trkpt lat="38.4041410" lon="-76.8414650">
    <ele>30.2</ele>
   </trkpt>
   <trkpt lat="38.4041980" lon="-76.8413940">
    <ele>30.2</ele>
   </trkpt>
   <trkpt lat="38.4042310" lon="-76.8413070">
    <ele>30.2</ele>
   </trkpt>
   <trkpt lat="38.4042630" lon="-76.8411150">
    <ele>30.6</ele>
   </trkpt>
   <trkpt lat="38.4042800" lon="-76.8410070">
    <ele>31.2</ele>
   </trkpt>
   <trkpt lat="38.4043150" lon="-76.8407900">
    <ele>32.8</ele>
   </trkpt>
   <trkpt lat="38.4043230" lon="-76.8407060">
    <ele>33.8</ele>
   </trkpt>
   <trkpt lat="38.4043290" lon="-76.8406360">
    <ele>35.8</ele>
   </trkpt>
   <trkpt lat="38.4043400" lon="-76.8405700">
    <ele>38.2</ele>
   </trkpt>
   <trkpt lat="38.4043540" lon="-76.8405030">
    <ele>41.0</ele>
   </trkpt>
   <trkpt lat="38.4043590" lon="-76.8404370">
    <ele>41.8</ele>
   </trkpt>
   <trkpt lat="38.4043640" lon="-76.8403580">
    <ele>42.8</ele>
   </trkpt>
   <trkpt lat="38.4043750" lon="-76.8402550">
    <ele>42.8</ele>
   </trkpt>
   <trkpt lat="38.4043970" lon="-76.8401450">
    <ele>43.0</ele>
   </trkpt>
   <trkpt lat="38.4044410" lon="-76.8400490">
    <ele>43.4</ele>
   </trkpt>
   <trkpt lat="38.4045050" lon="-76.8399880">
    <ele>43.2</ele>
   </trkpt>
   <trkpt lat="38.4045750" lon="-76.8399630">
    <ele>43.0</ele>
   </trkpt>
   <trkpt lat="38.4046500" lon="-76.8399730">
    <ele>42.8</ele>
   </trkpt>
   <trkpt lat="38.4047230" lon="-76.8400120">
    <ele>42.6</ele>
   </trkpt>
   <trkpt lat="38.4048660" lon="-76.8401460">
    <ele>41.8</ele>
   </trkpt>
   <trkpt lat="38.4049060" lon="-76.8402400">
    <ele>41.2</ele>
   </trkpt>
   <trkpt lat="38.4049370" lon="-76.8403490">
    <ele>40.6</ele>
   </trkpt>
   <trkpt lat="38.4049580" lon="-76.8404740">
    <ele>40.2</ele>
   </trkpt>
   <trkpt lat="38.4049610" lon="-76.8406190">
    <ele>39.0</ele>
   </trkpt>
   <trkpt lat="38.4049530" lon="-76.8407810">
    <ele>38.4</ele>
   </trkpt>
   <trkpt lat="38.4049070" lon="-76.8412590">
    <ele>38.0</ele>
   </trkpt>
   <trkpt lat="38.4048630" lon="-76.8415140">
    <ele>37.8</ele>
   </trkpt>
   <trkpt lat="38.4048130" lon="-76.8416560">
    <ele>37.6</ele>
   </trkpt>
   <trkpt lat="38.4047400" lon="-76.8417820">
    <ele>35.4</ele>
   </trkpt>
   <trkpt lat="38.4045690" lon="-76.8419290">
    <ele>33.8</ele>
   </trkpt>
   <trkpt lat="38.4044330" lon="-76.8419780">
    <ele>33.2</ele>
   </trkpt>
   <trkpt lat="38.4043800" lon="-76.8420270">
    <ele>32.2</ele>
   </trkpt>
   <trkpt lat="38.4043350" lon="-76.8421110">
    <ele>31.8</ele>
   </trkpt>
   <trkpt lat="38.4042970" lon="-76.8422170">
    <ele>29.8</ele>
   </trkpt>
   <trkpt lat="38.4042920" lon="-76.8423360">
    <ele>29.0</ele>
   </trkpt>
   <trkpt lat="38.4042860" lon="-76.8424540">
    <ele>28.6</ele>
   </trkpt>
   <trkpt lat="38.4042490" lon="-76.8425450">
    <ele>28.2</ele>
   </trkpt>
   <trkpt lat="38.4041860" lon="-76.8426050">
    <ele>27.8</ele>
   </trkpt>
   <trkpt lat="38.4040950" lon="-76.8426410">
    <ele>27.4</ele>
   </trkpt>
   <trkpt lat="38.4038850" lon="-76.8426550">
    <ele>26.2</ele>
   </trkpt>
   <trkpt lat="38.4037860" lon="-76.8426520">
    <ele>24.8</ele>
   </trkpt>
   <trkpt lat="38.4036950" lon="-76.8426770">
    <ele>24.8</ele>
   </trkpt>
   <trkpt lat="38.4036270" lon="-76.8427480">
    <ele>24.4</ele>
   </trkpt>
   <trkpt lat="38.4035790" lon="-76.8428530">
    <ele>23.8</ele>
   </trkpt>
   <trkpt lat="38.4035310" lon="-76.8429620">
    <ele>23.8</ele>
   </trkpt>
   <trkpt lat="38.4034580" lon="-76.8431240">
    <ele>23.8</ele>
   </trkpt>
   <trkpt lat="38.4034060" lon="-76.8432480">
    <ele>25.8</ele>
   </trkpt>
   <trkpt lat="38.4033690" lon="-76.8433240">
    <ele>25.8</ele>
   </trkpt>
   <trkpt lat="38.4033130" lon="-76.8434170">
    <ele>25.8</ele>
   </trkpt>
   <trkpt lat="38.4031140" lon="-76.8436970">
    <ele>25.2</ele>
   </trkpt>
   <trkpt lat="38.4030560" lon="-76.8437440">
    <ele>25.2</ele>
   </trkpt>
   <trkpt lat="38.4030020" lon="-76.8437650">
    <ele>25.8</ele>
   </trkpt>
   <trkpt lat="38.4029450" lon="-76.8437840">
    <ele>28.4</ele>
   </trkpt>
   <trkpt lat="38.4028870" lon="-76.8438000">
    <ele>29.4</ele>
   </trkpt>
   <trkpt lat="38.4027620" lon="-76.8438160">
    <ele>31.4</ele>
   </trkpt>
   <trkpt lat="38.4026510" lon="-76.8437690">
    <ele>32.4</ele>
   </trkpt>
   <trkpt lat="38.4026250" lon="-76.8437170">
    <ele>34.4</ele>
   </trkpt>
   <trkpt lat="38.4026170" lon="-76.8436490">
    <ele>35.0</ele>
   </trkpt>
   <trkpt lat="38.4026020" lon="-76.8435700">
    <ele>35.6</ele>
   </trkpt>
   <trkpt lat="38.4025900" lon="-76.8433970">
    <ele>36.8</ele>
   </trkpt>
   <trkpt lat="38.4026170" lon="-76.8433220">
    <ele>37.2</ele>
   </trkpt>
   <trkpt lat="38.4026670" lon="-76.8432470">
    <ele>37.2</ele>
   </trkpt>
   <trkpt lat="38.4028320" lon="-76.8431310">
    <ele>37.2</ele>
   </trkpt>
   <trkpt lat="38.4029450" lon="-76.8430990">
    <ele>34.6</ele>
   </trkpt>
   <trkpt lat="38.4030440" lon="-76.8430680">
    <ele>30.8</ele>
   </trkpt>
   <trkpt lat="38.4031310" lon="-76.8430390">
    <ele>27.2</ele>
   </trkpt>
   <trkpt lat="38.4032120" lon="-76.8430060">
    <ele>26.0</ele>
   </trkpt>
   <trkpt lat="38.4033260" lon="-76.8428940">
    <ele>24.0</ele>
   </trkpt>
   <trkpt lat="38.4033040" lon="-76.8427730">
    <ele>24.0</ele>
   </trkpt>
   <trkpt lat="38.4031800" lon="-76.8427790">
    <ele>24.2</ele>
   </trkpt>
   <trkpt lat="38.4031150" lon="-76.8428040">
    <ele>24.6</ele>
   </trkpt>
   <trkpt lat="38.4029780" lon="-76.8428640">
    <ele>25.2</ele>
   </trkpt>
   <trkpt lat="38.4028740" lon="-76.8429090">
    <ele>27.2</ele>
   </trkpt>
   <trkpt lat="38.4028290" lon="-76.8429270">
    <ele>29.4</ele>
   </trkpt>
   <trkpt lat="38.4027810" lon="-76.8429430">
    <ele>32.4</ele>
   </trkpt>
   <trkpt lat="38.4027260" lon="-76.8429610">
    <ele>33.6</ele>
   </trkpt>
   <trkpt lat="38.4026630" lon="-76.8429840">
    <ele>34.6</ele>
   </trkpt>
   <trkpt lat="38.4025370" lon="-76.8430340">
    <ele>36.4</ele>
   </trkpt>
   <trkpt lat="38.4024690" lon="-76.8430800">
    <ele>37.6</ele>
   </trkpt>
   <trkpt lat="38.4024040" lon="-76.8431420">
    <ele>37.8</ele>
   </trkpt>
   <trkpt lat="38.4023490" lon="-76.8432190">
    <ele>37.6</ele>
   </trkpt>
   <trkpt lat="38.4023000" lon="-76.8432930">
    <ele>37.6</ele>
   </trkpt>
   <trkpt lat="38.4021530" lon="-76.8434290">
    <ele>36.2</ele>
   </trkpt>
   <trkpt lat="38.4020530" lon="-76.8435180">
    <ele>35.0</ele>
   </trkpt>
   <trkpt lat="38.4019520" lon="-76.8436090">
    <ele>33.0</ele>
   </trkpt>
   <trkpt lat="38.4018560" lon="-76.8436760">
    <ele>29.6</ele>
   </trkpt>
   <trkpt lat="38.4017710" lon="-76.8437290">
    <ele>27.8</ele>
   </trkpt>
   <trkpt lat="38.4016990" lon="-76.8437720">
    <ele>27.6</ele>
   </trkpt>
   <trkpt lat="38.4016420" lon="-76.8438140">
    <ele>27.6</ele>
   </trkpt>
   <trkpt lat="38.4015880" lon="-76.8438760">
    <ele>27.6</ele>
   </trkpt>
   <trkpt lat="38.4014650" lon="-76.8440950">
    <ele>28.6</ele>
   </trkpt>
   <trkpt lat="38.4014330" lon="-76.8441410">
    <ele>29.2</ele>
   </trkpt>
   <trkpt lat="38.4013970" lon="-76.8441800">
    <ele>29.8</ele>
   </trkpt>
   <trkpt lat="38.4013530" lon="-76.8442200">
    <ele>30.4</ele>
   </trkpt>
   <trkpt lat="38.4011130" lon="-76.8443830">
    <ele>30.6</ele>
   </trkpt>
   <trkpt lat="38.4009450" lon="-76.8444020">
    <ele>30.6</ele>
   </trkpt>
   <trkpt lat="38.4008260" lon="-76.8443890">
    <ele>31.0</ele>
   </trkpt>
   <trkpt lat="38.4006800" lon="-76.8443150">
    <ele>31.2</ele>
   </trkpt>
   <trkpt lat="38.4005770" lon="-76.8441470">
    <ele>31.4</ele>
   </trkpt>
   <trkpt lat="38.4005550" lon="-76.8440380">
    <ele>32.0</ele>
   </trkpt>
   <trkpt lat="38.4005430" lon="-76.8439280">
    <ele>33.6</ele>
   </trkpt>
   <trkpt lat="38.4005640" lon="-76.8437290">
    <ele>35.2</ele>
   </trkpt>
   <trkpt lat="38.4006050" lon="-76.8436460">
    <ele>36.4</ele>
   </trkpt>
   <trkpt lat="38.4006660" lon="-76.8435730">
    <ele>37.0</ele>
   </trkpt>
   <trkpt lat="38.4007330" lon="-76.8434920">
    <ele>37.8</ele>
   </trkpt>
   <trkpt lat="38.4007950" lon="-76.8433950">
    <ele>38.0</ele>
   </trkpt>
   <trkpt lat="38.4008500" lon="-76.8432810">
    <ele>38.2</ele>
   </trkpt>
   <trkpt lat="38.4009930" lon="-76.8429050">
    <ele>39.0</ele>
   </trkpt>
   <trkpt lat="38.4010160" lon="-76.8427660">
    <ele>39.2</ele>
   </trkpt>
   <trkpt lat="38.4010200" lon="-76.8426440">
    <ele>39.4</ele>
   </trkpt>
   <trkpt lat="38.4010100" lon="-76.8425320">
    <ele>39.6</ele>
   </trkpt>
   <trkpt lat="38.4010050" lon="-76.8424250">
    <ele>39.8</ele>
   </trkpt>
   <trkpt lat="38.4010360" lon="-76.8422230">
    <ele>39.8</ele>
   </trkpt>
   <trkpt lat="38.4011360" lon="-76.8420340">
    <ele>40.0</ele>
   </trkpt>
   <trkpt lat="38.4012050" lon="-76.8419700">
    <ele>40.0</ele>
   </trkpt>
   <trkpt lat="38.4013950" lon="-76.8418390">
    <ele>41.8</ele>
   </trkpt>
   <trkpt lat="38.4014650" lon="-76.8417920">
    <ele>42.4</ele>
   </trkpt>
   <trkpt lat="38.4016990" lon="-76.8415400">
    <ele>42.4</ele>
   </trkpt>
   <trkpt lat="38.4020620" lon="-76.8410910">
    <ele>41.2</ele>
   </trkpt>
   <trkpt lat="38.4021590" lon="-76.8409830">
    <ele>41.2</ele>
   </trkpt>
   <trkpt lat="38.4022650" lon="-76.8408970">
    <ele>41.2</ele>
   </trkpt>
   <trkpt lat="38.4023660" lon="-76.8408050">
    <ele>41.2</ele>
   </trkpt>
   <trkpt lat="38.4025580" lon="-76.8406290">
    <ele>41.4</ele>
   </trkpt>
   <trkpt lat="38.4027360" lon="-76.8405550">
    <ele>42.0</ele>
   </trkpt>
   <trkpt lat="38.4028170" lon="-76.8405900">
    <ele>42.4</ele>
   </trkpt>
   <trkpt lat="38.4028810" lon="-76.8406930">
    <ele>42.8</ele>
   </trkpt>
   <trkpt lat="38.4029140" lon="-76.8408230">
    <ele>43.0</ele>
   </trkpt>
   <trkpt lat="38.4029040" lon="-76.8409630">
    <ele>43.0</ele>
   </trkpt>
   <trkpt lat="38.4028630" lon="-76.8411120">
    <ele>42.8</ele>
   </trkpt>
   <trkpt lat="38.4027990" lon="-76.8412470">
    <ele>42.8</ele>
   </trkpt>
   <trkpt lat="38.4026500" lon="-76.8415140">
    <ele>42.4</ele>
   </trkpt>
   <trkpt lat="38.4025630" lon="-76.8416430">
    <ele>41.8</ele>
   </trkpt>
   <trkpt lat="38.4022640" lon="-76.8420230">
    <ele>41.4</ele>
   </trkpt>
   <trkpt lat="38.4021720" lon="-76.8421640">
    <ele>41.4</ele>
   </trkpt>
   <trkpt lat="38.4020070" lon="-76.8424130">
    <ele>41.4</ele>
   </trkpt>
   <trkpt lat="38.4019730" lon="-76.8425020">
    <ele>41.4</ele>
   </trkpt>
   <trkpt lat="38.4019940" lon="-76.8425480">
    <ele>41.6</ele>
   </trkpt>
   <trkpt lat="38.4021010" lon="-76.8425160">
    <ele>42.6</ele>
   </trkpt>
   <trkpt lat="38.4021490" lon="-76.8424940">
    <ele>42.6</ele>
   </trkpt>
   <trkpt lat="38.4022620" lon="-76.8424960">
    <ele>42.8</ele>
   </trkpt>
   <trkpt lat="38.4023810" lon="-76.8424410">
    <ele>42.6</ele>
   </trkpt>
   <trkpt lat="38.4024480" lon="-76.8423850">
    <ele>42.0</ele>
   </trkpt>
   <trkpt lat="38.4025420" lon="-76.8423020">
    <ele>38.8</ele>
   </trkpt>
   <trkpt lat="38.4026550" lon="-76.8422170">
    <ele>34.6</ele>
   </trkpt>
   <trkpt lat="38.4028680" lon="-76.8421140">
    <ele>33.6</ele>
   </trkpt>
   <trkpt lat="38.4029580" lon="-76.8420850">
    <ele>33.6</ele>
   </trkpt>
   <trkpt lat="38.4030360" lon="-76.8420700">
    <ele>33.6</ele>
   </trkpt>
   <trkpt lat="38.4031470" lon="-76.8420290">
    <ele>36.0</ele>
   </trkpt>
   <trkpt lat="38.4031860" lon="-76.8420210">
    <ele>37.8</ele>
   </trkpt>
   <trkpt lat="38.4032210" lon="-76.8420240">
    <ele>39.2</ele>
   </trkpt>
   <trkpt lat="38.4034540" lon="-76.8420800">
    <ele>39.2</ele>
   </trkpt>
   <trkpt lat="38.4035600" lon="-76.8420940">
    <ele>36.6</ele>
   </trkpt>
   <trkpt lat="38.4036680" lon="-76.8420910">
    <ele>32.0</ele>
   </trkpt>
   <trkpt lat="38.4037610" lon="-76.8420690">
    <ele>29.2</ele>
   </trkpt>
   <trkpt lat="38.4038060" lon="-76.8420020">
    <ele>28.0</ele>
   </trkpt>
   <trkpt lat="38.4037760" lon="-76.8418080">
    <ele>28.0</ele>
   </trkpt>
   <trkpt lat="38.4037460" lon="-76.8417310">
    <ele>28.0</ele>
   </trkpt>
   <trkpt lat="38.4037050" lon="-76.8416700">
    <ele>29.2</ele>
   </trkpt>
   <trkpt lat="38.4036660" lon="-76.8416240">
    <ele>30.4</ele>
   </trkpt>
   <trkpt lat="38.4036210" lon="-76.8415890">
    <ele>32.0</ele>
   </trkpt>
   <trkpt lat="38.4035670" lon="-76.8415600">
    <ele>34.2</ele>
   </trkpt>
   <trkpt lat="38.4035110" lon="-76.8415360">
    <ele>35.6</ele>
   </trkpt>
   <trkpt lat="38.4034600" lon="-76.8414950">
    <ele>36.4</ele>
   </trkpt>
   <trkpt lat="38.4034390" lon="-76.8414360">
    <ele>37.2</ele>
   </trkpt>
   <trkpt lat="38.4034510" lon="-76.8413780">
    <ele>37.8</ele>
   </trkpt>
   <trkpt lat="38.4034950" lon="-76.8413400">
    <ele>39.2</ele>
   </trkpt>
   <trkpt lat="38.4035570" lon="-76.8413230">
    <ele>39.8</ele>
   </trkpt>
   <trkpt lat="38.4036340" lon="-76.8413230">
    <ele>40.0</ele>
   </trkpt>
   <trkpt lat="38.4037900" lon="-76.8413720">
    <ele>40.0</ele>
   </trkpt>
   <trkpt lat="38.4039670" lon="-76.8414850">
    <ele>37.0</ele>
   </trkpt>
   <trkpt lat="38.4040640" lon="-76.8415070">
    <ele>32.6</ele>
   </trkpt>
   <trkpt lat="38.4041520" lon="-76.8415010">
    <ele>30.2</ele>
   </trkpt>
   <trkpt lat="38.4042130" lon="-76.8414400">
    <ele>29.6</ele>
   </trkpt>
   <trkpt lat="38.4042570" lon="-76.8413570">
    <ele>29.8</ele>
   </trkpt>
   <trkpt lat="38.4043060" lon="-76.8411560">
    <ele>29.8</ele>
   </trkpt>
   <trkpt lat="38.4043300" lon="-76.8409340">
    <ele>31.4</ele>
   </trkpt>
   <trkpt lat="38.4043570" lon="-76.8407330">
    <ele>33.2</ele>
   </trkpt>
   <trkpt lat="38.4043690" lon="-76.8406560">
    <ele>34.8</ele>
   </trkpt>
   <trkpt lat="38.4043790" lon="-76.8405890">
    <ele>37.2</ele>
   </trkpt>
   <trkpt lat="38.4043840" lon="-76.8405210">
    <ele>40.0</ele>
   </trkpt>
   <trkpt lat="38.4043800" lon="-76.8403700">
    <ele>42.0</ele>
   </trkpt>
   <trkpt lat="38.4044230" lon="-76.8401600">
    <ele>42.2</ele>
   </trkpt>
   <trkpt lat="38.4045330" lon="-76.8400280">
    <ele>42.4</ele>
   </trkpt>
   <trkpt lat="38.4046910" lon="-76.8400300">
    <ele>42.2</ele>
   </trkpt>
   <trkpt lat="38.4047660" lon="-76.8400670">
    <ele>42.0</ele>
   </trkpt>
   <trkpt lat="38.4048340" lon="-76.8401220">
    <ele>42.0</ele>
   </trkpt>
   <trkpt lat="38.4048950" lon="-76.8401890">
    <ele>41.0</ele>
   </trkpt>
   <trkpt lat="38.4049410" lon="-76.8402820">
    <ele>40.8</ele>
   </trkpt>
   <trkpt lat="38.4049630" lon="-76.8404030">
    <ele>40.0</ele>
   </trkpt>
   <trkpt lat="38.4049710" lon="-76.8405380">
    <ele>39.2</ele>
   </trkpt>
   <trkpt lat="38.4049700" lon="-76.8406880">
    <ele>38.0</ele>
   </trkpt>
   <trkpt lat="38.4049510" lon="-76.8409970">
    <ele>37.8</ele>
   </trkpt>
   <trkpt lat="38.4049270" lon="-76.8412100">
    <ele>37.4</ele>
   </trkpt>
   <trkpt lat="38.4048820" lon="-76.8414490">
    <ele>37.2</ele>
   </trkpt>
   <trkpt lat="38.4047570" lon="-76.8417270">
    <ele>36.0</ele>
   </trkpt>
   <trkpt lat="38.4046610" lon="-76.8418300">
    <ele>34.6</ele>
   </trkpt>
   <trkpt lat="38.4045600" lon="-76.8419060">
    <ele>33.8</ele>
   </trkpt>
   <trkpt lat="38.4044690" lon="-76.8419520">
    <ele>33.4</ele>
   </trkpt>
   <trkpt lat="38.4043470" lon="-76.8420270">
    <ele>32.0</ele>
   </trkpt>
   <trkpt lat="38.4042850" lon="-76.8421130">
    <ele>31.6</ele>
   </trkpt>
   <trkpt lat="38.4042550" lon="-76.8422280">
    <ele>29.8</ele>
   </trkpt>
   <trkpt lat="38.4042620" lon="-76.8423510">
    <ele>28.6</ele>
   </trkpt>
   <trkpt lat="38.4042700" lon="-76.8424700">
    <ele>28.2</ele>
   </trkpt>
   <trkpt lat="38.4042000" lon="-76.8426390">
    <ele>27.4</ele>
   </trkpt>
   <trkpt lat="38.4040040" lon="-76.8427040">
    <ele>27.0</ele>
   </trkpt>
   <trkpt lat="38.4038910" lon="-76.8427070">
    <ele>25.8</ele>
   </trkpt>
   <trkpt lat="38.4037740" lon="-76.8427120">
    <ele>25.0</ele>
   </trkpt>
   <trkpt lat="38.4036720" lon="-76.8427570">
    <ele>24.2</ele>
   </trkpt>
   <trkpt lat="38.4035970" lon="-76.8428530">
    <ele>23.8</ele>
   </trkpt>
   <trkpt lat="38.4035430" lon="-76.8429730">
    <ele>23.6</ele>
   </trkpt>
   <trkpt lat="38.4034430" lon="-76.8432290">
    <ele>24.2</ele>
   </trkpt>
   <trkpt lat="38.4034100" lon="-76.8432970">
    <ele>25.4</ele>
   </trkpt>
   <trkpt lat="38.4033670" lon="-76.8433810">
    <ele>25.4</ele>
   </trkpt>
   <trkpt lat="38.4033020" lon="-76.8434760">
    <ele>25.4</ele>
   </trkpt>
   <trkpt lat="38.4030670" lon="-76.8437200">
    <ele>25.4</ele>
   </trkpt>
   <trkpt lat="38.4029470" lon="-76.8437810">
    <ele>27.6</ele>
   </trkpt>
   <trkpt lat="38.4028890" lon="-76.8438020">
    <ele>29.0</ele>
   </trkpt>
   <trkpt lat="38.4027640" lon="-76.8438240">
    <ele>31.2</ele>
   </trkpt>
   <trkpt lat="38.4027060" lon="-76.8438000">
    <ele>31.8</ele>
   </trkpt>
   <trkpt lat="38.4026630" lon="-76.8437640">
    <ele>32.2</ele>
   </trkpt>
   <trkpt lat="38.4026360" lon="-76.8437160">
    <ele>34.0</ele>
   </trkpt>
   <trkpt lat="38.4026180" lon="-76.8436530">
    <ele>34.8</ele>
   </trkpt>
   <trkpt lat="38.4026000" lon="-76.8435770">
    <ele>35.4</ele>
   </trkpt>
   <trkpt lat="38.4025840" lon="-76.8434910">
    <ele>36.0</ele>
   </trkpt>
   <trkpt lat="38.4025820" lon="-76.8434060">
    <ele>36.4</ele>
   </trkpt>
   <trkpt lat="38.4026090" lon="-76.8433320">
    <ele>37.2</ele>
   </trkpt>
   <trkpt lat="38.4026660" lon="-76.8432560">
    <ele>37.2</ele>
   </trkpt>
   <trkpt lat="38.4027440" lon="-76.8431860">
    <ele>37.2</ele>
   </trkpt>
   <trkpt lat="38.4028490" lon="-76.8431400">
    <ele>37.2</ele>
   </trkpt>
   <trkpt lat="38.4029810" lon="-76.8431050">
    <ele>34.6</ele>
   </trkpt>
   <trkpt lat="38.4031160" lon="-76.8430560">
    <ele>30.4</ele>
   </trkpt>
   <trkpt lat="38.4032300" lon="-76.8430090">
    <ele>27.8</ele>
   </trkpt>
   <trkpt lat="38.4033110" lon="-76.8429580">
    <ele>24.4</ele>
   </trkpt>
   <trkpt lat="38.4033640" lon="-76.8428870">
    <ele>24.0</ele>
   </trkpt>
   <trkpt lat="38.4033820" lon="-76.8428140">
    <ele>24.0</ele>
   </trkpt>
   <trkpt lat="38.4033630" lon="-76.8427730">
    <ele>24.0</ele>
   </trkpt>
   <trkpt lat="38.4032290" lon="-76.8427490">
    <ele>24.2</ele>
   </trkpt>
   <trkpt lat="38.4030040" lon="-76.8428610">
    <ele>25.0</ele>
   </trkpt>
   <trkpt lat="38.4029380" lon="-76.8428870">
    <ele>25.8</ele>
   </trkpt>
   <trkpt lat="38.4028830" lon="-76.8429070">
    <ele>27.6</ele>
   </trkpt>
   <trkpt lat="38.4028350" lon="-76.8429290">
    <ele>30.4</ele>
   </trkpt>
   <trkpt lat="38.4027790" lon="-76.8429540">
    <ele>32.8</ele>
   </trkpt>
   <trkpt lat="38.4027160" lon="-76.8429830">
    <ele>34.0</ele>
   </trkpt>
   <trkpt lat="38.4025850" lon="-76.8430290">
    <ele>35.4</ele>
   </trkpt>
   <trkpt lat="38.4025110" lon="-76.8430650">
    <ele>37.4</ele>
   </trkpt>
   <trkpt lat="38.4023990" lon="-76.8431830">
    <ele>37.6</ele>
   </trkpt>
   <trkpt lat="38.4023600" lon="-76.8432470">
    <ele>37.6</ele>
   </trkpt>
   <trkpt lat="38.4023160" lon="-76.8433000">
    <ele>37.6</ele>
   </trkpt>
   <trkpt lat="38.4022040" lon="-76.8434010">
    <ele>36.0</ele>
   </trkpt>
   <trkpt lat="38.4020540" lon="-76.8435450">
    <ele>33.6</ele>
   </trkpt>
   <trkpt lat="38.4019670" lon="-76.8436230">
    <ele>31.0</ele>
   </trkpt>
   <trkpt lat="38.4018880" lon="-76.8436840">
    <ele>28.8</ele>
   </trkpt>
   <trkpt lat="38.4018280" lon="-76.8437240">
    <ele>27.2</ele>
   </trkpt>
   <trkpt lat="38.4017910" lon="-76.8437500">
    <ele>27.2</ele>
   </trkpt>
   <trkpt lat="38.4017130" lon="-76.8438060">
    <ele>27.2</ele>
   </trkpt>
   <trkpt lat="38.4016790" lon="-76.8438510">
    <ele>27.4</ele>
   </trkpt>
   <trkpt lat="38.4016030" lon="-76.8439700">
    <ele>27.6</ele>
   </trkpt>
   <trkpt lat="38.4015260" lon="-76.8440750">
    <ele>28.4</ele>
   </trkpt>
   <trkpt lat="38.4014750" lon="-76.8441380">
    <ele>29.6</ele>
   </trkpt>
   <trkpt lat="38.4014500" lon="-76.8441620">
    <ele>29.6</ele>
   </trkpt>
   <trkpt lat="38.4013750" lon="-76.8442320">
    <ele>30.2</ele>
   </trkpt>
   <trkpt lat="38.4012840" lon="-76.8443040">
    <ele>30.2</ele>
   </trkpt>
   <trkpt lat="38.4012510" lon="-76.8443260">
    <ele>30.4</ele>
   </trkpt>
   <trkpt lat="38.4011990" lon="-76.8443550">
    <ele>30.4</ele>
   </trkpt>
   <trkpt lat="38.4011640" lon="-76.8443760">
    <ele>30.6</ele>
   </trkpt>
   <trkpt lat="38.4011130" lon="-76.8444010">
    <ele>30.6</ele>
   </trkpt>
   <trkpt lat="38.4010590" lon="-76.8444150">
    <ele>30.6</ele>
   </trkpt>
   <trkpt lat="38.4010130" lon="-76.8444240">
    <ele>30.6</ele>
   </trkpt>
   <trkpt lat="38.4008450" lon="-76.8444210">
    <ele>30.8</ele>
   </trkpt>
   <trkpt lat="38.4006930" lon="-76.8443420">
    <ele>31.0</ele>
   </trkpt>
   <trkpt lat="38.4006210" lon="-76.8442690">
    <ele>31.0</ele>
   </trkpt>
   <trkpt lat="38.4005810" lon="-76.8441670">
    <ele>31.2</ele>
   </trkpt>
   <trkpt lat="38.4005630" lon="-76.8440580">
    <ele>32.0</ele>
   </trkpt>
   <trkpt lat="38.4005510" lon="-76.8439520">
    <ele>33.2</ele>
   </trkpt>
   <trkpt lat="38.4005580" lon="-76.8438460">
    <ele>34.2</ele>
   </trkpt>
   <trkpt lat="38.4005700" lon="-76.8437460">
    <ele>35.0</ele>
   </trkpt>
   <trkpt lat="38.4005980" lon="-76.8436550">
    <ele>36.0</ele>
   </trkpt>
   <trkpt lat="38.4006470" lon="-76.8435790">
    <ele>36.8</ele>
   </trkpt>
   <trkpt lat="38.4007130" lon="-76.8435120">
    <ele>37.4</ele>
   </trkpt>
   <trkpt lat="38.4007840" lon="-76.8434310">
    <ele>37.8</ele>
   </trkpt>
   <trkpt lat="38.4008430" lon="-76.8433240">
    <ele>38.0</ele>
   </trkpt>
   <trkpt lat="38.4009820" lon="-76.8429500">
    <ele>39.0</ele>
   </trkpt>
   <trkpt lat="38.4010150" lon="-76.8428130">
    <ele>39.2</ele>
   </trkpt>
   <trkpt lat="38.4010210" lon="-76.8425230">
    <ele>39.6</ele>
   </trkpt>
   <trkpt lat="38.4010090" lon="-76.8422540">
    <ele>39.8</ele>
   </trkpt>
   <trkpt lat="38.4010580" lon="-76.8421370">
    <ele>39.8</ele>
   </trkpt>
   <trkpt lat="38.4011280" lon="-76.8420400">
    <ele>39.8</ele>
   </trkpt>
   <trkpt lat="38.4012120" lon="-76.8419610">
    <ele>40.0</ele>
   </trkpt>
   <trkpt lat="38.4013010" lon="-76.8418960">
    <ele>40.0</ele>
   </trkpt>
   <trkpt lat="38.4014850" lon="-76.8417760">
    <ele>42.0</ele>
   </trkpt>
   <trkpt lat="38.4015780" lon="-76.8417060">
    <ele>42.0</ele>
   </trkpt>
   <trkpt lat="38.4018620" lon="-76.8413900">
    <ele>41.4</ele>
   </trkpt>
   <trkpt lat="38.4019550" lon="-76.8412710">
    <ele>41.2</ele>
   </trkpt>
   <trkpt lat="38.4021470" lon="-76.8410260">
    <ele>40.8</ele>
   </trkpt>
   <trkpt lat="38.4024510" lon="-76.8406800">
    <ele>41.0</ele>
   </trkpt>
   <trkpt lat="38.4026880" lon="-76.8405610">
    <ele>41.6</ele>
   </trkpt>
   <trkpt lat="38.4028860" lon="-76.8406640">
    <ele>42.4</ele>
   </trkpt>
   <trkpt lat="38.4029260" lon="-76.8409390">
    <ele>42.6</ele>
   </trkpt>
   <trkpt lat="38.4028550" lon="-76.8412320">
    <ele>42.6</ele>
   </trkpt>
   <trkpt lat="38.4026890" lon="-76.8415000">
    <ele>42.4</ele>
   </trkpt>
   <trkpt lat="38.4022800" lon="-76.8420160">
    <ele>41.6</ele>
   </trkpt>
   <trkpt lat="38.4019830" lon="-76.8425050">
    <ele>41.6</ele>
   </trkpt>
   <trkpt lat="38.4020520" lon="-76.8425740">
    <ele>42.2</ele>
   </trkpt>
   <trkpt lat="38.4021520" lon="-76.8424940">
    <ele>42.8</ele>
   </trkpt>
   <trkpt lat="38.4022140" lon="-76.8424920">
    <ele>42.8</ele>
   </trkpt>
   <trkpt lat="38.4022840" lon="-76.8424940">
    <ele>42.8</ele>
   </trkpt>
   <trkpt lat="38.4024200" lon="-76.8424330">
    <ele>42.6</ele>
   </trkpt>
   <trkpt lat="38.4025930" lon="-76.8422580">
    <ele>39.4</ele>
   </trkpt>
   <trkpt lat="38.4027100" lon="-76.8421760">
    <ele>35.4</ele>
   </trkpt>
   <trkpt lat="38.4028260" lon="-76.8421240">
    <ele>34.0</ele>
   </trkpt>
   <trkpt lat="38.4031720" lon="-76.8420140">
    <ele>33.8</ele>
   </trkpt>
   <trkpt lat="38.4033040" lon="-76.8420090">
    <ele>37.0</ele>
   </trkpt>
   <trkpt lat="38.4033840" lon="-76.8420210">
    <ele>37.0</ele>
   </trkpt>
   <trkpt lat="38.4037010" lon="-76.8420840">
    <ele>32.4</ele>
   </trkpt>
   <trkpt lat="38.4037970" lon="-76.8420660">
    <ele>29.0</ele>
   </trkpt>
   <trkpt lat="38.4038560" lon="-76.8420090">
    <ele>27.8</ele>
   </trkpt>
   <trkpt lat="38.4038650" lon="-76.8418230">
    <ele>27.8</ele>
   </trkpt>
   <trkpt lat="38.4037720" lon="-76.8416770">
    <ele>28.8</ele>
   </trkpt>
   <trkpt lat="38.4037160" lon="-76.8416280">
    <ele>30.0</ele>
   </trkpt>
   <trkpt lat="38.4036590" lon="-76.8415870">
    <ele>31.2</ele>
   </trkpt>
   <trkpt lat="38.4035990" lon="-76.8415590">
    <ele>33.4</ele>
   </trkpt>
   <trkpt lat="38.4035400" lon="-76.8415360">
    <ele>35.6</ele>
   </trkpt>
   <trkpt lat="38.4034410" lon="-76.8414520">
    <ele>37.4</ele>
   </trkpt>
   <trkpt lat="38.4034460" lon="-76.8413940">
    <ele>37.8</ele>
   </trkpt>
   <trkpt lat="38.4034910" lon="-76.8413550">
    <ele>39.2</ele>
   </trkpt>
   <trkpt lat="38.4035480" lon="-76.8413260">
    <ele>39.6</ele>
   </trkpt>
   <trkpt lat="38.4036200" lon="-76.8413140">
    <ele>40.2</ele>
   </trkpt>
   <trkpt lat="38.4036960" lon="-76.8413230">
    <ele>40.2</ele>
   </trkpt>
   <trkpt lat="38.4037790" lon="-76.8413760">
    <ele>40.2</ele>
   </trkpt>
   <trkpt lat="38.4039550" lon="-76.8414930">
    <ele>38.2</ele>
   </trkpt>
   <trkpt lat="38.4040430" lon="-76.8415250">
    <ele>33.6</ele>
   </trkpt>
   <trkpt lat="38.4041310" lon="-76.8415160">
    <ele>30.6</ele>
   </trkpt>
   <trkpt lat="38.4042680" lon="-76.8414080">
    <ele>30.0</ele>
   </trkpt>
   <trkpt lat="38.4043230" lon="-76.8412050">
    <ele>30.0</ele>
   </trkpt>
   <trkpt lat="38.4043520" lon="-76.8408660">
    <ele>32.4</ele>
   </trkpt>
   <trkpt lat="38.4043580" lon="-76.8406930">
    <ele>34.4</ele>
   </trkpt>
   <trkpt lat="38.4043610" lon="-76.8406270">
    <ele>37.0</ele>
   </trkpt>
   <trkpt lat="38.4043660" lon="-76.8405560">
    <ele>40.0</ele>
   </trkpt>
   <trkpt lat="38.4043740" lon="-76.8404880">
    <ele>41.0</ele>
   </trkpt>
   <trkpt lat="38.4043860" lon="-76.8404140">
    <ele>41.8</ele>
   </trkpt>
   <trkpt lat="38.4044040" lon="-76.8403170">
    <ele>42.2</ele>
   </trkpt>
   <trkpt lat="38.4044870" lon="-76.8401120">
    <ele>42.6</ele>
   </trkpt>
   <trkpt lat="38.4046030" lon="-76.8400220">
    <ele>42.6</ele>
   </trkpt>
   <trkpt lat="38.4047530" lon="-76.8400540">
    <ele>42.2</ele>
   </trkpt>
   <trkpt lat="38.4048210" lon="-76.8400970">
    <ele>42.0</ele>
   </trkpt>
   <trkpt lat="38.4048800" lon="-76.8401550">
    <ele>41.4</ele>
   </trkpt>
   <trkpt lat="38.4049280" lon="-76.8402290">
    <ele>40.8</ele>
   </trkpt>
   <trkpt lat="38.4049650" lon="-76.8403250">
    <ele>40.6</ele>
   </trkpt>
   <trkpt lat="38.4049900" lon="-76.8405740">
    <ele>38.8</ele>
   </trkpt>
   <trkpt lat="38.4049880" lon="-76.8407210">
    <ele>38.0</ele>
   </trkpt>
   <trkpt lat="38.4049780" lon="-76.8408840">
    <ele>37.8</ele>
   </trkpt>
   <trkpt lat="38.4049690" lon="-76.8410160">
    <ele>37.8</ele>
   </trkpt>
   <trkpt lat="38.4049380" lon="-76.8412120">
    <ele>37.6</ele>
   </trkpt>
   <trkpt lat="38.4048980" lon="-76.8414590">
    <ele>37.2</ele>
   </trkpt>
   <trkpt lat="38.4048510" lon="-76.8416040">
    <ele>37.2</ele>
   </trkpt>
   <trkpt lat="38.4047830" lon="-76.8417450">
    <ele>35.6</ele>
   </trkpt>
   <trkpt lat="38.4047000" lon="-76.8418580">
    <ele>34.2</ele>
   </trkpt>
   <trkpt lat="38.4046030" lon="-76.8419120">
    <ele>33.6</ele>
   </trkpt>
   <trkpt lat="38.4045130" lon="-76.8419270">
    <ele>33.4</ele>
   </trkpt>
   <trkpt lat="38.4044600" lon="-76.8419410">
    <ele>33.0</ele>
   </trkpt>
   <trkpt lat="38.4044250" lon="-76.8419550">
    <ele>32.6</ele>
   </trkpt>
   <trkpt lat="38.4043500" lon="-76.8420120">
    <ele>31.8</ele>
   </trkpt>
   <trkpt lat="38.4043030" lon="-76.8420650">
    <ele>31.6</ele>
   </trkpt>
   <trkpt lat="38.4042700" lon="-76.8421390">
    <ele>30.0</ele>
   </trkpt>
   <trkpt lat="38.4042540" lon="-76.8422380">
    <ele>27.8</ele>
   </trkpt>
   <trkpt lat="38.4042860" lon="-76.8424450">
    <ele>27.8</ele>
   </trkpt>
   <trkpt lat="38.4042800" lon="-76.8425370">
    <ele>27.6</ele>
   </trkpt>
   <trkpt lat="38.4042320" lon="-76.8426080">
    <ele>27.4</ele>
   </trkpt>
   <trkpt lat="38.4040350" lon="-76.8426780">
    <ele>27.4</ele>
   </trkpt>
   <trkpt lat="38.4039150" lon="-76.8426830">
    <ele>26.2</ele>
   </trkpt>
   <trkpt lat="38.4037990" lon="-76.8426920">
    <ele>25.0</ele>
   </trkpt>
   <trkpt lat="38.4036910" lon="-76.8427230">
    <ele>24.0</ele>
   </trkpt>
   <trkpt lat="38.4036170" lon="-76.8427980">
    <ele>23.8</ele>
   </trkpt>
   <trkpt lat="38.4035630" lon="-76.8429020">
    <ele>23.6</ele>
   </trkpt>
   <trkpt lat="38.4034950" lon="-76.8431110">
    <ele>23.6</ele>
   </trkpt>
   <trkpt lat="38.4034440" lon="-76.8432500">
    <ele>25.2</ele>
   </trkpt>
   <trkpt lat="38.4032550" lon="-76.8434910">
    <ele>25.2</ele>
   </trkpt>
   <trkpt lat="38.4031160" lon="-76.8436590">
    <ele>24.8</ele>
   </trkpt>
   <trkpt lat="38.4030630" lon="-76.8436990">
    <ele>24.8</ele>
   </trkpt>
   <trkpt lat="38.4029920" lon="-76.8437260">
    <ele>27.8</ele>
   </trkpt>
   <trkpt lat="38.4029130" lon="-76.8437420">
    <ele>29.2</ele>
   </trkpt>
   <trkpt lat="38.4028140" lon="-76.8437750">
    <ele>30.2</ele>
   </trkpt>
   <trkpt lat="38.4027520" lon="-76.8437810">
    <ele>31.6</ele>
   </trkpt>
   <trkpt lat="38.4027010" lon="-76.8437730">
    <ele>31.8</ele>
   </trkpt>
   <trkpt lat="38.4026310" lon="-76.8437250">
    <ele>33.4</ele>
   </trkpt>
   <trkpt lat="38.4026060" lon="-76.8436690">
    <ele>34.4</ele>
   </trkpt>
   <trkpt lat="38.4025700" lon="-76.8435410">
    <ele>35.2</ele>
   </trkpt>
   <trkpt lat="38.4025580" lon="-76.8434010">
    <ele>36.0</ele>
   </trkpt>
   <trkpt lat="38.4025760" lon="-76.8433320">
    <ele>37.0</ele>
   </trkpt>
   <trkpt lat="38.4026060" lon="-76.8432740">
    <ele>37.2</ele>
   </trkpt>
   <trkpt lat="38.4026470" lon="-76.8432200">
    <ele>37.2</ele>
   </trkpt>
   <trkpt lat="38.4027010" lon="-76.8431670">
    <ele>37.2</ele>
   </trkpt>
   <trkpt lat="38.4028750" lon="-76.8430770">
    <ele>35.4</ele>
   </trkpt>
   <trkpt lat="38.4029980" lon="-76.8430350">
    <ele>33.2</ele>
   </trkpt>
   <trkpt lat="38.4031210" lon="-76.8429920">
    <ele>30.0</ele>
   </trkpt>
   <trkpt lat="38.4032230" lon="-76.8429470">
    <ele>26.6</ele>
   </trkpt>
   <trkpt lat="38.4032970" lon="-76.8428980">
    <ele>24.4</ele>
   </trkpt>
   <trkpt lat="38.4033430" lon="-76.8428480">
    <ele>23.6</ele>
   </trkpt>
   <trkpt lat="38.4033730" lon="-76.8427980">
    <ele>23.6</ele>
   </trkpt>
   <trkpt lat="38.4033550" lon="-76.8427520">
    <ele>23.6</ele>
   </trkpt>
   <trkpt lat="38.4032410" lon="-76.8427410">
    <ele>24.0</ele>
   </trkpt>
   <trkpt lat="38.4030150" lon="-76.8428380">
    <ele>25.0</ele>
   </trkpt>
   <trkpt lat="38.4029500" lon="-76.8428630">
    <ele>25.8</ele>
   </trkpt>
   <trkpt lat="38.4028950" lon="-76.8428870">
    <ele>27.4</ele>
   </trkpt>
   <trkpt lat="38.4028440" lon="-76.8429080">
    <ele>30.2</ele>
   </trkpt>
   <trkpt lat="38.4027870" lon="-76.8429330">
    <ele>33.0</ele>
   </trkpt>
   <trkpt lat="38.4027230" lon="-76.8429580">
    <ele>34.0</ele>
   </trkpt>
   <trkpt lat="38.4025180" lon="-76.8430460">
    <ele>37.2</ele>
   </trkpt>
   <trkpt lat="38.4023860" lon="-76.8431910">
    <ele>37.4</ele>
   </trkpt>
   <trkpt lat="38.4023300" lon="-76.8432820">
    <ele>37.4</ele>
   </trkpt>
   <trkpt lat="38.4022620" lon="-76.8433680">
    <ele>37.2</ele>
   </trkpt>
   <trkpt lat="38.4021800" lon="-76.8434390">
    <ele>36.0</ele>
   </trkpt>
   <trkpt lat="38.4020780" lon="-76.8435180">
    <ele>34.8</ele>
   </trkpt>
   <trkpt lat="38.4019680" lon="-76.8436090">
    <ele>32.4</ele>
   </trkpt>
   <trkpt lat="38.4018670" lon="-76.8436870">
    <ele>29.6</ele>
   </trkpt>
   <trkpt lat="38.4017820" lon="-76.8437460">
    <ele>27.2</ele>
   </trkpt>
   <trkpt lat="38.4017130" lon="-76.8437970">
    <ele>27.2</ele>
   </trkpt>
   <trkpt lat="38.4016070" lon="-76.8439280">
    <ele>27.2</ele>
   </trkpt>
   <trkpt lat="38.4014990" lon="-76.8440780">
    <ele>28.2</ele>
   </trkpt>
   <trkpt lat="38.4014520" lon="-76.8441330">
    <ele>28.8</ele>
   </trkpt>
   <trkpt lat="38.4013580" lon="-76.8442230">
    <ele>29.8</ele>
   </trkpt>
   <trkpt lat="38.4012450" lon="-76.8443070">
    <ele>30.2</ele>
   </trkpt>
   <trkpt lat="38.4012020" lon="-76.8443350">
    <ele>30.2</ele>
   </trkpt>
   <trkpt lat="38.4010540" lon="-76.8443980">
    <ele>30.4</ele>
   </trkpt>
   <trkpt lat="38.4008840" lon="-76.8444080">
    <ele>30.6</ele>
   </trkpt>
   <trkpt lat="38.4007460" lon="-76.8443540">
    <ele>30.6</ele>
   </trkpt>
   <trkpt lat="38.4006830" lon="-76.8442850">
    <ele>30.8</ele>
   </trkpt>
   <trkpt lat="38.4006320" lon="-76.8441880">
    <ele>30.8</ele>
   </trkpt>
   <trkpt lat="38.4005960" lon="-76.8440830">
    <ele>31.2</ele>
   </trkpt>
   <trkpt lat="38.4005790" lon="-76.8439710">
    <ele>32.4</ele>
   </trkpt>
   <trkpt lat="38.4005790" lon="-76.8438810">
    <ele>33.6</ele>
   </trkpt>
   <trkpt lat="38.4006290" lon="-76.8436470">
    <ele>35.6</ele>
   </trkpt>
   <trkpt lat="38.4006860" lon="-76.8435550">
    <ele>36.6</ele>
   </trkpt>
   <trkpt lat="38.4007500" lon="-76.8434590">
    <ele>37.2</ele>
   </trkpt>
   <trkpt lat="38.4008080" lon="-76.8433470">
    <ele>37.8</ele>
   </trkpt>
   <trkpt lat="38.4008590" lon="-76.8432230">
    <ele>38.0</ele>
   </trkpt>
   <trkpt lat="38.4009970" lon="-76.8428210">
    <ele>38.6</ele>
   </trkpt>
   <trkpt lat="38.4010080" lon="-76.8426750">
    <ele>38.8</ele>
   </trkpt>
   <trkpt lat="38.4009980" lon="-76.8425290">
    <ele>39.0</ele>
   </trkpt>
   <trkpt lat="38.4010000" lon="-76.8423800">
    <ele>39.4</ele>
   </trkpt>
   <trkpt lat="38.4010240" lon="-76.8422470">
    <ele>39.4</ele>
   </trkpt>
   <trkpt lat="38.4010780" lon="-76.8421270">
    <ele>39.4</ele>
   </trkpt>
   <trkpt lat="38.4011530" lon="-76.8420260">
    <ele>39.6</ele>
   </trkpt>
   <trkpt lat="38.4012390" lon="-76.8419430">
    <ele>39.8</ele>
   </trkpt>
   <trkpt lat="38.4014260" lon="-76.8418130">
    <ele>41.0</ele>
   </trkpt>
   <trkpt lat="38.4018180" lon="-76.8414430">
    <ele>41.2</ele>
   </trkpt>
   <trkpt lat="38.4022000" lon="-76.8409450">
    <ele>40.8</ele>
   </trkpt>
   <trkpt lat="38.4022910" lon="-76.8408170">
    <ele>40.8</ele>
   </trkpt>
   <trkpt lat="38.4023920" lon="-76.8407000">
    <ele>41.2</ele>
   </trkpt>
   <trkpt lat="38.4026230" lon="-76.8405440">
    <ele>41.4</ele>
   </trkpt>
   <trkpt lat="38.4028430" lon="-76.8405940">
    <ele>41.8</ele>
   </trkpt>
   <trkpt lat="38.4029120" lon="-76.8406920">
    <ele>42.4</ele>
   </trkpt>
   <trkpt lat="38.4029290" lon="-76.8408290">
    <ele>42.6</ele>
   </trkpt>
   <trkpt lat="38.4028670" lon="-76.8411390">
    <ele>42.6</ele>
   </trkpt>
   <trkpt lat="38.4027200" lon="-76.8414300">
    <ele>42.4</ele>
   </trkpt>
   <trkpt lat="38.4026270" lon="-76.8415620">
    <ele>42.2</ele>
   </trkpt>
   <trkpt lat="38.4022530" lon="-76.8420270">
    <ele>41.0</ele>
   </trkpt>
   <trkpt lat="38.4021860" lon="-76.8421250">
    <ele>41.0</ele>
   </trkpt>
   <trkpt lat="38.4020700" lon="-76.8422990">
    <ele>41.0</ele>
   </trkpt>
   <trkpt lat="38.4020200" lon="-76.8423740">
    <ele>41.0</ele>
   </trkpt>
   <trkpt lat="38.4019930" lon="-76.8425010">
    <ele>41.2</ele>
   </trkpt>
   <trkpt lat="38.4020760" lon="-76.8425300">
    <ele>42.4</ele>
   </trkpt>
   <trkpt lat="38.4021560" lon="-76.8424750">
    <ele>42.4</ele>
   </trkpt>
   <trkpt lat="38.4022050" lon="-76.8424630">
    <ele>42.4</ele>
   </trkpt>
   <trkpt lat="38.4022620" lon="-76.8424780">
    <ele>42.4</ele>
   </trkpt>
   <trkpt lat="38.4023770" lon="-76.8424800">
    <ele>42.4</ele>
   </trkpt>
   <trkpt lat="38.4025960" lon="-76.8422910">
    <ele>39.8</ele>
   </trkpt>
   <trkpt lat="38.4027030" lon="-76.8422140">
    <ele>35.6</ele>
   </trkpt>
   <trkpt lat="38.4028200" lon="-76.8421470">
    <ele>33.4</ele>
   </trkpt>
   <trkpt lat="38.4029390" lon="-76.8420850">
    <ele>33.4</ele>
   </trkpt>
   <trkpt lat="38.4030560" lon="-76.8420410">
    <ele>33.4</ele>
   </trkpt>
   <trkpt lat="38.4032310" lon="-76.8420100">
    <ele>34.6</ele>
   </trkpt>
   <trkpt lat="38.4032960" lon="-76.8420100">
    <ele>36.8</ele>
   </trkpt>
   <trkpt lat="38.4033660" lon="-76.8420150">
    <ele>36.8</ele>
   </trkpt>
   <trkpt lat="38.4034600" lon="-76.8420280">
    <ele>36.8</ele>
   </trkpt>
   <trkpt lat="38.4036590" lon="-76.8420320">
    <ele>32.4</ele>
   </trkpt>
   <trkpt lat="38.4037320" lon="-76.8420130">
    <ele>29.0</ele>
   </trkpt>
   <trkpt lat="38.4037770" lon="-76.8419680">
    <ele>27.8</ele>
   </trkpt>
   <trkpt lat="38.4037960" lon="-76.8418990">
    <ele>27.8</ele>
   </trkpt>
   <trkpt lat="38.4037910" lon="-76.8418250">
    <ele>27.8</ele>
   </trkpt>
   <trkpt lat="38.4037190" lon="-76.8416900">
    <ele>28.6</ele>
   </trkpt>
   <trkpt lat="38.4036710" lon="-76.8416380">
    <ele>29.2</ele>
   </trkpt>
   <trkpt lat="38.4036210" lon="-76.8416010">
    <ele>30.8</ele>
   </trkpt>
   <trkpt lat="38.4035760" lon="-76.8415690">
    <ele>32.8</ele>
   </trkpt>
   <trkpt lat="38.4035200" lon="-76.8415420">
    <ele>34.8</ele>
   </trkpt>
   <trkpt lat="38.4034210" lon="-76.8414540">
    <ele>36.8</ele>
   </trkpt>
   <trkpt lat="38.4034060" lon="-76.8413950">
    <ele>37.2</ele>
   </trkpt>
   <trkpt lat="38.4034330" lon="-76.8413500">
    <ele>38.4</ele>
   </trkpt>
   <trkpt lat="38.4034860" lon="-76.8413230">
    <ele>39.4</ele>
   </trkpt>
   <trkpt lat="38.4035610" lon="-76.8413100">
    <ele>39.6</ele>
   </trkpt>
   <trkpt lat="38.4037300" lon="-76.8413330">
    <ele>39.8</ele>
   </trkpt>
   <trkpt lat="38.4039170" lon="-76.8414380">
    <ele>39.0</ele>
   </trkpt>
   <trkpt lat="38.4040160" lon="-76.8414550">
    <ele>34.0</ele>
   </trkpt>
   <trkpt lat="38.4041110" lon="-76.8414400">
    <ele>31.2</ele>
   </trkpt>
   <trkpt lat="38.4041960" lon="-76.8413950">
    <ele>30.2</ele>
   </trkpt>
   <trkpt lat="38.4042610" lon="-76.8413220">
    <ele>30.2</ele>
   </trkpt>
   <trkpt lat="38.4043330" lon="-76.8411210">
    <ele>30.2</ele>
   </trkpt>
   <trkpt lat="38.4043460" lon="-76.8408770">
    <ele>31.6</ele>
   </trkpt>
   <trkpt lat="38.4043600" lon="-76.8406860">
    <ele>33.8</ele>
   </trkpt>
   <trkpt lat="38.4043650" lon="-76.8406090">
    <ele>36.0</ele>
   </trkpt>
   <trkpt lat="38.4043730" lon="-76.8405280">
    <ele>39.0</ele>
   </trkpt>
   <trkpt lat="38.4043840" lon="-76.8404530">
    <ele>40.8</ele>
   </trkpt>
   <trkpt lat="38.4043910" lon="-76.8403730">
    <ele>41.8</ele>
   </trkpt>
   <trkpt lat="38.4043980" lon="-76.8402750">
    <ele>42.2</ele>
   </trkpt>
   <trkpt lat="38.4044270" lon="-76.8401640">
    <ele>42.4</ele>
   </trkpt>
   <trkpt lat="38.4044750" lon="-76.8400680">
    <ele>42.6</ele>
   </trkpt>
   <trkpt lat="38.4045410" lon="-76.8400140">
    <ele>42.6</ele>
   </trkpt>
   <trkpt lat="38.4046130" lon="-76.8399970">
    <ele>42.2</ele>
   </trkpt>
   <trkpt lat="38.4046910" lon="-76.8400130">
    <ele>42.0</ele>
   </trkpt>
   <trkpt lat="38.4048390" lon="-76.8400860">
    <ele>41.8</ele>
   </trkpt>
   <trkpt lat="38.4048930" lon="-76.8401570">
    <ele>41.0</ele>
   </trkpt>
   <trkpt lat="38.4049300" lon="-76.8402490">
    <ele>40.4</ele>
   </trkpt>
   <trkpt lat="38.4049560" lon="-76.8403640">
    <ele>39.8</ele>
   </trkpt>
   <trkpt lat="38.4049680" lon="-76.8404950">
    <ele>39.2</ele>
   </trkpt>
   <trkpt lat="38.4049730" lon="-76.8406370">
    <ele>38.2</ele>
   </trkpt>
   <trkpt lat="38.4049640" lon="-76.8409450">
    <ele>37.8</ele>
   </trkpt>
   <trkpt lat="38.4049600" lon="-76.8410750">
    <ele>37.8</ele>
   </trkpt>
   <trkpt lat="38.4049460" lon="-76.8411940">
    <ele>37.6</ele>
   </trkpt>
   <trkpt lat="38.4049240" lon="-76.8413100">
    <ele>37.0</ele>
   </trkpt>
   <trkpt lat="38.4048940" lon="-76.8414460">
    <ele>37.0</ele>
   </trkpt>
   <trkpt lat="38.4048480" lon="-76.8415900">
    <ele>37.0</ele>
   </trkpt>
   <trkpt lat="38.4047850" lon="-76.8417280">
    <ele>35.8</ele>
   </trkpt>
   <trkpt lat="38.4046990" lon="-76.8418350">
    <ele>34.2</ele>
   </trkpt>
   <trkpt lat="38.4045980" lon="-76.8419110">
    <ele>33.8</ele>
   </trkpt>
   <trkpt lat="38.4045050" lon="-76.8419570">
    <ele>33.2</ele>
   </trkpt>
   <trkpt lat="38.4044190" lon="-76.8419870">
    <ele>32.8</ele>
   </trkpt>
   <trkpt lat="38.4043460" lon="-76.8420370">
    <ele>32.0</ele>
   </trkpt>
   <trkpt lat="38.4042850" lon="-76.8421260">
    <ele>31.6</ele>
   </trkpt>
   <trkpt lat="38.4042510" lon="-76.8422480">
    <ele>29.4</ele>
   </trkpt>
   <trkpt lat="38.4042520" lon="-76.8424710">
    <ele>28.2</ele>
   </trkpt>
   <trkpt lat="38.4041540" lon="-76.8426120">
    <ele>27.2</ele>
   </trkpt>
   <trkpt lat="38.4040660" lon="-76.8426530">
    <ele>27.0</ele>
   </trkpt>
   <trkpt lat="38.4039580" lon="-76.8426760">
    <ele>26.8</ele>
   </trkpt>
   <trkpt lat="38.4038450" lon="-76.8426870">
    <ele>25.8</ele>
   </trkpt>
   <trkpt lat="38.4037300" lon="-76.8427070">
    <ele>24.6</ele>
   </trkpt>
   <trkpt lat="38.4036240" lon="-76.8427590">
    <ele>24.0</ele>
   </trkpt>
   <trkpt lat="38.4035500" lon="-76.8428550">
    <ele>23.4</ele>
   </trkpt>
   <trkpt lat="38.4034960" lon="-76.8429740">
    <ele>23.4</ele>
   </trkpt>
   <trkpt lat="38.4033820" lon="-76.8432580">
    <ele>25.2</ele>
   </trkpt>
   <trkpt lat="38.4032230" lon="-76.8435180">
    <ele>25.2</ele>
   </trkpt>
   <trkpt lat="38.4030780" lon="-76.8436950">
    <ele>25.4</ele>
   </trkpt>
   <trkpt lat="38.4030160" lon="-76.8437360">
    <ele>25.4</ele>
   </trkpt>
   <trkpt lat="38.4029070" lon="-76.8437840">
    <ele>28.4</ele>
   </trkpt>
   <trkpt lat="38.4027940" lon="-76.8438190">
    <ele>29.8</ele>
   </trkpt>
   <trkpt lat="38.4027350" lon="-76.8438150">
    <ele>31.8</ele>
   </trkpt>
   <trkpt lat="38.4026660" lon="-76.8437860">
    <ele>32.0</ele>
   </trkpt>
   <trkpt lat="38.4026480" lon="-76.8437840">
    <ele>32.8</ele>
   </trkpt>
   <trkpt lat="38.4026350" lon="-76.8437990">
    <ele>33.4</ele>
   </trkpt>
   <trkpt lat="38.4026400" lon="-76.8437910">
    <ele>33.4</ele>
   </trkpt>
   <trkpt lat="38.4026310" lon="-76.8437810">
    <ele>33.6</ele>
   </trkpt>
   <trkpt lat="38.4026270" lon="-76.8437770">
    <ele>33.6</ele>
   </trkpt>
   <trkpt lat="38.4026160" lon="-76.8437440">
    <ele>33.6</ele>
   </trkpt>
   <trkpt lat="38.4026170" lon="-76.8437160">
    <ele>33.8</ele>
   </trkpt>
   <trkpt lat="38.4026140" lon="-76.8436810">
    <ele>34.0</ele>
   </trkpt>
   <trkpt lat="38.4026050" lon="-76.8436320">
    <ele>34.8</ele>
   </trkpt>
   <trkpt lat="38.4026050" lon="-76.8436320">
    <ele>34.6</ele>
   </trkpt>
   <trkpt lat="38.4025980" lon="-76.8436160">
    <ele>34.6</ele>
   </trkpt>
   <trkpt lat="38.4025700" lon="-76.8435780">
    <ele>34.8</ele>
   </trkpt>
   <trkpt lat="38.4025500" lon="-76.8435450">
    <ele>35.0</ele>
   </trkpt>
   <trkpt lat="38.4025470" lon="-76.8435410">
    <ele>35.2</ele>
   </trkpt>
   <trkpt lat="38.4025430" lon="-76.8435210">
    <ele>34.8</ele>
   </trkpt>
   <trkpt lat="38.4025840" lon="-76.8433480">
    <ele>35.2</ele>
   </trkpt>
   <trkpt lat="38.4026340" lon="-76.8432560">
    <ele>35.6</ele>
   </trkpt>
   <trkpt lat="38.4027400" lon="-76.8431460">
    <ele>35.6</ele>
   </trkpt>
   <trkpt lat="38.4029060" lon="-76.8430730">
    <ele>32.8</ele>
   </trkpt>
   <trkpt lat="38.4030080" lon="-76.8430440">
    <ele>29.8</ele>
   </trkpt>
   <trkpt lat="38.4031060" lon="-76.8430160">
    <ele>26.8</ele>
   </trkpt>
   <trkpt lat="38.4031920" lon="-76.8429890">
    <ele>24.4</ele>
   </trkpt>
   <trkpt lat="38.4032620" lon="-76.8429560">
    <ele>23.2</ele>
   </trkpt>
   <trkpt lat="38.4033190" lon="-76.8429040">
    <ele>22.4</ele>
   </trkpt>
   <trkpt lat="38.4033470" lon="-76.8428390">
    <ele>22.0</ele>
   </trkpt>
   <trkpt lat="38.4033450" lon="-76.8427820">
    <ele>22.0</ele>
   </trkpt>
   <trkpt lat="38.4033280" lon="-76.8427430">
    <ele>22.0</ele>
   </trkpt>
   <trkpt lat="38.4032800" lon="-76.8427300">
    <ele>22.0</ele>
   </trkpt>
   <trkpt lat="38.4030750" lon="-76.8428060">
    <ele>22.8</ele>
   </trkpt>
   <trkpt lat="38.4030120" lon="-76.8428330">
    <ele>23.2</ele>
   </trkpt>
   <trkpt lat="38.4029100" lon="-76.8428710">
    <ele>24.8</ele>
   </trkpt>
   <trkpt lat="38.4028720" lon="-76.8428860">
    <ele>27.0</ele>
   </trkpt>
   <trkpt lat="38.4028360" lon="-76.8429010">
    <ele>29.2</ele>
   </trkpt>
   <trkpt lat="38.4027930" lon="-76.8429180">
    <ele>31.0</ele>
   </trkpt>
   <trkpt lat="38.4026810" lon="-76.8429580">
    <ele>32.8</ele>
   </trkpt>
   <trkpt lat="38.4025780" lon="-76.8430010">
    <ele>34.4</ele>
   </trkpt>
   <trkpt lat="38.4025150" lon="-76.8430390">
    <ele>35.6</ele>
   </trkpt>
   <trkpt lat="38.4024040" lon="-76.8431670">
    <ele>35.8</ele>
   </trkpt>
   <trkpt lat="38.4023170" lon="-76.8433030">
    <ele>35.6</ele>
   </trkpt>
   <trkpt lat="38.4021920" lon="-76.8433970">
    <ele>34.4</ele>
   </trkpt>
   <trkpt lat="38.4021170" lon="-76.8434470">
    <ele>33.2</ele>
   </trkpt>
   <trkpt lat="38.4020350" lon="-76.8435100">
    <ele>31.8</ele>
   </trkpt>
   <trkpt lat="38.4019520" lon="-76.8435710">
    <ele>29.6</ele>
   </trkpt>
   <trkpt lat="38.4018750" lon="-76.8436180">
    <ele>27.4</ele>
   </trkpt>
   <trkpt lat="38.4018160" lon="-76.8436580">
    <ele>25.8</ele>
   </trkpt>
   <trkpt lat="38.4017720" lon="-76.8436910">
    <ele>25.6</ele>
   </trkpt>
   <trkpt lat="38.4017040" lon="-76.8437690">
    <ele>25.6</ele>
   </trkpt>
   <trkpt lat="38.4016230" lon="-76.8438810">
    <ele>25.8</ele>
   </trkpt>
   <trkpt lat="38.4015030" lon="-76.8440800">
    <ele>27.2</ele>
   </trkpt>
   <trkpt lat="38.4014760" lon="-76.8441180">
    <ele>27.6</ele>
   </trkpt>
   <trkpt lat="38.4014050" lon="-76.8441950">
    <ele>28.4</ele>
   </trkpt>
   <trkpt lat="38.4012650" lon="-76.8442940">
    <ele>28.8</ele>
   </trkpt>
   <trkpt lat="38.4011460" lon="-76.8443650">
    <ele>28.8</ele>
   </trkpt>
   <trkpt lat="38.4010920" lon="-76.8443860">
    <ele>29.0</ele>
   </trkpt>
   <trkpt lat="38.4010390" lon="-76.8443970">
    <ele>29.0</ele>
   </trkpt>
   <trkpt lat="38.4008990" lon="-76.8443970">
    <ele>29.2</ele>
   </trkpt>
   <trkpt lat="38.4008430" lon="-76.8443830">
    <ele>29.2</ele>
   </trkpt>
   <trkpt lat="38.4007180" lon="-76.8443270">
    <ele>29.2</ele>
   </trkpt>
   <trkpt lat="38.4006250" lon="-76.8442010">
    <ele>29.2</ele>
   </trkpt>
   <trkpt lat="38.4005970" lon="-76.8441190">
    <ele>29.8</ele>
   </trkpt>
   <trkpt lat="38.4005790" lon="-76.8440330">
    <ele>30.8</ele>
   </trkpt>
   <trkpt lat="38.4005670" lon="-76.8439470">
    <ele>32.0</ele>
   </trkpt>
   <trkpt lat="38.4005690" lon="-76.8438600">
    <ele>32.8</ele>
   </trkpt>
   <trkpt lat="38.4005930" lon="-76.8437690">
    <ele>33.4</ele>
   </trkpt>
   <trkpt lat="38.4006190" lon="-76.8436800">
    <ele>34.0</ele>
   </trkpt>
   <trkpt lat="38.4006600" lon="-76.8436000">
    <ele>34.8</ele>
   </trkpt>
   <trkpt lat="38.4007150" lon="-76.8435300">
    <ele>35.4</ele>
   </trkpt>
   <trkpt lat="38.4007770" lon="-76.8434510">
    <ele>36.2</ele>
   </trkpt>
   <trkpt lat="38.4008310" lon="-76.8433590">
    <ele>36.4</ele>
   </trkpt>
   <trkpt lat="38.4008780" lon="-76.8432560">
    <ele>36.6</ele>
   </trkpt>
   <trkpt lat="38.4010010" lon="-76.8429120">
    <ele>37.4</ele>
   </trkpt>
   <trkpt lat="38.4010270" lon="-76.8427860">
    <ele>37.6</ele>
   </trkpt>
   <trkpt lat="38.4010300" lon="-76.8426570">
    <ele>37.8</ele>
   </trkpt>
   <trkpt lat="38.4010150" lon="-76.8423940">
    <ele>38.2</ele>
   </trkpt>
   <trkpt lat="38.4010790" lon="-76.8421580">
    <ele>38.2</ele>
   </trkpt>
   <trkpt lat="38.4011420" lon="-76.8420570">
    <ele>38.4</ele>
   </trkpt>
   <trkpt lat="38.4012170" lon="-76.8419780">
    <ele>38.4</ele>
   </trkpt>
   <trkpt lat="38.4012950" lon="-76.8419140">
    <ele>38.4</ele>
   </trkpt>
   <trkpt lat="38.4013690" lon="-76.8418680">
    <ele>39.0</ele>
   </trkpt>
   <trkpt lat="38.4014460" lon="-76.8418490">
    <ele>40.0</ele>
   </trkpt>
   <trkpt lat="38.4015310" lon="-76.8418560">
    <ele>40.0</ele>
   </trkpt>
   <trkpt lat="38.4018000" lon="-76.8419230">
    <ele>39.6</ele>
   </trkpt>
   <trkpt lat="38.4018730" lon="-76.8419120">
    <ele>38.4</ele>
   </trkpt>
   <trkpt lat="38.4019260" lon="-76.8418720">
    <ele>38.4</ele>
   </trkpt>
   <trkpt lat="38.4019940" lon="-76.8417940">
    <ele>38.2</ele>
   </trkpt>
   <trkpt lat="38.4020150" lon="-76.8417580">
    <ele>38.2</ele>
   </trkpt>
   <trkpt lat="38.4021200" lon="-76.8416310">
    <ele>38.6</ele>
   </trkpt>
   <trkpt lat="38.4021470" lon="-76.8416550">
    <ele>38.6</ele>
   </trkpt>
   <trkpt lat="38.4021450" lon="-76.8417610">
    <ele>38.6</ele>
   </trkpt>
   <trkpt lat="38.4021400" lon="-76.8418300">
    <ele>38.6</ele>
   </trkpt>
   <trkpt lat="38.4021510" lon="-76.8418980">
    <ele>38.6</ele>
   </trkpt>
   <trkpt lat="38.4021780" lon="-76.8420670">
    <ele>39.4</ele>
   </trkpt>
   <trkpt lat="38.4021810" lon="-76.8421440">
    <ele>39.6</ele>
   </trkpt>
   <trkpt lat="38.4021450" lon="-76.8423040">
    <ele>39.8</ele>
   </trkpt>
   <trkpt lat="38.4020780" lon="-76.8423930">
    <ele>40.0</ele>
   </trkpt>
   <trkpt lat="38.4020620" lon="-76.8424090">
    <ele>40.2</ele>
   </trkpt>
   <trkpt lat="38.4020370" lon="-76.8424670">
    <ele>40.2</ele>
   </trkpt>
   <trkpt lat="38.4020370" lon="-76.8424900">
    <ele>40.4</ele>
   </trkpt>
   <trkpt lat="38.4020430" lon="-76.8425140">
    <ele>40.4</ele>
   </trkpt>
   <trkpt lat="38.4020540" lon="-76.8425340">
    <ele>40.6</ele>
   </trkpt>
   <trkpt lat="38.4020710" lon="-76.8425480">
    <ele>41.4</ele>
   </trkpt>
   <trkpt lat="38.4020710" lon="-76.8425480">
    <ele>41.4</ele>
   </trkpt>
   <trkpt lat="38.4020910" lon="-76.8425350">
    <ele>41.4</ele>
   </trkpt>
   <trkpt lat="38.4021190" lon="-76.8425090">
    <ele>41.4</ele>
   </trkpt>
   <trkpt lat="38.4021520" lon="-76.8424880">
    <ele>41.2</ele>
   </trkpt>
   <trkpt lat="38.4022520" lon="-76.8425070">
    <ele>41.2</ele>
   </trkpt>
   <trkpt lat="38.4024530" lon="-76.8424400">
    <ele>40.8</ele>
   </trkpt>
   <trkpt lat="38.4026260" lon="-76.8422960">
    <ele>36.8</ele>
   </trkpt>
   <trkpt lat="38.4027220" lon="-76.8422210">
    <ele>33.4</ele>
   </trkpt>
   <trkpt lat="38.4029280" lon="-76.8421060">
    <ele>32.2</ele>
   </trkpt>
   <trkpt lat="38.4031280" lon="-76.8420360">
    <ele>32.2</ele>
   </trkpt>
   <trkpt lat="38.4031940" lon="-76.8420220">
    <ele>32.4</ele>
   </trkpt>
   <trkpt lat="38.4032480" lon="-76.8420220">
    <ele>35.0</ele>
   </trkpt>
   <trkpt lat="38.4033010" lon="-76.8420290">
    <ele>37.0</ele>
   </trkpt>
   <trkpt lat="38.4034440" lon="-76.8420540">
    <ele>37.0</ele>
   </trkpt>
   <trkpt lat="38.4035460" lon="-76.8420650">
    <ele>37.0</ele>
   </trkpt>
   <trkpt lat="38.4036540" lon="-76.8420630">
    <ele>33.4</ele>
   </trkpt>
   <trkpt lat="38.4037260" lon="-76.8420470">
    <ele>29.4</ele>
   </trkpt>
   <trkpt lat="38.4037800" lon="-76.8420150">
    <ele>26.6</ele>
   </trkpt>
   <trkpt lat="38.4038100" lon="-76.8419510">
    <ele>26.6</ele>
   </trkpt>
   <trkpt lat="38.4037950" lon="-76.8418030">
    <ele>26.6</ele>
   </trkpt>
   <trkpt lat="38.4037650" lon="-76.8417430">
    <ele>27.2</ele>
   </trkpt>
   <trkpt lat="38.4037300" lon="-76.8416960">
    <ele>27.8</ele>
   </trkpt>
   <trkpt lat="38.4036550" lon="-76.8416230">
    <ele>30.0</ele>
   </trkpt>
   <trkpt lat="38.4036150" lon="-76.8416000">
    <ele>31.8</ele>
   </trkpt>
   <trkpt lat="38.4035680" lon="-76.8415780">
    <ele>33.8</ele>
   </trkpt>
   <trkpt lat="38.4035180" lon="-76.8415570">
    <ele>34.2</ele>
   </trkpt>
   <trkpt lat="38.4034680" lon="-76.8415320">
    <ele>35.2</ele>
   </trkpt>
   <trkpt lat="38.4034270" lon="-76.8414910">
    <ele>35.8</ele>
   </trkpt>
   <trkpt lat="38.4034210" lon="-76.8413950">
    <ele>37.0</ele>
   </trkpt>
   <trkpt lat="38.4035110" lon="-76.8413370">
    <ele>38.0</ele>
   </trkpt>
   <trkpt lat="38.4035770" lon="-76.8413240">
    <ele>38.6</ele>
   </trkpt>
   <trkpt lat="38.4036450" lon="-76.8413240">
    <ele>38.6</ele>
   </trkpt>
   <trkpt lat="38.4037740" lon="-76.8413620">
    <ele>38.6</ele>
   </trkpt>
   <trkpt lat="38.4038590" lon="-76.8414040">
    <ele>38.6</ele>
   </trkpt>
   <trkpt lat="38.4039550" lon="-76.8414430">
    <ele>36.4</ele>
   </trkpt>
   <trkpt lat="38.4040550" lon="-76.8414580">
    <ele>32.8</ele>
   </trkpt>
   <trkpt lat="38.4041570" lon="-76.8414370">
    <ele>29.6</ele>
   </trkpt>
   <trkpt lat="38.4042720" lon="-76.8413220">
    <ele>29.0</ele>
   </trkpt>
   <trkpt lat="38.4043130" lon="-76.8410620">
    <ele>29.4</ele>
   </trkpt>
   <trkpt lat="38.4043330" lon="-76.8408950">
    <ele>31.0</ele>
   </trkpt>
   <trkpt lat="38.4043500" lon="-76.8407530">
    <ele>32.2</ele>
   </trkpt>
   <trkpt lat="38.4043540" lon="-76.8407000">
    <ele>33.6</ele>
   </trkpt>
   <trkpt lat="38.4043590" lon="-76.8406530">
    <ele>35.6</ele>
   </trkpt>
   <trkpt lat="38.4043670" lon="-76.8406000">
    <ele>37.4</ele>
   </trkpt>
   <trkpt lat="38.4043710" lon="-76.8405370">
    <ele>39.6</ele>
   </trkpt>
   <trkpt lat="38.4043840" lon="-76.8404170">
    <ele>40.6</ele>
   </trkpt>
   <trkpt lat="38.4043960" lon="-76.8403380">
    <ele>41.0</ele>
   </trkpt>
   <trkpt lat="38.4044150" lon="-76.8402430">
    <ele>41.0</ele>
   </trkpt>
   <trkpt lat="38.4045020" lon="-76.8400670">
    <ele>41.2</ele>
   </trkpt>
   <trkpt lat="38.4046280" lon="-76.8400160">
    <ele>40.8</ele>
   </trkpt>
   <trkpt lat="38.4047750" lon="-76.8400730">
    <ele>40.4</ele>
   </trkpt>
   <trkpt lat="38.4048410" lon="-76.8401250">
    <ele>40.4</ele>
   </trkpt>
   <trkpt lat="38.4048950" lon="-76.8401950">
    <ele>39.4</ele>
   </trkpt>
   <trkpt lat="38.4049590" lon="-76.8403870">
    <ele>38.6</ele>
   </trkpt>
   <trkpt lat="38.4049690" lon="-76.8405060">
    <ele>38.0</ele>
   </trkpt>
   <trkpt lat="38.4049630" lon="-76.8407750">
    <ele>36.6</ele>
   </trkpt>
   <trkpt lat="38.4049180" lon="-76.8412580">
    <ele>36.2</ele>
   </trkpt>
   <trkpt lat="38.4048300" lon="-76.8416130">
    <ele>36.2</ele>
   </trkpt>
   <trkpt lat="38.4047720" lon="-76.8417350">
    <ele>34.4</ele>
   </trkpt>
   <trkpt lat="38.4046950" lon="-76.8418360">
    <ele>33.0</ele>
   </trkpt>
   <trkpt lat="38.4045140" lon="-76.8419750">
    <ele>32.2</ele>
   </trkpt>
   <trkpt lat="38.4044260" lon="-76.8420040">
    <ele>31.6</ele>
   </trkpt>
   <trkpt lat="38.4043530" lon="-76.8420400">
    <ele>30.8</ele>
   </trkpt>
   <trkpt lat="38.4042950" lon="-76.8421020">
    <ele>30.4</ele>
   </trkpt>
   <trkpt lat="38.4042600" lon="-76.8422050">
    <ele>28.8</ele>
   </trkpt>
   <trkpt lat="38.4042560" lon="-76.8422980">
    <ele>27.4</ele>
   </trkpt>
   <trkpt lat="38.4042550" lon="-76.8424100">
    <ele>27.2</ele>
   </trkpt>
   <trkpt lat="38.4041740" lon="-76.8425930">
    <ele>26.4</ele>
   </trkpt>
   <trkpt lat="38.4040040" lon="-76.8426630">
    <ele>26.0</ele>
   </trkpt>
   <trkpt lat="38.4039030" lon="-76.8426690">
    <ele>25.0</ele>
   </trkpt>
   <trkpt lat="38.4037960" lon="-76.8426730">
    <ele>24.0</ele>
   </trkpt>
   <trkpt lat="38.4036090" lon="-76.8427760">
    <ele>22.6</ele>
   </trkpt>
   <trkpt lat="38.4035070" lon="-76.8430020">
    <ele>22.2</ele>
   </trkpt>
   <trkpt lat="38.4034700" lon="-76.8431160">
    <ele>22.2</ele>
   </trkpt>
   <trkpt lat="38.4034210" lon="-76.8432490">
    <ele>23.4</ele>
   </trkpt>
   <trkpt lat="38.4033960" lon="-76.8432910">
    <ele>24.2</ele>
   </trkpt>
   <trkpt lat="38.4031990" lon="-76.8435520">
    <ele>22.4</ele>
   </trkpt>
   <trkpt lat="38.4031360" lon="-76.8436180">
    <ele>22.4</ele>
   </trkpt>
   <trkpt lat="38.4030450" lon="-76.8437150">
    <ele>22.4</ele>
   </trkpt>
   <trkpt lat="38.4030050" lon="-76.8437440">
    <ele>24.0</ele>
   </trkpt>
   <trkpt lat="38.4029650" lon="-76.8437650">
    <ele>26.6</ele>
   </trkpt>
   <trkpt lat="38.4028780" lon="-76.8438030">
    <ele>28.0</ele>
   </trkpt>
   <trkpt lat="38.4027760" lon="-76.8438070">
    <ele>30.2</ele>
   </trkpt>
   <trkpt lat="38.4026830" lon="-76.8437660">
    <ele>30.6</ele>
   </trkpt>
   <trkpt lat="38.4026480" lon="-76.8437370">
    <ele>31.4</ele>
   </trkpt>
   <trkpt lat="38.4026210" lon="-76.8436940">
    <ele>32.8</ele>
   </trkpt>
   <trkpt lat="38.4025950" lon="-76.8436420">
    <ele>33.2</ele>
   </trkpt>
   <trkpt lat="38.4025610" lon="-76.8435200">
    <ele>34.2</ele>
   </trkpt>
   <trkpt lat="38.4025560" lon="-76.8433920">
    <ele>35.2</ele>
   </trkpt>
   <trkpt lat="38.4025670" lon="-76.8433420">
    <ele>36.2</ele>
   </trkpt>
   <trkpt lat="38.4025900" lon="-76.8432950">
    <ele>36.4</ele>
   </trkpt>
   <trkpt lat="38.4026230" lon="-76.8432420">
    <ele>36.4</ele>
   </trkpt>
   <trkpt lat="38.4026700" lon="-76.8431870">
    <ele>36.4</ele>
   </trkpt>
   <trkpt lat="38.4028520" lon="-76.8431040">
    <ele>35.2</ele>
   </trkpt>
   <trkpt lat="38.4029680" lon="-76.8430580">
    <ele>32.2</ele>
   </trkpt>
   <trkpt lat="38.4030850" lon="-76.8430110">
    <ele>28.8</ele>
   </trkpt>
   <trkpt lat="38.4031910" lon="-76.8429670">
    <ele>25.6</ele>
   </trkpt>
   <trkpt lat="38.4032720" lon="-76.8429170">
    <ele>23.8</ele>
   </trkpt>
   <trkpt lat="38.4033290" lon="-76.8428620">
    <ele>22.6</ele>
   </trkpt>
   <trkpt lat="38.4033690" lon="-76.8428100">
    <ele>22.6</ele>
   </trkpt>
   <trkpt lat="38.4033620" lon="-76.8427790">
    <ele>22.6</ele>
   </trkpt>
   <trkpt lat="38.4032410" lon="-76.8427760">
    <ele>22.8</ele>
   </trkpt>
   <trkpt lat="38.4031760" lon="-76.8427960">
    <ele>23.2</ele>
   </trkpt>
   <trkpt lat="38.4029950" lon="-76.8428690">
    <ele>24.0</ele>
   </trkpt>
   <trkpt lat="38.4029120" lon="-76.8428960">
    <ele>26.8</ele>
   </trkpt>
   <trkpt lat="38.4028820" lon="-76.8429080">
    <ele>28.8</ele>
   </trkpt>
   <trkpt lat="38.4028480" lon="-76.8429240">
    <ele>30.8</ele>
   </trkpt>
   <trkpt lat="38.4028080" lon="-76.8429420">
    <ele>32.0</ele>
   </trkpt>
   <trkpt lat="38.4026980" lon="-76.8429800">
    <ele>33.4</ele>
   </trkpt>
   <trkpt lat="38.4025940" lon="-76.8430170">
    <ele>35.0</ele>
   </trkpt>
   <trkpt lat="38.4025300" lon="-76.8430470">
    <ele>36.2</ele>
   </trkpt>
   <trkpt lat="38.4024620" lon="-76.8430960">
    <ele>36.2</ele>
   </trkpt>
   <trkpt lat="38.4024080" lon="-76.8431620">
    <ele>36.2</ele>
   </trkpt>
   <trkpt lat="38.4023010" lon="-76.8433140">
    <ele>36.2</ele>
   </trkpt>
   <trkpt lat="38.4021670" lon="-76.8434330">
    <ele>34.2</ele>
   </trkpt>
   <trkpt lat="38.4019930" lon="-76.8435790">
    <ele>31.0</ele>
   </trkpt>
   <trkpt lat="38.4019050" lon="-76.8436530">
    <ele>28.4</ele>
   </trkpt>
   <trkpt lat="38.4018280" lon="-76.8437130">
    <ele>26.6</ele>
   </trkpt>
   <trkpt lat="38.4017110" lon="-76.8437990">
    <ele>26.2</ele>
   </trkpt>
   <trkpt lat="38.4015230" lon="-76.8440670">
    <ele>27.4</ele>
   </trkpt>
   <trkpt lat="38.4014800" lon="-76.8441170">
    <ele>28.0</ele>
   </trkpt>
   <trkpt lat="38.4013890" lon="-76.8442040">
    <ele>29.0</ele>
   </trkpt>
   <trkpt lat="38.4013340" lon="-76.8442480">
    <ele>29.2</ele>
   </trkpt>
   <trkpt lat="38.4012840" lon="-76.8442880">
    <ele>29.2</ele>
   </trkpt>
   <trkpt lat="38.4012200" lon="-76.8443440">
    <ele>29.2</ele>
   </trkpt>
   <trkpt lat="38.4011050" lon="-76.8444090">
    <ele>29.4</ele>
   </trkpt>
   <trkpt lat="38.4010610" lon="-76.8444150">
    <ele>29.6</ele>
   </trkpt>
   <trkpt lat="38.4010220" lon="-76.8444160">
    <ele>29.6</ele>
   </trkpt>
   <trkpt lat="38.4008640" lon="-76.8444090">
    <ele>29.6</ele>
   </trkpt>
   <trkpt lat="38.4008000" lon="-76.8443920">
    <ele>29.8</ele>
   </trkpt>
   <trkpt lat="38.4007420" lon="-76.8443540">
    <ele>29.8</ele>
   </trkpt>
   <trkpt lat="38.4006570" lon="-76.8442100">
    <ele>30.0</ele>
   </trkpt>
   <trkpt lat="38.4006290" lon="-76.8441210">
    <ele>30.2</ele>
   </trkpt>
   <trkpt lat="38.4006100" lon="-76.8440300">
    <ele>31.2</ele>
   </trkpt>
   <trkpt lat="38.4005880" lon="-76.8438460">
    <ele>33.2</ele>
   </trkpt>
   <trkpt lat="38.4006310" lon="-76.8436630">
    <ele>34.8</ele>
   </trkpt>
   <trkpt lat="38.4006740" lon="-76.8435850">
    <ele>35.6</ele>
   </trkpt>
   <trkpt lat="38.4007280" lon="-76.8435120">
    <ele>36.4</ele>
   </trkpt>
   <trkpt lat="38.4007850" lon="-76.8434320">
    <ele>36.8</ele>
   </trkpt>
   <trkpt lat="38.4008850" lon="-76.8432400">
    <ele>37.4</ele>
   </trkpt>
   <trkpt lat="38.4009320" lon="-76.8431310">
    <ele>37.6</ele>
   </trkpt>
   <trkpt lat="38.4009730" lon="-76.8430190">
    <ele>38.0</ele>
   </trkpt>
   <trkpt lat="38.4010200" lon="-76.8427660">
    <ele>38.2</ele>
   </trkpt>
   <trkpt lat="38.4010050" lon="-76.8425050">
    <ele>38.6</ele>
   </trkpt>
   <trkpt lat="38.4010080" lon="-76.8423740">
    <ele>38.6</ele>
   </trkpt>
   <trkpt lat="38.4010710" lon="-76.8421420">
    <ele>38.8</ele>
   </trkpt>
   <trkpt lat="38.4011320" lon="-76.8420390">
    <ele>38.8</ele>
   </trkpt>
   <trkpt lat="38.4012060" lon="-76.8419550">
    <ele>38.8</ele>
   </trkpt>
   <trkpt lat="38.4013630" lon="-76.8418450">
    <ele>39.8</ele>
   </trkpt>
   <trkpt lat="38.4015400" lon="-76.8418390">
    <ele>40.6</ele>
   </trkpt>
   <trkpt lat="38.4017460" lon="-76.8419000">
    <ele>40.6</ele>
   </trkpt>
   <trkpt lat="38.4018400" lon="-76.8418970">
    <ele>39.8</ele>
   </trkpt>
   <trkpt lat="38.4019090" lon="-76.8418600">
    <ele>39.2</ele>
   </trkpt>
   <trkpt lat="38.4019500" lon="-76.8418150">
    <ele>38.8</ele>
   </trkpt>
   <trkpt lat="38.4020160" lon="-76.8417220">
    <ele>38.8</ele>
   </trkpt>
   <trkpt lat="38.4020900" lon="-76.8416420">
    <ele>39.2</ele>
   </trkpt>
   <trkpt lat="38.4021200" lon="-76.8416620">
    <ele>39.4</ele>
   </trkpt>
   <trkpt lat="38.4021370" lon="-76.8417590">
    <ele>39.4</ele>
   </trkpt>
   <trkpt lat="38.4021400" lon="-76.8418400">
    <ele>39.4</ele>
   </trkpt>
   <trkpt lat="38.4021700" lon="-76.8420830">
    <ele>40.0</ele>
   </trkpt>
   <trkpt lat="38.4021600" lon="-76.8422580">
    <ele>40.4</ele>
   </trkpt>
   <trkpt lat="38.4021220" lon="-76.8423270">
    <ele>40.6</ele>
   </trkpt>
   <trkpt lat="38.4020730" lon="-76.8423900">
    <ele>40.8</ele>
   </trkpt>
   <trkpt lat="38.4020340" lon="-76.8424550">
    <ele>40.8</ele>
   </trkpt>
   <trkpt lat="38.4020460" lon="-76.8425430">
    <ele>41.2</ele>
   </trkpt>
   <trkpt lat="38.4021230" lon="-76.8425230">
    <ele>42.0</ele>
   </trkpt>
   <trkpt lat="38.4021690" lon="-76.8424870">
    <ele>42.0</ele>
   </trkpt>
   <trkpt lat="38.4022190" lon="-76.8424840">
    <ele>42.0</ele>
   </trkpt>
   <trkpt lat="38.4023320" lon="-76.8425040">
    <ele>41.8</ele>
   </trkpt>
   <trkpt lat="38.4024230" lon="-76.8424570">
    <ele>41.6</ele>
   </trkpt>
   <trkpt lat="38.4024710" lon="-76.8424130">
    <ele>41.0</ele>
   </trkpt>
   <trkpt lat="38.4025270" lon="-76.8423650">
    <ele>38.8</ele>
   </trkpt>
   <trkpt lat="38.4025850" lon="-76.8423180">
    <ele>36.2</ele>
   </trkpt>
   <trkpt lat="38.4026310" lon="-76.8422810">
    <ele>34.0</ele>
   </trkpt>
   <trkpt lat="38.4026660" lon="-76.8422540">
    <ele>33.4</ele>
   </trkpt>
   <trkpt lat="38.4027440" lon="-76.8422050">
    <ele>33.2</ele>
   </trkpt>
   <trkpt lat="38.4027690" lon="-76.8421880">
    <ele>33.0</ele>
   </trkpt>
   <trkpt lat="38.4027690" lon="-76.8421880">
    <ele>32.8</ele>
   </trkpt>
   <trkpt lat="38.4028430" lon="-76.8421440">
    <ele>33.0</ele>
   </trkpt>
   <trkpt lat="38.4029690" lon="-76.8420810">
    <ele>32.8</ele>
   </trkpt>
   <trkpt lat="38.4030890" lon="-76.8420410">
    <ele>32.8</ele>
   </trkpt>
   <trkpt lat="38.4031300" lon="-76.8420380">
    <ele>33.4</ele>
   </trkpt>
   <trkpt lat="38.4031660" lon="-76.8420380">
    <ele>35.2</ele>
   </trkpt>
   <trkpt lat="38.4032010" lon="-76.8420410">
    <ele>37.0</ele>
   </trkpt>
   <trkpt lat="38.4032380" lon="-76.8420430">
    <ele>38.2</ele>
   </trkpt>
   <trkpt lat="38.4033360" lon="-76.8420540">
    <ele>38.8</ele>
   </trkpt>
   <trkpt lat="38.4035070" lon="-76.8420690">
    <ele>38.4</ele>
   </trkpt>
   <trkpt lat="38.4035970" lon="-76.8420640">
    <ele>34.4</ele>
   </trkpt>
   <trkpt lat="38.4036780" lon="-76.8420490">
    <ele>31.0</ele>
   </trkpt>
   <trkpt lat="38.4037450" lon="-76.8420280">
    <ele>27.8</ele>
   </trkpt>
   <trkpt lat="38.4037920" lon="-76.8419850">
    <ele>27.4</ele>
   </trkpt>
   <trkpt lat="38.4037840" lon="-76.8418470">
    <ele>27.4</ele>
   </trkpt>
   <trkpt lat="38.4037580" lon="-76.8417900">
    <ele>27.6</ele>
   </trkpt>
   <trkpt lat="38.4036880" lon="-76.8417020">
    <ele>28.8</ele>
   </trkpt>
   <trkpt lat="38.4036230" lon="-76.8416460">
    <ele>31.0</ele>
   </trkpt>
   <trkpt lat="38.4035860" lon="-76.8416180">
    <ele>32.8</ele>
   </trkpt>
   <trkpt lat="38.4035470" lon="-76.8415890">
    <ele>34.4</ele>
   </trkpt>
   <trkpt lat="38.4035010" lon="-76.8415650">
    <ele>35.2</ele>
   </trkpt>
   <trkpt lat="38.4034500" lon="-76.8415360">
    <ele>36.0</ele>
   </trkpt>
   <trkpt lat="38.4034070" lon="-76.8414920">
    <ele>36.6</ele>
   </trkpt>
   <trkpt lat="38.4033950" lon="-76.8414390">
    <ele>37.0</ele>
   </trkpt>
   <trkpt lat="38.4034200" lon="-76.8413880">
    <ele>38.0</ele>
   </trkpt>
   <trkpt lat="38.4034660" lon="-76.8413560">
    <ele>38.8</ele>
   </trkpt>
   <trkpt lat="38.4035260" lon="-76.8413410">
    <ele>39.4</ele>
   </trkpt>
   <trkpt lat="38.4036670" lon="-76.8413360">
    <ele>39.6</ele>
   </trkpt>
   <trkpt lat="38.4037410" lon="-76.8413480">
    <ele>39.6</ele>
   </trkpt>
   <trkpt lat="38.4039110" lon="-76.8414230">
    <ele>37.8</ele>
   </trkpt>
   <trkpt lat="38.4039800" lon="-76.8414370">
    <ele>34.0</ele>
   </trkpt>
   <trkpt lat="38.4040500" lon="-76.8414320">
    <ele>31.2</ele>
   </trkpt>
   <trkpt lat="38.4041770" lon="-76.8413760">
    <ele>29.2</ele>
   </trkpt>
   <trkpt lat="38.4042130" lon="-76.8413360">
    <ele>29.2</ele>
   </trkpt>
   <trkpt lat="38.4042390" lon="-76.8412880">
    <ele>29.2</ele>
   </trkpt>
   <trkpt lat="38.4042940" lon="-76.8410730">
    <ele>30.0</ele>
   </trkpt>
   <trkpt lat="38.4043120" lon="-76.8409920">
    <ele>30.6</ele>
   </trkpt>
   <trkpt lat="38.4043350" lon="-76.8408250">
    <ele>32.0</ele>
   </trkpt>
   <trkpt lat="38.4043480" lon="-76.8406810">
    <ele>33.6</ele>
   </trkpt>
   <trkpt lat="38.4043520" lon="-76.8406290">
    <ele>35.2</ele>
   </trkpt>
   <trkpt lat="38.4043540" lon="-76.8405810">
    <ele>37.4</ele>
   </trkpt>
   <trkpt lat="38.4043550" lon="-76.8405280">
    <ele>39.4</ele>
   </trkpt>
   <trkpt lat="38.4043640" lon="-76.8404680">
    <ele>40.6</ele>
   </trkpt>
   <trkpt lat="38.4043830" lon="-76.8403390">
    <ele>41.8</ele>
   </trkpt>
   <trkpt lat="38.4043980" lon="-76.8402480">
    <ele>41.8</ele>
   </trkpt>
   <trkpt lat="38.4044340" lon="-76.8401470">
    <ele>42.0</ele>
   </trkpt>
   <trkpt lat="38.4044830" lon="-76.8400610">
    <ele>42.2</ele>
   </trkpt>
   <trkpt lat="38.4045430" lon="-76.8400120">
    <ele>42.2</ele>
   </trkpt>
   <trkpt lat="38.4046080" lon="-76.8399900">
    <ele>42.0</ele>
   </trkpt>
   <trkpt lat="38.4046720" lon="-76.8399890">
    <ele>41.8</ele>
   </trkpt>
   <trkpt lat="38.4048030" lon="-76.8400620">
    <ele>41.6</ele>
   </trkpt>
   <trkpt lat="38.4049150" lon="-76.8402100">
    <ele>40.6</ele>
   </trkpt>
   <trkpt lat="38.4049460" lon="-76.8403120">
    <ele>40.2</ele>
   </trkpt>
   <trkpt lat="38.4049640" lon="-76.8404300">
    <ele>39.4</ele>
   </trkpt>
   <trkpt lat="38.4049690" lon="-76.8406880">
    <ele>37.4</ele>
   </trkpt>
   <trkpt lat="38.4049380" lon="-76.8411230">
    <ele>37.0</ele>
   </trkpt>
   <trkpt lat="38.4048430" lon="-76.8415820">
    <ele>37.2</ele>
   </trkpt>
   <trkpt lat="38.4047890" lon="-76.8417090">
    <ele>35.0</ele>
   </trkpt>
   <trkpt lat="38.4047160" lon="-76.8418160">
    <ele>34.2</ele>
   </trkpt>
   <trkpt lat="38.4046340" lon="-76.8418960">
    <ele>33.4</ele>
   </trkpt>
   <trkpt lat="38.4045660" lon="-76.8419390">
    <ele>33.0</ele>
   </trkpt>
   <trkpt lat="38.4044120" lon="-76.8420270">
    <ele>32.0</ele>
   </trkpt>
   <trkpt lat="38.4043490" lon="-76.8420890">
    <ele>31.4</ele>
   </trkpt>
   <trkpt lat="38.4042920" lon="-76.8421890">
    <ele>30.8</ele>
   </trkpt>
   <trkpt lat="38.4042740" lon="-76.8423040">
    <ele>28.2</ele>
   </trkpt>
   <trkpt lat="38.4042570" lon="-76.8425100">
    <ele>27.8</ele>
   </trkpt>
   <trkpt lat="38.4042040" lon="-76.8425780">
    <ele>27.4</ele>
   </trkpt>
   <trkpt lat="38.4041340" lon="-76.8426260">
    <ele>27.2</ele>
   </trkpt>
   <trkpt lat="38.4039390" lon="-76.8426730">
    <ele>26.2</ele>
   </trkpt>
   <trkpt lat="38.4038320" lon="-76.8426760">
    <ele>25.2</ele>
   </trkpt>
   <trkpt lat="38.4037280" lon="-76.8426910">
    <ele>24.0</ele>
   </trkpt>
   <trkpt lat="38.4036350" lon="-76.8427370">
    <ele>23.8</ele>
   </trkpt>
   <trkpt lat="38.4035690" lon="-76.8428260">
    <ele>23.2</ele>
   </trkpt>
   <trkpt lat="38.4035290" lon="-76.8429470">
    <ele>23.2</ele>
   </trkpt>
   <trkpt lat="38.4034410" lon="-76.8432100">
    <ele>23.6</ele>
   </trkpt>
   <trkpt lat="38.4033200" lon="-76.8434300">
    <ele>25.0</ele>
   </trkpt>
   <trkpt lat="38.4032520" lon="-76.8435180">
    <ele>25.0</ele>
   </trkpt>
   <trkpt lat="38.4030690" lon="-76.8437280">
    <ele>24.0</ele>
   </trkpt>
   <trkpt lat="38.4030300" lon="-76.8437600">
    <ele>24.4</ele>
   </trkpt>
   <trkpt lat="38.4029870" lon="-76.8437850">
    <ele>27.4</ele>
   </trkpt>
   <trkpt lat="38.4028940" lon="-76.8438120">
    <ele>29.0</ele>
   </trkpt>
   <trkpt lat="38.4028430" lon="-76.8438180">
    <ele>29.4</ele>
   </trkpt>
   <trkpt lat="38.4027820" lon="-76.8438150">
    <ele>31.2</ele>
   </trkpt>
   <trkpt lat="38.4026790" lon="-76.8437730">
    <ele>31.6</ele>
   </trkpt>
   <trkpt lat="38.4026450" lon="-76.8437330">
    <ele>32.8</ele>
   </trkpt>
   <trkpt lat="38.4026250" lon="-76.8436750">
    <ele>34.0</ele>
   </trkpt>
   <trkpt lat="38.4026140" lon="-76.8436060">
    <ele>34.6</ele>
   </trkpt>
   <trkpt lat="38.4026000" lon="-76.8435320">
    <ele>35.2</ele>
   </trkpt>
   <trkpt lat="38.4025890" lon="-76.8434550">
    <ele>35.8</ele>
   </trkpt>
   <trkpt lat="38.4025920" lon="-76.8433820">
    <ele>36.4</ele>
   </trkpt>
   <trkpt lat="38.4026090" lon="-76.8433170">
    <ele>36.8</ele>
   </trkpt>
   <trkpt lat="38.4027090" lon="-76.8431890">
    <ele>36.8</ele>
   </trkpt>
   <trkpt lat="38.4027850" lon="-76.8431340">
    <ele>36.8</ele>
   </trkpt>
   <trkpt lat="38.4028910" lon="-76.8430880">
    <ele>34.6</ele>
   </trkpt>
   <trkpt lat="38.4030230" lon="-76.8430420">
    <ele>31.4</ele>
   </trkpt>
   <trkpt lat="38.4031510" lon="-76.8429860">
    <ele>28.4</ele>
   </trkpt>
   <trkpt lat="38.4032520" lon="-76.8429280">
    <ele>25.8</ele>
   </trkpt>
   <trkpt lat="38.4033180" lon="-76.8428680">
    <ele>23.4</ele>
   </trkpt>
   <trkpt lat="38.4033620" lon="-76.8428020">
    <ele>23.4</ele>
   </trkpt>
   <trkpt lat="38.4033650" lon="-76.8427440">
    <ele>23.4</ele>
   </trkpt>
   <trkpt lat="38.4032400" lon="-76.8427210">
    <ele>23.6</ele>
   </trkpt>
   <trkpt lat="38.4031640" lon="-76.8427560">
    <ele>23.8</ele>
   </trkpt>
   <trkpt lat="38.4030290" lon="-76.8428140">
    <ele>24.6</ele>
   </trkpt>
   <trkpt lat="38.4029270" lon="-76.8428590">
    <ele>26.2</ele>
   </trkpt>
   <trkpt lat="38.4028950" lon="-76.8428780">
    <ele>27.8</ele>
   </trkpt>
   <trkpt lat="38.4028610" lon="-76.8428900">
    <ele>30.2</ele>
   </trkpt>
   <trkpt lat="38.4028210" lon="-76.8429040">
    <ele>32.2</ele>
   </trkpt>
   <trkpt lat="38.4027120" lon="-76.8429470">
    <ele>34.0</ele>
   </trkpt>
   <trkpt lat="38.4026040" lon="-76.8429870">
    <ele>34.8</ele>
   </trkpt>
   <trkpt lat="38.4025420" lon="-76.8430140">
    <ele>36.8</ele>
   </trkpt>
   <trkpt lat="38.4024240" lon="-76.8431240">
    <ele>37.2</ele>
   </trkpt>
   <trkpt lat="38.4023120" lon="-76.8432850">
    <ele>37.2</ele>
   </trkpt>
   <trkpt lat="38.4021630" lon="-76.8434200">
    <ele>35.0</ele>
   </trkpt>
   <trkpt lat="38.4019640" lon="-76.8435880">
    <ele>31.4</ele>
   </trkpt>
   <trkpt lat="38.4018570" lon="-76.8436630">
    <ele>29.0</ele>
   </trkpt>
   <trkpt lat="38.4017760" lon="-76.8437200">
    <ele>27.2</ele>
   </trkpt>
   <trkpt lat="38.4016570" lon="-76.8438230">
    <ele>27.0</ele>
   </trkpt>
   <trkpt lat="38.4014960" lon="-76.8440980">
    <ele>28.2</ele>
   </trkpt>
   <trkpt lat="38.4014610" lon="-76.8441510">
    <ele>29.0</ele>
   </trkpt>
   <trkpt lat="38.4014180" lon="-76.8441900">
    <ele>29.6</ele>
   </trkpt>
   <trkpt lat="38.4013640" lon="-76.8442300">
    <ele>29.8</ele>
   </trkpt>
   <trkpt lat="38.4011100" lon="-76.8443790">
    <ele>30.0</ele>
   </trkpt>
   <trkpt lat="38.4008650" lon="-76.8444000">
    <ele>30.2</ele>
   </trkpt>
   <trkpt lat="38.4008000" lon="-76.8443880">
    <ele>30.2</ele>
   </trkpt>
   <trkpt lat="38.4006670" lon="-76.8443050">
    <ele>30.2</ele>
   </trkpt>
   <trkpt lat="38.4005840" lon="-76.8441440">
    <ele>30.6</ele>
   </trkpt>
   <trkpt lat="38.4005650" lon="-76.8440520">
    <ele>31.4</ele>
   </trkpt>
   <trkpt lat="38.4005590" lon="-76.8439580">
    <ele>32.6</ele>
   </trkpt>
   <trkpt lat="38.4005810" lon="-76.8437710">
    <ele>34.2</ele>
   </trkpt>
   <trkpt lat="38.4006100" lon="-76.8436790">
    <ele>35.4</ele>
   </trkpt>
   <trkpt lat="38.4007030" lon="-76.8435250">
    <ele>36.6</ele>
   </trkpt>
   <trkpt lat="38.4007590" lon="-76.8434460">
    <ele>37.2</ele>
   </trkpt>
   <trkpt lat="38.4008600" lon="-76.8432490">
    <ele>37.8</ele>
   </trkpt>
   <trkpt lat="38.4009860" lon="-76.8429110">
    <ele>38.4</ele>
   </trkpt>
   <trkpt lat="38.4010070" lon="-76.8427850">
    <ele>38.6</ele>
   </trkpt>
   <trkpt lat="38.4010110" lon="-76.8426570">
    <ele>38.8</ele>
   </trkpt>
   <trkpt lat="38.4010020" lon="-76.8425260">
    <ele>38.8</ele>
   </trkpt>
   <trkpt lat="38.4010000" lon="-76.8423960">
    <ele>39.2</ele>
   </trkpt>
   <trkpt lat="38.4010590" lon="-76.8421560">
    <ele>39.2</ele>
   </trkpt>
   <trkpt lat="38.4011260" lon="-76.8420490">
    <ele>39.4</ele>
   </trkpt>
   <trkpt lat="38.4012030" lon="-76.8419720">
    <ele>39.6</ele>
   </trkpt>
   <trkpt lat="38.4013540" lon="-76.8418580">
    <ele>40.2</ele>
   </trkpt>
   <trkpt lat="38.4014360" lon="-76.8418350">
    <ele>41.4</ele>
   </trkpt>
   <trkpt lat="38.4015240" lon="-76.8418400">
    <ele>41.4</ele>
   </trkpt>
   <trkpt lat="38.4017150" lon="-76.8419000">
    <ele>41.4</ele>
   </trkpt>
   <trkpt lat="38.4018100" lon="-76.8418980">
    <ele>40.8</ele>
   </trkpt>
   <trkpt lat="38.4018870" lon="-76.8418660">
    <ele>39.6</ele>
   </trkpt>
   <trkpt lat="38.4019400" lon="-76.8418250">
    <ele>39.4</ele>
   </trkpt>
   <trkpt lat="38.4019690" lon="-76.8417920">
    <ele>39.2</ele>
   </trkpt>
   <trkpt lat="38.4020180" lon="-76.8417230">
    <ele>39.2</ele>
   </trkpt>
   <trkpt lat="38.4020970" lon="-76.8416190">
    <ele>39.6</ele>
   </trkpt>
   <trkpt lat="38.4021220" lon="-76.8416330">
    <ele>39.6</ele>
   </trkpt>
   <trkpt lat="38.4021210" lon="-76.8417420">
    <ele>39.6</ele>
   </trkpt>
   <trkpt lat="38.4021120" lon="-76.8418200">
    <ele>39.6</ele>
   </trkpt>
   <trkpt lat="38.4021240" lon="-76.8418990">
    <ele>39.6</ele>
   </trkpt>
   <trkpt lat="38.4021600" lon="-76.8421500">
    <ele>40.4</ele>
   </trkpt>
   <trkpt lat="38.4021470" lon="-76.8422400">
    <ele>40.6</ele>
   </trkpt>
   <trkpt lat="38.4021190" lon="-76.8423280">
    <ele>41.0</ele>
   </trkpt>
   <trkpt lat="38.4020770" lon="-76.8424060">
    <ele>41.0</ele>
   </trkpt>
   <trkpt lat="38.4020390" lon="-76.8425480">
    <ele>41.2</ele>
   </trkpt>
   <trkpt lat="38.4021210" lon="-76.8425840">
    <ele>42.2</ele>
   </trkpt>
   <trkpt lat="38.4022190" lon="-76.8425480">
    <ele>42.2</ele>
   </trkpt>
   <trkpt lat="38.4022770" lon="-76.8425620">
    <ele>42.2</ele>
   </trkpt>
   <trkpt lat="38.4023400" lon="-76.8425580">
    <ele>42.2</ele>
   </trkpt>
   <trkpt lat="38.4024690" lon="-76.8424910">
    <ele>41.8</ele>
   </trkpt>
   <trkpt lat="38.4025450" lon="-76.8424300">
    <ele>41.2</ele>
   </trkpt>
   <trkpt lat="38.4026390" lon="-76.8423560">
    <ele>37.4</ele>
   </trkpt>
   <trkpt lat="38.4027350" lon="-76.8422740">
    <ele>34.2</ele>
   </trkpt>
   <trkpt lat="38.4031280" lon="-76.8420630">
    <ele>33.2</ele>
   </trkpt>
   <trkpt lat="38.4031950" lon="-76.8420400">
    <ele>33.4</ele>
   </trkpt>
   <trkpt lat="38.4032380" lon="-76.8420370">
    <ele>35.8</ele>
   </trkpt>
   <trkpt lat="38.4032750" lon="-76.8420380">
    <ele>38.6</ele>
   </trkpt>
   <trkpt lat="38.4034580" lon="-76.8420700">
    <ele>38.8</ele>
   </trkpt>
   <trkpt lat="38.4036490" lon="-76.8421070">
    <ele>33.6</ele>
   </trkpt>
   <trkpt lat="38.4037390" lon="-76.8420980">
    <ele>29.8</ele>
   </trkpt>
   <trkpt lat="38.4038070" lon="-76.8420650">
    <ele>27.6</ele>
   </trkpt>
   <trkpt lat="38.4038570" lon="-76.8419180">
    <ele>27.4</ele>
   </trkpt>
   <trkpt lat="38.4038090" lon="-76.8417720">
    <ele>27.6</ele>
   </trkpt>
   <trkpt lat="38.4037720" lon="-76.8417180">
    <ele>28.4</ele>
   </trkpt>
   <trkpt lat="38.4037310" lon="-76.8416750">
    <ele>29.2</ele>
   </trkpt>
   <trkpt lat="38.4036430" lon="-76.8416190">
    <ele>31.2</ele>
   </trkpt>
   <trkpt lat="38.4036030" lon="-76.8415990">
    <ele>32.8</ele>
   </trkpt>
   <trkpt lat="38.4035530" lon="-76.8415760">
    <ele>34.4</ele>
   </trkpt>
   <trkpt lat="38.4034570" lon="-76.8415280">
    <ele>36.0</ele>
   </trkpt>
   <trkpt lat="38.4034270" lon="-76.8414810">
    <ele>36.8</ele>
   </trkpt>
   <trkpt lat="38.4034310" lon="-76.8414280">
    <ele>37.0</ele>
   </trkpt>
   <trkpt lat="38.4034600" lon="-76.8413830">
    <ele>38.0</ele>
   </trkpt>
   <trkpt lat="38.4035030" lon="-76.8413520">
    <ele>38.8</ele>
   </trkpt>
   <trkpt lat="38.4035620" lon="-76.8413320">
    <ele>39.2</ele>
   </trkpt>
   <trkpt lat="38.4036300" lon="-76.8413280">
    <ele>39.6</ele>
   </trkpt>
   <trkpt lat="38.4037840" lon="-76.8413490">
    <ele>39.6</ele>
   </trkpt>
   <trkpt lat="38.4038760" lon="-76.8413890">
    <ele>39.6</ele>
   </trkpt>
   <trkpt lat="38.4039670" lon="-76.8414260">
    <ele>37.6</ele>
   </trkpt>
   <trkpt lat="38.4040620" lon="-76.8414350">
    <ele>33.4</ele>
   </trkpt>
   <trkpt lat="38.4041590" lon="-76.8414140">
    <ele>30.6</ele>
   </trkpt>
   <trkpt lat="38.4042830" lon="-76.8412980">
    <ele>29.8</ele>
   </trkpt>
   <trkpt lat="38.4043630" lon="-76.8409400">
    <ele>31.0</ele>
   </trkpt>
   <trkpt lat="38.4043700" lon="-76.8408560">
    <ele>32.0</ele>
   </trkpt>
   <trkpt lat="38.4043820" lon="-76.8407270">
    <ele>33.4</ele>
   </trkpt>
   <trkpt lat="38.4043860" lon="-76.8406810">
    <ele>34.8</ele>
   </trkpt>
   <trkpt lat="38.4043900" lon="-76.8406430">
    <ele>36.6</ele>
   </trkpt>
   <trkpt lat="38.4043910" lon="-76.8406050">
    <ele>38.2</ele>
   </trkpt>
   <trkpt lat="38.4043960" lon="-76.8405520">
    <ele>39.6</ele>
   </trkpt>
   <trkpt lat="38.4043970" lon="-76.8404980">
    <ele>40.4</ele>
   </trkpt>
   <trkpt lat="38.4043930" lon="-76.8404450">
    <ele>40.8</ele>
   </trkpt>
   <trkpt lat="38.4043940" lon="-76.8403860">
    <ele>42.2</ele>
   </trkpt>
   <trkpt lat="38.4044170" lon="-76.8402180">
    <ele>42.2</ele>
   </trkpt>
   <trkpt lat="38.4044640" lon="-76.8401320">
    <ele>42.2</ele>
   </trkpt>
   <trkpt lat="38.4045180" lon="-76.8400690">
    <ele>42.2</ele>
   </trkpt>
   <trkpt lat="38.4045740" lon="-76.8400380">
    <ele>42.0</ele>
   </trkpt>
   <trkpt lat="38.4046350" lon="-76.8400250">
    <ele>41.8</ele>
   </trkpt>
   <trkpt lat="38.4047700" lon="-76.8400650">
    <ele>41.4</ele>
   </trkpt>
   <trkpt lat="38.4048350" lon="-76.8401020">
    <ele>41.2</ele>
   </trkpt>
   <trkpt lat="38.4048870" lon="-76.8401590">
    <ele>40.6</ele>
   </trkpt>
   <trkpt lat="38.4049280" lon="-76.8402390">
    <ele>40.2</ele>
   </trkpt>
   <trkpt lat="38.4049740" lon="-76.8404500">
    <ele>39.2</ele>
   </trkpt>
   <trkpt lat="38.4049750" lon="-76.8405720">
    <ele>38.0</ele>
   </trkpt>
   <trkpt lat="38.4049470" lon="-76.8410840">
    <ele>37.0</ele>
   </trkpt>
   <trkpt lat="38.4049020" lon="-76.8413800">
    <ele>37.0</ele>
   </trkpt>
   <trkpt lat="38.4048160" lon="-76.8416370">
    <ele>36.4</ele>
   </trkpt>
   <trkpt lat="38.4047470" lon="-76.8417510">
    <ele>34.4</ele>
   </trkpt>
   <trkpt lat="38.4046640" lon="-76.8418370">
    <ele>33.6</ele>
   </trkpt>
   <trkpt lat="38.4045790" lon="-76.8418930">
    <ele>33.0</ele>
   </trkpt>
   <trkpt lat="38.4045050" lon="-76.8419230">
    <ele>32.8</ele>
   </trkpt>
   <trkpt lat="38.4044080" lon="-76.8419810">
    <ele>31.6</ele>
   </trkpt>
   <trkpt lat="38.4043040" lon="-76.8421030">
    <ele>31.0</ele>
   </trkpt>
   <trkpt lat="38.4042750" lon="-76.8422070">
    <ele>28.6</ele>
   </trkpt>
   <trkpt lat="38.4042690" lon="-76.8423220">
    <ele>27.6</ele>
   </trkpt>
   <trkpt lat="38.4042500" lon="-76.8425190">
    <ele>27.4</ele>
   </trkpt>
   <trkpt lat="38.4041360" lon="-76.8426370">
    <ele>26.8</ele>
   </trkpt>
   <trkpt lat="38.4039690" lon="-76.8426770">
    <ele>25.8</ele>
   </trkpt>
   <trkpt lat="38.4038820" lon="-76.8426750">
    <ele>24.6</ele>
   </trkpt>
   <trkpt lat="38.4037920" lon="-76.8426800">
    <ele>24.4</ele>
   </trkpt>
   <trkpt lat="38.4036340" lon="-76.8427660">
    <ele>23.4</ele>
   </trkpt>
   <trkpt lat="38.4035360" lon="-76.8429270">
    <ele>22.2</ele>
   </trkpt>
   <trkpt lat="38.4035120" lon="-76.8430150">
    <ele>22.2</ele>
   </trkpt>
   <trkpt lat="38.4034920" lon="-76.8430920">
    <ele>22.2</ele>
   </trkpt>
   <trkpt lat="38.4034500" lon="-76.8432090">
    <ele>24.4</ele>
   </trkpt>
   <trkpt lat="38.4034210" lon="-76.8432620">
    <ele>25.0</ele>
   </trkpt>
   <trkpt lat="38.4031950" lon="-76.8435740">
    <ele>23.6</ele>
   </trkpt>
   <trkpt lat="38.4031320" lon="-76.8436380">
    <ele>23.6</ele>
   </trkpt>
   <trkpt lat="38.4030350" lon="-76.8436860">
    <ele>23.6</ele>
   </trkpt>
   <trkpt lat="38.4029920" lon="-76.8437030">
    <ele>26.6</ele>
   </trkpt>
   <trkpt lat="38.4029450" lon="-76.8437240">
    <ele>27.8</ele>
   </trkpt>
   <trkpt lat="38.4028960" lon="-76.8437400">
    <ele>28.8</ele>
   </trkpt>
   <trkpt lat="38.4027920" lon="-76.8437620">
    <ele>30.6</ele>
   </trkpt>
   <trkpt lat="38.4026830" lon="-76.8437470">
    <ele>31.4</ele>
   </trkpt>
   <trkpt lat="38.4026480" lon="-76.8437150">
    <ele>32.4</ele>
   </trkpt>
   <trkpt lat="38.4026300" lon="-76.8436650">
    <ele>33.8</ele>
   </trkpt>
   <trkpt lat="38.4026080" lon="-76.8435360">
    <ele>35.0</ele>
   </trkpt>
   <trkpt lat="38.4025900" lon="-76.8434030">
    <ele>36.0</ele>
   </trkpt>
   <trkpt lat="38.4026290" lon="-76.8432620">
    <ele>36.8</ele>
   </trkpt>
   <trkpt lat="38.4027250" lon="-76.8431490">
    <ele>36.8</ele>
   </trkpt>
   <trkpt lat="38.4028050" lon="-76.8431070">
    <ele>36.0</ele>
   </trkpt>
   <trkpt lat="38.4029380" lon="-76.8430700">
    <ele>33.6</ele>
   </trkpt>
   <trkpt lat="38.4030750" lon="-76.8430190">
    <ele>30.4</ele>
   </trkpt>
   <trkpt lat="38.4032050" lon="-76.8429630">
    <ele>27.0</ele>
   </trkpt>
   <trkpt lat="38.4033070" lon="-76.8428990">
    <ele>24.8</ele>
   </trkpt>
   <trkpt lat="38.4033610" lon="-76.8428340">
    <ele>23.4</ele>
   </trkpt>
   <trkpt lat="38.4033410" lon="-76.8427460">
    <ele>23.4</ele>
   </trkpt>
   <trkpt lat="38.4032950" lon="-76.8427250">
    <ele>23.4</ele>
   </trkpt>
   <trkpt lat="38.4032310" lon="-76.8427380">
    <ele>23.6</ele>
   </trkpt>
   <trkpt lat="38.4030430" lon="-76.8428210">
    <ele>24.4</ele>
   </trkpt>
   <trkpt lat="38.4029870" lon="-76.8428470">
    <ele>25.0</ele>
   </trkpt>
   <trkpt lat="38.4029380" lon="-76.8428660">
    <ele>25.8</ele>
   </trkpt>
   <trkpt lat="38.4029080" lon="-76.8428790">
    <ele>27.4</ele>
   </trkpt>
   <trkpt lat="38.4028800" lon="-76.8428900">
    <ele>29.4</ele>
   </trkpt>
   <trkpt lat="38.4028480" lon="-76.8429000">
    <ele>31.2</ele>
   </trkpt>
   <trkpt lat="38.4028090" lon="-76.8429140">
    <ele>32.8</ele>
   </trkpt>
   <trkpt lat="38.4027060" lon="-76.8429510">
    <ele>34.0</ele>
   </trkpt>
   <trkpt lat="38.4026560" lon="-76.8429700">
    <ele>34.4</ele>
   </trkpt>
   <trkpt lat="38.4025580" lon="-76.8430120">
    <ele>36.8</ele>
   </trkpt>
   <trkpt lat="38.4024970" lon="-76.8430570">
    <ele>37.0</ele>
   </trkpt>
   <trkpt lat="38.4024430" lon="-76.8431200">
    <ele>37.2</ele>
   </trkpt>
   <trkpt lat="38.4023450" lon="-76.8432740">
    <ele>37.2</ele>
   </trkpt>
   <trkpt lat="38.4022820" lon="-76.8433460">
    <ele>36.8</ele>
   </trkpt>
   <trkpt lat="38.4021210" lon="-76.8434880">
    <ele>34.8</ele>
   </trkpt>
   <trkpt lat="38.4020180" lon="-76.8435740">
    <ele>33.0</ele>
   </trkpt>
   <trkpt lat="38.4019190" lon="-76.8436540">
    <ele>30.0</ele>
   </trkpt>
   <trkpt lat="38.4018290" lon="-76.8437200">
    <ele>27.4</ele>
   </trkpt>
   <trkpt lat="38.4016930" lon="-76.8438310">
    <ele>27.2</ele>
   </trkpt>
   <trkpt lat="38.4016500" lon="-76.8438900">
    <ele>27.2</ele>
   </trkpt>
   <trkpt lat="38.4015170" lon="-76.8440920">
    <ele>28.2</ele>
   </trkpt>
   <trkpt lat="38.4014750" lon="-76.8441440">
    <ele>28.8</ele>
   </trkpt>
   <trkpt lat="38.4014340" lon="-76.8441870">
    <ele>29.4</ele>
   </trkpt>
   <trkpt lat="38.4013860" lon="-76.8442290">
    <ele>29.8</ele>
   </trkpt>
   <trkpt lat="38.4013270" lon="-76.8442730">
    <ele>30.0</ele>
   </trkpt>
   <trkpt lat="38.4012200" lon="-76.8443330">
    <ele>30.2</ele>
   </trkpt>
   <trkpt lat="38.4010790" lon="-76.8443950">
    <ele>30.2</ele>
   </trkpt>
   <trkpt lat="38.4010200" lon="-76.8444090">
    <ele>30.4</ele>
   </trkpt>
   <trkpt lat="38.4009640" lon="-76.8444110">
    <ele>30.4</ele>
   </trkpt>
   <trkpt lat="38.4008460" lon="-76.8444020">
    <ele>30.4</ele>
   </trkpt>
   <trkpt lat="38.4007880" lon="-76.8443840">
    <ele>30.4</ele>
   </trkpt>
   <trkpt lat="38.4007300" lon="-76.8443510">
    <ele>30.4</ele>
   </trkpt>
   <trkpt lat="38.4006290" lon="-76.8442430">
    <ele>30.6</ele>
   </trkpt>
   <trkpt lat="38.4005810" lon="-76.8440990">
    <ele>31.2</ele>
   </trkpt>
   <trkpt lat="38.4005710" lon="-76.8440240">
    <ele>32.4</ele>
   </trkpt>
   <trkpt lat="38.4005720" lon="-76.8439480">
    <ele>33.0</ele>
   </trkpt>
   <trkpt lat="38.4005750" lon="-76.8438740">
    <ele>33.8</ele>
   </trkpt>
   <trkpt lat="38.4005940" lon="-76.8437330">
    <ele>35.2</ele>
   </trkpt>
   <trkpt lat="38.4006520" lon="-76.8435910">
    <ele>36.4</ele>
   </trkpt>
   <trkpt lat="38.4007060" lon="-76.8435320">
    <ele>37.0</ele>
   </trkpt>
   <trkpt lat="38.4007590" lon="-76.8434710">
    <ele>37.4</ele>
   </trkpt>
   <trkpt lat="38.4008690" lon="-76.8432600">
    <ele>38.0</ele>
   </trkpt>
   <trkpt lat="38.4009310" lon="-76.8430980">
    <ele>38.4</ele>
   </trkpt>
   <trkpt lat="38.4010160" lon="-76.8428240">
    <ele>38.8</ele>
   </trkpt>
   <trkpt lat="38.4010210" lon="-76.8426330">
    <ele>39.2</ele>
   </trkpt>
   <trkpt lat="38.4010140" lon="-76.8425360">
    <ele>39.4</ele>
   </trkpt>
   <trkpt lat="38.4010100" lon="-76.8424380">
    <ele>39.4</ele>
   </trkpt>
   <trkpt lat="38.4010170" lon="-76.8423380">
    <ele>39.4</ele>
   </trkpt>
   <trkpt lat="38.4010370" lon="-76.8422390">
    <ele>39.4</ele>
   </trkpt>
   <trkpt lat="38.4010750" lon="-76.8421490">
    <ele>39.4</ele>
   </trkpt>
   <trkpt lat="38.4011230" lon="-76.8420680">
    <ele>39.4</ele>
   </trkpt>
   <trkpt lat="38.4012340" lon="-76.8419530">
    <ele>39.4</ele>
   </trkpt>
   <trkpt lat="38.4013300" lon="-76.8418760">
    <ele>40.6</ele>
   </trkpt>
   <trkpt lat="38.4014210" lon="-76.8418150">
    <ele>42.2</ele>
   </trkpt>
   <trkpt lat="38.4016060" lon="-76.8416940">
    <ele>42.2</ele>
   </trkpt>
   <trkpt lat="38.4016720" lon="-76.8416340">
    <ele>42.0</ele>
   </trkpt>
   <trkpt lat="38.4017970" lon="-76.8414900">
    <ele>41.0</ele>
   </trkpt>
   <trkpt lat="38.4019800" lon="-76.8412560">
    <ele>40.6</ele>
   </trkpt>
   <trkpt lat="38.4023380" lon="-76.8407670">
    <ele>40.8</ele>
   </trkpt>
   <trkpt lat="38.4024080" lon="-76.8406940">
    <ele>41.0</ele>
   </trkpt>
   <trkpt lat="38.4025670" lon="-76.8405970">
    <ele>41.4</ele>
   </trkpt>
   <trkpt lat="38.4027300" lon="-76.8406110">
    <ele>41.6</ele>
   </trkpt>
   <trkpt lat="38.4028540" lon="-76.8407400">
    <ele>42.0</ele>
   </trkpt>
   <trkpt lat="38.4029010" lon="-76.8409380">
    <ele>42.2</ele>
   </trkpt>
   <trkpt lat="38.4028710" lon="-76.8411580">
    <ele>42.2</ele>
   </trkpt>
   <trkpt lat="38.4028250" lon="-76.8412620">
    <ele>42.2</ele>
   </trkpt>
   <trkpt lat="38.4025820" lon="-76.8416580">
    <ele>41.8</ele>
   </trkpt>
   <trkpt lat="38.4021330" lon="-76.8422430">
    <ele>41.2</ele>
   </trkpt>
   <trkpt lat="38.4020040" lon="-76.8424260">
    <ele>41.2</ele>
   </trkpt>
   <trkpt lat="38.4019780" lon="-76.8425080">
    <ele>41.2</ele>
   </trkpt>
   <trkpt lat="38.4020090" lon="-76.8425630">
    <ele>41.2</ele>
   </trkpt>
   <trkpt lat="38.4020490" lon="-76.8425810">
    <ele>41.8</ele>
   </trkpt>
   <trkpt lat="38.4020930" lon="-76.8425500">
    <ele>42.6</ele>
   </trkpt>
   <trkpt lat="38.4021400" lon="-76.8425170">
    <ele>42.6</ele>
   </trkpt>
   <trkpt lat="38.4021910" lon="-76.8425150">
    <ele>42.6</ele>
   </trkpt>
   <trkpt lat="38.4023020" lon="-76.8425050">
    <ele>42.6</ele>
   </trkpt>
   <trkpt lat="38.4025150" lon="-76.8423650">
    <ele>41.0</ele>
   </trkpt>
   <trkpt lat="38.4026150" lon="-76.8422920">
    <ele>37.2</ele>
   </trkpt>
   <trkpt lat="38.4027130" lon="-76.8422190">
    <ele>34.2</ele>
   </trkpt>
   <trkpt lat="38.4028140" lon="-76.8421580">
    <ele>33.6</ele>
   </trkpt>
   <trkpt lat="38.4031510" lon="-76.8420260">
    <ele>33.6</ele>
   </trkpt>
   <trkpt lat="38.4031960" lon="-76.8420230">
    <ele>35.8</ele>
   </trkpt>
   <trkpt lat="38.4032340" lon="-76.8420240">
    <ele>38.2</ele>
   </trkpt>
   <trkpt lat="38.4032740" lon="-76.8420260">
    <ele>39.6</ele>
   </trkpt>
   <trkpt lat="38.4034740" lon="-76.8420620">
    <ele>39.6</ele>
   </trkpt>
   <trkpt lat="38.4035680" lon="-76.8420670">
    <ele>36.8</ele>
   </trkpt>
   <trkpt lat="38.4036560" lon="-76.8420600">
    <ele>32.6</ele>
   </trkpt>
   <trkpt lat="38.4037220" lon="-76.8420360">
    <ele>30.0</ele>
   </trkpt>
   <trkpt lat="38.4037680" lon="-76.8419940">
    <ele>28.2</ele>
   </trkpt>
   <trkpt lat="38.4037930" lon="-76.8419380">
    <ele>28.2</ele>
   </trkpt>
   <trkpt lat="38.4037960" lon="-76.8418760">
    <ele>28.2</ele>
   </trkpt>
   <trkpt lat="38.4037580" lon="-76.8417620">
    <ele>28.4</ele>
   </trkpt>
   <trkpt lat="38.4037050" lon="-76.8416820">
    <ele>29.6</ele>
   </trkpt>
   <trkpt lat="38.4036510" lon="-76.8416340">
    <ele>31.2</ele>
   </trkpt>
   <trkpt lat="38.4036260" lon="-76.8416180">
    <ele>32.6</ele>
   </trkpt>
   <trkpt lat="38.4035990" lon="-76.8416010">
    <ele>33.8</ele>
   </trkpt>
   <trkpt lat="38.4035670" lon="-76.8415840">
    <ele>35.2</ele>
   </trkpt>
   <trkpt lat="38.4034470" lon="-76.8415100">
    <ele>36.8</ele>
   </trkpt>
   <trkpt lat="38.4034230" lon="-76.8414200">
    <ele>37.6</ele>
   </trkpt>
   <trkpt lat="38.4034410" lon="-76.8413810">
    <ele>38.6</ele>
   </trkpt>
   <trkpt lat="38.4035120" lon="-76.8413370">
    <ele>39.8</ele>
   </trkpt>
   <trkpt lat="38.4035640" lon="-76.8413270">
    <ele>40.0</ele>
   </trkpt>
   <trkpt lat="38.4036870" lon="-76.8413330">
    <ele>40.2</ele>
   </trkpt>
   <trkpt lat="38.4037540" lon="-76.8413510">
    <ele>40.2</ele>
   </trkpt>
   <trkpt lat="38.4039370" lon="-76.8414240">
    <ele>38.4</ele>
   </trkpt>
   <trkpt lat="38.4040360" lon="-76.8414330">
    <ele>34.8</ele>
   </trkpt>
   <trkpt lat="38.4041320" lon="-76.8414090">
    <ele>31.6</ele>
   </trkpt>
   <trkpt lat="38.4042130" lon="-76.8413590">
    <ele>30.2</ele>
   </trkpt>
   <trkpt lat="38.4042710" lon="-76.8412890">
    <ele>30.2</ele>
   </trkpt>
   <trkpt lat="38.4043180" lon="-76.8411280">
    <ele>30.2</ele>
   </trkpt>
   <trkpt lat="38.4043280" lon="-76.8410480">
    <ele>30.8</ele>
   </trkpt>
   <trkpt lat="38.4043310" lon="-76.8409740">
    <ele>31.2</ele>
   </trkpt>
   <trkpt lat="38.4043420" lon="-76.8408350">
    <ele>32.8</ele>
   </trkpt>
   <trkpt lat="38.4043520" lon="-76.8407230">
    <ele>34.2</ele>
   </trkpt>
   <trkpt lat="38.4043590" lon="-76.8406790">
    <ele>35.2</ele>
   </trkpt>
   <trkpt lat="38.4043630" lon="-76.8406450">
    <ele>36.6</ele>
   </trkpt>
   <trkpt lat="38.4043650" lon="-76.8406110">
    <ele>38.0</ele>
   </trkpt>
   <trkpt lat="38.4043710" lon="-76.8405690">
    <ele>39.4</ele>
   </trkpt>
   <trkpt lat="38.4043780" lon="-76.8405180">
    <ele>40.8</ele>
   </trkpt>
   <trkpt lat="38.4043860" lon="-76.8404650">
    <ele>41.2</ele>
   </trkpt>
   <trkpt lat="38.4044020" lon="-76.8403570">
    <ele>42.8</ele>
   </trkpt>
   <trkpt lat="38.4044380" lon="-76.8401890">
    <ele>42.8</ele>
   </trkpt>
   <trkpt lat="38.4045460" lon="-76.8400490">
    <ele>42.6</ele>
   </trkpt>
   <trkpt lat="38.4046680" lon="-76.8400300">
    <ele>42.2</ele>
   </trkpt>
   <trkpt lat="38.4048000" lon="-76.8401020">
    <ele>41.8</ele>
   </trkpt>
   <trkpt lat="38.4048640" lon="-76.8401630">
    <ele>41.6</ele>
   </trkpt>
   <trkpt lat="38.4049120" lon="-76.8402470">
    <ele>40.8</ele>
   </trkpt>
   <trkpt lat="38.4049420" lon="-76.8403520">
    <ele>40.6</ele>
   </trkpt>
   <trkpt lat="38.4049770" lon="-76.8405910">
    <ele>39.0</ele>
   </trkpt>
   <trkpt lat="38.4049740" lon="-76.8407290">
    <ele>38.2</ele>
   </trkpt>
   <trkpt lat="38.4049480" lon="-76.8411130">
    <ele>38.0</ele>
   </trkpt>
   <trkpt lat="38.4049360" lon="-76.8412130">
    <ele>37.8</ele>
   </trkpt>
   <trkpt lat="38.4048940" lon="-76.8414410">
    <ele>37.6</ele>
   </trkpt>
   <trkpt lat="38.4048530" lon="-76.8415730">
    <ele>37.6</ele>
   </trkpt>
   <trkpt lat="38.4047930" lon="-76.8416960">
    <ele>35.8</ele>
   </trkpt>
   <trkpt lat="38.4047170" lon="-76.8418020">
    <ele>34.8</ele>
   </trkpt>
   <trkpt lat="38.4046290" lon="-76.8418800">
    <ele>34.2</ele>
   </trkpt>
   <trkpt lat="38.4045410" lon="-76.8419280">
    <ele>33.8</ele>
   </trkpt>
   <trkpt lat="38.4044890" lon="-76.8419510">
    <ele>33.4</ele>
   </trkpt>
   <trkpt lat="38.4044380" lon="-76.8419800">
    <ele>33.0</ele>
   </trkpt>
   <trkpt lat="38.4043700" lon="-76.8420410">
    <ele>32.4</ele>
   </trkpt>
   <trkpt lat="38.4043140" lon="-76.8421270">
    <ele>31.8</ele>
   </trkpt>
   <trkpt lat="38.4042840" lon="-76.8422360">
    <ele>29.8</ele>
   </trkpt>
   <trkpt lat="38.4042860" lon="-76.8423440">
    <ele>28.4</ele>
   </trkpt>
   <trkpt lat="38.4042830" lon="-76.8425100">
    <ele>28.0</ele>
   </trkpt>
   <trkpt lat="38.4041900" lon="-76.8426170">
    <ele>27.4</ele>
   </trkpt>
   <trkpt lat="38.4040190" lon="-76.8426750">
    <ele>27.0</ele>
   </trkpt>
   <trkpt lat="38.4039290" lon="-76.8426790">
    <ele>25.8</ele>
   </trkpt>
   <trkpt lat="38.4037650" lon="-76.8426840">
    <ele>24.6</ele>
   </trkpt>
   <trkpt lat="38.4036920" lon="-76.8427210">
    <ele>24.2</ele>
   </trkpt>
   <trkpt lat="38.4036300" lon="-76.8427820">
    <ele>24.0</ele>
   </trkpt>
   <trkpt lat="38.4035740" lon="-76.8428660">
    <ele>23.2</ele>
   </trkpt>
   <trkpt lat="38.4035300" lon="-76.8429680">
    <ele>23.2</ele>
   </trkpt>
   <trkpt lat="38.4034650" lon="-76.8431470">
    <ele>23.2</ele>
   </trkpt>
   <trkpt lat="38.4034390" lon="-76.8432070">
    <ele>24.8</ele>
   </trkpt>
   <trkpt lat="38.4034090" lon="-76.8432660">
    <ele>25.6</ele>
   </trkpt>
   <trkpt lat="38.4032650" lon="-76.8435080">
    <ele>25.4</ele>
   </trkpt>
   <trkpt lat="38.4031950" lon="-76.8435900">
    <ele>24.4</ele>
   </trkpt>
   <trkpt lat="38.4030910" lon="-76.8436930">
    <ele>24.4</ele>
   </trkpt>
   <trkpt lat="38.4030530" lon="-76.8437150">
    <ele>24.4</ele>
   </trkpt>
   <trkpt lat="38.4030160" lon="-76.8437310">
    <ele>27.0</ele>
   </trkpt>
   <trkpt lat="38.4029750" lon="-76.8437460">
    <ele>28.2</ele>
   </trkpt>
   <trkpt lat="38.4028930" lon="-76.8437650">
    <ele>29.6</ele>
   </trkpt>
   <trkpt lat="38.4028600" lon="-76.8437700">
    <ele>30.2</ele>
   </trkpt>
   <trkpt lat="38.4028210" lon="-76.8437770">
    <ele>31.4</ele>
   </trkpt>
   <trkpt lat="38.4027700" lon="-76.8437800">
    <ele>32.0</ele>
   </trkpt>
   <trkpt lat="38.4026740" lon="-76.8437490">
    <ele>32.4</ele>
   </trkpt>
   <trkpt lat="38.4026410" lon="-76.8437130">
    <ele>33.4</ele>
   </trkpt>
   <trkpt lat="38.4026300" lon="-76.8436570">
    <ele>34.6</ele>
   </trkpt>
   <trkpt lat="38.4026200" lon="-76.8435940">
    <ele>35.0</ele>
   </trkpt>
   <trkpt lat="38.4026070" lon="-76.8435260">
    <ele>35.6</ele>
   </trkpt>
   <trkpt lat="38.4025940" lon="-76.8434510">
    <ele>36.2</ele>
   </trkpt>
   <trkpt lat="38.4025920" lon="-76.8433770">
    <ele>37.0</ele>
   </trkpt>
   <trkpt lat="38.4026020" lon="-76.8433190">
    <ele>37.4</ele>
   </trkpt>
   <trkpt lat="38.4026670" lon="-76.8432130">
    <ele>37.4</ele>
   </trkpt>
   <trkpt lat="38.4027260" lon="-76.8431580">
    <ele>37.4</ele>
   </trkpt>
   <trkpt lat="38.4028080" lon="-76.8431110">
    <ele>36.6</ele>
   </trkpt>
   <trkpt lat="38.4029200" lon="-76.8430740">
    <ele>34.4</ele>
   </trkpt>
   <trkpt lat="38.4030470" lon="-76.8430380">
    <ele>31.0</ele>
   </trkpt>
   <trkpt lat="38.4031740" lon="-76.8429950">
    <ele>28.0</ele>
   </trkpt>
   <trkpt lat="38.4032900" lon="-76.8429480">
    <ele>26.0</ele>
   </trkpt>
   <trkpt lat="38.4033780" lon="-76.8428800">
    <ele>24.4</ele>
   </trkpt>
   <trkpt lat="38.4034140" lon="-76.8428040">
    <ele>24.0</ele>
   </trkpt>
   <trkpt lat="38.4033430" lon="-76.8427100">
    <ele>24.0</ele>
   </trkpt>
   <trkpt lat="38.4032820" lon="-76.8427110">
    <ele>24.4</ele>
   </trkpt>
   <trkpt lat="38.4032300" lon="-76.8427320">
    <ele>24.6</ele>
   </trkpt>
   <trkpt lat="38.4030150" lon="-76.8428410">
    <ele>25.6</ele>
   </trkpt>
   <trkpt lat="38.4029530" lon="-76.8428660">
    <ele>27.2</ele>
   </trkpt>
   <trkpt lat="38.4029360" lon="-76.8428730">
    <ele>28.6</ele>
   </trkpt>
   <trkpt lat="38.4029160" lon="-76.8428790">
    <ele>29.8</ele>
   </trkpt>
   <trkpt lat="38.4028860" lon="-76.8428900">
    <ele>31.6</ele>
   </trkpt>
   <trkpt lat="38.4028620" lon="-76.8428990">
    <ele>32.4</ele>
   </trkpt>
   <trkpt lat="38.4028300" lon="-76.8429140">
    <ele>33.2</ele>
   </trkpt>
   <trkpt lat="38.4027490" lon="-76.8429510">
    <ele>34.4</ele>
   </trkpt>
   <trkpt lat="38.4027040" lon="-76.8429670">
    <ele>34.8</ele>
   </trkpt>
   <trkpt lat="38.4026380" lon="-76.8429900">
    <ele>36.4</ele>
   </trkpt>
   <trkpt lat="38.4025910" lon="-76.8430050">
    <ele>37.4</ele>
   </trkpt>
   <trkpt lat="38.4024750" lon="-76.8430790">
    <ele>38.2</ele>
   </trkpt>
   <trkpt lat="38.4023060" lon="-76.8433260">
    <ele>37.6</ele>
   </trkpt>
   <trkpt lat="38.4021780" lon="-76.8434370">
    <ele>35.6</ele>
   </trkpt>
   <trkpt lat="38.4020040" lon="-76.8435890">
    <ele>32.4</ele>
   </trkpt>
   <trkpt lat="38.4019220" lon="-76.8436490">
    <ele>30.0</ele>
   </trkpt>
   <trkpt lat="38.4018570" lon="-76.8436930">
    <ele>27.8</ele>
   </trkpt>
   <trkpt lat="38.4018080" lon="-76.8437250">
    <ele>27.4</ele>
   </trkpt>
   <trkpt lat="38.4017300" lon="-76.8438060">
    <ele>27.6</ele>
   </trkpt>
   <trkpt lat="38.4016640" lon="-76.8438880">
    <ele>27.8</ele>
   </trkpt>
   <trkpt lat="38.4016070" lon="-76.8439760">
    <ele>28.2</ele>
   </trkpt>
   <trkpt lat="38.4015420" lon="-76.8440710">
    <ele>29.2</ele>
   </trkpt>
   <trkpt lat="38.4015070" lon="-76.8441150">
    <ele>29.6</ele>
   </trkpt>
   <trkpt lat="38.4014430" lon="-76.8441730">
    <ele>30.4</ele>
   </trkpt>
   <trkpt lat="38.4014100" lon="-76.8442010">
    <ele>30.6</ele>
   </trkpt>
   <trkpt lat="38.4012640" lon="-76.8443040">
    <ele>30.8</ele>
   </trkpt>
   <trkpt lat="38.4012190" lon="-76.8443220">
    <ele>30.8</ele>
   </trkpt>
   <trkpt lat="38.4011350" lon="-76.8443560">
    <ele>30.8</ele>
   </trkpt>
   <trkpt lat="38.4010370" lon="-76.8443900">
    <ele>31.0</ele>
   </trkpt>
   <trkpt lat="38.4009800" lon="-76.8443980">
    <ele>31.0</ele>
   </trkpt>
   <trkpt lat="38.4009240" lon="-76.8443980">
    <ele>31.2</ele>
   </trkpt>
   <trkpt lat="38.4008280" lon="-76.8443780">
    <ele>31.2</ele>
   </trkpt>
   <trkpt lat="38.4007280" lon="-76.8443330">
    <ele>31.2</ele>
   </trkpt>
   <trkpt lat="38.4006530" lon="-76.8442390">
    <ele>31.2</ele>
   </trkpt>
   <trkpt lat="38.4006290" lon="-76.8441860">
    <ele>31.2</ele>
   </trkpt>
   <trkpt lat="38.4006110" lon="-76.8441340">
    <ele>31.6</ele>
   </trkpt>
   <trkpt lat="38.4005900" lon="-76.8440230">
    <ele>33.2</ele>
   </trkpt>
   <trkpt lat="38.4005840" lon="-76.8439100">
    <ele>34.4</ele>
   </trkpt>
   <trkpt lat="38.4005960" lon="-76.8437410">
    <ele>35.6</ele>
   </trkpt>
   <trkpt lat="38.4006030" lon="-76.8436850">
    <ele>36.4</ele>
   </trkpt>
   <trkpt lat="38.4006210" lon="-76.8436310">
    <ele>36.8</ele>
   </trkpt>
   <trkpt lat="38.4006520" lon="-76.8435820">
    <ele>37.4</ele>
   </trkpt>
   <trkpt lat="38.4007280" lon="-76.8434890">
    <ele>38.0</ele>
   </trkpt>
   <trkpt lat="38.4008020" lon="-76.8433890">
    <ele>38.4</ele>
   </trkpt>
   <trkpt lat="38.4008960" lon="-76.8431840">
    <ele>39.0</ele>
   </trkpt>
   <trkpt lat="38.4009450" lon="-76.8430550">
    <ele>39.2</ele>
   </trkpt>
   <trkpt lat="38.4010030" lon="-76.8428970">
    <ele>39.6</ele>
   </trkpt>
   <trkpt lat="38.4010320" lon="-76.8427420">
    <ele>39.8</ele>
   </trkpt>
   <trkpt lat="38.4010320" lon="-76.8426630">
    <ele>40.0</ele>
   </trkpt>
   <trkpt lat="38.4010300" lon="-76.8425830">
    <ele>40.4</ele>
   </trkpt>
   <trkpt lat="38.4010200" lon="-76.8424090">
    <ele>40.4</ele>
   </trkpt>
   <trkpt lat="38.4010410" lon="-76.8422330">
    <ele>40.4</ele>
   </trkpt>
   <trkpt lat="38.4011460" lon="-76.8420200">
    <ele>40.4</ele>
   </trkpt>
   <trkpt lat="38.4013350" lon="-76.8418600">
    <ele>41.6</ele>
   </trkpt>
   <trkpt lat="38.4013760" lon="-76.8418360">
    <ele>42.4</ele>
   </trkpt>
   <trkpt lat="38.4014230" lon="-76.8418210">
    <ele>43.0</ele>
   </trkpt>
   <trkpt lat="38.4014750" lon="-76.8418170">
    <ele>43.0</ele>
   </trkpt>
   <trkpt lat="38.4015350" lon="-76.8418210">
    <ele>43.0</ele>
   </trkpt>
   <trkpt lat="38.4015990" lon="-76.8418380">
    <ele>43.0</ele>
   </trkpt>
   <trkpt lat="38.4017430" lon="-76.8418860">
    <ele>41.8</ele>
   </trkpt>
   <trkpt lat="38.4018790" lon="-76.8418480">
    <ele>40.6</ele>
   </trkpt>
   <trkpt lat="38.4019700" lon="-76.8417480">
    <ele>40.2</ele>
   </trkpt>
   <trkpt lat="38.4020490" lon="-76.8416400">
    <ele>40.4</ele>
   </trkpt>
   <trkpt lat="38.4020740" lon="-76.8416300">
    <ele>40.6</ele>
   </trkpt>
   <trkpt lat="38.4021140" lon="-76.8416920">
    <ele>40.6</ele>
   </trkpt>
   <trkpt lat="38.4021010" lon="-76.8418130">
    <ele>40.4</ele>
   </trkpt>
   <trkpt lat="38.4021100" lon="-76.8419480">
    <ele>40.4</ele>
   </trkpt>
   <trkpt lat="38.4021200" lon="-76.8420090">
    <ele>40.4</ele>
   </trkpt>
   <trkpt lat="38.4021380" lon="-76.8421420">
    <ele>41.2</ele>
   </trkpt>
   <trkpt lat="38.4021370" lon="-76.8422130">
    <ele>41.4</ele>
   </trkpt>
   <trkpt lat="38.4021170" lon="-76.8422790">
    <ele>41.4</ele>
   </trkpt>
   <trkpt lat="38.4020820" lon="-76.8423310">
    <ele>41.6</ele>
   </trkpt>
   <trkpt lat="38.4020420" lon="-76.8423720">
    <ele>41.6</ele>
   </trkpt>
   <trkpt lat="38.4020050" lon="-76.8424180">
    <ele>41.8</ele>
   </trkpt>
   <trkpt lat="38.4019800" lon="-76.8425320">
    <ele>42.0</ele>
   </trkpt>
   <trkpt lat="38.4020400" lon="-76.8425830">
    <ele>42.8</ele>
   </trkpt>
   <trkpt lat="38.4020770" lon="-76.8425680">
    <ele>43.2</ele>
   </trkpt>
   <trkpt lat="38.4021500" lon="-76.8424970">
    <ele>43.2</ele>
   </trkpt>
   <trkpt lat="38.4022820" lon="-76.8425090">
    <ele>43.0</ele>
   </trkpt>
   <trkpt lat="38.4024190" lon="-76.8424220">
    <ele>42.8</ele>
   </trkpt>
   <trkpt lat="38.4025640" lon="-76.8422960">
    <ele>39.2</ele>
   </trkpt>
   <trkpt lat="38.4026460" lon="-76.8422280">
    <ele>36.2</ele>
   </trkpt>
   <trkpt lat="38.4027290" lon="-76.8421690">
    <ele>34.4</ele>
   </trkpt>
   <trkpt lat="38.4028850" lon="-76.8420860">
    <ele>34.0</ele>
   </trkpt>
   <trkpt lat="38.4029650" lon="-76.8420580">
    <ele>34.0</ele>
   </trkpt>
   <trkpt lat="38.4030960" lon="-76.8420280">
    <ele>34.6</ele>
   </trkpt>
   <trkpt lat="38.4031170" lon="-76.8420250">
    <ele>36.0</ele>
   </trkpt>
   <trkpt lat="38.4031370" lon="-76.8420220">
    <ele>37.2</ele>
   </trkpt>
   <trkpt lat="38.4031730" lon="-76.8420190">
    <ele>38.6</ele>
   </trkpt>
   <trkpt lat="38.4031940" lon="-76.8420190">
    <ele>39.2</ele>
   </trkpt>
   <trkpt lat="38.4032160" lon="-76.8420180">
    <ele>40.0</ele>
   </trkpt>
   <trkpt lat="38.4033920" lon="-76.8420340">
    <ele>41.0</ele>
   </trkpt>
   <trkpt lat="38.4035880" lon="-76.8420530">
    <ele>36.8</ele>
   </trkpt>
   <trkpt lat="38.4036800" lon="-76.8420370">
    <ele>32.6</ele>
   </trkpt>
   <trkpt lat="38.4037570" lon="-76.8420070">
    <ele>29.4</ele>
   </trkpt>
   <trkpt lat="38.4037960" lon="-76.8419630">
    <ele>28.6</ele>
   </trkpt>
   <trkpt lat="38.4038020" lon="-76.8418790">
    <ele>28.6</ele>
   </trkpt>
   <trkpt lat="38.4037420" lon="-76.8417470">
    <ele>29.4</ele>
   </trkpt>
   <trkpt lat="38.4036920" lon="-76.8416840">
    <ele>30.4</ele>
   </trkpt>
   <trkpt lat="38.4036580" lon="-76.8416480">
    <ele>31.8</ele>
   </trkpt>
   <trkpt lat="38.4036420" lon="-76.8416370">
    <ele>32.6</ele>
   </trkpt>
   <trkpt lat="38.4036260" lon="-76.8416270">
    <ele>33.6</ele>
   </trkpt>
   <trkpt lat="38.4036060" lon="-76.8416140">
    <ele>34.6</ele>
   </trkpt>
   <trkpt lat="38.4035410" lon="-76.8415790">
    <ele>36.0</ele>
   </trkpt>
   <trkpt lat="38.4034730" lon="-76.8415440">
    <ele>37.0</ele>
   </trkpt>
   <trkpt lat="38.4034370" lon="-76.8415140">
    <ele>37.6</ele>
   </trkpt>
   <trkpt lat="38.4034050" lon="-76.8414450">
    <ele>38.0</ele>
   </trkpt>
   <trkpt lat="38.4034090" lon="-76.8414120">
    <ele>38.8</ele>
   </trkpt>
   <trkpt lat="38.4034240" lon="-76.8413790">
    <ele>39.4</ele>
   </trkpt>
   <trkpt lat="38.4034470" lon="-76.8413530">
    <ele>39.6</ele>
   </trkpt>
   <trkpt lat="38.4034760" lon="-76.8413340">
    <ele>40.0</ele>
   </trkpt>
   <trkpt lat="38.4035990" lon="-76.8413100">
    <ele>40.8</ele>
   </trkpt>
   <trkpt lat="38.4036930" lon="-76.8413300">
    <ele>40.8</ele>
   </trkpt>
   <trkpt lat="38.4038360" lon="-76.8413930">
    <ele>40.6</ele>
   </trkpt>
   <trkpt lat="38.4039280" lon="-76.8414240">
    <ele>38.4</ele>
   </trkpt>
   <trkpt lat="38.4040200" lon="-76.8414290">
    <ele>34.6</ele>
   </trkpt>
   <trkpt lat="38.4041020" lon="-76.8414040">
    <ele>31.8</ele>
   </trkpt>
   <trkpt lat="38.4041720" lon="-76.8413570">
    <ele>30.6</ele>
   </trkpt>
   <trkpt lat="38.4042230" lon="-76.8412970">
    <ele>30.6</ele>
   </trkpt>
   <trkpt lat="38.4042530" lon="-76.8412310">
    <ele>30.6</ele>
   </trkpt>
   <trkpt lat="38.4042670" lon="-76.8411650">
    <ele>30.6</ele>
   </trkpt>
   <trkpt lat="38.4042940" lon="-76.8409900">
    <ele>31.8</ele>
   </trkpt>
   <trkpt lat="38.4043070" lon="-76.8408880">
    <ele>32.8</ele>
   </trkpt>
   <trkpt lat="38.4043240" lon="-76.8407630">
    <ele>34.2</ele>
   </trkpt>
   <trkpt lat="38.4043290" lon="-76.8407270">
    <ele>35.0</ele>
   </trkpt>
   <trkpt lat="38.4043330" lon="-76.8406930">
    <ele>35.8</ele>
   </trkpt>
   <trkpt lat="38.4043400" lon="-76.8406400">
    <ele>37.8</ele>
   </trkpt>
   <trkpt lat="38.4043440" lon="-76.8406160">
    <ele>39.2</ele>
   </trkpt>
   <trkpt lat="38.4043490" lon="-76.8405500">
    <ele>41.0</ele>
   </trkpt>
   <trkpt lat="38.4043730" lon="-76.8404200">
    <ele>42.2</ele>
   </trkpt>
   <trkpt lat="38.4043780" lon="-76.8403770">
    <ele>43.2</ele>
   </trkpt>
   <trkpt lat="38.4044190" lon="-76.8401280">
    <ele>43.0</ele>
   </trkpt>
   <trkpt lat="38.4044350" lon="-76.8400300">
    <ele>42.4</ele>
   </trkpt>
   <trkpt lat="38.4044430" lon="-76.8399300">
    <ele>42.4</ele>
   </trkpt>
   <trkpt lat="38.4044630" lon="-76.8398090">
    <ele>43.6</ele>
   </trkpt>
   <trkpt lat="38.4044660" lon="-76.8396480">
    <ele>43.8</ele>
   </trkpt>
   <trkpt lat="38.4044660" lon="-76.8395610">
    <ele>43.6</ele>
   </trkpt>
   <trkpt lat="38.4044770" lon="-76.8395650">
    <ele>43.6</ele>
   </trkpt>
   <trkpt lat="38.4044770" lon="-76.8395770">
    <ele>43.6</ele>
   </trkpt>
   <trkpt lat="38.4044770" lon="-76.8395770">
    <ele>43.6</ele>
   </trkpt>
   <trkpt lat="38.4044820" lon="-76.8395880">
    <ele>43.4</ele>
   </trkpt>
   <trkpt lat="38.4044900" lon="-76.8396050">
    <ele>43.4</ele>
   </trkpt>
   <trkpt lat="38.4045290" lon="-76.8396570">
    <ele>43.4</ele>
   </trkpt>
   <trkpt lat="38.4045600" lon="-76.8396950">
    <ele>43.2</ele>
   </trkpt>
   <trkpt lat="38.4046000" lon="-76.8397730">
    <ele>43.4</ele>
   </trkpt>
   <trkpt lat="38.4046940" lon="-76.8398500">
    <ele>42.8</ele>
   </trkpt>
   <trkpt lat="38.4047560" lon="-76.8398800">
    <ele>42.2</ele>
   </trkpt>
   <trkpt lat="38.4047560" lon="-76.8398800">
    <ele>42.0</ele>
   </trkpt>
   <trkpt lat="38.4048050" lon="-76.8399320">
    <ele>42.0</ele>
   </trkpt>
   <trkpt lat="38.4048160" lon="-76.8399740">
    <ele>42.0</ele>
   </trkpt>
   <trkpt lat="38.4048340" lon="-76.8400770">
    <ele>41.4</ele>
   </trkpt>
   <trkpt lat="38.4048930" lon="-76.8402070">
    <ele>41.0</ele>
   </trkpt>
   <trkpt lat="38.4049500" lon="-76.8403830">
    <ele>40.0</ele>
   </trkpt>
   <trkpt lat="38.4049660" lon="-76.8404910">
    <ele>39.6</ele>
   </trkpt>
   <trkpt lat="38.4049700" lon="-76.8406090">
    <ele>38.4</ele>
   </trkpt>
   <trkpt lat="38.4049590" lon="-76.8410050">
    <ele>38.0</ele>
   </trkpt>
   <trkpt lat="38.4049480" lon="-76.8411060">
    <ele>38.0</ele>
   </trkpt>
   <trkpt lat="38.4049340" lon="-76.8412030">
    <ele>37.8</ele>
   </trkpt>
   <trkpt lat="38.4048020" lon="-76.8416840">
    <ele>36.6</ele>
   </trkpt>
   <trkpt lat="38.4047300" lon="-76.8418030">
    <ele>34.8</ele>
   </trkpt>
   <trkpt lat="38.4046430" lon="-76.8418850">
    <ele>34.2</ele>
   </trkpt>
   <trkpt lat="38.4045490" lon="-76.8419300">
    <ele>33.6</ele>
   </trkpt>
   <trkpt lat="38.4043730" lon="-76.8419970">
    <ele>32.4</ele>
   </trkpt>
   <trkpt lat="38.4042950" lon="-76.8420660">
    <ele>31.8</ele>
   </trkpt>
   <trkpt lat="38.4042420" lon="-76.8421750">
    <ele>30.8</ele>
   </trkpt>
   <trkpt lat="38.4042230" lon="-76.8422960">
    <ele>28.6</ele>
   </trkpt>
   <trkpt lat="38.4041870" lon="-76.8426020">
    <ele>27.8</ele>
   </trkpt>
   <trkpt lat="38.4041110" lon="-76.8426470">
    <ele>27.2</ele>
   </trkpt>
   <trkpt lat="38.4040140" lon="-76.8426760">
    <ele>27.2</ele>
   </trkpt>
   <trkpt lat="38.4038000" lon="-76.8426890">
    <ele>25.6</ele>
   </trkpt>
   <trkpt lat="38.4036970" lon="-76.8427120">
    <ele>24.8</ele>
   </trkpt>
   <trkpt lat="38.4036130" lon="-76.8427820">
    <ele>24.2</ele>
   </trkpt>
   <trkpt lat="38.4035430" lon="-76.8428790">
    <ele>23.6</ele>
   </trkpt>
   <trkpt lat="38.4034850" lon="-76.8429930">
    <ele>23.6</ele>
   </trkpt>
   <trkpt lat="38.4034030" lon="-76.8431760">
    <ele>23.6</ele>
   </trkpt>
   <trkpt lat="38.4033730" lon="-76.8432400">
    <ele>25.4</ele>
   </trkpt>
   <trkpt lat="38.4032980" lon="-76.8433770">
    <ele>25.4</ele>
   </trkpt>
   <trkpt lat="38.4031690" lon="-76.8435670">
    <ele>25.0</ele>
   </trkpt>
   <trkpt lat="38.4031050" lon="-76.8436400">
    <ele>25.0</ele>
   </trkpt>
   <trkpt lat="38.4030090" lon="-76.8437210">
    <ele>25.0</ele>
   </trkpt>
   <trkpt lat="38.4029570" lon="-76.8437450">
    <ele>27.6</ele>
   </trkpt>
   <trkpt lat="38.4029050" lon="-76.8437660">
    <ele>29.2</ele>
   </trkpt>
   <trkpt lat="38.4027890" lon="-76.8437810">
    <ele>30.8</ele>
   </trkpt>
   <trkpt lat="38.4027260" lon="-76.8437750">
    <ele>32.0</ele>
   </trkpt>
   <trkpt lat="38.4026740" lon="-76.8437490">
    <ele>32.2</ele>
   </trkpt>
   <trkpt lat="38.4026410" lon="-76.8437030">
    <ele>33.4</ele>
   </trkpt>
   <trkpt lat="38.4026260" lon="-76.8436420">
    <ele>34.8</ele>
   </trkpt>
   <trkpt lat="38.4025970" lon="-76.8434980">
    <ele>36.0</ele>
   </trkpt>
   <trkpt lat="38.4025830" lon="-76.8434190">
    <ele>36.6</ele>
   </trkpt>
   <trkpt lat="38.4025840" lon="-76.8433440">
    <ele>37.4</ele>
   </trkpt>
   <trkpt lat="38.4026080" lon="-76.8432710">
    <ele>37.6</ele>
   </trkpt>
   <trkpt lat="38.4027010" lon="-76.8431440">
    <ele>37.6</ele>
   </trkpt>
   <trkpt lat="38.4028010" lon="-76.8430910">
    <ele>36.8</ele>
   </trkpt>
   <trkpt lat="38.4029280" lon="-76.8430600">
    <ele>33.6</ele>
   </trkpt>
   <trkpt lat="38.4030680" lon="-76.8430080">
    <ele>30.4</ele>
   </trkpt>
   <trkpt lat="38.4031880" lon="-76.8429430">
    <ele>27.6</ele>
   </trkpt>
   <trkpt lat="38.4032710" lon="-76.8428730">
    <ele>25.4</ele>
   </trkpt>
   <trkpt lat="38.4033260" lon="-76.8427990">
    <ele>24.4</ele>
   </trkpt>
   <trkpt lat="38.4033260" lon="-76.8427370">
    <ele>24.4</ele>
   </trkpt>
   <trkpt lat="38.4032860" lon="-76.8427000">
    <ele>24.4</ele>
   </trkpt>
   <trkpt lat="38.4031600" lon="-76.8427190">
    <ele>24.8</ele>
   </trkpt>
   <trkpt lat="38.4030820" lon="-76.8427560">
    <ele>25.0</ele>
   </trkpt>
   <trkpt lat="38.4029120" lon="-76.8428430">
    <ele>27.0</ele>
   </trkpt>
   <trkpt lat="38.4028580" lon="-76.8428630">
    <ele>29.2</ele>
   </trkpt>
   <trkpt lat="38.4028130" lon="-76.8428810">
    <ele>31.8</ele>
   </trkpt>
   <trkpt lat="38.4027620" lon="-76.8429050">
    <ele>33.6</ele>
   </trkpt>
   <trkpt lat="38.4027000" lon="-76.8429300">
    <ele>34.6</ele>
   </trkpt>
   <trkpt lat="38.4025770" lon="-76.8429810">
    <ele>35.8</ele>
   </trkpt>
   <trkpt lat="38.4025110" lon="-76.8430200">
    <ele>37.6</ele>
   </trkpt>
   <trkpt lat="38.4024530" lon="-76.8430830">
    <ele>38.0</ele>
   </trkpt>
   <trkpt lat="38.4024010" lon="-76.8431660">
    <ele>38.0</ele>
   </trkpt>
   <trkpt lat="38.4022650" lon="-76.8433410">
    <ele>37.8</ele>
   </trkpt>
   <trkpt lat="38.4021760" lon="-76.8434180">
    <ele>36.8</ele>
   </trkpt>
   <trkpt lat="38.4020740" lon="-76.8435040">
    <ele>35.6</ele>
   </trkpt>
   <trkpt lat="38.4019640" lon="-76.8435900">
    <ele>33.0</ele>
   </trkpt>
   <trkpt lat="38.4018620" lon="-76.8436670">
    <ele>30.0</ele>
   </trkpt>
   <trkpt lat="38.4017770" lon="-76.8437320">
    <ele>27.8</ele>
   </trkpt>
   <trkpt lat="38.4017090" lon="-76.8437920">
    <ele>27.8</ele>
   </trkpt>
   <trkpt lat="38.4016560" lon="-76.8438490">
    <ele>27.8</ele>
   </trkpt>
   <trkpt lat="38.4016080" lon="-76.8439150">
    <ele>27.8</ele>
   </trkpt>
   <trkpt lat="38.4014560" lon="-76.8441410">
    <ele>29.4</ele>
   </trkpt>
   <trkpt lat="38.4013450" lon="-76.8442550">
    <ele>30.6</ele>
   </trkpt>
   <trkpt lat="38.4012390" lon="-76.8443330">
    <ele>31.0</ele>
   </trkpt>
   <trkpt lat="38.4012010" lon="-76.8443520">
    <ele>31.0</ele>
   </trkpt>
   <trkpt lat="38.4010580" lon="-76.8444120">
    <ele>31.2</ele>
   </trkpt>
   <trkpt lat="38.4009270" lon="-76.8444160">
    <ele>31.4</ele>
   </trkpt>
   <trkpt lat="38.4007920" lon="-76.8443980">
    <ele>31.4</ele>
   </trkpt>
   <trkpt lat="38.4006530" lon="-76.8443270">
    <ele>31.4</ele>
   </trkpt>
   <trkpt lat="38.4005520" lon="-76.8441410">
    <ele>31.6</ele>
   </trkpt>
   <trkpt lat="38.4005260" lon="-76.8440340">
    <ele>32.6</ele>
   </trkpt>
   <trkpt lat="38.4005230" lon="-76.8439230">
    <ele>33.8</ele>
   </trkpt>
   <trkpt lat="38.4005370" lon="-76.8438090">
    <ele>35.2</ele>
   </trkpt>
   <trkpt lat="38.4005620" lon="-76.8437010">
    <ele>36.4</ele>
   </trkpt>
   <trkpt lat="38.4006670" lon="-76.8435430">
    <ele>38.0</ele>
   </trkpt>
   <trkpt lat="38.4008030" lon="-76.8433720">
    <ele>38.6</ele>
   </trkpt>
   <trkpt lat="38.4008580" lon="-76.8432590">
    <ele>38.8</ele>
   </trkpt>
   <trkpt lat="38.4009550" lon="-76.8430100">
    <ele>39.2</ele>
   </trkpt>
   <trkpt lat="38.4009950" lon="-76.8428770">
    <ele>39.6</ele>
   </trkpt>
   <trkpt lat="38.4010160" lon="-76.8427370">
    <ele>39.8</ele>
   </trkpt>
   <trkpt lat="38.4010090" lon="-76.8425960">
    <ele>40.0</ele>
   </trkpt>
   <trkpt lat="38.4009970" lon="-76.8424550">
    <ele>40.4</ele>
   </trkpt>
   <trkpt lat="38.4010110" lon="-76.8423120">
    <ele>40.4</ele>
   </trkpt>
   <trkpt lat="38.4011230" lon="-76.8420690">
    <ele>40.6</ele>
   </trkpt>
   <trkpt lat="38.4012040" lon="-76.8419780">
    <ele>40.6</ele>
   </trkpt>
   <trkpt lat="38.4012890" lon="-76.8419080">
    <ele>40.6</ele>
   </trkpt>
   <trkpt lat="38.4013660" lon="-76.8418570">
    <ele>41.2</ele>
   </trkpt>
   <trkpt lat="38.4014480" lon="-76.8418320">
    <ele>42.4</ele>
   </trkpt>
   <trkpt lat="38.4015390" lon="-76.8418360">
    <ele>42.4</ele>
   </trkpt>
   <trkpt lat="38.4017440" lon="-76.8418930">
    <ele>42.4</ele>
   </trkpt>
   <trkpt lat="38.4018300" lon="-76.8418770">
    <ele>41.8</ele>
   </trkpt>
   <trkpt lat="38.4018980" lon="-76.8418330">
    <ele>41.2</ele>
   </trkpt>
   <trkpt lat="38.4019700" lon="-76.8417630">
    <ele>40.6</ele>
   </trkpt>
   <trkpt lat="38.4020360" lon="-76.8416890">
    <ele>40.6</ele>
   </trkpt>
   <trkpt lat="38.4020960" lon="-76.8416320">
    <ele>41.0</ele>
   </trkpt>
   <trkpt lat="38.4021510" lon="-76.8416800">
    <ele>40.8</ele>
   </trkpt>
   <trkpt lat="38.4021490" lon="-76.8417470">
    <ele>40.8</ele>
   </trkpt>
   <trkpt lat="38.4021480" lon="-76.8418340">
    <ele>41.0</ele>
   </trkpt>
   <trkpt lat="38.4021680" lon="-76.8421110">
    <ele>41.6</ele>
   </trkpt>
   <trkpt lat="38.4021290" lon="-76.8423020">
    <ele>42.2</ele>
   </trkpt>
   <trkpt lat="38.4020780" lon="-76.8423830">
    <ele>42.4</ele>
   </trkpt>
   <trkpt lat="38.4020270" lon="-76.8424740">
    <ele>42.4</ele>
   </trkpt>
   <trkpt lat="38.4020240" lon="-76.8425470">
    <ele>42.6</ele>
   </trkpt>
   <trkpt lat="38.4021070" lon="-76.8425460">
    <ele>43.4</ele>
   </trkpt>
   <trkpt lat="38.4022130" lon="-76.8425290">
    <ele>43.6</ele>
   </trkpt>
   <trkpt lat="38.4022750" lon="-76.8425430">
    <ele>43.6</ele>
   </trkpt>
   <trkpt lat="38.4023930" lon="-76.8424990">
    <ele>43.4</ele>
   </trkpt>
   <trkpt lat="38.4025600" lon="-76.8423330">
    <ele>40.0</ele>
   </trkpt>
   <trkpt lat="38.4026660" lon="-76.8422410">
    <ele>36.2</ele>
   </trkpt>
   <trkpt lat="38.4027730" lon="-76.8421710">
    <ele>34.8</ele>
   </trkpt>
   <trkpt lat="38.4028850" lon="-76.8421100">
    <ele>34.8</ele>
   </trkpt>
   <trkpt lat="38.4030890" lon="-76.8420290">
    <ele>34.8</ele>
   </trkpt>
   <trkpt lat="38.4031900" lon="-76.8420130">
    <ele>38.0</ele>
   </trkpt>
   <trkpt lat="38.4032370" lon="-76.8420120">
    <ele>40.4</ele>
   </trkpt>
   <trkpt lat="38.4034700" lon="-76.8420500">
    <ele>40.4</ele>
   </trkpt>
   <trkpt lat="38.4035880" lon="-76.8420600">
    <ele>38.6</ele>
   </trkpt>
   <trkpt lat="38.4036840" lon="-76.8420480">
    <ele>33.6</ele>
   </trkpt>
   <trkpt lat="38.4037590" lon="-76.8420180">
    <ele>30.4</ele>
   </trkpt>
   <trkpt lat="38.4038140" lon="-76.8419640">
    <ele>29.4</ele>
   </trkpt>
   <trkpt lat="38.4037910" lon="-76.8418230">
    <ele>29.4</ele>
   </trkpt>
   <trkpt lat="38.4037540" lon="-76.8417540">
    <ele>29.6</ele>
   </trkpt>
   <trkpt lat="38.4036180" lon="-76.8416150">
    <ele>32.6</ele>
   </trkpt>
   <trkpt lat="38.4035800" lon="-76.8415880">
    <ele>34.6</ele>
   </trkpt>
   <trkpt lat="38.4035240" lon="-76.8415610">
    <ele>36.6</ele>
   </trkpt>
   <trkpt lat="38.4034690" lon="-76.8415290">
    <ele>37.2</ele>
   </trkpt>
   <trkpt lat="38.4034290" lon="-76.8414880">
    <ele>38.4</ele>
   </trkpt>
   <trkpt lat="38.4034250" lon="-76.8414370">
    <ele>38.8</ele>
   </trkpt>
   <trkpt lat="38.4034570" lon="-76.8413840">
    <ele>39.8</ele>
   </trkpt>
   <trkpt lat="38.4035110" lon="-76.8413520">
    <ele>40.6</ele>
   </trkpt>
   <trkpt lat="38.4035830" lon="-76.8413450">
    <ele>41.2</ele>
   </trkpt>
   <trkpt lat="38.4036620" lon="-76.8413470">
    <ele>41.2</ele>
   </trkpt>
   <trkpt lat="38.4037450" lon="-76.8413700">
    <ele>41.2</ele>
   </trkpt>
   <trkpt lat="38.4039600" lon="-76.8414510">
    <ele>39.6</ele>
   </trkpt>
   <trkpt lat="38.4040630" lon="-76.8414600">
    <ele>34.8</ele>
   </trkpt>
   <trkpt lat="38.4041530" lon="-76.8414340">
    <ele>32.0</ele>
   </trkpt>
   <trkpt lat="38.4042330" lon="-76.8413760">
    <ele>31.2</ele>
   </trkpt>
   <trkpt lat="38.4042890" lon="-76.8412790">
    <ele>31.2</ele>
   </trkpt>
   <trkpt lat="38.4043190" lon="-76.8411660">
    <ele>31.2</ele>
   </trkpt>
   <trkpt lat="38.4043330" lon="-76.8410490">
    <ele>31.6</ele>
   </trkpt>
   <trkpt lat="38.4043490" lon="-76.8408290">
    <ele>33.6</ele>
   </trkpt>
   <trkpt lat="38.4043590" lon="-76.8407380">
    <ele>34.4</ele>
   </trkpt>
   <trkpt lat="38.4043660" lon="-76.8406630">
    <ele>36.2</ele>
   </trkpt>
   <trkpt lat="38.4043730" lon="-76.8405920">
    <ele>39.0</ele>
   </trkpt>
   <trkpt lat="38.4043820" lon="-76.8405190">
    <ele>41.6</ele>
   </trkpt>
   <trkpt lat="38.4043850" lon="-76.8404450">
    <ele>42.4</ele>
   </trkpt>
   <trkpt lat="38.4043880" lon="-76.8403670">
    <ele>43.4</ele>
   </trkpt>
   <trkpt lat="38.4044040" lon="-76.8401450">
    <ele>43.4</ele>
   </trkpt>
   <trkpt lat="38.4043970" lon="-76.8400910">
    <ele>43.2</ele>
   </trkpt>
   <trkpt lat="38.4043970" lon="-76.8400320">
    <ele>43.0</ele>
   </trkpt>
   <trkpt lat="38.4044120" lon="-76.8399380">
    <ele>43.0</ele>
   </trkpt>
   <trkpt lat="38.4044410" lon="-76.8398100">
    <ele>43.8</ele>
   </trkpt>
   <trkpt lat="38.4044260" lon="-76.8395490">
    <ele>43.8</ele>
   </trkpt>
   <trkpt lat="38.4043010" lon="-76.8393930">
    <ele>43.4</ele>
   </trkpt>
   <trkpt lat="38.4042090" lon="-76.8392120">
    <ele>43.6</ele>
   </trkpt>
   <trkpt lat="38.4041560" lon="-76.8389620">
    <ele>43.2</ele>
   </trkpt>
   <trkpt lat="38.4040950" lon="-76.8389180">
    <ele>43.2</ele>
   </trkpt>
   <trkpt lat="38.4040950" lon="-76.8389180">
    <ele>43.8</ele>
   </trkpt>
   <trkpt lat="38.4040950" lon="-76.8389180">
    <ele>43.2</ele>
   </trkpt>
   <trkpt lat="38.4040950" lon="-76.8389180">
    <ele>43.2</ele>
   </trkpt>
   <trkpt lat="38.4040950" lon="-76.8389180">
    <ele>43.2</ele>
   </trkpt>
   <trkpt lat="38.4040950" lon="-76.8389180">
    <ele>43.2</ele>
   </trkpt>
   <trkpt lat="38.4040950" lon="-76.8389180">
    <ele>43.2</ele>
   </trkpt>
   <trkpt lat="38.4040950" lon="-76.8389180">
    <ele>43.2</ele>
   </trkpt>
   <trkpt lat="38.4040950" lon="-76.8389180">
    <ele>43.2</ele>
   </trkpt>
   <trkpt lat="38.4040950" lon="-76.8389180">
    <ele>43.2</ele>
   </trkpt>
   <trkpt lat="38.4040950" lon="-76.8389180">
    <ele>43.2</ele>
   </trkpt>
   <trkpt lat="38.4040950" lon="-76.8389180">
    <ele>43.2</ele>
   </trkpt>
   <trkpt lat="38.4040950" lon="-76.8389180">
    <ele>43.2</ele>
   </trkpt>
   <trkpt lat="38.4040950" lon="-76.8389180">
    <ele>43.2</ele>
   </trkpt>
   <trkpt lat="38.4041130" lon="-76.8389240">
    <ele>43.2</ele>
   </trkpt>
   <trkpt lat="38.4041520" lon="-76.8389440">
    <ele>43.0</ele>
   </trkpt>
   <trkpt lat="38.4041590" lon="-76.8389530">
    <ele>43.0</ele>
   </trkpt>
   <trkpt lat="38.4041680" lon="-76.8389760">
    <ele>43.0</ele>
   </trkpt>
   <trkpt lat="38.4041690" lon="-76.8389810">
    <ele>43.0</ele>
   </trkpt>
   <trkpt lat="38.4041690" lon="-76.8389810">
    <ele>42.8</ele>
   </trkpt>
   <trkpt lat="38.4041740" lon="-76.8390750">
    <ele>42.8</ele>
   </trkpt>
   <trkpt lat="38.4042340" lon="-76.8392690">
    <ele>42.8</ele>
   </trkpt>
   <trkpt lat="38.4043900" lon="-76.8394860">
    <ele>42.6</ele>
   </trkpt>
   <trkpt lat="38.4044340" lon="-76.8395630">
    <ele>42.8</ele>
   </trkpt>
   <trkpt lat="38.4044920" lon="-76.8397080">
    <ele>42.8</ele>
   </trkpt>
   <trkpt lat="38.4045000" lon="-76.8397280">
    <ele>42.8</ele>
   </trkpt>
   <trkpt lat="38.4045000" lon="-76.8397280">
    <ele>42.8</ele>
   </trkpt>
   <trkpt lat="38.4045000" lon="-76.8397280">
    <ele>42.8</ele>
   </trkpt>
   <trkpt lat="38.4045200" lon="-76.8397480">
    <ele>42.8</ele>
   </trkpt>
   <trkpt lat="38.4045400" lon="-76.8397630">
    <ele>42.8</ele>
   </trkpt>
   <trkpt lat="38.4047210" lon="-76.8398550">
    <ele>42.2</ele>
   </trkpt>
   <trkpt lat="38.4047400" lon="-76.8398630">
    <ele>42.2</ele>
   </trkpt>
   <trkpt lat="38.4047630" lon="-76.8398760">
    <ele>41.8</ele>
   </trkpt>
   <trkpt lat="38.4048090" lon="-76.8399510">
    <ele>41.8</ele>
   </trkpt>
   <trkpt lat="38.4048280" lon="-76.8400580">
    <ele>41.2</ele>
   </trkpt>
   <trkpt lat="38.4048990" lon="-76.8402270">
    <ele>40.8</ele>
   </trkpt>
   <trkpt lat="38.4049440" lon="-76.8403340">
    <ele>40.6</ele>
   </trkpt>
   <trkpt lat="38.4049720" lon="-76.8404530">
    <ele>39.6</ele>
   </trkpt>
   <trkpt lat="38.4049840" lon="-76.8405820">
    <ele>38.6</ele>
   </trkpt>
   <trkpt lat="38.4049650" lon="-76.8410190">
    <ele>37.6</ele>
   </trkpt>
   <trkpt lat="38.4049410" lon="-76.8411770">
    <ele>37.6</ele>
   </trkpt>
   <trkpt lat="38.4048330" lon="-76.8416160">
    <ele>36.2</ele>
   </trkpt>
   <trkpt lat="38.4047850" lon="-76.8417310">
    <ele>34.6</ele>
   </trkpt>
   <trkpt lat="38.4046550" lon="-76.8419140">
    <ele>33.8</ele>
   </trkpt>
   <trkpt lat="38.4045820" lon="-76.8419700">
    <ele>33.2</ele>
   </trkpt>
   <trkpt lat="38.4045170" lon="-76.8420000">
    <ele>33.0</ele>
   </trkpt>
   <trkpt lat="38.4044670" lon="-76.8420140">
    <ele>32.6</ele>
   </trkpt>
   <trkpt lat="38.4044220" lon="-76.8420400">
    <ele>32.0</ele>
   </trkpt>
   <trkpt lat="38.4043210" lon="-76.8421760">
    <ele>30.8</ele>
   </trkpt>
   <trkpt lat="38.4042900" lon="-76.8422700">
    <ele>28.4</ele>
   </trkpt>
   <trkpt lat="38.4042890" lon="-76.8423660">
    <ele>27.8</ele>
   </trkpt>
   <trkpt lat="38.4042890" lon="-76.8425180">
    <ele>27.6</ele>
   </trkpt>
   <trkpt lat="38.4042580" lon="-76.8425750">
    <ele>27.4</ele>
   </trkpt>
   <trkpt lat="38.4042040" lon="-76.8426160">
    <ele>27.4</ele>
   </trkpt>
   <trkpt lat="38.4040380" lon="-76.8426690">
    <ele>27.2</ele>
   </trkpt>
   <trkpt lat="38.4039430" lon="-76.8426780">
    <ele>26.0</ele>
   </trkpt>
   <trkpt lat="38.4038450" lon="-76.8426770">
    <ele>24.8</ele>
   </trkpt>
   <trkpt lat="38.4037490" lon="-76.8426850">
    <ele>24.4</ele>
   </trkpt>
   <trkpt lat="38.4036120" lon="-76.8427790">
    <ele>23.4</ele>
   </trkpt>
   <trkpt lat="38.4035070" lon="-76.8430710">
    <ele>22.6</ele>
   </trkpt>
   <trkpt lat="38.4034790" lon="-76.8431500">
    <ele>22.6</ele>
   </trkpt>
   <trkpt lat="38.4034190" lon="-76.8432700">
    <ele>24.8</ele>
   </trkpt>
   <trkpt lat="38.4033810" lon="-76.8433360">
    <ele>24.8</ele>
   </trkpt>
   <trkpt lat="38.4032290" lon="-76.8435300">
    <ele>24.8</ele>
   </trkpt>
   <trkpt lat="38.4030260" lon="-76.8437350">
    <ele>24.8</ele>
   </trkpt>
   <trkpt lat="38.4029740" lon="-76.8437630">
    <ele>26.4</ele>
   </trkpt>
   <trkpt lat="38.4029170" lon="-76.8437900">
    <ele>28.2</ele>
   </trkpt>
   <trkpt lat="38.4028580" lon="-76.8438090">
    <ele>28.8</ele>
   </trkpt>
   <trkpt lat="38.4027970" lon="-76.8438140">
    <ele>30.0</ele>
   </trkpt>
   <trkpt lat="38.4027310" lon="-76.8438010">
    <ele>31.2</ele>
   </trkpt>
   <trkpt lat="38.4026200" lon="-76.8437220">
    <ele>32.4</ele>
   </trkpt>
   <trkpt lat="38.4025960" lon="-76.8436600">
    <ele>34.0</ele>
   </trkpt>
   <trkpt lat="38.4025830" lon="-76.8435850">
    <ele>34.4</ele>
   </trkpt>
   <trkpt lat="38.4025710" lon="-76.8435010">
    <ele>35.0</ele>
   </trkpt>
   <trkpt lat="38.4025690" lon="-76.8434200">
    <ele>35.8</ele>
   </trkpt>
   <trkpt lat="38.4025800" lon="-76.8433500">
    <ele>36.6</ele>
   </trkpt>
   <trkpt lat="38.4026120" lon="-76.8432750">
    <ele>36.6</ele>
   </trkpt>
   <trkpt lat="38.4026680" lon="-76.8432020">
    <ele>36.6</ele>
   </trkpt>
   <trkpt lat="38.4027330" lon="-76.8431500">
    <ele>36.6</ele>
   </trkpt>
   <trkpt lat="38.4028600" lon="-76.8430930">
    <ele>35.6</ele>
   </trkpt>
   <trkpt lat="38.4029890" lon="-76.8430580">
    <ele>32.2</ele>
   </trkpt>
   <trkpt lat="38.4031130" lon="-76.8430210">
    <ele>28.4</ele>
   </trkpt>
   <trkpt lat="38.4032170" lon="-76.8429760">
    <ele>25.8</ele>
   </trkpt>
   <trkpt lat="38.4033060" lon="-76.8429230">
    <ele>24.0</ele>
   </trkpt>
   <trkpt lat="38.4033450" lon="-76.8428500">
    <ele>23.6</ele>
   </trkpt>
   <trkpt lat="38.4033420" lon="-76.8427770">
    <ele>23.6</ele>
   </trkpt>
   <trkpt lat="38.4033090" lon="-76.8427210">
    <ele>23.6</ele>
   </trkpt>
   <trkpt lat="38.4032500" lon="-76.8427040">
    <ele>23.6</ele>
   </trkpt>
   <trkpt lat="38.4030410" lon="-76.8428070">
    <ele>24.2</ele>
   </trkpt>
   <trkpt lat="38.4029290" lon="-76.8428510">
    <ele>25.2</ele>
   </trkpt>
   <trkpt lat="38.4028950" lon="-76.8428650">
    <ele>26.8</ele>
   </trkpt>
   <trkpt lat="38.4028680" lon="-76.8428820">
    <ele>29.0</ele>
   </trkpt>
   <trkpt lat="38.4028350" lon="-76.8429010">
    <ele>30.8</ele>
   </trkpt>
   <trkpt lat="38.4027910" lon="-76.8429270">
    <ele>32.4</ele>
   </trkpt>
   <trkpt lat="38.4026910" lon="-76.8429780">
    <ele>34.0</ele>
   </trkpt>
   <trkpt lat="38.4025660" lon="-76.8430330">
    <ele>36.4</ele>
   </trkpt>
   <trkpt lat="38.4024380" lon="-76.8431000">
    <ele>37.2</ele>
   </trkpt>
   <trkpt lat="38.4023890" lon="-76.8431590">
    <ele>37.2</ele>
   </trkpt>
   <trkpt lat="38.4022810" lon="-76.8432950">
    <ele>37.0</ele>
   </trkpt>
   <trkpt lat="38.4021330" lon="-76.8434190">
    <ele>35.0</ele>
   </trkpt>
   <trkpt lat="38.4020360" lon="-76.8435000">
    <ele>34.0</ele>
   </trkpt>
   <trkpt lat="38.4019400" lon="-76.8435860">
    <ele>31.2</ele>
   </trkpt>
   <trkpt lat="38.4018560" lon="-76.8436490">
    <ele>28.0</ele>
   </trkpt>
   <trkpt lat="38.4017870" lon="-76.8436910">
    <ele>27.0</ele>
   </trkpt>
   <trkpt lat="38.4017330" lon="-76.8437330">
    <ele>27.0</ele>
   </trkpt>
   <trkpt lat="38.4016870" lon="-76.8437880">
    <ele>27.0</ele>
   </trkpt>
   <trkpt lat="38.4015970" lon="-76.8439440">
    <ele>27.2</ele>
   </trkpt>
   <trkpt lat="38.4015060" lon="-76.8440990">
    <ele>28.4</ele>
   </trkpt>
   <trkpt lat="38.4014700" lon="-76.8441450">
    <ele>28.8</ele>
   </trkpt>
   <trkpt lat="38.4014280" lon="-76.8441870">
    <ele>29.6</ele>
   </trkpt>
   <trkpt lat="38.4012730" lon="-76.8443110">
    <ele>29.8</ele>
   </trkpt>
   <trkpt lat="38.4012370" lon="-76.8443370">
    <ele>29.8</ele>
   </trkpt>
   <trkpt lat="38.4012020" lon="-76.8443580">
    <ele>30.0</ele>
   </trkpt>
   <trkpt lat="38.4010190" lon="-76.8444090">
    <ele>30.2</ele>
   </trkpt>
   <trkpt lat="38.4008280" lon="-76.8443840">
    <ele>30.2</ele>
   </trkpt>
   <trkpt lat="38.4006920" lon="-76.8442980">
    <ele>30.4</ele>
   </trkpt>
   <trkpt lat="38.4006410" lon="-76.8442120">
    <ele>30.4</ele>
   </trkpt>
   <trkpt lat="38.4006050" lon="-76.8441050">
    <ele>30.6</ele>
   </trkpt>
   <trkpt lat="38.4005860" lon="-76.8439870">
    <ele>31.6</ele>
   </trkpt>
   <trkpt lat="38.4005880" lon="-76.8438700">
    <ele>33.0</ele>
   </trkpt>
   <trkpt lat="38.4006290" lon="-76.8436370">
    <ele>35.0</ele>
   </trkpt>
   <trkpt lat="38.4006750" lon="-76.8435390">
    <ele>36.0</ele>
   </trkpt>
   <trkpt lat="38.4007430" lon="-76.8434500">
    <ele>36.8</ele>
   </trkpt>
   <trkpt lat="38.4008740" lon="-76.8432360">
    <ele>37.6</ele>
   </trkpt>
   <trkpt lat="38.4009170" lon="-76.8431110">
    <ele>37.8</ele>
   </trkpt>
   <trkpt lat="38.4009970" lon="-76.8428410">
    <ele>38.4</ele>
   </trkpt>
   <trkpt lat="38.4010140" lon="-76.8426990">
    <ele>38.6</ele>
   </trkpt>
   <trkpt lat="38.4010110" lon="-76.8425580">
    <ele>39.0</ele>
   </trkpt>
   <trkpt lat="38.4010290" lon="-76.8422790">
    <ele>39.2</ele>
   </trkpt>
   <trkpt lat="38.4011280" lon="-76.8420330">
    <ele>39.4</ele>
   </trkpt>
   <trkpt lat="38.4012090" lon="-76.8419390">
    <ele>39.4</ele>
   </trkpt>
   <trkpt lat="38.4013710" lon="-76.8418240">
    <ele>40.6</ele>
   </trkpt>
   <trkpt lat="38.4014460" lon="-76.8418040">
    <ele>41.2</ele>
   </trkpt>
   <trkpt lat="38.4015320" lon="-76.8418190">
    <ele>41.2</ele>
   </trkpt>
   <trkpt lat="38.4017110" lon="-76.8418770">
    <ele>41.2</ele>
   </trkpt>
   <trkpt lat="38.4018390" lon="-76.8418650">
    <ele>39.4</ele>
   </trkpt>
   <trkpt lat="38.4019520" lon="-76.8417570">
    <ele>39.2</ele>
   </trkpt>
   <trkpt lat="38.4020080" lon="-76.8416890">
    <ele>39.4</ele>
   </trkpt>
   <trkpt lat="38.4020490" lon="-76.8416450">
    <ele>39.6</ele>
   </trkpt>
   <trkpt lat="38.4021020" lon="-76.8416780">
    <ele>39.6</ele>
   </trkpt>
   <trkpt lat="38.4020990" lon="-76.8418190">
    <ele>39.6</ele>
   </trkpt>
   <trkpt lat="38.4021100" lon="-76.8419030">
    <ele>39.8</ele>
   </trkpt>
   <trkpt lat="38.4021260" lon="-76.8419770">
    <ele>39.8</ele>
   </trkpt>
   <trkpt lat="38.4021450" lon="-76.8421480">
    <ele>40.6</ele>
   </trkpt>
   <trkpt lat="38.4021350" lon="-76.8422510">
    <ele>40.8</ele>
   </trkpt>
   <trkpt lat="38.4021040" lon="-76.8423320">
    <ele>40.8</ele>
   </trkpt>
   <trkpt lat="38.4020740" lon="-76.8423760">
    <ele>41.0</ele>
   </trkpt>
   <trkpt lat="38.4020570" lon="-76.8424000">
    <ele>41.2</ele>
   </trkpt>
   <trkpt lat="38.4020020" lon="-76.8424920">
    <ele>41.0</ele>
   </trkpt>
   <trkpt lat="38.4020290" lon="-76.8425510">
    <ele>41.2</ele>
   </trkpt>
   <trkpt lat="38.4020570" lon="-76.8425580">
    <ele>41.8</ele>
   </trkpt>
   <trkpt lat="38.4021620" lon="-76.8424900">
    <ele>42.2</ele>
   </trkpt>
   <trkpt lat="38.4022680" lon="-76.8425150">
    <ele>42.0</ele>
   </trkpt>
   <trkpt lat="38.4023320" lon="-76.8425090">
    <ele>41.8</ele>
   </trkpt>
   <trkpt lat="38.4023960" lon="-76.8424800">
    <ele>41.6</ele>
   </trkpt>
   <trkpt lat="38.4025420" lon="-76.8423800">
    <ele>39.8</ele>
   </trkpt>
   <trkpt lat="38.4026520" lon="-76.8422960">
    <ele>35.8</ele>
   </trkpt>
   <trkpt lat="38.4027470" lon="-76.8422200">
    <ele>33.2</ele>
   </trkpt>
   <trkpt lat="38.4028430" lon="-76.8421520">
    <ele>32.8</ele>
   </trkpt>
   <trkpt lat="38.4029370" lon="-76.8420990">
    <ele>32.8</ele>
   </trkpt>
   <trkpt lat="38.4031070" lon="-76.8420400">
    <ele>33.0</ele>
   </trkpt>
   <trkpt lat="38.4031630" lon="-76.8420360">
    <ele>34.2</ele>
   </trkpt>
   <trkpt lat="38.4032090" lon="-76.8420340">
    <ele>36.8</ele>
   </trkpt>
   <trkpt lat="38.4032480" lon="-76.8420320">
    <ele>37.8</ele>
   </trkpt>
   <trkpt lat="38.4033810" lon="-76.8420560">
    <ele>38.0</ele>
   </trkpt>
   <trkpt lat="38.4035890" lon="-76.8421030">
    <ele>33.6</ele>
   </trkpt>
   <trkpt lat="38.4036930" lon="-76.8420860">
    <ele>30.2</ele>
   </trkpt>
   <trkpt lat="38.4037770" lon="-76.8420330">
    <ele>27.4</ele>
   </trkpt>
   <trkpt lat="38.4038140" lon="-76.8419580">
    <ele>27.4</ele>
   </trkpt>
   <trkpt lat="38.4038000" lon="-76.8418610">
    <ele>27.4</ele>
   </trkpt>
   <trkpt lat="38.4037640" lon="-76.8417750">
    <ele>27.4</ele>
   </trkpt>
   <trkpt lat="38.4036660" lon="-76.8416140">
    <ele>29.2</ele>
   </trkpt>
   <trkpt lat="38.4035700" lon="-76.8415360">
    <ele>31.8</ele>
   </trkpt>
   <trkpt lat="38.4035200" lon="-76.8415130">
    <ele>34.4</ele>
   </trkpt>
   <trkpt lat="38.4034650" lon="-76.8414900">
    <ele>35.2</ele>
   </trkpt>
   <trkpt lat="38.4034260" lon="-76.8414590">
    <ele>36.2</ele>
   </trkpt>
   <trkpt lat="38.4034090" lon="-76.8414210">
    <ele>36.8</ele>
   </trkpt>
   <trkpt lat="38.4034130" lon="-76.8413800">
    <ele>37.6</ele>
   </trkpt>
   <trkpt lat="38.4034400" lon="-76.8413430">
    <ele>38.6</ele>
   </trkpt>
   <trkpt lat="38.4034800" lon="-76.8413190">
    <ele>38.8</ele>
   </trkpt>
   <trkpt lat="38.4036010" lon="-76.8412920">
    <ele>39.6</ele>
   </trkpt>
   <trkpt lat="38.4036670" lon="-76.8413050">
    <ele>39.6</ele>
   </trkpt>
   <trkpt lat="38.4037420" lon="-76.8413490">
    <ele>39.6</ele>
   </trkpt>
   <trkpt lat="38.4039270" lon="-76.8414680">
    <ele>36.6</ele>
   </trkpt>
   <trkpt lat="38.4040180" lon="-76.8414740">
    <ele>32.4</ele>
   </trkpt>
   <trkpt lat="38.4041040" lon="-76.8414520">
    <ele>29.6</ele>
   </trkpt>
   <trkpt lat="38.4042420" lon="-76.8413260">
    <ele>29.2</ele>
   </trkpt>
   <trkpt lat="38.4042970" lon="-76.8410520">
    <ele>30.2</ele>
   </trkpt>
   <trkpt lat="38.4042980" lon="-76.8409520">
    <ele>30.6</ele>
   </trkpt>
   <trkpt lat="38.4043200" lon="-76.8407520">
    <ele>32.2</ele>
   </trkpt>
   <trkpt lat="38.4043270" lon="-76.8406710">
    <ele>33.6</ele>
   </trkpt>
   <trkpt lat="38.4043280" lon="-76.8406190">
    <ele>35.4</ele>
   </trkpt>
   <trkpt lat="38.4043390" lon="-76.8405400">
    <ele>38.2</ele>
   </trkpt>
   <trkpt lat="38.4043520" lon="-76.8404690">
    <ele>40.4</ele>
   </trkpt>
   <trkpt lat="38.4043790" lon="-76.8403110">
    <ele>41.8</ele>
   </trkpt>
   <trkpt lat="38.4044050" lon="-76.8402040">
    <ele>41.8</ele>
   </trkpt>
   <trkpt lat="38.4045050" lon="-76.8399990">
    <ele>42.2</ele>
   </trkpt>
   <trkpt lat="38.4046530" lon="-76.8399790">
    <ele>41.8</ele>
   </trkpt>
   <trkpt lat="38.4048190" lon="-76.8400730">
    <ele>41.4</ele>
   </trkpt>
   <trkpt lat="38.4048850" lon="-76.8401450">
    <ele>41.2</ele>
   </trkpt>
   <trkpt lat="38.4049370" lon="-76.8402380">
    <ele>40.6</ele>
   </trkpt>
   <trkpt lat="38.4049710" lon="-76.8403510">
    <ele>39.4</ele>
   </trkpt>
   <trkpt lat="38.4049850" lon="-76.8404840">
    <ele>39.0</ele>
   </trkpt>
   <trkpt lat="38.4049850" lon="-76.8406350">
    <ele>37.6</ele>
   </trkpt>
   <trkpt lat="38.4049740" lon="-76.8407930">
    <ele>37.2</ele>
   </trkpt>
   <trkpt lat="38.4049510" lon="-76.8410660">
    <ele>37.2</ele>
   </trkpt>
   <trkpt lat="38.4049430" lon="-76.8411700">
    <ele>37.2</ele>
   </trkpt>
   <trkpt lat="38.4049190" lon="-76.8412900">
    <ele>36.6</ele>
   </trkpt>
   <trkpt lat="38.4048600" lon="-76.8415420">
    <ele>36.6</ele>
   </trkpt>
   <trkpt lat="38.4047920" lon="-76.8417040">
    <ele>35.2</ele>
   </trkpt>
   <trkpt lat="38.4047360" lon="-76.8417930">
    <ele>34.0</ele>
   </trkpt>
   <trkpt lat="38.4045900" lon="-76.8419220">
    <ele>33.0</ele>
   </trkpt>
   <trkpt lat="38.4044540" lon="-76.8419600">
    <ele>32.4</ele>
   </trkpt>
   <trkpt lat="38.4044000" lon="-76.8419850">
    <ele>31.8</ele>
   </trkpt>
   <trkpt lat="38.4043480" lon="-76.8420430">
    <ele>31.4</ele>
   </trkpt>
   <trkpt lat="38.4042800" lon="-76.8421700">
    <ele>30.6</ele>
   </trkpt>
   <trkpt lat="38.4042640" lon="-76.8422910">
    <ele>28.2</ele>
   </trkpt>
   <trkpt lat="38.4042600" lon="-76.8424130">
    <ele>28.0</ele>
   </trkpt>
   <trkpt lat="38.4041980" lon="-76.8425980">
    <ele>27.2</ele>
   </trkpt>
   <trkpt lat="38.4041190" lon="-76.8426500">
    <ele>26.8</ele>
   </trkpt>
   <trkpt lat="38.4040420" lon="-76.8426770">
    <ele>26.8</ele>
   </trkpt>
   <trkpt lat="38.4039270" lon="-76.8426930">
    <ele>25.8</ele>
   </trkpt>
   <trkpt lat="38.4038470" lon="-76.8426870">
    <ele>24.4</ele>
   </trkpt>
   <trkpt lat="38.4037290" lon="-76.8426980">
    <ele>24.2</ele>
   </trkpt>
   <trkpt lat="38.4036390" lon="-76.8427450">
    <ele>24.0</ele>
   </trkpt>
   <trkpt lat="38.4035740" lon="-76.8428350">
    <ele>23.4</ele>
   </trkpt>
   <trkpt lat="38.4035310" lon="-76.8429520">
    <ele>23.2</ele>
   </trkpt>
   <trkpt lat="38.4034450" lon="-76.8432140">
    <ele>23.8</ele>
   </trkpt>
   <trkpt lat="38.4034090" lon="-76.8432920">
    <ele>25.0</ele>
   </trkpt>
   <trkpt lat="38.4032300" lon="-76.8435460">
    <ele>25.0</ele>
   </trkpt>
   <trkpt lat="38.4031400" lon="-76.8436490">
    <ele>25.0</ele>
   </trkpt>
   <trkpt lat="38.4030110" lon="-76.8437420">
    <ele>25.0</ele>
   </trkpt>
   <trkpt lat="38.4029720" lon="-76.8437570">
    <ele>27.0</ele>
   </trkpt>
   <trkpt lat="38.4029140" lon="-76.8437810">
    <ele>28.6</ele>
   </trkpt>
   <trkpt lat="38.4028680" lon="-76.8437970">
    <ele>29.4</ele>
   </trkpt>
   <trkpt lat="38.4028240" lon="-76.8438150">
    <ele>29.6</ele>
   </trkpt>
   <trkpt lat="38.4027650" lon="-76.8438250">
    <ele>31.2</ele>
   </trkpt>
   <trkpt lat="38.4026570" lon="-76.8437800">
    <ele>31.8</ele>
   </trkpt>
   <trkpt lat="38.4026210" lon="-76.8437350">
    <ele>32.8</ele>
   </trkpt>
   <trkpt lat="38.4026020" lon="-76.8436690">
    <ele>34.2</ele>
   </trkpt>
   <trkpt lat="38.4025880" lon="-76.8435880">
    <ele>34.6</ele>
   </trkpt>
   <trkpt lat="38.4025670" lon="-76.8434310">
    <ele>35.8</ele>
   </trkpt>
   <trkpt lat="38.4025800" lon="-76.8433460">
    <ele>36.8</ele>
   </trkpt>
   <trkpt lat="38.4026570" lon="-76.8432100">
    <ele>36.8</ele>
   </trkpt>
   <trkpt lat="38.4027220" lon="-76.8431420">
    <ele>36.8</ele>
   </trkpt>
   <trkpt lat="38.4028150" lon="-76.8430850">
    <ele>36.4</ele>
   </trkpt>
   <trkpt lat="38.4029270" lon="-76.8430440">
    <ele>33.8</ele>
   </trkpt>
   <trkpt lat="38.4030320" lon="-76.8430120">
    <ele>30.2</ele>
   </trkpt>
   <trkpt lat="38.4031300" lon="-76.8429810">
    <ele>27.4</ele>
   </trkpt>
   <trkpt lat="38.4032210" lon="-76.8429410">
    <ele>25.4</ele>
   </trkpt>
   <trkpt lat="38.4032960" lon="-76.8428870">
    <ele>24.2</ele>
   </trkpt>
   <trkpt lat="38.4033520" lon="-76.8427710">
    <ele>23.6</ele>
   </trkpt>
   <trkpt lat="38.4032840" lon="-76.8426840">
    <ele>23.6</ele>
   </trkpt>
   <trkpt lat="38.4031630" lon="-76.8427450">
    <ele>24.2</ele>
   </trkpt>
   <trkpt lat="38.4030920" lon="-76.8427940">
    <ele>24.4</ele>
   </trkpt>
   <trkpt lat="38.4029620" lon="-76.8428770">
    <ele>25.4</ele>
   </trkpt>
   <trkpt lat="38.4029220" lon="-76.8428930">
    <ele>27.0</ele>
   </trkpt>
   <trkpt lat="38.4028890" lon="-76.8429010">
    <ele>29.4</ele>
   </trkpt>
   <trkpt lat="38.4028460" lon="-76.8429180">
    <ele>31.8</ele>
   </trkpt>
   <trkpt lat="38.4027880" lon="-76.8429460">
    <ele>33.2</ele>
   </trkpt>
   <trkpt lat="38.4026620" lon="-76.8429950">
    <ele>34.4</ele>
   </trkpt>
   <trkpt lat="38.4025260" lon="-76.8430460">
    <ele>37.0</ele>
   </trkpt>
   <trkpt lat="38.4024660" lon="-76.8430850">
    <ele>37.2</ele>
   </trkpt>
   <trkpt lat="38.4024200" lon="-76.8431470">
    <ele>37.4</ele>
   </trkpt>
   <trkpt lat="38.4023760" lon="-76.8432190">
    <ele>37.4</ele>
   </trkpt>
   <trkpt lat="38.4021880" lon="-76.8434280">
    <ele>36.0</ele>
   </trkpt>
   <trkpt lat="38.4021020" lon="-76.8435020">
    <ele>34.8</ele>
   </trkpt>
   <trkpt lat="38.4020090" lon="-76.8435810">
    <ele>32.2</ele>
   </trkpt>
   <trkpt lat="38.4019180" lon="-76.8436490">
    <ele>30.0</ele>
   </trkpt>
   <trkpt lat="38.4018340" lon="-76.8436980">
    <ele>27.8</ele>
   </trkpt>
   <trkpt lat="38.4017200" lon="-76.8437790">
    <ele>27.2</ele>
   </trkpt>
   <trkpt lat="38.4016320" lon="-76.8438940">
    <ele>27.4</ele>
   </trkpt>
   <trkpt lat="38.4015490" lon="-76.8440430">
    <ele>28.0</ele>
   </trkpt>
   <trkpt lat="38.4014900" lon="-76.8441400">
    <ele>29.0</ele>
   </trkpt>
   <trkpt lat="38.4014630" lon="-76.8441710">
    <ele>29.4</ele>
   </trkpt>
   <trkpt lat="38.4014270" lon="-76.8442030">
    <ele>30.0</ele>
   </trkpt>
   <trkpt lat="38.4012480" lon="-76.8443220">
    <ele>30.2</ele>
   </trkpt>
   <trkpt lat="38.4012120" lon="-76.8443400">
    <ele>30.2</ele>
   </trkpt>
   <trkpt lat="38.4010540" lon="-76.8443940">
    <ele>30.4</ele>
   </trkpt>
   <trkpt lat="38.4010000" lon="-76.8444000">
    <ele>30.6</ele>
   </trkpt>
   <trkpt lat="38.4008890" lon="-76.8444040">
    <ele>30.6</ele>
   </trkpt>
   <trkpt lat="38.4007540" lon="-76.8443450">
    <ele>30.6</ele>
   </trkpt>
   <trkpt lat="38.4006440" lon="-76.8441910">
    <ele>30.8</ele>
   </trkpt>
   <trkpt lat="38.4006080" lon="-76.8440820">
    <ele>31.0</ele>
   </trkpt>
   <trkpt lat="38.4005900" lon="-76.8439670">
    <ele>32.4</ele>
   </trkpt>
   <trkpt lat="38.4005860" lon="-76.8438480">
    <ele>33.6</ele>
   </trkpt>
   <trkpt lat="38.4005980" lon="-76.8437260">
    <ele>34.8</ele>
   </trkpt>
   <trkpt lat="38.4006390" lon="-76.8436200">
    <ele>36.2</ele>
   </trkpt>
   <trkpt lat="38.4007000" lon="-76.8435290">
    <ele>37.0</ele>
   </trkpt>
   <trkpt lat="38.4007710" lon="-76.8434300">
    <ele>37.6</ele>
   </trkpt>
   <trkpt lat="38.4008340" lon="-76.8433150">
    <ele>38.0</ele>
   </trkpt>
   <trkpt lat="38.4008950" lon="-76.8431890">
    <ele>38.0</ele>
   </trkpt>
   <trkpt lat="38.4009910" lon="-76.8429180">
    <ele>38.8</ele>
   </trkpt>
   <trkpt lat="38.4010140" lon="-76.8427800">
    <ele>39.2</ele>
   </trkpt>
   <trkpt lat="38.4010150" lon="-76.8426420">
    <ele>39.4</ele>
   </trkpt>
   <trkpt lat="38.4010160" lon="-76.8423600">
    <ele>39.6</ele>
   </trkpt>
   <trkpt lat="38.4011010" lon="-76.8421010">
    <ele>39.8</ele>
   </trkpt>
   <trkpt lat="38.4012520" lon="-76.8419080">
    <ele>40.0</ele>
   </trkpt>
   <trkpt lat="38.4013320" lon="-76.8418450">
    <ele>40.2</ele>
   </trkpt>
   <trkpt lat="38.4014090" lon="-76.8418010">
    <ele>41.2</ele>
   </trkpt>
   <trkpt lat="38.4015670" lon="-76.8417990">
    <ele>41.4</ele>
   </trkpt>
   <trkpt lat="38.4017560" lon="-76.8418480">
    <ele>41.2</ele>
   </trkpt>
   <trkpt lat="38.4018320" lon="-76.8418310">
    <ele>40.2</ele>
   </trkpt>
   <trkpt lat="38.4018840" lon="-76.8417900">
    <ele>40.0</ele>
   </trkpt>
   <trkpt lat="38.4019090" lon="-76.8417580">
    <ele>39.8</ele>
   </trkpt>
   <trkpt lat="38.4019740" lon="-76.8416740">
    <ele>39.8</ele>
   </trkpt>
   <trkpt lat="38.4020600" lon="-76.8416060">
    <ele>40.0</ele>
   </trkpt>
   <trkpt lat="38.4020980" lon="-76.8416180">
    <ele>40.0</ele>
   </trkpt>
   <trkpt lat="38.4021150" lon="-76.8416650">
    <ele>40.0</ele>
   </trkpt>
   <trkpt lat="38.4021180" lon="-76.8417360">
    <ele>40.0</ele>
   </trkpt>
   <trkpt lat="38.4021390" lon="-76.8419950">
    <ele>40.2</ele>
   </trkpt>
   <trkpt lat="38.4021500" lon="-76.8421730">
    <ele>41.2</ele>
   </trkpt>
   <trkpt lat="38.4021150" lon="-76.8422580">
    <ele>41.2</ele>
   </trkpt>
   <trkpt lat="38.4020640" lon="-76.8423290">
    <ele>41.4</ele>
   </trkpt>
   <trkpt lat="38.4020160" lon="-76.8424510">
    <ele>41.8</ele>
   </trkpt>
   <trkpt lat="38.4020570" lon="-76.8425270">
    <ele>42.0</ele>
   </trkpt>
   <trkpt lat="38.4020880" lon="-76.8425220">
    <ele>42.8</ele>
   </trkpt>
   <trkpt lat="38.4021620" lon="-76.8424640">
    <ele>42.8</ele>
   </trkpt>
   <trkpt lat="38.4021970" lon="-76.8424580">
    <ele>42.8</ele>
   </trkpt>
   <trkpt lat="38.4022410" lon="-76.8424780">
    <ele>42.8</ele>
   </trkpt>
   <trkpt lat="38.4022850" lon="-76.8424970">
    <ele>42.8</ele>
   </trkpt>
   <trkpt lat="38.4023770" lon="-76.8424810">
    <ele>42.6</ele>
   </trkpt>
   <trkpt lat="38.4024650" lon="-76.8423950">
    <ele>42.2</ele>
   </trkpt>
   <trkpt lat="38.4025320" lon="-76.8423280">
    <ele>40.8</ele>
   </trkpt>
   <trkpt lat="38.4026040" lon="-76.8422610">
    <ele>37.0</ele>
   </trkpt>
   <trkpt lat="38.4026650" lon="-76.8422070">
    <ele>34.2</ele>
   </trkpt>
   <trkpt lat="38.4027780" lon="-76.8421310">
    <ele>33.8</ele>
   </trkpt>
   <trkpt lat="38.4030730" lon="-76.8420000">
    <ele>33.6</ele>
   </trkpt>
   <trkpt lat="38.4031400" lon="-76.8419920">
    <ele>33.6</ele>
   </trkpt>
   <trkpt lat="38.4031930" lon="-76.8420040">
    <ele>35.2</ele>
   </trkpt>
   <trkpt lat="38.4032400" lon="-76.8420090">
    <ele>38.0</ele>
   </trkpt>
   <trkpt lat="38.4033460" lon="-76.8420140">
    <ele>38.8</ele>
   </trkpt>
   <trkpt lat="38.4034220" lon="-76.8420280">
    <ele>38.8</ele>
   </trkpt>
   <trkpt lat="38.4035870" lon="-76.8420560">
    <ele>35.0</ele>
   </trkpt>
   <trkpt lat="38.4036630" lon="-76.8420420">
    <ele>32.2</ele>
   </trkpt>
   <trkpt lat="38.4037260" lon="-76.8420130">
    <ele>29.4</ele>
   </trkpt>
   <trkpt lat="38.4037760" lon="-76.8419720">
    <ele>28.2</ele>
   </trkpt>
   <trkpt lat="38.4037980" lon="-76.8419070">
    <ele>28.4</ele>
   </trkpt>
   <trkpt lat="38.4037740" lon="-76.8417790">
    <ele>28.4</ele>
   </trkpt>
   <trkpt lat="38.4037520" lon="-76.8417270">
    <ele>28.8</ele>
   </trkpt>
   <trkpt lat="38.4037260" lon="-76.8416790">
    <ele>29.4</ele>
   </trkpt>
   <trkpt lat="38.4036750" lon="-76.8416140">
    <ele>31.2</ele>
   </trkpt>
   <trkpt lat="38.4036520" lon="-76.8415970">
    <ele>32.2</ele>
   </trkpt>
   <trkpt lat="38.4036250" lon="-76.8415830">
    <ele>33.6</ele>
   </trkpt>
   <trkpt lat="38.4035880" lon="-76.8415640">
    <ele>34.6</ele>
   </trkpt>
   <trkpt lat="38.4035340" lon="-76.8415450">
    <ele>35.6</ele>
   </trkpt>
   <trkpt lat="38.4034720" lon="-76.8415200">
    <ele>36.0</ele>
   </trkpt>
   <trkpt lat="38.4034170" lon="-76.8414800">
    <ele>37.0</ele>
   </trkpt>
   <trkpt lat="38.4034160" lon="-76.8413680">
    <ele>38.2</ele>
   </trkpt>
   <trkpt lat="38.4035150" lon="-76.8412940">
    <ele>39.6</ele>
   </trkpt>
   <trkpt lat="38.4035910" lon="-76.8412900">
    <ele>40.0</ele>
   </trkpt>
   <trkpt lat="38.4037460" lon="-76.8413220">
    <ele>40.0</ele>
   </trkpt>
   <trkpt lat="38.4038360" lon="-76.8413630">
    <ele>39.8</ele>
   </trkpt>
   <trkpt lat="38.4039380" lon="-76.8413990">
    <ele>37.2</ele>
   </trkpt>
   <trkpt lat="38.4040330" lon="-76.8413990">
    <ele>33.0</ele>
   </trkpt>
   <trkpt lat="38.4041160" lon="-76.8413540">
    <ele>31.4</ele>
   </trkpt>
   <trkpt lat="38.4041780" lon="-76.8412810">
    <ele>30.4</ele>
   </trkpt>
   <trkpt lat="38.4042210" lon="-76.8411880">
    <ele>30.4</ele>
   </trkpt>
   <trkpt lat="38.4042740" lon="-76.8409850">
    <ele>30.6</ele>
   </trkpt>
   <trkpt lat="38.4043280" lon="-76.8407050">
    <ele>32.8</ele>
   </trkpt>
   <trkpt lat="38.4043320" lon="-76.8406370">
    <ele>34.4</ele>
   </trkpt>
   <trkpt lat="38.4043330" lon="-76.8405810">
    <ele>36.4</ele>
   </trkpt>
   <trkpt lat="38.4043430" lon="-76.8405140">
    <ele>38.8</ele>
   </trkpt>
   <trkpt lat="38.4043520" lon="-76.8404460">
    <ele>40.6</ele>
   </trkpt>
   <trkpt lat="38.4043760" lon="-76.8402890">
    <ele>42.4</ele>
   </trkpt>
   <trkpt lat="38.4044020" lon="-76.8401800">
    <ele>42.4</ele>
   </trkpt>
   <trkpt lat="38.4044490" lon="-76.8400750">
    <ele>42.6</ele>
   </trkpt>
   <trkpt lat="38.4045060" lon="-76.8400070">
    <ele>42.8</ele>
   </trkpt>
   <trkpt lat="38.4045820" lon="-76.8399790">
    <ele>42.6</ele>
   </trkpt>
   <trkpt lat="38.4047520" lon="-76.8400190">
    <ele>42.2</ele>
   </trkpt>
   <trkpt lat="38.4048350" lon="-76.8400800">
    <ele>42.0</ele>
   </trkpt>
   <trkpt lat="38.4049050" lon="-76.8401670">
    <ele>41.6</ele>
   </trkpt>
   <trkpt lat="38.4049500" lon="-76.8402680">
    <ele>40.8</ele>
   </trkpt>
   <trkpt lat="38.4049700" lon="-76.8403890">
    <ele>40.0</ele>
   </trkpt>
   <trkpt lat="38.4049760" lon="-76.8405180">
    <ele>39.2</ele>
   </trkpt>
   <trkpt lat="38.4049770" lon="-76.8406490">
    <ele>38.4</ele>
   </trkpt>
   <trkpt lat="38.4049700" lon="-76.8407920">
    <ele>37.4</ele>
   </trkpt>
   <trkpt lat="38.4049550" lon="-76.8409220">
    <ele>37.4</ele>
   </trkpt>
   <trkpt lat="38.4049250" lon="-76.8412220">
    <ele>37.2</ele>
   </trkpt>
   <trkpt lat="38.4049000" lon="-76.8413400">
    <ele>37.2</ele>
   </trkpt>
   <trkpt lat="38.4048030" lon="-76.8416300">
    <ele>37.2</ele>
   </trkpt>
   <trkpt lat="38.4047200" lon="-76.8417830">
    <ele>35.0</ele>
   </trkpt>
   <trkpt lat="38.4046340" lon="-76.8418610">
    <ele>34.2</ele>
   </trkpt>
   <trkpt lat="38.4045420" lon="-76.8419200">
    <ele>33.6</ele>
   </trkpt>
   <trkpt lat="38.4044030" lon="-76.8419940">
    <ele>32.8</ele>
   </trkpt>
   <trkpt lat="38.4043450" lon="-76.8420570">
    <ele>32.4</ele>
   </trkpt>
   <trkpt lat="38.4042540" lon="-76.8422500">
    <ele>29.2</ele>
   </trkpt>
   <trkpt lat="38.4042540" lon="-76.8424810">
    <ele>28.2</ele>
   </trkpt>
   <trkpt lat="38.4042330" lon="-76.8425780">
    <ele>28.0</ele>
   </trkpt>
   <trkpt lat="38.4041690" lon="-76.8426370">
    <ele>27.6</ele>
   </trkpt>
   <trkpt lat="38.4039730" lon="-76.8426830">
    <ele>27.0</ele>
   </trkpt>
   <trkpt lat="38.4038650" lon="-76.8426850">
    <ele>25.8</ele>
   </trkpt>
   <trkpt lat="38.4037560" lon="-76.8426970">
    <ele>25.0</ele>
   </trkpt>
   <trkpt lat="38.4036600" lon="-76.8427410">
    <ele>24.4</ele>
   </trkpt>
   <trkpt lat="38.4035860" lon="-76.8428290">
    <ele>23.8</ele>
   </trkpt>
   <trkpt lat="38.4035090" lon="-76.8430410">
    <ele>23.8</ele>
   </trkpt>
   <trkpt lat="38.4034760" lon="-76.8431310">
    <ele>23.8</ele>
   </trkpt>
   <trkpt lat="38.4034480" lon="-76.8431990">
    <ele>24.4</ele>
   </trkpt>
   <trkpt lat="38.4034080" lon="-76.8432730">
    <ele>25.6</ele>
   </trkpt>
   <trkpt lat="38.4032290" lon="-76.8435530">
    <ele>25.6</ele>
   </trkpt>
   <trkpt lat="38.4031680" lon="-76.8436290">
    <ele>25.6</ele>
   </trkpt>
   <trkpt lat="38.4030360" lon="-76.8437520">
    <ele>25.4</ele>
   </trkpt>
   <trkpt lat="38.4029830" lon="-76.8437740">
    <ele>27.4</ele>
   </trkpt>
   <trkpt lat="38.4029260" lon="-76.8437900">
    <ele>28.6</ele>
   </trkpt>
   <trkpt lat="38.4028740" lon="-76.8438010">
    <ele>29.4</ele>
   </trkpt>
   <trkpt lat="38.4028180" lon="-76.8438060">
    <ele>30.4</ele>
   </trkpt>
   <trkpt lat="38.4027540" lon="-76.8438020">
    <ele>32.0</ele>
   </trkpt>
   <trkpt lat="38.4026580" lon="-76.8437410">
    <ele>32.4</ele>
   </trkpt>
   <trkpt lat="38.4026290" lon="-76.8436880">
    <ele>34.2</ele>
   </trkpt>
   <trkpt lat="38.4026130" lon="-76.8436180">
    <ele>34.8</ele>
   </trkpt>
   <trkpt lat="38.4026030" lon="-76.8435370">
    <ele>35.4</ele>
   </trkpt>
   <trkpt lat="38.4025840" lon="-76.8433770">
    <ele>36.6</ele>
   </trkpt>
   <trkpt lat="38.4026040" lon="-76.8433050">
    <ele>37.6</ele>
   </trkpt>
   <trkpt lat="38.4026340" lon="-76.8432350">
    <ele>37.6</ele>
   </trkpt>
   <trkpt lat="38.4027670" lon="-76.8431140">
    <ele>37.6</ele>
   </trkpt>
   <trkpt lat="38.4029850" lon="-76.8430230">
    <ele>33.0</ele>
   </trkpt>
   <trkpt lat="38.4030940" lon="-76.8429870">
    <ele>29.2</ele>
   </trkpt>
   <trkpt lat="38.4031880" lon="-76.8429480">
    <ele>26.4</ele>
   </trkpt>
   <trkpt lat="38.4032600" lon="-76.8429000">
    <ele>25.0</ele>
   </trkpt>
   <trkpt lat="38.4033170" lon="-76.8428490">
    <ele>24.2</ele>
   </trkpt>
   <trkpt lat="38.4033460" lon="-76.8427970">
    <ele>24.2</ele>
   </trkpt>
   <trkpt lat="38.4033390" lon="-76.8427420">
    <ele>24.2</ele>
   </trkpt>
   <trkpt lat="38.4032590" lon="-76.8426880">
    <ele>24.6</ele>
   </trkpt>
   <trkpt lat="38.4031750" lon="-76.8427060">
    <ele>25.0</ele>
   </trkpt>
   <trkpt lat="38.4030220" lon="-76.8427830">
    <ele>25.2</ele>
   </trkpt>
   <trkpt lat="38.4028970" lon="-76.8428430">
    <ele>27.2</ele>
   </trkpt>
   <trkpt lat="38.4028480" lon="-76.8428680">
    <ele>29.8</ele>
   </trkpt>
   <trkpt lat="38.4027960" lon="-76.8428920">
    <ele>32.6</ele>
   </trkpt>
   <trkpt lat="38.4027290" lon="-76.8429210">
    <ele>34.2</ele>
   </trkpt>
   <trkpt lat="38.4026000" lon="-76.8429760">
    <ele>35.2</ele>
   </trkpt>
   <trkpt lat="38.4025300" lon="-76.8430120">
    <ele>37.4</ele>
   </trkpt>
   <trkpt lat="38.4024680" lon="-76.8430690">
    <ele>38.0</ele>
   </trkpt>
   <trkpt lat="38.4024230" lon="-76.8431420">
    <ele>38.0</ele>
   </trkpt>
   <trkpt lat="38.4023090" lon="-76.8432990">
    <ele>37.8</ele>
   </trkpt>
   <trkpt lat="38.4021340" lon="-76.8434510">
    <ele>35.8</ele>
   </trkpt>
   <trkpt lat="38.4020390" lon="-76.8435370">
    <ele>34.4</ele>
   </trkpt>
   <trkpt lat="38.4019420" lon="-76.8436160">
    <ele>31.4</ele>
   </trkpt>
   <trkpt lat="38.4018500" lon="-76.8436690">
    <ele>29.0</ele>
   </trkpt>
   <trkpt lat="38.4017820" lon="-76.8437130">
    <ele>27.8</ele>
   </trkpt>
   <trkpt lat="38.4017430" lon="-76.8437460">
    <ele>27.8</ele>
   </trkpt>
   <trkpt lat="38.4017090" lon="-76.8437910">
    <ele>27.8</ele>
   </trkpt>
   <trkpt lat="38.4015360" lon="-76.8440730">
    <ele>28.8</ele>
   </trkpt>
   <trkpt lat="38.4015090" lon="-76.8441180">
    <ele>29.4</ele>
   </trkpt>
   <trkpt lat="38.4014640" lon="-76.8441690">
    <ele>30.4</ele>
   </trkpt>
   <trkpt lat="38.4014230" lon="-76.8442040">
    <ele>30.6</ele>
   </trkpt>
   <trkpt lat="38.4013180" lon="-76.8442900">
    <ele>30.8</ele>
   </trkpt>
   <trkpt lat="38.4011880" lon="-76.8443640">
    <ele>30.8</ele>
   </trkpt>
   <trkpt lat="38.4011310" lon="-76.8443880">
    <ele>30.8</ele>
   </trkpt>
   <trkpt lat="38.4010740" lon="-76.8444070">
    <ele>31.0</ele>
   </trkpt>
   <trkpt lat="38.4009770" lon="-76.8444160">
    <ele>31.0</ele>
   </trkpt>
   <trkpt lat="38.4009180" lon="-76.8444080">
    <ele>31.0</ele>
   </trkpt>
   <trkpt lat="38.4007730" lon="-76.8443590">
    <ele>31.0</ele>
   </trkpt>
   <trkpt lat="38.4007010" lon="-76.8443160">
    <ele>31.2</ele>
   </trkpt>
   <trkpt lat="38.4006440" lon="-76.8442470">
    <ele>31.2</ele>
   </trkpt>
   <trkpt lat="38.4006010" lon="-76.8441480">
    <ele>31.6</ele>
   </trkpt>
   <trkpt lat="38.4005850" lon="-76.8440330">
    <ele>32.4</ele>
   </trkpt>
   <trkpt lat="38.4005810" lon="-76.8439380">
    <ele>33.6</ele>
   </trkpt>
   <trkpt lat="38.4005920" lon="-76.8438040">
    <ele>34.6</ele>
   </trkpt>
   <trkpt lat="38.4006150" lon="-76.8436970">
    <ele>35.8</ele>
   </trkpt>
   <trkpt lat="38.4006640" lon="-76.8436040">
    <ele>36.8</ele>
   </trkpt>
   <trkpt lat="38.4007340" lon="-76.8435280">
    <ele>37.4</ele>
   </trkpt>
   <trkpt lat="38.4008060" lon="-76.8434400">
    <ele>38.2</ele>
   </trkpt>
   <trkpt lat="38.4009090" lon="-76.8432160">
    <ele>38.6</ele>
   </trkpt>
   <trkpt lat="38.4010360" lon="-76.8428260">
    <ele>39.2</ele>
   </trkpt>
   <trkpt lat="38.4010360" lon="-76.8426930">
    <ele>39.6</ele>
   </trkpt>
   <trkpt lat="38.4010230" lon="-76.8424270">
    <ele>39.6</ele>
   </trkpt>
   <trkpt lat="38.4010390" lon="-76.8422990">
    <ele>39.6</ele>
   </trkpt>
   <trkpt lat="38.4010830" lon="-76.8421770">
    <ele>39.8</ele>
   </trkpt>
   <trkpt lat="38.4011480" lon="-76.8420630">
    <ele>39.8</ele>
   </trkpt>
   <trkpt lat="38.4012310" lon="-76.8419790">
    <ele>40.0</ele>
   </trkpt>
   <trkpt lat="38.4013910" lon="-76.8418510">
    <ele>40.8</ele>
   </trkpt>
   <trkpt lat="38.4014690" lon="-76.8418200">
    <ele>41.8</ele>
   </trkpt>
   <trkpt lat="38.4015580" lon="-76.8418310">
    <ele>41.8</ele>
   </trkpt>
   <trkpt lat="38.4017550" lon="-76.8418910">
    <ele>41.8</ele>
   </trkpt>
   <trkpt lat="38.4018500" lon="-76.8418850">
    <ele>40.6</ele>
   </trkpt>
   <trkpt lat="38.4019230" lon="-76.8418460">
    <ele>40.4</ele>
   </trkpt>
   <trkpt lat="38.4019770" lon="-76.8418060">
    <ele>40.2</ele>
   </trkpt>
   <trkpt lat="38.4020430" lon="-76.8417440">
    <ele>40.0</ele>
   </trkpt>
   <trkpt lat="38.4020650" lon="-76.8417020">
    <ele>40.0</ele>
   </trkpt>
   <trkpt lat="38.4021310" lon="-76.8416230">
    <ele>40.4</ele>
   </trkpt>
   <trkpt lat="38.4021700" lon="-76.8416760">
    <ele>40.4</ele>
   </trkpt>
   <trkpt lat="38.4021540" lon="-76.8417630">
    <ele>40.4</ele>
   </trkpt>
   <trkpt lat="38.4021440" lon="-76.8418600">
    <ele>40.4</ele>
   </trkpt>
   <trkpt lat="38.4021460" lon="-76.8419510">
    <ele>40.6</ele>
   </trkpt>
   <trkpt lat="38.4021600" lon="-76.8422150">
    <ele>41.4</ele>
   </trkpt>
   <trkpt lat="38.4021240" lon="-76.8423050">
    <ele>41.6</ele>
   </trkpt>
   <trkpt lat="38.4020600" lon="-76.8423810">
    <ele>41.8</ele>
   </trkpt>
   <trkpt lat="38.4020220" lon="-76.8424570">
    <ele>41.8</ele>
   </trkpt>
   <trkpt lat="38.4020160" lon="-76.8425300">
    <ele>42.0</ele>
   </trkpt>
   <trkpt lat="38.4020850" lon="-76.8425550">
    <ele>42.8</ele>
   </trkpt>
   <trkpt lat="38.4021380" lon="-76.8425280">
    <ele>43.0</ele>
   </trkpt>
   <trkpt lat="38.4021980" lon="-76.8425200">
    <ele>43.0</ele>
   </trkpt>
   <trkpt lat="38.4022670" lon="-76.8425260">
    <ele>43.0</ele>
   </trkpt>
   <trkpt lat="38.4023280" lon="-76.8425140">
    <ele>43.0</ele>
   </trkpt>
   <trkpt lat="38.4024180" lon="-76.8424650">
    <ele>42.8</ele>
   </trkpt>
   <trkpt lat="38.4025120" lon="-76.8423810">
    <ele>42.6</ele>
   </trkpt>
   <trkpt lat="38.4026270" lon="-76.8422810">
    <ele>39.8</ele>
   </trkpt>
   <trkpt lat="38.4027460" lon="-76.8421960">
    <ele>35.6</ele>
   </trkpt>
   <trkpt lat="38.4028640" lon="-76.8421210">
    <ele>34.4</ele>
   </trkpt>
   <trkpt lat="38.4029800" lon="-76.8420600">
    <ele>34.4</ele>
   </trkpt>
   <trkpt lat="38.4030940" lon="-76.8420180">
    <ele>34.4</ele>
   </trkpt>
   <trkpt lat="38.4032520" lon="-76.8420060">
    <ele>36.4</ele>
   </trkpt>
   <trkpt lat="38.4035020" lon="-76.8420430">
    <ele>37.0</ele>
   </trkpt>
   <trkpt lat="38.4036070" lon="-76.8420420">
    <ele>36.0</ele>
   </trkpt>
   <trkpt lat="38.4037030" lon="-76.8420220">
    <ele>31.6</ele>
   </trkpt>
   <trkpt lat="38.4037700" lon="-76.8419890">
    <ele>29.0</ele>
   </trkpt>
   <trkpt lat="38.4037980" lon="-76.8419370">
    <ele>28.8</ele>
   </trkpt>
   <trkpt lat="38.4037760" lon="-76.8418060">
    <ele>28.8</ele>
   </trkpt>
   <trkpt lat="38.4037470" lon="-76.8417390">
    <ele>29.0</ele>
   </trkpt>
   <trkpt lat="38.4037110" lon="-76.8416790">
    <ele>29.4</ele>
   </trkpt>
   <trkpt lat="38.4036670" lon="-76.8416360">
    <ele>30.6</ele>
   </trkpt>
   <trkpt lat="38.4036180" lon="-76.8416050">
    <ele>31.8</ele>
   </trkpt>
   <trkpt lat="38.4035730" lon="-76.8415740">
    <ele>33.8</ele>
   </trkpt>
   <trkpt lat="38.4035210" lon="-76.8415470">
    <ele>35.6</ele>
   </trkpt>
   <trkpt lat="38.4034150" lon="-76.8414700">
    <ele>37.6</ele>
   </trkpt>
   <trkpt lat="38.4034140" lon="-76.8413670">
    <ele>38.8</ele>
   </trkpt>
   <trkpt lat="38.4035310" lon="-76.8413220">
    <ele>40.4</ele>
   </trkpt>
   <trkpt lat="38.4036080" lon="-76.8413110">
    <ele>40.4</ele>
   </trkpt>
   <trkpt lat="38.4036830" lon="-76.8413160">
    <ele>40.4</ele>
   </trkpt>
   <trkpt lat="38.4038700" lon="-76.8413950">
    <ele>39.6</ele>
   </trkpt>
   <trkpt lat="38.4039700" lon="-76.8414230">
    <ele>35.8</ele>
   </trkpt>
   <trkpt lat="38.4040630" lon="-76.8414120">
    <ele>32.4</ele>
   </trkpt>
   <trkpt lat="38.4041480" lon="-76.8413680">
    <ele>31.0</ele>
   </trkpt>
   <trkpt lat="38.4042600" lon="-76.8412050">
    <ele>31.0</ele>
   </trkpt>
   <trkpt lat="38.4042810" lon="-76.8408480">
    <ele>32.2</ele>
   </trkpt>
   <trkpt lat="38.4042900" lon="-76.8407440">
    <ele>33.2</ele>
   </trkpt>
   <trkpt lat="38.4043070" lon="-76.8405910">
    <ele>36.4</ele>
   </trkpt>
   <trkpt lat="38.4043240" lon="-76.8405010">
    <ele>39.2</ele>
   </trkpt>
   <trkpt lat="38.4043380" lon="-76.8404290">
    <ele>41.2</ele>
   </trkpt>
   <trkpt lat="38.4043430" lon="-76.8403550">
    <ele>42.0</ele>
   </trkpt>
   <trkpt lat="38.4043570" lon="-76.8402540">
    <ele>42.4</ele>
   </trkpt>
   <trkpt lat="38.4043850" lon="-76.8401360">
    <ele>42.6</ele>
   </trkpt>
   <trkpt lat="38.4044450" lon="-76.8400430">
    <ele>43.0</ele>
   </trkpt>
   <trkpt lat="38.4045970" lon="-76.8399640">
    <ele>42.8</ele>
   </trkpt>
   <trkpt lat="38.4046840" lon="-76.8399780">
    <ele>42.6</ele>
   </trkpt>
   <trkpt lat="38.4047710" lon="-76.8400120">
    <ele>42.2</ele>
   </trkpt>
   <trkpt lat="38.4048980" lon="-76.8401410">
    <ele>41.6</ele>
   </trkpt>
   <trkpt lat="38.4049580" lon="-76.8402680">
    <ele>41.0</ele>
   </trkpt>
   <trkpt lat="38.4049700" lon="-76.8403790">
    <ele>39.8</ele>
   </trkpt>
   <trkpt lat="38.4049750" lon="-76.8406980">
    <ele>38.2</ele>
   </trkpt>
   <trkpt lat="38.4049490" lon="-76.8409690">
    <ele>38.0</ele>
   </trkpt>
   <trkpt lat="38.4049170" lon="-76.8412220">
    <ele>37.6</ele>
   </trkpt>
   <trkpt lat="38.4048590" lon="-76.8414950">
    <ele>37.2</ele>
   </trkpt>
   <trkpt lat="38.4048070" lon="-76.8416430">
    <ele>37.2</ele>
   </trkpt>
   <trkpt lat="38.4047260" lon="-76.8417640">
    <ele>34.8</ele>
   </trkpt>
   <trkpt lat="38.4046280" lon="-76.8418540">
    <ele>34.0</ele>
   </trkpt>
   <trkpt lat="38.4045220" lon="-76.8419110">
    <ele>33.8</ele>
   </trkpt>
   <trkpt lat="38.4044330" lon="-76.8419420">
    <ele>33.6</ele>
   </trkpt>
   <trkpt lat="38.4043680" lon="-76.8419910">
    <ele>32.6</ele>
   </trkpt>
   <trkpt lat="38.4043000" lon="-76.8420750">
    <ele>32.0</ele>
   </trkpt>
   <trkpt lat="38.4042640" lon="-76.8421980">
    <ele>30.8</ele>
   </trkpt>
   <trkpt lat="38.4042650" lon="-76.8423000">
    <ele>28.8</ele>
   </trkpt>
   <trkpt lat="38.4042680" lon="-76.8424200">
    <ele>28.6</ele>
   </trkpt>
   <trkpt lat="38.4042280" lon="-76.8426060">
    <ele>28.0</ele>
   </trkpt>
   <trkpt lat="38.4041840" lon="-76.8426580">
    <ele>27.8</ele>
   </trkpt>
   <trkpt lat="38.4041260" lon="-76.8427010">
    <ele>27.6</ele>
   </trkpt>
   <trkpt lat="38.4040470" lon="-76.8427300">
    <ele>27.0</ele>
   </trkpt>
   <trkpt lat="38.4039640" lon="-76.8427360">
    <ele>26.2</ele>
   </trkpt>
   <trkpt lat="38.4038400" lon="-76.8427040">
    <ele>24.6</ele>
   </trkpt>
   <trkpt lat="38.4037060" lon="-76.8427260">
    <ele>24.4</ele>
   </trkpt>
   <trkpt lat="38.4036530" lon="-76.8427770">
    <ele>24.2</ele>
   </trkpt>
   <trkpt lat="38.4036030" lon="-76.8428770">
    <ele>23.8</ele>
   </trkpt>
   <trkpt lat="38.4035680" lon="-76.8429840">
    <ele>23.6</ele>
   </trkpt>
   <trkpt lat="38.4035290" lon="-76.8430840">
    <ele>23.6</ele>
   </trkpt>
   <trkpt lat="38.4034660" lon="-76.8432420">
    <ele>24.0</ele>
   </trkpt>
   <trkpt lat="38.4034300" lon="-76.8433020">
    <ele>25.6</ele>
   </trkpt>
   <trkpt lat="38.4033760" lon="-76.8433740">
    <ele>25.6</ele>
   </trkpt>
   <trkpt lat="38.4032380" lon="-76.8435500">
    <ele>25.8</ele>
   </trkpt>
   <trkpt lat="38.4031410" lon="-76.8436640">
    <ele>25.8</ele>
   </trkpt>
   <trkpt lat="38.4029980" lon="-76.8437690">
    <ele>25.8</ele>
   </trkpt>
   <trkpt lat="38.4029540" lon="-76.8437870">
    <ele>27.6</ele>
   </trkpt>
   <trkpt lat="38.4028950" lon="-76.8438100">
    <ele>29.4</ele>
   </trkpt>
   <trkpt lat="38.4028340" lon="-76.8438280">
    <ele>30.0</ele>
   </trkpt>
   <trkpt lat="38.4027640" lon="-76.8438370">
    <ele>31.6</ele>
   </trkpt>
   <trkpt lat="38.4027000" lon="-76.8438330">
    <ele>32.2</ele>
   </trkpt>
   <trkpt lat="38.4026470" lon="-76.8438030">
    <ele>32.6</ele>
   </trkpt>
   <trkpt lat="38.4026100" lon="-76.8437480">
    <ele>34.6</ele>
   </trkpt>
   <trkpt lat="38.4025960" lon="-76.8436780">
    <ele>35.2</ele>
   </trkpt>
   <trkpt lat="38.4025840" lon="-76.8435950">
    <ele>35.8</ele>
   </trkpt>
   <trkpt lat="38.4025770" lon="-76.8435040">
    <ele>36.4</ele>
   </trkpt>
   <trkpt lat="38.4025850" lon="-76.8434160">
    <ele>37.4</ele>
   </trkpt>
   <trkpt lat="38.4026230" lon="-76.8433130">
    <ele>37.6</ele>
   </trkpt>
   <trkpt lat="38.4027570" lon="-76.8431810">
    <ele>37.6</ele>
   </trkpt>
   <trkpt lat="38.4029670" lon="-76.8430960">
    <ele>33.4</ele>
   </trkpt>
   <trkpt lat="38.4030660" lon="-76.8430570">
    <ele>29.6</ele>
   </trkpt>
   <trkpt lat="38.4031390" lon="-76.8430230">
    <ele>27.6</ele>
   </trkpt>
   <trkpt lat="38.4032370" lon="-76.8429750">
    <ele>26.4</ele>
   </trkpt>
   <trkpt lat="38.4033020" lon="-76.8429250">
    <ele>25.0</ele>
   </trkpt>
   <trkpt lat="38.4033560" lon="-76.8427910">
    <ele>24.6</ele>
   </trkpt>
   <trkpt lat="38.4032830" lon="-76.8427070">
    <ele>24.6</ele>
   </trkpt>
   <trkpt lat="38.4030570" lon="-76.8428100">
    <ele>25.4</ele>
   </trkpt>
   <trkpt lat="38.4029230" lon="-76.8428840">
    <ele>27.0</ele>
   </trkpt>
   <trkpt lat="38.4028710" lon="-76.8429010">
    <ele>29.0</ele>
   </trkpt>
   <trkpt lat="38.4028190" lon="-76.8429220">
    <ele>32.0</ele>
   </trkpt>
   <trkpt lat="38.4027560" lon="-76.8429480">
    <ele>33.8</ele>
   </trkpt>
   <trkpt lat="38.4026970" lon="-76.8429780">
    <ele>35.0</ele>
   </trkpt>
   <trkpt lat="38.4025540" lon="-76.8430380">
    <ele>36.8</ele>
   </trkpt>
   <trkpt lat="38.4024070" lon="-76.8431440">
    <ele>38.0</ele>
   </trkpt>
   <trkpt lat="38.4023510" lon="-76.8432210">
    <ele>38.0</ele>
   </trkpt>
   <trkpt lat="38.4021400" lon="-76.8434480">
    <ele>36.4</ele>
   </trkpt>
   <trkpt lat="38.4020470" lon="-76.8435340">
    <ele>35.0</ele>
   </trkpt>
   <trkpt lat="38.4019470" lon="-76.8436120">
    <ele>32.2</ele>
   </trkpt>
   <trkpt lat="38.4018470" lon="-76.8436740">
    <ele>29.2</ele>
   </trkpt>
   <trkpt lat="38.4017830" lon="-76.8437190">
    <ele>27.8</ele>
   </trkpt>
   <trkpt lat="38.4016710" lon="-76.8438430">
    <ele>27.8</ele>
   </trkpt>
   <trkpt lat="38.4015330" lon="-76.8440760">
    <ele>28.6</ele>
   </trkpt>
   <trkpt lat="38.4014920" lon="-76.8441340">
    <ele>29.4</ele>
   </trkpt>
   <trkpt lat="38.4014560" lon="-76.8441790">
    <ele>29.6</ele>
   </trkpt>
   <trkpt lat="38.4014210" lon="-76.8442080">
    <ele>30.4</ele>
   </trkpt>
   <trkpt lat="38.4013530" lon="-76.8442570">
    <ele>30.6</ele>
   </trkpt>
   <trkpt lat="38.4011820" lon="-76.8443620">
    <ele>30.8</ele>
   </trkpt>
   <trkpt lat="38.4011320" lon="-76.8443940">
    <ele>30.8</ele>
   </trkpt>
   <trkpt lat="38.4010730" lon="-76.8444250">
    <ele>31.0</ele>
   </trkpt>
   <trkpt lat="38.4009540" lon="-76.8444430">
    <ele>31.0</ele>
   </trkpt>
   <trkpt lat="38.4008920" lon="-76.8444360">
    <ele>31.0</ele>
   </trkpt>
   <trkpt lat="38.4007520" lon="-76.8443900">
    <ele>31.2</ele>
   </trkpt>
   <trkpt lat="38.4006860" lon="-76.8443340">
    <ele>31.2</ele>
   </trkpt>
   <trkpt lat="38.4006340" lon="-76.8442520">
    <ele>31.2</ele>
   </trkpt>
   <trkpt lat="38.4005710" lon="-76.8440590">
    <ele>32.4</ele>
   </trkpt>
   <trkpt lat="38.4005650" lon="-76.8439450">
    <ele>33.6</ele>
   </trkpt>
   <trkpt lat="38.4005800" lon="-76.8438020">
    <ele>34.6</ele>
   </trkpt>
   <trkpt lat="38.4006060" lon="-76.8436830">
    <ele>35.8</ele>
   </trkpt>
   <trkpt lat="38.4006490" lon="-76.8435850">
    <ele>36.8</ele>
   </trkpt>
   <trkpt lat="38.4007180" lon="-76.8435150">
    <ele>37.6</ele>
   </trkpt>
   <trkpt lat="38.4007910" lon="-76.8434460">
    <ele>38.2</ele>
   </trkpt>
   <trkpt lat="38.4008400" lon="-76.8433540">
    <ele>38.6</ele>
   </trkpt>
   <trkpt lat="38.4009780" lon="-76.8428660">
    <ele>39.2</ele>
   </trkpt>
   <trkpt lat="38.4010020" lon="-76.8425860">
    <ele>39.6</ele>
   </trkpt>
   <trkpt lat="38.4009990" lon="-76.8424380">
    <ele>40.0</ele>
   </trkpt>
   <trkpt lat="38.4010070" lon="-76.8422990">
    <ele>40.2</ele>
   </trkpt>
   <trkpt lat="38.4010370" lon="-76.8421720">
    <ele>40.2</ele>
   </trkpt>
   <trkpt lat="38.4010870" lon="-76.8420630">
    <ele>40.2</ele>
   </trkpt>
   <trkpt lat="38.4011480" lon="-76.8419810">
    <ele>40.4</ele>
   </trkpt>
   <trkpt lat="38.4012250" lon="-76.8419250">
    <ele>40.6</ele>
   </trkpt>
   <trkpt lat="38.4013340" lon="-76.8418530">
    <ele>41.2</ele>
   </trkpt>
   <trkpt lat="38.4013770" lon="-76.8418360">
    <ele>42.4</ele>
   </trkpt>
   <trkpt lat="38.4015260" lon="-76.8418370">
    <ele>42.6</ele>
   </trkpt>
   <trkpt lat="38.4017710" lon="-76.8418920">
    <ele>41.0</ele>
   </trkpt>
   <trkpt lat="38.4019020" lon="-76.8418300">
    <ele>40.4</ele>
   </trkpt>
   <trkpt lat="38.4019570" lon="-76.8417840">
    <ele>40.2</ele>
   </trkpt>
   <trkpt lat="38.4019750" lon="-76.8417620">
    <ele>40.0</ele>
   </trkpt>
   <trkpt lat="38.4020050" lon="-76.8417270">
    <ele>40.2</ele>
   </trkpt>
   <trkpt lat="38.4020550" lon="-76.8416710">
    <ele>40.4</ele>
   </trkpt>
   <trkpt lat="38.4021040" lon="-76.8416280">
    <ele>40.6</ele>
   </trkpt>
   <trkpt lat="38.4021360" lon="-76.8416430">
    <ele>40.6</ele>
   </trkpt>
   <trkpt lat="38.4021280" lon="-76.8417720">
    <ele>40.6</ele>
   </trkpt>
   <trkpt lat="38.4021150" lon="-76.8418650">
    <ele>40.6</ele>
   </trkpt>
   <trkpt lat="38.4021380" lon="-76.8420190">
    <ele>40.6</ele>
   </trkpt>
   <trkpt lat="38.4021520" lon="-76.8421070">
    <ele>41.2</ele>
   </trkpt>
   <trkpt lat="38.4021080" lon="-76.8423010">
    <ele>41.6</ele>
   </trkpt>
   <trkpt lat="38.4020050" lon="-76.8424430">
    <ele>42.0</ele>
   </trkpt>
   <trkpt lat="38.4020280" lon="-76.8425550">
    <ele>42.2</ele>
   </trkpt>
   <trkpt lat="38.4020630" lon="-76.8425710">
    <ele>42.8</ele>
   </trkpt>
   <trkpt lat="38.4021090" lon="-76.8425400">
    <ele>43.0</ele>
   </trkpt>
   <trkpt lat="38.4022170" lon="-76.8425170">
    <ele>43.0</ele>
   </trkpt>
   <trkpt lat="38.4022840" lon="-76.8425340">
    <ele>43.0</ele>
   </trkpt>
   <trkpt lat="38.4024140" lon="-76.8424840">
    <ele>42.8</ele>
   </trkpt>
   <trkpt lat="38.4024840" lon="-76.8424180">
    <ele>42.6</ele>
   </trkpt>
   <trkpt lat="38.4025820" lon="-76.8423400">
    <ele>40.2</ele>
   </trkpt>
   <trkpt lat="38.4026840" lon="-76.8422630">
    <ele>36.0</ele>
   </trkpt>
   <trkpt lat="38.4027680" lon="-76.8422030">
    <ele>34.4</ele>
   </trkpt>
   <trkpt lat="38.4031110" lon="-76.8420410">
    <ele>34.2</ele>
   </trkpt>
   <trkpt lat="38.4031820" lon="-76.8420270">
    <ele>34.4</ele>
   </trkpt>
   <trkpt lat="38.4032300" lon="-76.8420160">
    <ele>37.6</ele>
   </trkpt>
   <trkpt lat="38.4032710" lon="-76.8420140">
    <ele>38.6</ele>
   </trkpt>
   <trkpt lat="38.4033340" lon="-76.8420220">
    <ele>38.6</ele>
   </trkpt>
   <trkpt lat="38.4035130" lon="-76.8420560">
    <ele>38.4</ele>
   </trkpt>
   <trkpt lat="38.4036020" lon="-76.8420600">
    <ele>35.0</ele>
   </trkpt>
   <trkpt lat="38.4036810" lon="-76.8420460">
    <ele>31.4</ele>
   </trkpt>
   <trkpt lat="38.4037460" lon="-76.8420120">
    <ele>29.0</ele>
   </trkpt>
   <trkpt lat="38.4037840" lon="-76.8418870">
    <ele>28.8</ele>
   </trkpt>
   <trkpt lat="38.4037640" lon="-76.8418170">
    <ele>28.8</ele>
   </trkpt>
   <trkpt lat="38.4036920" lon="-76.8416990">
    <ele>29.8</ele>
   </trkpt>
   <trkpt lat="38.4036610" lon="-76.8416650">
    <ele>30.6</ele>
   </trkpt>
   <trkpt lat="38.4036290" lon="-76.8416390">
    <ele>32.0</ele>
   </trkpt>
   <trkpt lat="38.4035930" lon="-76.8416130">
    <ele>33.8</ele>
   </trkpt>
   <trkpt lat="38.4035490" lon="-76.8415830">
    <ele>35.4</ele>
   </trkpt>
   <trkpt lat="38.4034430" lon="-76.8415190">
    <ele>36.8</ele>
   </trkpt>
   <trkpt lat="38.4034150" lon="-76.8414860">
    <ele>37.6</ele>
   </trkpt>
   <trkpt lat="38.4034070" lon="-76.8414320">
    <ele>38.0</ele>
   </trkpt>
   <trkpt lat="38.4034340" lon="-76.8413940">
    <ele>39.0</ele>
   </trkpt>
   <trkpt lat="38.4034780" lon="-76.8413660">
    <ele>39.8</ele>
   </trkpt>
   <trkpt lat="38.4035350" lon="-76.8413480">
    <ele>40.4</ele>
   </trkpt>
   <trkpt lat="38.4035930" lon="-76.8413400">
    <ele>40.4</ele>
   </trkpt>
   <trkpt lat="38.4037250" lon="-76.8413710">
    <ele>40.4</ele>
   </trkpt>
   <trkpt lat="38.4037920" lon="-76.8414250">
    <ele>40.4</ele>
   </trkpt>
   <trkpt lat="38.4038990" lon="-76.8414990">
    <ele>38.4</ele>
   </trkpt>
   <trkpt lat="38.4039900" lon="-76.8415330">
    <ele>34.6</ele>
   </trkpt>
   <trkpt lat="38.4040690" lon="-76.8415090">
    <ele>31.6</ele>
   </trkpt>
   <trkpt lat="38.4041350" lon="-76.8414430">
    <ele>30.4</ele>
   </trkpt>
   <trkpt lat="38.4041860" lon="-76.8413550">
    <ele>30.4</ele>
   </trkpt>
   <trkpt lat="38.4042180" lon="-76.8412540">
    <ele>30.4</ele>
   </trkpt>
   <trkpt lat="38.4042520" lon="-76.8410420">
    <ele>30.8</ele>
   </trkpt>
   <trkpt lat="38.4042560" lon="-76.8409300">
    <ele>31.4</ele>
   </trkpt>
   <trkpt lat="38.4042740" lon="-76.8408330">
    <ele>32.4</ele>
   </trkpt>
   <trkpt lat="38.4042950" lon="-76.8407370">
    <ele>33.0</ele>
   </trkpt>
   <trkpt lat="38.4043170" lon="-76.8406500">
    <ele>34.0</ele>
   </trkpt>
   <trkpt lat="38.4043210" lon="-76.8405880">
    <ele>35.6</ele>
   </trkpt>
   <trkpt lat="38.4043270" lon="-76.8405300">
    <ele>38.2</ele>
   </trkpt>
   <trkpt lat="38.4043310" lon="-76.8404670">
    <ele>41.0</ele>
   </trkpt>
   <trkpt lat="38.4043560" lon="-76.8403190">
    <ele>42.6</ele>
   </trkpt>
   <trkpt lat="38.4044050" lon="-76.8401030">
    <ele>42.6</ele>
   </trkpt>
   <trkpt lat="38.4045310" lon="-76.8399810">
    <ele>42.6</ele>
   </trkpt>
   <trkpt lat="38.4047130" lon="-76.8400310">
    <ele>42.2</ele>
   </trkpt>
   <trkpt lat="38.4049360" lon="-76.8402190">
    <ele>41.2</ele>
   </trkpt>
   <trkpt lat="38.4049890" lon="-76.8404240">
    <ele>40.0</ele>
   </trkpt>
   <trkpt lat="38.4049980" lon="-76.8404950">
    <ele>38.6</ele>
   </trkpt>
   <trkpt lat="38.4050020" lon="-76.8405450">
    <ele>38.2</ele>
   </trkpt>
   <trkpt lat="38.4049890" lon="-76.8406640">
    <ele>37.8</ele>
   </trkpt>
   <trkpt lat="38.4049630" lon="-76.8408880">
    <ele>37.2</ele>
   </trkpt>
   <trkpt lat="38.4049530" lon="-76.8410050">
    <ele>37.2</ele>
   </trkpt>
   <trkpt lat="38.4048450" lon="-76.8415460">
    <ele>37.8</ele>
   </trkpt>
   <trkpt lat="38.4047370" lon="-76.8417950">
    <ele>34.8</ele>
   </trkpt>
   <trkpt lat="38.4046730" lon="-76.8418860">
    <ele>34.0</ele>
   </trkpt>
   <trkpt lat="38.4045980" lon="-76.8419500">
    <ele>33.8</ele>
   </trkpt>
   <trkpt lat="38.4045170" lon="-76.8419860">
    <ele>33.6</ele>
   </trkpt>
   <trkpt lat="38.4043900" lon="-76.8420310">
    <ele>32.4</ele>
   </trkpt>
   <trkpt lat="38.4043340" lon="-76.8420840">
    <ele>32.0</ele>
   </trkpt>
   <trkpt lat="38.4042770" lon="-76.8421640">
    <ele>31.4</ele>
   </trkpt>
   <trkpt lat="38.4042450" lon="-76.8422660">
    <ele>29.0</ele>
   </trkpt>
   <trkpt lat="38.4042530" lon="-76.8423740">
    <ele>28.8</ele>
   </trkpt>
   <trkpt lat="38.4042520" lon="-76.8424710">
    <ele>28.6</ele>
   </trkpt>
   <trkpt lat="38.4042380" lon="-76.8425560">
    <ele>28.2</ele>
   </trkpt>
   <trkpt lat="38.4042080" lon="-76.8426160">
    <ele>27.8</ele>
   </trkpt>
   <trkpt lat="38.4041530" lon="-76.8426530">
    <ele>27.8</ele>
   </trkpt>
   <trkpt lat="38.4039910" lon="-76.8427130">
    <ele>27.2</ele>
   </trkpt>
   <trkpt lat="38.4039210" lon="-76.8427070">
    <ele>26.0</ele>
   </trkpt>
   <trkpt lat="38.4037970" lon="-76.8426690">
    <ele>24.6</ele>
   </trkpt>
   <trkpt lat="38.4037340" lon="-76.8426750">
    <ele>24.4</ele>
   </trkpt>
   <trkpt lat="38.4036730" lon="-76.8427030">
    <ele>24.4</ele>
   </trkpt>
   <trkpt lat="38.4035870" lon="-76.8428180">
    <ele>24.0</ele>
   </trkpt>
   <trkpt lat="38.4035420" lon="-76.8429240">
    <ele>23.4</ele>
   </trkpt>
   <trkpt lat="38.4034380" lon="-76.8431880">
    <ele>23.4</ele>
   </trkpt>
   <trkpt lat="38.4034070" lon="-76.8432500">
    <ele>25.6</ele>
   </trkpt>
   <trkpt lat="38.4033180" lon="-76.8433950">
    <ele>25.6</ele>
   </trkpt>
   <trkpt lat="38.4032520" lon="-76.8434860">
    <ele>25.6</ele>
   </trkpt>
   <trkpt lat="38.4030960" lon="-76.8436640">
    <ele>25.4</ele>
   </trkpt>
   <trkpt lat="38.4029890" lon="-76.8437510">
    <ele>25.8</ele>
   </trkpt>
   <trkpt lat="38.4029500" lon="-76.8437690">
    <ele>28.2</ele>
   </trkpt>
   <trkpt lat="38.4029010" lon="-76.8437960">
    <ele>29.4</ele>
   </trkpt>
   <trkpt lat="38.4028440" lon="-76.8438200">
    <ele>29.8</ele>
   </trkpt>
   <trkpt lat="38.4027870" lon="-76.8438270">
    <ele>31.0</ele>
   </trkpt>
   <trkpt lat="38.4027190" lon="-76.8438280">
    <ele>32.0</ele>
   </trkpt>
   <trkpt lat="38.4026580" lon="-76.8438170">
    <ele>32.2</ele>
   </trkpt>
   <trkpt lat="38.4026140" lon="-76.8437810">
    <ele>32.6</ele>
   </trkpt>
   <trkpt lat="38.4025930" lon="-76.8437320">
    <ele>33.8</ele>
   </trkpt>
   <trkpt lat="38.4025620" lon="-76.8435730">
    <ele>35.6</ele>
   </trkpt>
   <trkpt lat="38.4025770" lon="-76.8433820">
    <ele>36.6</ele>
   </trkpt>
   <trkpt lat="38.4026020" lon="-76.8433180">
    <ele>37.0</ele>
   </trkpt>
   <trkpt lat="38.4026470" lon="-76.8432240">
    <ele>37.0</ele>
   </trkpt>
   <trkpt lat="38.4028110" lon="-76.8430990">
    <ele>37.0</ele>
   </trkpt>
   <trkpt lat="38.4029310" lon="-76.8430620">
    <ele>34.0</ele>
   </trkpt>
   <trkpt lat="38.4030270" lon="-76.8430370">
    <ele>30.2</ele>
   </trkpt>
   <trkpt lat="38.4031380" lon="-76.8430070">
    <ele>27.2</ele>
   </trkpt>
   <trkpt lat="38.4032370" lon="-76.8429680">
    <ele>25.6</ele>
   </trkpt>
   <trkpt lat="38.4033150" lon="-76.8429090">
    <ele>24.6</ele>
   </trkpt>
   <trkpt lat="38.4033630" lon="-76.8428340">
    <ele>24.4</ele>
   </trkpt>
   <trkpt lat="38.4033640" lon="-76.8427560">
    <ele>24.4</ele>
   </trkpt>
   <trkpt lat="38.4032640" lon="-76.8426840">
    <ele>24.6</ele>
   </trkpt>
   <trkpt lat="38.4031950" lon="-76.8426980">
    <ele>24.8</ele>
   </trkpt>
   <trkpt lat="38.4030370" lon="-76.8427870">
    <ele>25.2</ele>
   </trkpt>
   <trkpt lat="38.4029710" lon="-76.8428340">
    <ele>26.0</ele>
   </trkpt>
   <trkpt lat="38.4029160" lon="-76.8428640">
    <ele>27.4</ele>
   </trkpt>
   <trkpt lat="38.4028640" lon="-76.8428870">
    <ele>29.8</ele>
   </trkpt>
   <trkpt lat="38.4028130" lon="-76.8429120">
    <ele>32.6</ele>
   </trkpt>
   <trkpt lat="38.4027580" lon="-76.8429370">
    <ele>34.0</ele>
   </trkpt>
   <trkpt lat="38.4026320" lon="-76.8429990">
    <ele>35.4</ele>
   </trkpt>
   <trkpt lat="38.4025690" lon="-76.8430300">
    <ele>37.4</ele>
   </trkpt>
   <trkpt lat="38.4024860" lon="-76.8430770">
    <ele>38.0</ele>
   </trkpt>
   <trkpt lat="38.4024130" lon="-76.8431530">
    <ele>38.0</ele>
   </trkpt>
   <trkpt lat="38.4023480" lon="-76.8432390">
    <ele>38.0</ele>
   </trkpt>
   <trkpt lat="38.4022700" lon="-76.8433340">
    <ele>37.8</ele>
   </trkpt>
   <trkpt lat="38.4021050" lon="-76.8434800">
    <ele>35.4</ele>
   </trkpt>
   <trkpt lat="38.4020180" lon="-76.8435620">
    <ele>33.4</ele>
   </trkpt>
   <trkpt lat="38.4019260" lon="-76.8436300">
    <ele>30.4</ele>
   </trkpt>
   <trkpt lat="38.4018380" lon="-76.8436790">
    <ele>28.2</ele>
   </trkpt>
   <trkpt lat="38.4017680" lon="-76.8437290">
    <ele>27.8</ele>
   </trkpt>
   <trkpt lat="38.4017100" lon="-76.8437800">
    <ele>27.8</ele>
   </trkpt>
   <trkpt lat="38.4016160" lon="-76.8439230">
    <ele>28.0</ele>
   </trkpt>
   <trkpt lat="38.4015270" lon="-76.8440760">
    <ele>28.6</ele>
   </trkpt>
   <trkpt lat="38.4014460" lon="-76.8441660">
    <ele>29.6</ele>
   </trkpt>
   <trkpt lat="38.4012570" lon="-76.8443210">
    <ele>30.6</ele>
   </trkpt>
   <trkpt lat="38.4012220" lon="-76.8443390">
    <ele>30.8</ele>
   </trkpt>
   <trkpt lat="38.4011360" lon="-76.8443670">
    <ele>30.8</ele>
   </trkpt>
   <trkpt lat="38.4010800" lon="-76.8443940">
    <ele>31.0</ele>
   </trkpt>
   <trkpt lat="38.4010330" lon="-76.8444060">
    <ele>31.0</ele>
   </trkpt>
   <trkpt lat="38.4009130" lon="-76.8444090">
    <ele>31.0</ele>
   </trkpt>
   <trkpt lat="38.4008460" lon="-76.8443920">
    <ele>31.0</ele>
   </trkpt>
   <trkpt lat="38.4007760" lon="-76.8443640">
    <ele>31.2</ele>
   </trkpt>
   <trkpt lat="38.4006490" lon="-76.8442380">
    <ele>31.2</ele>
   </trkpt>
   <trkpt lat="38.4005840" lon="-76.8440050">
    <ele>32.6</ele>
   </trkpt>
   <trkpt lat="38.4005850" lon="-76.8439130">
    <ele>34.0</ele>
   </trkpt>
   <trkpt lat="38.4005920" lon="-76.8437950">
    <ele>35.0</ele>
   </trkpt>
   <trkpt lat="38.4006090" lon="-76.8436830">
    <ele>36.2</ele>
   </trkpt>
   <trkpt lat="38.4006590" lon="-76.8435820">
    <ele>37.0</ele>
   </trkpt>
   <trkpt lat="38.4007260" lon="-76.8434930">
    <ele>37.8</ele>
   </trkpt>
   <trkpt lat="38.4007920" lon="-76.8433930">
    <ele>38.2</ele>
   </trkpt>
   <trkpt lat="38.4008640" lon="-76.8432740">
    <ele>38.4</ele>
   </trkpt>
   <trkpt lat="38.4009580" lon="-76.8429810">
    <ele>39.2</ele>
   </trkpt>
   <trkpt lat="38.4009870" lon="-76.8428660">
    <ele>39.2</ele>
   </trkpt>
   <trkpt lat="38.4010050" lon="-76.8427200">
    <ele>39.4</ele>
   </trkpt>
   <trkpt lat="38.4010060" lon="-76.8425460">
    <ele>39.6</ele>
   </trkpt>
   <trkpt lat="38.4010120" lon="-76.8422770">
    <ele>39.8</ele>
   </trkpt>
   <trkpt lat="38.4011100" lon="-76.8420580">
    <ele>40.2</ele>
   </trkpt>
   <trkpt lat="38.4012440" lon="-76.8419210">
    <ele>40.2</ele>
   </trkpt>
   <trkpt lat="38.4012940" lon="-76.8418860">
    <ele>40.6</ele>
   </trkpt>
   <trkpt lat="38.4013480" lon="-76.8418530">
    <ele>41.6</ele>
   </trkpt>
   <trkpt lat="38.4014080" lon="-76.8418300">
    <ele>42.6</ele>
   </trkpt>
   <trkpt lat="38.4014550" lon="-76.8418090">
    <ele>42.8</ele>
   </trkpt>
   <trkpt lat="38.4016740" lon="-76.8415920">
    <ele>42.4</ele>
   </trkpt>
   <trkpt lat="38.4019960" lon="-76.8411600">
    <ele>41.4</ele>
   </trkpt>
   <trkpt lat="38.4020530" lon="-76.8410910">
    <ele>41.2</ele>
   </trkpt>
   <trkpt lat="38.4022920" lon="-76.8407990">
    <ele>41.6</ele>
   </trkpt>
   <trkpt lat="38.4023570" lon="-76.8407230">
    <ele>41.6</ele>
   </trkpt>
   <trkpt lat="38.4025100" lon="-76.8405900">
    <ele>41.8</ele>
   </trkpt>
   <trkpt lat="38.4027180" lon="-76.8405230">
    <ele>42.6</ele>
   </trkpt>
   <trkpt lat="38.4028800" lon="-76.8406430">
    <ele>43.0</ele>
   </trkpt>
   <trkpt lat="38.4029260" lon="-76.8408850">
    <ele>43.2</ele>
   </trkpt>
   <trkpt lat="38.4028680" lon="-76.8412090">
    <ele>43.2</ele>
   </trkpt>
   <trkpt lat="38.4027200" lon="-76.8414820">
    <ele>43.0</ele>
   </trkpt>
   <trkpt lat="38.4026240" lon="-76.8416050">
    <ele>43.0</ele>
   </trkpt>
   <trkpt lat="38.4021610" lon="-76.8421900">
    <ele>41.8</ele>
   </trkpt>
   <trkpt lat="38.4019940" lon="-76.8424510">
    <ele>41.8</ele>
   </trkpt>
   <trkpt lat="38.4020330" lon="-76.8425590">
    <ele>42.2</ele>
   </trkpt>
   <trkpt lat="38.4021210" lon="-76.8425090">
    <ele>43.0</ele>
   </trkpt>
   <trkpt lat="38.4021690" lon="-76.8424870">
    <ele>43.0</ele>
   </trkpt>
   <trkpt lat="38.4022950" lon="-76.8425180">
    <ele>43.0</ele>
   </trkpt>
   <trkpt lat="38.4023720" lon="-76.8424770">
    <ele>42.8</ele>
   </trkpt>
   <trkpt lat="38.4024040" lon="-76.8424460">
    <ele>42.6</ele>
   </trkpt>
   <trkpt lat="38.4025100" lon="-76.8423520">
    <ele>39.8</ele>
   </trkpt>
   <trkpt lat="38.4025590" lon="-76.8423070">
    <ele>37.2</ele>
   </trkpt>
   <trkpt lat="38.4026070" lon="-76.8422780">
    <ele>35.4</ele>
   </trkpt>
   <trkpt lat="38.4026420" lon="-76.8422620">
    <ele>34.2</ele>
   </trkpt>
   <trkpt lat="38.4026480" lon="-76.8422590">
    <ele>34.2</ele>
   </trkpt>
   <trkpt lat="38.4026480" lon="-76.8422590">
    <ele>34.2</ele>
   </trkpt>
   <trkpt lat="38.4026540" lon="-76.8422540">
    <ele>34.4</ele>
   </trkpt>
   <trkpt lat="38.4027150" lon="-76.8422280">
    <ele>34.4</ele>
   </trkpt>
   <trkpt lat="38.4028140" lon="-76.8421500">
    <ele>34.2</ele>
   </trkpt>
   <trkpt lat="38.4029390" lon="-76.8420910">
    <ele>33.8</ele>
   </trkpt>
   <trkpt lat="38.4030230" lon="-76.8420630">
    <ele>33.8</ele>
   </trkpt>
   <trkpt lat="38.4032210" lon="-76.8420220">
    <ele>36.0</ele>
   </trkpt>
   <trkpt lat="38.4032630" lon="-76.8420190">
    <ele>38.6</ele>
   </trkpt>
   <trkpt lat="38.4033110" lon="-76.8420220">
    <ele>39.0</ele>
   </trkpt>
   <trkpt lat="38.4034520" lon="-76.8420460">
    <ele>39.0</ele>
   </trkpt>
   <trkpt lat="38.4035400" lon="-76.8420670">
    <ele>37.6</ele>
   </trkpt>
   <trkpt lat="38.4036290" lon="-76.8420880">
    <ele>34.0</ele>
   </trkpt>
   <trkpt lat="38.4037110" lon="-76.8420970">
    <ele>30.8</ele>
   </trkpt>
   <trkpt lat="38.4037880" lon="-76.8420820">
    <ele>28.4</ele>
   </trkpt>
   <trkpt lat="38.4038320" lon="-76.8420240">
    <ele>28.0</ele>
   </trkpt>
   <trkpt lat="38.4038500" lon="-76.8419530">
    <ele>28.0</ele>
   </trkpt>
   <trkpt lat="38.4038420" lon="-76.8418810">
    <ele>28.0</ele>
   </trkpt>
   <trkpt lat="38.4038080" lon="-76.8418210">
    <ele>28.2</ele>
   </trkpt>
   <trkpt lat="38.4037600" lon="-76.8417700">
    <ele>28.8</ele>
   </trkpt>
   <trkpt lat="38.4037220" lon="-76.8417300">
    <ele>29.6</ele>
   </trkpt>
   <trkpt lat="38.4036560" lon="-76.8416710">
    <ele>31.2</ele>
   </trkpt>
   <trkpt lat="38.4036000" lon="-76.8416290">
    <ele>33.6</ele>
   </trkpt>
   <trkpt lat="38.4035680" lon="-76.8416040">
    <ele>35.0</ele>
   </trkpt>
   <trkpt lat="38.4034970" lon="-76.8415610">
    <ele>36.0</ele>
   </trkpt>
   <trkpt lat="38.4034240" lon="-76.8415100">
    <ele>37.2</ele>
   </trkpt>
   <trkpt lat="38.4034040" lon="-76.8414710">
    <ele>37.4</ele>
   </trkpt>
   <trkpt lat="38.4034280" lon="-76.8413690">
    <ele>39.0</ele>
   </trkpt>
   <trkpt lat="38.4034730" lon="-76.8413370">
    <ele>39.6</ele>
   </trkpt>
   <trkpt lat="38.4035360" lon="-76.8413170">
    <ele>39.8</ele>
   </trkpt>
   <trkpt lat="38.4036090" lon="-76.8413070">
    <ele>40.2</ele>
   </trkpt>
   <trkpt lat="38.4036750" lon="-76.8413080">
    <ele>40.2</ele>
   </trkpt>
   <trkpt lat="38.4038140" lon="-76.8413790">
    <ele>40.2</ele>
   </trkpt>
   <trkpt lat="38.4038940" lon="-76.8414410">
    <ele>39.2</ele>
   </trkpt>
   <trkpt lat="38.4039820" lon="-76.8414820">
    <ele>35.8</ele>
   </trkpt>
   <trkpt lat="38.4040710" lon="-76.8414970">
    <ele>32.2</ele>
   </trkpt>
   <trkpt lat="38.4041520" lon="-76.8414760">
    <ele>30.0</ele>
   </trkpt>
   <trkpt lat="38.4042120" lon="-76.8414070">
    <ele>29.8</ele>
   </trkpt>
   <trkpt lat="38.4042540" lon="-76.8413140">
    <ele>29.8</ele>
   </trkpt>
   <trkpt lat="38.4043090" lon="-76.8410990">
    <ele>30.2</ele>
   </trkpt>
   <trkpt lat="38.4043280" lon="-76.8409850">
    <ele>31.2</ele>
   </trkpt>
   <trkpt lat="38.4043490" lon="-76.8407640">
    <ele>32.6</ele>
   </trkpt>
   <trkpt lat="38.4043520" lon="-76.8406700">
    <ele>33.8</ele>
   </trkpt>
   <trkpt lat="38.4043590" lon="-76.8405920">
    <ele>36.0</ele>
   </trkpt>
   <trkpt lat="38.4043670" lon="-76.8405140">
    <ele>39.2</ele>
   </trkpt>
   <trkpt lat="38.4043800" lon="-76.8404410">
    <ele>41.0</ele>
   </trkpt>
   <trkpt lat="38.4043870" lon="-76.8403620">
    <ele>41.8</ele>
   </trkpt>
   <trkpt lat="38.4044040" lon="-76.8402600">
    <ele>42.0</ele>
   </trkpt>
   <trkpt lat="38.4044300" lon="-76.8401450">
    <ele>42.4</ele>
   </trkpt>
   <trkpt lat="38.4044730" lon="-76.8400490">
    <ele>42.6</ele>
   </trkpt>
   <trkpt lat="38.4045350" lon="-76.8399920">
    <ele>42.6</ele>
   </trkpt>
   <trkpt lat="38.4046120" lon="-76.8399780">
    <ele>42.4</ele>
   </trkpt>
   <trkpt lat="38.4046920" lon="-76.8399860">
    <ele>42.2</ele>
   </trkpt>
   <trkpt lat="38.4047650" lon="-76.8400150">
    <ele>42.0</ele>
   </trkpt>
   <trkpt lat="38.4049000" lon="-76.8401450">
    <ele>41.0</ele>
   </trkpt>
   <trkpt lat="38.4049700" lon="-76.8403820">
    <ele>39.8</ele>
   </trkpt>
   <trkpt lat="38.4049770" lon="-76.8404970">
    <ele>38.8</ele>
   </trkpt>
   <trkpt lat="38.4049760" lon="-76.8406770">
    <ele>37.8</ele>
   </trkpt>
   <trkpt lat="38.4049580" lon="-76.8408400">
    <ele>37.4</ele>
   </trkpt>
   <trkpt lat="38.4049180" lon="-76.8412080">
    <ele>37.4</ele>
   </trkpt>
   <trkpt lat="38.4048710" lon="-76.8414600">
    <ele>37.0</ele>
   </trkpt>
   <trkpt lat="38.4047700" lon="-76.8417140">
    <ele>35.4</ele>
   </trkpt>
   <trkpt lat="38.4046690" lon="-76.8418340">
    <ele>34.0</ele>
   </trkpt>
   <trkpt lat="38.4045690" lon="-76.8418870">
    <ele>33.6</ele>
   </trkpt>
   <trkpt lat="38.4044090" lon="-76.8419620">
    <ele>32.8</ele>
   </trkpt>
   <trkpt lat="38.4043470" lon="-76.8420230">
    <ele>31.8</ele>
   </trkpt>
   <trkpt lat="38.4042790" lon="-76.8421170">
    <ele>31.4</ele>
   </trkpt>
   <trkpt lat="38.4042450" lon="-76.8422460">
    <ele>29.4</ele>
   </trkpt>
   <trkpt lat="38.4042660" lon="-76.8424940">
    <ele>28.0</ele>
   </trkpt>
   <trkpt lat="38.4041810" lon="-76.8426310">
    <ele>27.4</ele>
   </trkpt>
   <trkpt lat="38.4039640" lon="-76.8426870">
    <ele>26.6</ele>
   </trkpt>
   <trkpt lat="38.4038520" lon="-76.8426880">
    <ele>25.4</ele>
   </trkpt>
   <trkpt lat="38.4037460" lon="-76.8427040">
    <ele>25.0</ele>
   </trkpt>
   <trkpt lat="38.4036570" lon="-76.8427600">
    <ele>23.8</ele>
   </trkpt>
   <trkpt lat="38.4036010" lon="-76.8428290">
    <ele>23.4</ele>
   </trkpt>
   <trkpt lat="38.4034890" lon="-76.8430570">
    <ele>23.4</ele>
   </trkpt>
   <trkpt lat="38.4034570" lon="-76.8431380">
    <ele>23.4</ele>
   </trkpt>
   <trkpt lat="38.4034300" lon="-76.8432060">
    <ele>24.2</ele>
   </trkpt>
   <trkpt lat="38.4033980" lon="-76.8432700">
    <ele>25.0</ele>
   </trkpt>
   <trkpt lat="38.4032090" lon="-76.8435620">
    <ele>25.2</ele>
   </trkpt>
   <trkpt lat="38.4030280" lon="-76.8437270">
    <ele>25.2</ele>
   </trkpt>
   <trkpt lat="38.4029670" lon="-76.8437580">
    <ele>28.0</ele>
   </trkpt>
   <trkpt lat="38.4029070" lon="-76.8437800">
    <ele>29.2</ele>
   </trkpt>
   <trkpt lat="38.4027760" lon="-76.8438140">
    <ele>31.0</ele>
   </trkpt>
   <trkpt lat="38.4027020" lon="-76.8438230">
    <ele>31.8</ele>
   </trkpt>
   <trkpt lat="38.4026380" lon="-76.8438060">
    <ele>32.0</ele>
   </trkpt>
   <trkpt lat="38.4025940" lon="-76.8437620">
    <ele>32.8</ele>
   </trkpt>
   <trkpt lat="38.4025760" lon="-76.8436940">
    <ele>34.0</ele>
   </trkpt>
   <trkpt lat="38.4025630" lon="-76.8435390">
    <ele>35.4</ele>
   </trkpt>
   <trkpt lat="38.4025840" lon="-76.8433710">
    <ele>36.8</ele>
   </trkpt>
   <trkpt lat="38.4026160" lon="-76.8432920">
    <ele>37.0</ele>
   </trkpt>
   <trkpt lat="38.4026670" lon="-76.8432130">
    <ele>37.0</ele>
   </trkpt>
   <trkpt lat="38.4028630" lon="-76.8431020">
    <ele>35.6</ele>
   </trkpt>
   <trkpt lat="38.4029770" lon="-76.8430630">
    <ele>32.2</ele>
   </trkpt>
   <trkpt lat="38.4030810" lon="-76.8430190">
    <ele>28.8</ele>
   </trkpt>
   <trkpt lat="38.4031710" lon="-76.8429780">
    <ele>26.0</ele>
   </trkpt>
   <trkpt lat="38.4032410" lon="-76.8429380">
    <ele>24.8</ele>
   </trkpt>
   <trkpt lat="38.4033070" lon="-76.8428310">
    <ele>24.0</ele>
   </trkpt>
   <trkpt lat="38.4032750" lon="-76.8427390">
    <ele>24.0</ele>
   </trkpt>
   <trkpt lat="38.4031790" lon="-76.8427510">
    <ele>24.6</ele>
   </trkpt>
   <trkpt lat="38.4031110" lon="-76.8427850">
    <ele>24.8</ele>
   </trkpt>
   <trkpt lat="38.4029180" lon="-76.8428860">
    <ele>27.0</ele>
   </trkpt>
   <trkpt lat="38.4028700" lon="-76.8429070">
    <ele>29.8</ele>
   </trkpt>
   <trkpt lat="38.4028220" lon="-76.8429270">
    <ele>32.6</ele>
   </trkpt>
   <trkpt lat="38.4027630" lon="-76.8429530">
    <ele>33.8</ele>
   </trkpt>
   <trkpt lat="38.4026830" lon="-76.8429860">
    <ele>34.6</ele>
   </trkpt>
   <trkpt lat="38.4026130" lon="-76.8430070">
    <ele>35.2</ele>
   </trkpt>
   <trkpt lat="38.4025520" lon="-76.8430280">
    <ele>37.2</ele>
   </trkpt>
   <trkpt lat="38.4024600" lon="-76.8430880">
    <ele>37.6</ele>
   </trkpt>
   <trkpt lat="38.4023990" lon="-76.8431640">
    <ele>37.6</ele>
   </trkpt>
   <trkpt lat="38.4023420" lon="-76.8432450">
    <ele>37.6</ele>
   </trkpt>
   <trkpt lat="38.4022080" lon="-76.8433680">
    <ele>36.8</ele>
   </trkpt>
   <trkpt lat="38.4021120" lon="-76.8434550">
    <ele>35.6</ele>
   </trkpt>
   <trkpt lat="38.4020180" lon="-76.8435390">
    <ele>34.0</ele>
   </trkpt>
   <trkpt lat="38.4019220" lon="-76.8436200">
    <ele>30.6</ele>
   </trkpt>
   <trkpt lat="38.4018360" lon="-76.8436880">
    <ele>28.0</ele>
   </trkpt>
   <trkpt lat="38.4017310" lon="-76.8437720">
    <ele>27.4</ele>
   </trkpt>
   <trkpt lat="38.4016770" lon="-76.8438280">
    <ele>27.4</ele>
   </trkpt>
   <trkpt lat="38.4016120" lon="-76.8439210">
    <ele>27.6</ele>
   </trkpt>
   <trkpt lat="38.4015270" lon="-76.8440750">
    <ele>28.4</ele>
   </trkpt>
   <trkpt lat="38.4014330" lon="-76.8441830">
    <ele>29.6</ele>
   </trkpt>
   <trkpt lat="38.4013890" lon="-76.8442220">
    <ele>30.2</ele>
   </trkpt>
   <trkpt lat="38.4012190" lon="-76.8443320">
    <ele>30.4</ele>
   </trkpt>
   <trkpt lat="38.4011330" lon="-76.8443620">
    <ele>30.6</ele>
   </trkpt>
   <trkpt lat="38.4010630" lon="-76.8443920">
    <ele>30.6</ele>
   </trkpt>
   <trkpt lat="38.4010020" lon="-76.8444110">
    <ele>30.6</ele>
   </trkpt>
   <trkpt lat="38.4009080" lon="-76.8444260">
    <ele>30.8</ele>
   </trkpt>
   <trkpt lat="38.4008360" lon="-76.8444210">
    <ele>30.8</ele>
   </trkpt>
   <trkpt lat="38.4007680" lon="-76.8443960">
    <ele>31.0</ele>
   </trkpt>
   <trkpt lat="38.4006460" lon="-76.8442810">
    <ele>31.0</ele>
   </trkpt>
   <trkpt lat="38.4005860" lon="-76.8440860">
    <ele>32.2</ele>
   </trkpt>
   <trkpt lat="38.4005760" lon="-76.8439660">
    <ele>33.4</ele>
   </trkpt>
   <trkpt lat="38.4005810" lon="-76.8438240">
    <ele>34.4</ele>
   </trkpt>
   <trkpt lat="38.4006070" lon="-76.8437070">
    <ele>35.6</ele>
   </trkpt>
   <trkpt lat="38.4006550" lon="-76.8436000">
    <ele>36.8</ele>
   </trkpt>
   <trkpt lat="38.4007810" lon="-76.8433980">
    <ele>37.8</ele>
   </trkpt>
   <trkpt lat="38.4008330" lon="-76.8432780">
    <ele>38.2</ele>
   </trkpt>
   <trkpt lat="38.4009800" lon="-76.8428750">
    <ele>39.0</ele>
   </trkpt>
   <trkpt lat="38.4009970" lon="-76.8427320">
    <ele>39.2</ele>
   </trkpt>
   <trkpt lat="38.4010010" lon="-76.8425850">
    <ele>39.6</ele>
   </trkpt>
   <trkpt lat="38.4010150" lon="-76.8422910">
    <ele>39.8</ele>
   </trkpt>
   <trkpt lat="38.4011110" lon="-76.8420350">
    <ele>40.0</ele>
   </trkpt>
   <trkpt lat="38.4012000" lon="-76.8419470">
    <ele>40.2</ele>
   </trkpt>
   <trkpt lat="38.4012890" lon="-76.8418770">
    <ele>40.4</ele>
   </trkpt>
   <trkpt lat="38.4013710" lon="-76.8418300">
    <ele>41.2</ele>
   </trkpt>
   <trkpt lat="38.4014460" lon="-76.8418200">
    <ele>41.8</ele>
   </trkpt>
   <trkpt lat="38.4015370" lon="-76.8418390">
    <ele>41.8</ele>
   </trkpt>
   <trkpt lat="38.4017960" lon="-76.8418960">
    <ele>41.0</ele>
   </trkpt>
   <trkpt lat="38.4018510" lon="-76.8418700">
    <ele>40.4</ele>
   </trkpt>
   <trkpt lat="38.4019080" lon="-76.8418230">
    <ele>40.4</ele>
   </trkpt>
   <trkpt lat="38.4019520" lon="-76.8417640">
    <ele>40.2</ele>
   </trkpt>
   <trkpt lat="38.4020100" lon="-76.8416890">
    <ele>40.4</ele>
   </trkpt>
   <trkpt lat="38.4020680" lon="-76.8416420">
    <ele>40.4</ele>
   </trkpt>
   <trkpt lat="38.4021240" lon="-76.8416550">
    <ele>40.6</ele>
   </trkpt>
   <trkpt lat="38.4021250" lon="-76.8417080">
    <ele>40.4</ele>
   </trkpt>
   <trkpt lat="38.4021190" lon="-76.8418730">
    <ele>40.6</ele>
   </trkpt>
   <trkpt lat="38.4021520" lon="-76.8420460">
    <ele>41.2</ele>
   </trkpt>
   <trkpt lat="38.4021300" lon="-76.8422400">
    <ele>41.6</ele>
   </trkpt>
   <trkpt lat="38.4020150" lon="-76.8424050">
    <ele>42.0</ele>
   </trkpt>
   <trkpt lat="38.4019880" lon="-76.8425570">
    <ele>42.2</ele>
   </trkpt>
   <trkpt lat="38.4020290" lon="-76.8425620">
    <ele>42.6</ele>
   </trkpt>
   <trkpt lat="38.4020790" lon="-76.8425250">
    <ele>43.0</ele>
   </trkpt>
   <trkpt lat="38.4021340" lon="-76.8425010">
    <ele>43.0</ele>
   </trkpt>
   <trkpt lat="38.4022610" lon="-76.8425060">
    <ele>43.0</ele>
   </trkpt>
   <trkpt lat="38.4024000" lon="-76.8424240">
    <ele>43.0</ele>
   </trkpt>
   <trkpt lat="38.4024670" lon="-76.8423440">
    <ele>42.0</ele>
   </trkpt>
   <trkpt lat="38.4025870" lon="-76.8422360">
    <ele>37.8</ele>
   </trkpt>
   <trkpt lat="38.4027120" lon="-76.8421570">
    <ele>34.6</ele>
   </trkpt>
   <trkpt lat="38.4029650" lon="-76.8420370">
    <ele>34.4</ele>
   </trkpt>
   <trkpt lat="38.4032400" lon="-76.8419860">
    <ele>37.4</ele>
   </trkpt>
   <trkpt lat="38.4033120" lon="-76.8419850">
    <ele>37.4</ele>
   </trkpt>
   <trkpt lat="38.4034890" lon="-76.8420110">
    <ele>37.4</ele>
   </trkpt>
   <trkpt lat="38.4035850" lon="-76.8420150">
    <ele>34.2</ele>
   </trkpt>
   <trkpt lat="38.4036730" lon="-76.8420110">
    <ele>31.4</ele>
   </trkpt>
   <trkpt lat="38.4037550" lon="-76.8419930">
    <ele>28.8</ele>
   </trkpt>
   <trkpt lat="38.4038050" lon="-76.8419450">
    <ele>28.6</ele>
   </trkpt>
   <trkpt lat="38.4037850" lon="-76.8417860">
    <ele>28.6</ele>
   </trkpt>
   <trkpt lat="38.4036460" lon="-76.8416400">
    <ele>30.6</ele>
   </trkpt>
   <trkpt lat="38.4036040" lon="-76.8416050">
    <ele>32.4</ele>
   </trkpt>
   <trkpt lat="38.4035530" lon="-76.8415780">
    <ele>34.8</ele>
   </trkpt>
   <trkpt lat="38.4034930" lon="-76.8415500">
    <ele>36.0</ele>
   </trkpt>
   <trkpt lat="38.4034440" lon="-76.8415160">
    <ele>37.0</ele>
   </trkpt>
   <trkpt lat="38.4034010" lon="-76.8414700">
    <ele>37.6</ele>
   </trkpt>
   <trkpt lat="38.4033900" lon="-76.8414110">
    <ele>38.4</ele>
   </trkpt>
   <trkpt lat="38.4034260" lon="-76.8413660">
    <ele>39.4</ele>
   </trkpt>
   <trkpt lat="38.4034870" lon="-76.8413430">
    <ele>40.2</ele>
   </trkpt>
   <trkpt lat="38.4035640" lon="-76.8413370">
    <ele>40.6</ele>
   </trkpt>
   <trkpt lat="38.4036430" lon="-76.8413450">
    <ele>40.6</ele>
   </trkpt>
   <trkpt lat="38.4037250" lon="-76.8413740">
    <ele>40.6</ele>
   </trkpt>
   <trkpt lat="38.4039080" lon="-76.8414320">
    <ele>36.8</ele>
   </trkpt>
   <trkpt lat="38.4039980" lon="-76.8414350">
    <ele>33.4</ele>
   </trkpt>
   <trkpt lat="38.4040840" lon="-76.8414010">
    <ele>31.4</ele>
   </trkpt>
   <trkpt lat="38.4041570" lon="-76.8413300">
    <ele>31.0</ele>
   </trkpt>
   <trkpt lat="38.4041940" lon="-76.8412580">
    <ele>31.0</ele>
   </trkpt>
   <trkpt lat="38.4042260" lon="-76.8411540">
    <ele>31.0</ele>
   </trkpt>
   <trkpt lat="38.4042850" lon="-76.8408070">
    <ele>32.4</ele>
   </trkpt>
   <trkpt lat="38.4043130" lon="-76.8407260">
    <ele>33.6</ele>
   </trkpt>
   <trkpt lat="38.4043260" lon="-76.8406510">
    <ele>34.6</ele>
   </trkpt>
   <trkpt lat="38.4043230" lon="-76.8405840">
    <ele>37.0</ele>
   </trkpt>
   <trkpt lat="38.4043210" lon="-76.8405000">
    <ele>39.8</ele>
   </trkpt>
   <trkpt lat="38.4043250" lon="-76.8404300">
    <ele>41.2</ele>
   </trkpt>
   <trkpt lat="38.4043350" lon="-76.8403210">
    <ele>43.0</ele>
   </trkpt>
   <trkpt lat="38.4043470" lon="-76.8402360">
    <ele>43.0</ele>
   </trkpt>
   <trkpt lat="38.4043990" lon="-76.8400560">
    <ele>43.0</ele>
   </trkpt>
   <trkpt lat="38.4044210" lon="-76.8398590">
    <ele>42.8</ele>
   </trkpt>
   <trkpt lat="38.4044330" lon="-76.8397940">
    <ele>43.6</ele>
   </trkpt>
   <trkpt lat="38.4044380" lon="-76.8397440">
    <ele>43.8</ele>
   </trkpt>
   <trkpt lat="38.4045150" lon="-76.8396520">
    <ele>43.8</ele>
   </trkpt>
   <trkpt lat="38.4045330" lon="-76.8396580">
    <ele>43.8</ele>
   </trkpt>
   <trkpt lat="38.4045720" lon="-76.8397030">
    <ele>43.6</ele>
   </trkpt>
   <trkpt lat="38.4045720" lon="-76.8397030">
    <ele>43.6</ele>
   </trkpt>
   <trkpt lat="38.4045720" lon="-76.8397030">
    <ele>43.6</ele>
   </trkpt>
   <trkpt lat="38.4045720" lon="-76.8397030">
    <ele>43.6</ele>
   </trkpt>
   <trkpt lat="38.4045720" lon="-76.8397030">
    <ele>43.6</ele>
   </trkpt>
   <trkpt lat="38.4046030" lon="-76.8396990">
    <ele>43.6</ele>
   </trkpt>
   <trkpt lat="38.4046290" lon="-76.8397140">
    <ele>43.6</ele>
   </trkpt>
   <trkpt lat="38.4047000" lon="-76.8397810">
    <ele>43.0</ele>
   </trkpt>
   <trkpt lat="38.4047350" lon="-76.8398120">
    <ele>43.0</ele>
   </trkpt>
   <trkpt lat="38.4047630" lon="-76.8398350">
    <ele>42.6</ele>
   </trkpt>
   <trkpt lat="38.4047860" lon="-76.8398660">
    <ele>42.4</ele>
   </trkpt>
   <trkpt lat="38.4048040" lon="-76.8399050">
    <ele>42.4</ele>
   </trkpt>
   <trkpt lat="38.4048240" lon="-76.8400130">
    <ele>41.8</ele>
   </trkpt>
   <trkpt lat="38.4048410" lon="-76.8400770">
    <ele>41.6</ele>
   </trkpt>
   <trkpt lat="38.4049100" lon="-76.8402580">
    <ele>41.2</ele>
   </trkpt>
   <trkpt lat="38.4049450" lon="-76.8403970">
    <ele>40.4</ele>
   </trkpt>
   <trkpt lat="38.4049590" lon="-76.8405310">
    <ele>39.6</ele>
   </trkpt>
   <trkpt lat="38.4049570" lon="-76.8406790">
    <ele>38.2</ele>
   </trkpt>
   <trkpt lat="38.4049470" lon="-76.8408370">
    <ele>37.8</ele>
   </trkpt>
   <trkpt lat="38.4048950" lon="-76.8412060">
    <ele>37.8</ele>
   </trkpt>
   <trkpt lat="38.4048800" lon="-76.8413200">
    <ele>37.0</ele>
   </trkpt>
   <trkpt lat="38.4048160" lon="-76.8415970">
    <ele>37.0</ele>
   </trkpt>
   <trkpt lat="38.4047610" lon="-76.8417360">
    <ele>35.8</ele>
   </trkpt>
   <trkpt lat="38.4047050" lon="-76.8418540">
    <ele>34.4</ele>
   </trkpt>
   <trkpt lat="38.4046430" lon="-76.8419270">
    <ele>33.4</ele>
   </trkpt>
   <trkpt lat="38.4045840" lon="-76.8419650">
    <ele>33.2</ele>
   </trkpt>
   <trkpt lat="38.4045520" lon="-76.8419720">
    <ele>32.4</ele>
   </trkpt>
   <trkpt lat="38.4045300" lon="-76.8419760">
    <ele>32.0</ele>
   </trkpt>
   <trkpt lat="38.4045280" lon="-76.8419710">
    <ele>32.0</ele>
   </trkpt>
   <trkpt lat="38.4045060" lon="-76.8419560">
    <ele>32.0</ele>
   </trkpt>
   <trkpt lat="38.4044210" lon="-76.8420020">
    <ele>32.4</ele>
   </trkpt>
   <trkpt lat="38.4043800" lon="-76.8420510">
    <ele>32.4</ele>
   </trkpt>
   <trkpt lat="38.4042790" lon="-76.8422730">
    <ele>30.2</ele>
   </trkpt>
   <trkpt lat="38.4042880" lon="-76.8423980">
    <ele>28.6</ele>
   </trkpt>
   <trkpt lat="38.4042880" lon="-76.8425010">
    <ele>28.2</ele>
   </trkpt>
   <trkpt lat="38.4041870" lon="-76.8426110">
    <ele>27.4</ele>
   </trkpt>
   <trkpt lat="38.4038850" lon="-76.8426760">
    <ele>25.6</ele>
   </trkpt>
   <trkpt lat="38.4036540" lon="-76.8427350">
    <ele>24.2</ele>
   </trkpt>
   <trkpt lat="38.4035890" lon="-76.8428000">
    <ele>23.6</ele>
   </trkpt>
   <trkpt lat="38.4035210" lon="-76.8429280">
    <ele>23.4</ele>
   </trkpt>
   <trkpt lat="38.4034820" lon="-76.8430390">
    <ele>23.4</ele>
   </trkpt>
   <trkpt lat="38.4034230" lon="-76.8431930">
    <ele>23.6</ele>
   </trkpt>
   <trkpt lat="38.4033930" lon="-76.8432610">
    <ele>25.0</ele>
   </trkpt>
   <trkpt lat="38.4033480" lon="-76.8433440">
    <ele>25.0</ele>
   </trkpt>
   <trkpt lat="38.4032030" lon="-76.8435420">
    <ele>25.2</ele>
   </trkpt>
   <trkpt lat="38.4029850" lon="-76.8437350">
    <ele>25.2</ele>
   </trkpt>
   <trkpt lat="38.4029300" lon="-76.8437580">
    <ele>27.4</ele>
   </trkpt>
   <trkpt lat="38.4028790" lon="-76.8437720">
    <ele>29.0</ele>
   </trkpt>
   <trkpt lat="38.4028160" lon="-76.8437880">
    <ele>29.4</ele>
   </trkpt>
   <trkpt lat="38.4027510" lon="-76.8437970">
    <ele>31.2</ele>
   </trkpt>
   <trkpt lat="38.4026330" lon="-76.8437530">
    <ele>32.2</ele>
   </trkpt>
   <trkpt lat="38.4025890" lon="-76.8436900">
    <ele>34.4</ele>
   </trkpt>
   <trkpt lat="38.4025720" lon="-76.8436210">
    <ele>34.8</ele>
   </trkpt>
   <trkpt lat="38.4025620" lon="-76.8435580">
    <ele>35.4</ele>
   </trkpt>
   <trkpt lat="38.4025590" lon="-76.8434550">
    <ele>36.0</ele>
   </trkpt>
   <trkpt lat="38.4025730" lon="-76.8433700">
    <ele>37.0</ele>
   </trkpt>
   <trkpt lat="38.4026050" lon="-76.8432830">
    <ele>37.2</ele>
   </trkpt>
   <trkpt lat="38.4027180" lon="-76.8431520">
    <ele>37.2</ele>
   </trkpt>
   <trkpt lat="38.4029270" lon="-76.8430760">
    <ele>33.4</ele>
   </trkpt>
   <trkpt lat="38.4030330" lon="-76.8430420">
    <ele>30.0</ele>
   </trkpt>
   <trkpt lat="38.4031340" lon="-76.8430110">
    <ele>27.0</ele>
   </trkpt>
   <trkpt lat="38.4032250" lon="-76.8429770">
    <ele>25.4</ele>
   </trkpt>
   <trkpt lat="38.4033110" lon="-76.8429110">
    <ele>24.6</ele>
   </trkpt>
   <trkpt lat="38.4033440" lon="-76.8428290">
    <ele>24.0</ele>
   </trkpt>
   <trkpt lat="38.4033420" lon="-76.8427690">
    <ele>24.0</ele>
   </trkpt>
   <trkpt lat="38.4033110" lon="-76.8427030">
    <ele>24.0</ele>
   </trkpt>
   <trkpt lat="38.4032640" lon="-76.8426820">
    <ele>24.2</ele>
   </trkpt>
   <trkpt lat="38.4031620" lon="-76.8427270">
    <ele>24.6</ele>
   </trkpt>
   <trkpt lat="38.4031200" lon="-76.8427370">
    <ele>24.8</ele>
   </trkpt>
   <trkpt lat="38.4030550" lon="-76.8427470">
    <ele>25.0</ele>
   </trkpt>
   <trkpt lat="38.4029150" lon="-76.8427380">
    <ele>26.2</ele>
   </trkpt>
   <trkpt lat="38.4028450" lon="-76.8427400">
    <ele>26.6</ele>
   </trkpt>
   <trkpt lat="38.4027790" lon="-76.8427580">
    <ele>28.0</ele>
   </trkpt>
   <trkpt lat="38.4027160" lon="-76.8427860">
    <ele>29.4</ele>
   </trkpt>
   <trkpt lat="38.4026520" lon="-76.8428130">
    <ele>31.2</ele>
   </trkpt>
   <trkpt lat="38.4025870" lon="-76.8428470">
    <ele>32.8</ele>
   </trkpt>
   <trkpt lat="38.4025310" lon="-76.8428930">
    <ele>34.0</ele>
   </trkpt>
   <trkpt lat="38.4024880" lon="-76.8429670">
    <ele>35.0</ele>
   </trkpt>
   <trkpt lat="38.4024520" lon="-76.8430500">
    <ele>36.6</ele>
   </trkpt>
   <trkpt lat="38.4023800" lon="-76.8432140">
    <ele>37.4</ele>
   </trkpt>
   <trkpt lat="38.4022720" lon="-76.8433460">
    <ele>37.4</ele>
   </trkpt>
   <trkpt lat="38.4022170" lon="-76.8433950">
    <ele>36.4</ele>
   </trkpt>
   <trkpt lat="38.4021310" lon="-76.8434750">
    <ele>35.4</ele>
   </trkpt>
   <trkpt lat="38.4020660" lon="-76.8435390">
    <ele>33.0</ele>
   </trkpt>
   <trkpt lat="38.4019670" lon="-76.8436330">
    <ele>30.4</ele>
   </trkpt>
   <trkpt lat="38.4018910" lon="-76.8436930">
    <ele>28.8</ele>
   </trkpt>
   <trkpt lat="38.4018460" lon="-76.8437320">
    <ele>27.8</ele>
   </trkpt>
   <trkpt lat="38.4018030" lon="-76.8437700">
    <ele>27.8</ele>
   </trkpt>
   <trkpt lat="38.4017510" lon="-76.8438130">
    <ele>27.8</ele>
   </trkpt>
   <trkpt lat="38.4015950" lon="-76.8440250">
    <ele>28.4</ele>
   </trkpt>
   <trkpt lat="38.4015500" lon="-76.8440790">
    <ele>29.0</ele>
   </trkpt>
   <trkpt lat="38.4014290" lon="-76.8442170">
    <ele>30.4</ele>
   </trkpt>
   <trkpt lat="38.4012190" lon="-76.8443680">
    <ele>30.6</ele>
   </trkpt>
   <trkpt lat="38.4011280" lon="-76.8444120">
    <ele>31.0</ele>
   </trkpt>
   <trkpt lat="38.4010500" lon="-76.8444320">
    <ele>31.0</ele>
   </trkpt>
   <trkpt lat="38.4009870" lon="-76.8444380">
    <ele>31.0</ele>
   </trkpt>
   <trkpt lat="38.4007920" lon="-76.8444080">
    <ele>31.0</ele>
   </trkpt>
   <trkpt lat="38.4006720" lon="-76.8443050">
    <ele>31.2</ele>
   </trkpt>
   <trkpt lat="38.4006390" lon="-76.8442330">
    <ele>31.2</ele>
   </trkpt>
   <trkpt lat="38.4006210" lon="-76.8441280">
    <ele>32.2</ele>
   </trkpt>
   <trkpt lat="38.4006140" lon="-76.8440260">
    <ele>33.4</ele>
   </trkpt>
   <trkpt lat="38.4006140" lon="-76.8438980">
    <ele>34.4</ele>
   </trkpt>
   <trkpt lat="38.4006320" lon="-76.8437780">
    <ele>35.6</ele>
   </trkpt>
   <trkpt lat="38.4006770" lon="-76.8436600">
    <ele>36.6</ele>
   </trkpt>
   <trkpt lat="38.4007370" lon="-76.8435590">
    <ele>37.6</ele>
   </trkpt>
   <trkpt lat="38.4008000" lon="-76.8434550">
    <ele>38.0</ele>
   </trkpt>
   <trkpt lat="38.4008540" lon="-76.8433440">
    <ele>38.2</ele>
   </trkpt>
   <trkpt lat="38.4010060" lon="-76.8427940">
    <ele>39.0</ele>
   </trkpt>
   <trkpt lat="38.4010060" lon="-76.8426460">
    <ele>39.4</ele>
   </trkpt>
   <trkpt lat="38.4010050" lon="-76.8423240">
    <ele>39.8</ele>
   </trkpt>
   <trkpt lat="38.4010950" lon="-76.8420950">
    <ele>40.0</ele>
   </trkpt>
   <trkpt lat="38.4012860" lon="-76.8419000">
    <ele>40.2</ele>
   </trkpt>
   <trkpt lat="38.4013650" lon="-76.8418460">
    <ele>40.8</ele>
   </trkpt>
   <trkpt lat="38.4014420" lon="-76.8418190">
    <ele>41.8</ele>
   </trkpt>
   <trkpt lat="38.4015370" lon="-76.8418260">
    <ele>41.8</ele>
   </trkpt>
   <trkpt lat="38.4016300" lon="-76.8418540">
    <ele>41.8</ele>
   </trkpt>
   <trkpt lat="38.4018000" lon="-76.8418780">
    <ele>40.8</ele>
   </trkpt>
   <trkpt lat="38.4019080" lon="-76.8418050">
    <ele>40.2</ele>
   </trkpt>
   <trkpt lat="38.4019710" lon="-76.8417030">
    <ele>39.8</ele>
   </trkpt>
   <trkpt lat="38.4020010" lon="-76.8416660">
    <ele>40.0</ele>
   </trkpt>
   <trkpt lat="38.4020520" lon="-76.8416150">
    <ele>40.4</ele>
   </trkpt>
   <trkpt lat="38.4020850" lon="-76.8416020">
    <ele>40.4</ele>
   </trkpt>
   <trkpt lat="38.4021270" lon="-76.8416550">
    <ele>40.4</ele>
   </trkpt>
   <trkpt lat="38.4021170" lon="-76.8418500">
    <ele>40.4</ele>
   </trkpt>
   <trkpt lat="38.4021270" lon="-76.8419250">
    <ele>40.4</ele>
   </trkpt>
   <trkpt lat="38.4021480" lon="-76.8421230">
    <ele>41.4</ele>
   </trkpt>
   <trkpt lat="38.4021350" lon="-76.8422040">
    <ele>41.6</ele>
   </trkpt>
   <trkpt lat="38.4020930" lon="-76.8422990">
    <ele>41.6</ele>
   </trkpt>
   <trkpt lat="38.4020330" lon="-76.8424040">
    <ele>41.6</ele>
   </trkpt>
   <trkpt lat="38.4020030" lon="-76.8424830">
    <ele>42.0</ele>
   </trkpt>
   <trkpt lat="38.4020150" lon="-76.8425430">
    <ele>42.0</ele>
   </trkpt>
   <trkpt lat="38.4020950" lon="-76.8425350">
    <ele>43.0</ele>
   </trkpt>
   <trkpt lat="38.4021490" lon="-76.8425230">
    <ele>43.0</ele>
   </trkpt>
   <trkpt lat="38.4022150" lon="-76.8425310">
    <ele>43.0</ele>
   </trkpt>
   <trkpt lat="38.4022880" lon="-76.8425360">
    <ele>43.0</ele>
   </trkpt>
   <trkpt lat="38.4024300" lon="-76.8424860">
    <ele>42.8</ele>
   </trkpt>
   <trkpt lat="38.4026530" lon="-76.8423020">
    <ele>38.2</ele>
   </trkpt>
   <trkpt lat="38.4027630" lon="-76.8422210">
    <ele>34.4</ele>
   </trkpt>
   <trkpt lat="38.4029860" lon="-76.8420980">
    <ele>34.2</ele>
   </trkpt>
   <trkpt lat="38.4030970" lon="-76.8420610">
    <ele>34.2</ele>
   </trkpt>
   <trkpt lat="38.4032240" lon="-76.8420360">
    <ele>36.2</ele>
   </trkpt>
   <trkpt lat="38.4032950" lon="-76.8420370">
    <ele>37.2</ele>
   </trkpt>
   <trkpt lat="38.4034790" lon="-76.8420780">
    <ele>37.2</ele>
   </trkpt>
   <trkpt lat="38.4036670" lon="-76.8421150">
    <ele>31.6</ele>
   </trkpt>
   <trkpt lat="38.4037590" lon="-76.8421150">
    <ele>29.2</ele>
   </trkpt>
   <trkpt lat="38.4038180" lon="-76.8420780">
    <ele>27.8</ele>
   </trkpt>
   <trkpt lat="38.4038510" lon="-76.8420120">
    <ele>27.8</ele>
   </trkpt>
   <trkpt lat="38.4038430" lon="-76.8419200">
    <ele>28.0</ele>
   </trkpt>
   <trkpt lat="38.4038140" lon="-76.8418320">
    <ele>28.0</ele>
   </trkpt>
   <trkpt lat="38.4037280" lon="-76.8417080">
    <ele>29.2</ele>
   </trkpt>
   <trkpt lat="38.4036130" lon="-76.8416140">
    <ele>32.0</ele>
   </trkpt>
   <trkpt lat="38.4035610" lon="-76.8415800">
    <ele>34.0</ele>
   </trkpt>
   <trkpt lat="38.4035000" lon="-76.8415510">
    <ele>36.0</ele>
   </trkpt>
   <trkpt lat="38.4034360" lon="-76.8415140">
    <ele>36.8</ele>
   </trkpt>
   <trkpt lat="38.4033990" lon="-76.8414640">
    <ele>37.6</ele>
   </trkpt>
   <trkpt lat="38.4034000" lon="-76.8414060">
    <ele>38.2</ele>
   </trkpt>
   <trkpt lat="38.4034370" lon="-76.8413650">
    <ele>39.6</ele>
   </trkpt>
   <trkpt lat="38.4034970" lon="-76.8413400">
    <ele>40.2</ele>
   </trkpt>
   <trkpt lat="38.4035740" lon="-76.8413320">
    <ele>40.4</ele>
   </trkpt>
   <trkpt lat="38.4037300" lon="-76.8413560">
    <ele>40.4</ele>
   </trkpt>
   <trkpt lat="38.4039070" lon="-76.8414590">
    <ele>37.2</ele>
   </trkpt>
   <trkpt lat="38.4039990" lon="-76.8414780">
    <ele>33.0</ele>
   </trkpt>
   <trkpt lat="38.4040830" lon="-76.8414670">
    <ele>30.6</ele>
   </trkpt>
   <trkpt lat="38.4042020" lon="-76.8413450">
    <ele>30.0</ele>
   </trkpt>
   <trkpt lat="38.4042720" lon="-76.8410160">
    <ele>31.2</ele>
   </trkpt>
   <trkpt lat="38.4042900" lon="-76.8409070">
    <ele>31.6</ele>
   </trkpt>
   <trkpt lat="38.4043110" lon="-76.8407230">
    <ele>33.4</ele>
   </trkpt>
   <trkpt lat="38.4043170" lon="-76.8406390">
    <ele>35.0</ele>
   </trkpt>
   <trkpt lat="38.4043290" lon="-76.8405640">
    <ele>37.6</ele>
   </trkpt>
   <trkpt lat="38.4043390" lon="-76.8404930">
    <ele>40.6</ele>
   </trkpt>
   <trkpt lat="38.4043560" lon="-76.8404210">
    <ele>41.8</ele>
   </trkpt>
   <trkpt lat="38.4043790" lon="-76.8402430">
    <ele>42.6</ele>
   </trkpt>
   <trkpt lat="38.4044090" lon="-76.8401290">
    <ele>43.0</ele>
   </trkpt>
   <trkpt lat="38.4044620" lon="-76.8400460">
    <ele>43.2</ele>
   </trkpt>
   <trkpt lat="38.4045360" lon="-76.8400040">
    <ele>43.2</ele>
   </trkpt>
   <trkpt lat="38.4046200" lon="-76.8399890">
    <ele>42.8</ele>
   </trkpt>
   <trkpt lat="38.4048050" lon="-76.8400110">
    <ele>42.6</ele>
   </trkpt>
   <trkpt lat="38.4049480" lon="-76.8401680">
    <ele>41.6</ele>
   </trkpt>
   <trkpt lat="38.4049870" lon="-76.8404610">
    <ele>40.4</ele>
   </trkpt>
   <trkpt lat="38.4049870" lon="-76.8406130">
    <ele>38.8</ele>
   </trkpt>
   <trkpt lat="38.4049710" lon="-76.8408940">
    <ele>38.2</ele>
   </trkpt>
   <trkpt lat="38.4049550" lon="-76.8410200">
    <ele>38.4</ele>
   </trkpt>
   <trkpt lat="38.4049220" lon="-76.8412770">
    <ele>37.4</ele>
   </trkpt>
   <trkpt lat="38.4048970" lon="-76.8414090">
    <ele>37.4</ele>
   </trkpt>
   <trkpt lat="38.4048170" lon="-76.8416650">
    <ele>36.8</ele>
   </trkpt>
   <trkpt lat="38.4047480" lon="-76.8417970">
    <ele>35.2</ele>
   </trkpt>
   <trkpt lat="38.4046460" lon="-76.8419020">
    <ele>34.4</ele>
   </trkpt>
   <trkpt lat="38.4045430" lon="-76.8419510">
    <ele>34.0</ele>
   </trkpt>
   <trkpt lat="38.4044510" lon="-76.8419850">
    <ele>33.8</ele>
   </trkpt>
   <trkpt lat="38.4043760" lon="-76.8420280">
    <ele>32.8</ele>
   </trkpt>
   <trkpt lat="38.4043210" lon="-76.8421210">
    <ele>32.2</ele>
   </trkpt>
   <trkpt lat="38.4043020" lon="-76.8422180">
    <ele>30.2</ele>
   </trkpt>
   <trkpt lat="38.4043060" lon="-76.8423480">
    <ele>29.0</ele>
   </trkpt>
   <trkpt lat="38.4042710" lon="-76.8425830">
    <ele>28.6</ele>
   </trkpt>
   <trkpt lat="38.4040960" lon="-76.8426710">
    <ele>28.2</ele>
   </trkpt>
   <trkpt lat="38.4039930" lon="-76.8426930">
    <ele>28.0</ele>
   </trkpt>
   <trkpt lat="38.4038870" lon="-76.8426980">
    <ele>26.4</ele>
   </trkpt>
   <trkpt lat="38.4037860" lon="-76.8427050">
    <ele>25.8</ele>
   </trkpt>
   <trkpt lat="38.4037120" lon="-76.8427270">
    <ele>25.2</ele>
   </trkpt>
   <trkpt lat="38.4036110" lon="-76.8427900">
    <ele>24.6</ele>
   </trkpt>
   <trkpt lat="38.4035600" lon="-76.8428910">
    <ele>23.8</ele>
   </trkpt>
   <trkpt lat="38.4034480" lon="-76.8432310">
    <ele>25.4</ele>
   </trkpt>
   <trkpt lat="38.4032970" lon="-76.8434770">
    <ele>26.0</ele>
   </trkpt>
   <trkpt lat="38.4032150" lon="-76.8435800">
    <ele>25.8</ele>
   </trkpt>
   <trkpt lat="38.4031370" lon="-76.8436660">
    <ele>25.8</ele>
   </trkpt>
   <trkpt lat="38.4030200" lon="-76.8437440">
    <ele>25.8</ele>
   </trkpt>
   <trkpt lat="38.4029630" lon="-76.8437670">
    <ele>28.6</ele>
   </trkpt>
   <trkpt lat="38.4029040" lon="-76.8437880">
    <ele>29.8</ele>
   </trkpt>
   <trkpt lat="38.4028470" lon="-76.8438060">
    <ele>30.2</ele>
   </trkpt>
   <trkpt lat="38.4027640" lon="-76.8438210">
    <ele>32.0</ele>
   </trkpt>
   <trkpt lat="38.4026950" lon="-76.8438220">
    <ele>32.8</ele>
   </trkpt>
   <trkpt lat="38.4026430" lon="-76.8438090">
    <ele>33.0</ele>
   </trkpt>
   <trkpt lat="38.4026160" lon="-76.8437640">
    <ele>34.0</ele>
   </trkpt>
   <trkpt lat="38.4025910" lon="-76.8436740">
    <ele>35.0</ele>
   </trkpt>
   <trkpt lat="38.4025750" lon="-76.8434930">
    <ele>36.4</ele>
   </trkpt>
   <trkpt lat="38.4026040" lon="-76.8433430">
    <ele>38.0</ele>
   </trkpt>
   <trkpt lat="38.4026910" lon="-76.8432200">
    <ele>38.0</ele>
   </trkpt>
   <trkpt lat="38.4027430" lon="-76.8431740">
    <ele>38.0</ele>
   </trkpt>
   <trkpt lat="38.4028280" lon="-76.8431280">
    <ele>37.2</ele>
   </trkpt>
   <trkpt lat="38.4029390" lon="-76.8430850">
    <ele>34.8</ele>
   </trkpt>
   <trkpt lat="38.4030110" lon="-76.8430590">
    <ele>31.6</ele>
   </trkpt>
   <trkpt lat="38.4031160" lon="-76.8430250">
    <ele>28.8</ele>
   </trkpt>
   <trkpt lat="38.4031750" lon="-76.8430020">
    <ele>27.2</ele>
   </trkpt>
   <trkpt lat="38.4032420" lon="-76.8429670">
    <ele>26.0</ele>
   </trkpt>
   <trkpt lat="38.4033010" lon="-76.8429170">
    <ele>25.0</ele>
   </trkpt>
   <trkpt lat="38.4033460" lon="-76.8428550">
    <ele>24.8</ele>
   </trkpt>
   <trkpt lat="38.4033520" lon="-76.8428190">
    <ele>24.8</ele>
   </trkpt>
   <trkpt lat="38.4032840" lon="-76.8427390">
    <ele>24.8</ele>
   </trkpt>
   <trkpt lat="38.4030860" lon="-76.8427900">
    <ele>25.4</ele>
   </trkpt>
   <trkpt lat="38.4029720" lon="-76.8428650">
    <ele>26.4</ele>
   </trkpt>
   <trkpt lat="38.4029080" lon="-76.8429170">
    <ele>29.4</ele>
   </trkpt>
   <trkpt lat="38.4028880" lon="-76.8429250">
    <ele>31.2</ele>
   </trkpt>
   <trkpt lat="38.4028600" lon="-76.8429240">
    <ele>32.8</ele>
   </trkpt>
   <trkpt lat="38.4028160" lon="-76.8429240">
    <ele>34.0</ele>
   </trkpt>
   <trkpt lat="38.4027460" lon="-76.8429330">
    <ele>34.4</ele>
   </trkpt>
   <trkpt lat="38.4026800" lon="-76.8429510">
    <ele>35.2</ele>
   </trkpt>
   <trkpt lat="38.4026210" lon="-76.8429800">
    <ele>35.6</ele>
   </trkpt>
   <trkpt lat="38.4025690" lon="-76.8430140">
    <ele>37.0</ele>
   </trkpt>
   <trkpt lat="38.4025070" lon="-76.8430590">
    <ele>38.2</ele>
   </trkpt>
   <trkpt lat="38.4023380" lon="-76.8432980">
    <ele>38.2</ele>
   </trkpt>
   <trkpt lat="38.4021750" lon="-76.8434500">
    <ele>36.2</ele>
   </trkpt>
   <trkpt lat="38.4020990" lon="-76.8435190">
    <ele>35.4</ele>
   </trkpt>
   <trkpt lat="38.4020060" lon="-76.8436030">
    <ele>32.2</ele>
   </trkpt>
   <trkpt lat="38.4019230" lon="-76.8436660">
    <ele>29.4</ele>
   </trkpt>
   <trkpt lat="38.4018340" lon="-76.8437200">
    <ele>28.2</ele>
   </trkpt>
   <trkpt lat="38.4017420" lon="-76.8437920">
    <ele>28.2</ele>
   </trkpt>
   <trkpt lat="38.4017010" lon="-76.8438480">
    <ele>28.2</ele>
   </trkpt>
   <trkpt lat="38.4015660" lon="-76.8440770">
    <ele>29.0</ele>
   </trkpt>
   <trkpt lat="38.4015260" lon="-76.8441290">
    <ele>29.6</ele>
   </trkpt>
   <trkpt lat="38.4014600" lon="-76.8441950">
    <ele>30.8</ele>
   </trkpt>
   <trkpt lat="38.4012580" lon="-76.8443390">
    <ele>31.2</ele>
   </trkpt>
   <trkpt lat="38.4010410" lon="-76.8444150">
    <ele>31.4</ele>
   </trkpt>
   <trkpt lat="38.4009840" lon="-76.8444260">
    <ele>31.4</ele>
   </trkpt>
   <trkpt lat="38.4008650" lon="-76.8444230">
    <ele>31.4</ele>
   </trkpt>
   <trkpt lat="38.4007970" lon="-76.8444010">
    <ele>31.4</ele>
   </trkpt>
   <trkpt lat="38.4007300" lon="-76.8443570">
    <ele>31.6</ele>
   </trkpt>
   <trkpt lat="38.4006140" lon="-76.8442080">
    <ele>31.6</ele>
   </trkpt>
   <trkpt lat="38.4005670" lon="-76.8440790">
    <ele>32.4</ele>
   </trkpt>
   <trkpt lat="38.4005520" lon="-76.8439660">
    <ele>34.2</ele>
   </trkpt>
   <trkpt lat="38.4005600" lon="-76.8438470">
    <ele>35.2</ele>
   </trkpt>
   <trkpt lat="38.4005860" lon="-76.8437290">
    <ele>36.2</ele>
   </trkpt>
   <trkpt lat="38.4006340" lon="-76.8436270">
    <ele>37.2</ele>
   </trkpt>
   <trkpt lat="38.4006990" lon="-76.8435400">
    <ele>38.0</ele>
   </trkpt>
   <trkpt lat="38.4007520" lon="-76.8434660">
    <ele>38.6</ele>
   </trkpt>
   <trkpt lat="38.4008090" lon="-76.8433580">
    <ele>38.6</ele>
   </trkpt>
   <trkpt lat="38.4009900" lon="-76.8427950">
    <ele>39.6</ele>
   </trkpt>
   <trkpt lat="38.4009960" lon="-76.8423450">
    <ele>40.2</ele>
   </trkpt>
   <trkpt lat="38.4010870" lon="-76.8420830">
    <ele>40.4</ele>
   </trkpt>
   <trkpt lat="38.4013430" lon="-76.8418480">
    <ele>41.0</ele>
   </trkpt>
   <trkpt lat="38.4015180" lon="-76.8418300">
    <ele>42.0</ele>
   </trkpt>
   <trkpt lat="38.4017100" lon="-76.8418840">
    <ele>42.0</ele>
   </trkpt>
   <trkpt lat="38.4017960" lon="-76.8418850">
    <ele>41.4</ele>
   </trkpt>
   <trkpt lat="38.4018630" lon="-76.8418590">
    <ele>40.6</ele>
   </trkpt>
   <trkpt lat="38.4019060" lon="-76.8418230">
    <ele>40.4</ele>
   </trkpt>
   <trkpt lat="38.4019340" lon="-76.8417880">
    <ele>40.4</ele>
   </trkpt>
   <trkpt lat="38.4019800" lon="-76.8417160">
    <ele>40.4</ele>
   </trkpt>
   <trkpt lat="38.4020110" lon="-76.8416810">
    <ele>40.4</ele>
   </trkpt>
   <trkpt lat="38.4020610" lon="-76.8416360">
    <ele>40.6</ele>
   </trkpt>
   <trkpt lat="38.4021130" lon="-76.8416360">
    <ele>40.6</ele>
   </trkpt>
   <trkpt lat="38.4021190" lon="-76.8416880">
    <ele>40.6</ele>
   </trkpt>
   <trkpt lat="38.4021120" lon="-76.8418690">
    <ele>40.6</ele>
   </trkpt>
   <trkpt lat="38.4021250" lon="-76.8419590">
    <ele>40.8</ele>
   </trkpt>
   <trkpt lat="38.4021470" lon="-76.8421570">
    <ele>41.6</ele>
   </trkpt>
   <trkpt lat="38.4021250" lon="-76.8422510">
    <ele>41.8</ele>
   </trkpt>
   <trkpt lat="38.4020880" lon="-76.8423070">
    <ele>42.0</ele>
   </trkpt>
   <trkpt lat="38.4020480" lon="-76.8423650">
    <ele>42.2</ele>
   </trkpt>
   <trkpt lat="38.4020160" lon="-76.8424180">
    <ele>42.2</ele>
   </trkpt>
   <trkpt lat="38.4020100" lon="-76.8424680">
    <ele>42.6</ele>
   </trkpt>
   <trkpt lat="38.4020130" lon="-76.8424790">
    <ele>43.4</ele>
   </trkpt>
   <trkpt lat="38.4020220" lon="-76.8424930">
    <ele>43.4</ele>
   </trkpt>
   <trkpt lat="38.4020670" lon="-76.8425170">
    <ele>43.2</ele>
   </trkpt>
   <trkpt lat="38.4021670" lon="-76.8424390">
    <ele>43.4</ele>
   </trkpt>
   <trkpt lat="38.4023340" lon="-76.8424540">
    <ele>43.0</ele>
   </trkpt>
   <trkpt lat="38.4025010" lon="-76.8423410">
    <ele>42.8</ele>
   </trkpt>
   <trkpt lat="38.4025910" lon="-76.8422510">
    <ele>39.8</ele>
   </trkpt>
   <trkpt lat="38.4026940" lon="-76.8421760">
    <ele>35.4</ele>
   </trkpt>
   <trkpt lat="38.4028010" lon="-76.8421140">
    <ele>34.2</ele>
   </trkpt>
   <trkpt lat="38.4031090" lon="-76.8419910">
    <ele>34.2</ele>
   </trkpt>
   <trkpt lat="38.4031830" lon="-76.8419790">
    <ele>34.6</ele>
   </trkpt>
   <trkpt lat="38.4032520" lon="-76.8419810">
    <ele>37.4</ele>
   </trkpt>
   <trkpt lat="38.4034150" lon="-76.8419950">
    <ele>37.4</ele>
   </trkpt>
   <trkpt lat="38.4036010" lon="-76.8420170">
    <ele>34.8</ele>
   </trkpt>
   <trkpt lat="38.4036890" lon="-76.8420120">
    <ele>31.2</ele>
   </trkpt>
   <trkpt lat="38.4037620" lon="-76.8419890">
    <ele>29.0</ele>
   </trkpt>
   <trkpt lat="38.4038240" lon="-76.8418580">
    <ele>28.6</ele>
   </trkpt>
   <trkpt lat="38.4037710" lon="-76.8417160">
    <ele>28.8</ele>
   </trkpt>
   <trkpt lat="38.4037300" lon="-76.8416580">
    <ele>29.8</ele>
   </trkpt>
   <trkpt lat="38.4036820" lon="-76.8416130">
    <ele>31.0</ele>
   </trkpt>
   <trkpt lat="38.4036430" lon="-76.8415850">
    <ele>32.8</ele>
   </trkpt>
   <trkpt lat="38.4035830" lon="-76.8415560">
    <ele>35.2</ele>
   </trkpt>
   <trkpt lat="38.4035070" lon="-76.8415200">
    <ele>36.0</ele>
   </trkpt>
   <trkpt lat="38.4034640" lon="-76.8414740">
    <ele>37.2</ele>
   </trkpt>
   <trkpt lat="38.4034590" lon="-76.8414160">
    <ele>37.6</ele>
   </trkpt>
   <trkpt lat="38.4034840" lon="-76.8413710">
    <ele>38.8</ele>
   </trkpt>
   <trkpt lat="38.4035230" lon="-76.8413500">
    <ele>39.8</ele>
   </trkpt>
   <trkpt lat="38.4035870" lon="-76.8413310">
    <ele>40.2</ele>
   </trkpt>
   <trkpt lat="38.4036580" lon="-76.8413230">
    <ele>40.4</ele>
   </trkpt>
   <trkpt lat="38.4037330" lon="-76.8413400">
    <ele>40.4</ele>
   </trkpt>
   <trkpt lat="38.4038150" lon="-76.8413870">
    <ele>40.4</ele>
   </trkpt>
   <trkpt lat="38.4039930" lon="-76.8414560">
    <ele>36.0</ele>
   </trkpt>
   <trkpt lat="38.4040790" lon="-76.8414500">
    <ele>32.4</ele>
   </trkpt>
   <trkpt lat="38.4041630" lon="-76.8414240">
    <ele>31.2</ele>
   </trkpt>
   <trkpt lat="38.4042260" lon="-76.8413620">
    <ele>30.8</ele>
   </trkpt>
   <trkpt lat="38.4042710" lon="-76.8412540">
    <ele>30.8</ele>
   </trkpt>
   <trkpt lat="38.4042940" lon="-76.8411480">
    <ele>30.8</ele>
   </trkpt>
   <trkpt lat="38.4043370" lon="-76.8408090">
    <ele>32.6</ele>
   </trkpt>
   <trkpt lat="38.4043480" lon="-76.8406420">
    <ele>35.2</ele>
   </trkpt>
   <trkpt lat="38.4043540" lon="-76.8405680">
    <ele>37.6</ele>
   </trkpt>
   <trkpt lat="38.4043620" lon="-76.8404850">
    <ele>40.8</ele>
   </trkpt>
   <trkpt lat="38.4043780" lon="-76.8403290">
    <ele>42.4</ele>
   </trkpt>
   <trkpt lat="38.4043980" lon="-76.8402410">
    <ele>42.4</ele>
   </trkpt>
   <trkpt lat="38.4045010" lon="-76.8400160">
    <ele>42.8</ele>
   </trkpt>
   <trkpt lat="38.4046350" lon="-76.8399440">
    <ele>42.6</ele>
   </trkpt>
   <trkpt lat="38.4047920" lon="-76.8399950">
    <ele>42.2</ele>
   </trkpt>
   <trkpt lat="38.4049440" lon="-76.8401520">
    <ele>41.2</ele>
   </trkpt>
   <trkpt lat="38.4049840" lon="-76.8404220">
    <ele>40.0</ele>
   </trkpt>
   <trkpt lat="38.4049830" lon="-76.8406090">
    <ele>38.6</ele>
   </trkpt>
   <trkpt lat="38.4049610" lon="-76.8409270">
    <ele>38.2</ele>
   </trkpt>
   <trkpt lat="38.4049420" lon="-76.8410380">
    <ele>38.2</ele>
   </trkpt>
   <trkpt lat="38.4049020" lon="-76.8413170">
    <ele>37.2</ele>
   </trkpt>
   <trkpt lat="38.4048690" lon="-76.8414580">
    <ele>37.0</ele>
   </trkpt>
   <trkpt lat="38.4047540" lon="-76.8417410">
    <ele>35.6</ele>
   </trkpt>
   <trkpt lat="38.4046090" lon="-76.8419030">
    <ele>34.6</ele>
   </trkpt>
   <trkpt lat="38.4045220" lon="-76.8419380">
    <ele>34.0</ele>
   </trkpt>
   <trkpt lat="38.4044390" lon="-76.8419510">
    <ele>33.4</ele>
   </trkpt>
   <trkpt lat="38.4043750" lon="-76.8419920">
    <ele>32.6</ele>
   </trkpt>
   <trkpt lat="38.4043090" lon="-76.8420860">
    <ele>32.2</ele>
   </trkpt>
   <trkpt lat="38.4042910" lon="-76.8421880">
    <ele>30.2</ele>
   </trkpt>
   <trkpt lat="38.4042890" lon="-76.8423350">
    <ele>29.2</ele>
   </trkpt>
   <trkpt lat="38.4042830" lon="-76.8424480">
    <ele>28.8</ele>
   </trkpt>
   <trkpt lat="38.4041570" lon="-76.8425890">
    <ele>28.0</ele>
   </trkpt>
   <trkpt lat="38.4039710" lon="-76.8426500">
    <ele>27.0</ele>
   </trkpt>
   <trkpt lat="38.4038600" lon="-76.8426650">
    <ele>26.0</ele>
   </trkpt>
   <trkpt lat="38.4037450" lon="-76.8426840">
    <ele>25.4</ele>
   </trkpt>
   <trkpt lat="38.4036190" lon="-76.8427350">
    <ele>24.8</ele>
   </trkpt>
   <trkpt lat="38.4035490" lon="-76.8428430">
    <ele>24.2</ele>
   </trkpt>
   <trkpt lat="38.4034710" lon="-76.8430570">
    <ele>24.2</ele>
   </trkpt>
   <trkpt lat="38.4034370" lon="-76.8431540">
    <ele>24.4</ele>
   </trkpt>
   <trkpt lat="38.4032420" lon="-76.8434700">
    <ele>25.6</ele>
   </trkpt>
   <trkpt lat="38.4031450" lon="-76.8435920">
    <ele>25.8</ele>
   </trkpt>
   <trkpt lat="38.4030220" lon="-76.8437060">
    <ele>25.8</ele>
   </trkpt>
   <trkpt lat="38.4029350" lon="-76.8437590">
    <ele>29.0</ele>
   </trkpt>
   <trkpt lat="38.4028630" lon="-76.8437860">
    <ele>30.0</ele>
   </trkpt>
   <trkpt lat="38.4028040" lon="-76.8437950">
    <ele>30.6</ele>
   </trkpt>
   <trkpt lat="38.4027320" lon="-76.8438050">
    <ele>32.6</ele>
   </trkpt>
   <trkpt lat="38.4026610" lon="-76.8437820">
    <ele>32.8</ele>
   </trkpt>
   <trkpt lat="38.4026300" lon="-76.8437420">
    <ele>33.8</ele>
   </trkpt>
   <trkpt lat="38.4026110" lon="-76.8436830">
    <ele>35.2</ele>
   </trkpt>
   <trkpt lat="38.4025950" lon="-76.8436050">
    <ele>36.0</ele>
   </trkpt>
   <trkpt lat="38.4025810" lon="-76.8435210">
    <ele>36.6</ele>
   </trkpt>
   <trkpt lat="38.4025910" lon="-76.8433440">
    <ele>37.6</ele>
   </trkpt>
   <trkpt lat="38.4026790" lon="-76.8431880">
    <ele>37.6</ele>
   </trkpt>
   <trkpt lat="38.4027860" lon="-76.8431190">
    <ele>37.6</ele>
   </trkpt>
   <trkpt lat="38.4029000" lon="-76.8430750">
    <ele>35.6</ele>
   </trkpt>
   <trkpt lat="38.4029920" lon="-76.8430330">
    <ele>32.2</ele>
   </trkpt>
   <trkpt lat="38.4030970" lon="-76.8429890">
    <ele>28.4</ele>
   </trkpt>
   <trkpt lat="38.4031880" lon="-76.8429530">
    <ele>26.2</ele>
   </trkpt>
   <trkpt lat="38.4032570" lon="-76.8429060">
    <ele>25.0</ele>
   </trkpt>
   <trkpt lat="38.4033080" lon="-76.8428510">
    <ele>24.8</ele>
   </trkpt>
   <trkpt lat="38.4033170" lon="-76.8427910">
    <ele>24.8</ele>
   </trkpt>
   <trkpt lat="38.4033040" lon="-76.8427350">
    <ele>24.8</ele>
   </trkpt>
   <trkpt lat="38.4032660" lon="-76.8427230">
    <ele>25.0</ele>
   </trkpt>
   <trkpt lat="38.4032070" lon="-76.8427460">
    <ele>25.2</ele>
   </trkpt>
   <trkpt lat="38.4029680" lon="-76.8428780">
    <ele>26.0</ele>
   </trkpt>
   <trkpt lat="38.4029230" lon="-76.8428990">
    <ele>27.2</ele>
   </trkpt>
   <trkpt lat="38.4028680" lon="-76.8429260">
    <ele>29.8</ele>
   </trkpt>
   <trkpt lat="38.4028270" lon="-76.8429410">
    <ele>32.6</ele>
   </trkpt>
   <trkpt lat="38.4027640" lon="-76.8429610">
    <ele>34.4</ele>
   </trkpt>
   <trkpt lat="38.4025750" lon="-76.8430290">
    <ele>37.4</ele>
   </trkpt>
   <trkpt lat="38.4024770" lon="-76.8430800">
    <ele>38.0</ele>
   </trkpt>
   <trkpt lat="38.4024070" lon="-76.8431510">
    <ele>38.2</ele>
   </trkpt>
   <trkpt lat="38.4022980" lon="-76.8432970">
    <ele>38.0</ele>
   </trkpt>
   <trkpt lat="38.4021500" lon="-76.8434350">
    <ele>36.0</ele>
   </trkpt>
   <trkpt lat="38.4020660" lon="-76.8435160">
    <ele>34.8</ele>
   </trkpt>
   <trkpt lat="38.4019720" lon="-76.8435980">
    <ele>31.6</ele>
   </trkpt>
   <trkpt lat="38.4018560" lon="-76.8436750">
    <ele>28.8</ele>
   </trkpt>
   <trkpt lat="38.4017300" lon="-76.8437680">
    <ele>28.2</ele>
   </trkpt>
   <trkpt lat="38.4016680" lon="-76.8438450">
    <ele>28.4</ele>
   </trkpt>
   <trkpt lat="38.4014870" lon="-76.8441450">
    <ele>29.6</ele>
   </trkpt>
   <trkpt lat="38.4014420" lon="-76.8442000">
    <ele>30.2</ele>
   </trkpt>
   <trkpt lat="38.4013320" lon="-76.8442830">
    <ele>31.0</ele>
   </trkpt>
   <trkpt lat="38.4011980" lon="-76.8443880">
    <ele>31.0</ele>
   </trkpt>
   <trkpt lat="38.4011580" lon="-76.8444110">
    <ele>31.2</ele>
   </trkpt>
   <trkpt lat="38.4010910" lon="-76.8444350">
    <ele>31.2</ele>
   </trkpt>
   <trkpt lat="38.4010440" lon="-76.8444440">
    <ele>31.2</ele>
   </trkpt>
   <trkpt lat="38.4009890" lon="-76.8444530">
    <ele>31.4</ele>
   </trkpt>
   <trkpt lat="38.4007960" lon="-76.8444380">
    <ele>31.4</ele>
   </trkpt>
   <trkpt lat="38.4007200" lon="-76.8443940">
    <ele>31.4</ele>
   </trkpt>
   <trkpt lat="38.4006660" lon="-76.8443280">
    <ele>31.4</ele>
   </trkpt>
   <trkpt lat="38.4005970" lon="-76.8441320">
    <ele>32.2</ele>
   </trkpt>
   <trkpt lat="38.4005910" lon="-76.8440180">
    <ele>33.4</ele>
   </trkpt>
   <trkpt lat="38.4005930" lon="-76.8438980">
    <ele>34.6</ele>
   </trkpt>
   <trkpt lat="38.4006110" lon="-76.8437830">
    <ele>35.4</ele>
   </trkpt>
   <trkpt lat="38.4006520" lon="-76.8436760">
    <ele>36.4</ele>
   </trkpt>
   <trkpt lat="38.4007100" lon="-76.8435770">
    <ele>37.4</ele>
   </trkpt>
   <trkpt lat="38.4008330" lon="-76.8433610">
    <ele>38.4</ele>
   </trkpt>
   <trkpt lat="38.4008820" lon="-76.8432330">
    <ele>38.6</ele>
   </trkpt>
   <trkpt lat="38.4010060" lon="-76.8428190">
    <ele>39.4</ele>
   </trkpt>
   <trkpt lat="38.4010200" lon="-76.8426760">
    <ele>39.4</ele>
   </trkpt>
   <trkpt lat="38.4010120" lon="-76.8425280">
    <ele>39.8</ele>
   </trkpt>
   <trkpt lat="38.4010150" lon="-76.8424040">
    <ele>40.0</ele>
   </trkpt>
   <trkpt lat="38.4010990" lon="-76.8421060">
    <ele>40.2</ele>
   </trkpt>
   <trkpt lat="38.4012530" lon="-76.8419190">
    <ele>40.4</ele>
   </trkpt>
   <trkpt lat="38.4013140" lon="-76.8418620">
    <ele>40.6</ele>
   </trkpt>
   <trkpt lat="38.4013970" lon="-76.8418230">
    <ele>41.8</ele>
   </trkpt>
   <trkpt lat="38.4015110" lon="-76.8418380">
    <ele>41.8</ele>
   </trkpt>
   <trkpt lat="38.4017090" lon="-76.8418950">
    <ele>41.8</ele>
   </trkpt>
   <trkpt lat="38.4017940" lon="-76.8418920">
    <ele>41.0</ele>
   </trkpt>
   <trkpt lat="38.4018570" lon="-76.8418580">
    <ele>40.4</ele>
   </trkpt>
   <trkpt lat="38.4018900" lon="-76.8418210">
    <ele>40.4</ele>
   </trkpt>
   <trkpt lat="38.4019250" lon="-76.8417750">
    <ele>40.4</ele>
   </trkpt>
   <trkpt lat="38.4019670" lon="-76.8417080">
    <ele>40.2</ele>
   </trkpt>
   <trkpt lat="38.4020730" lon="-76.8416130">
    <ele>40.6</ele>
   </trkpt>
   <trkpt lat="38.4020940" lon="-76.8416240">
    <ele>40.6</ele>
   </trkpt>
   <trkpt lat="38.4020950" lon="-76.8417620">
    <ele>40.6</ele>
   </trkpt>
   <trkpt lat="38.4020980" lon="-76.8418770">
    <ele>40.6</ele>
   </trkpt>
   <trkpt lat="38.4021280" lon="-76.8420330">
    <ele>41.0</ele>
   </trkpt>
   <trkpt lat="38.4021360" lon="-76.8421280">
    <ele>41.4</ele>
   </trkpt>
   <trkpt lat="38.4021230" lon="-76.8422270">
    <ele>41.6</ele>
   </trkpt>
   <trkpt lat="38.4020740" lon="-76.8423140">
    <ele>41.8</ele>
   </trkpt>
   <trkpt lat="38.4020010" lon="-76.8424850">
    <ele>42.2</ele>
   </trkpt>
   <trkpt lat="38.4020570" lon="-76.8425430">
    <ele>42.8</ele>
   </trkpt>
   <trkpt lat="38.4021630" lon="-76.8424850">
    <ele>43.0</ele>
   </trkpt>
   <trkpt lat="38.4022290" lon="-76.8424900">
    <ele>43.0</ele>
   </trkpt>
   <trkpt lat="38.4023000" lon="-76.8424910">
    <ele>43.0</ele>
   </trkpt>
   <trkpt lat="38.4024600" lon="-76.8424180">
    <ele>42.6</ele>
   </trkpt>
   <trkpt lat="38.4025640" lon="-76.8423410">
    <ele>40.8</ele>
   </trkpt>
   <trkpt lat="38.4026920" lon="-76.8422480">
    <ele>36.8</ele>
   </trkpt>
   <trkpt lat="38.4027780" lon="-76.8421960">
    <ele>34.4</ele>
   </trkpt>
   <trkpt lat="38.4030800" lon="-76.8420290">
    <ele>33.8</ele>
   </trkpt>
   <trkpt lat="38.4032270" lon="-76.8420120">
    <ele>36.8</ele>
   </trkpt>
   <trkpt lat="38.4032880" lon="-76.8420060">
    <ele>37.8</ele>
   </trkpt>
   <trkpt lat="38.4034560" lon="-76.8420410">
    <ele>37.8</ele>
   </trkpt>
   <trkpt lat="38.4035490" lon="-76.8420500">
    <ele>37.0</ele>
   </trkpt>
   <trkpt lat="38.4036380" lon="-76.8420480">
    <ele>33.4</ele>
   </trkpt>
   <trkpt lat="38.4037140" lon="-76.8420310">
    <ele>30.2</ele>
   </trkpt>
   <trkpt lat="38.4037670" lon="-76.8419840">
    <ele>28.8</ele>
   </trkpt>
   <trkpt lat="38.4037850" lon="-76.8419170">
    <ele>28.8</ele>
   </trkpt>
   <trkpt lat="38.4037510" lon="-76.8417760">
    <ele>28.8</ele>
   </trkpt>
   <trkpt lat="38.4036580" lon="-76.8416530">
    <ele>30.4</ele>
   </trkpt>
   <trkpt lat="38.4036200" lon="-76.8416190">
    <ele>31.8</ele>
   </trkpt>
   <trkpt lat="38.4035690" lon="-76.8415830">
    <ele>33.8</ele>
   </trkpt>
   <trkpt lat="38.4035060" lon="-76.8415460">
    <ele>35.8</ele>
   </trkpt>
   <trkpt lat="38.4034020" lon="-76.8414710">
    <ele>37.8</ele>
   </trkpt>
   <trkpt lat="38.4033800" lon="-76.8414180">
    <ele>38.0</ele>
   </trkpt>
   <trkpt lat="38.4033970" lon="-76.8413740">
    <ele>39.4</ele>
   </trkpt>
   <trkpt lat="38.4034430" lon="-76.8413510">
    <ele>40.0</ele>
   </trkpt>
   <trkpt lat="38.4035170" lon="-76.8413340">
    <ele>40.2</ele>
   </trkpt>
   <trkpt lat="38.4035690" lon="-76.8413300">
    <ele>40.4</ele>
   </trkpt>
   <trkpt lat="38.4036380" lon="-76.8413270">
    <ele>40.4</ele>
   </trkpt>
   <trkpt lat="38.4037720" lon="-76.8414000">
    <ele>40.2</ele>
   </trkpt>
   <trkpt lat="38.4038640" lon="-76.8414630">
    <ele>38.0</ele>
   </trkpt>
   <trkpt lat="38.4039590" lon="-76.8414980">
    <ele>34.6</ele>
   </trkpt>
   <trkpt lat="38.4040490" lon="-76.8414960">
    <ele>31.2</ele>
   </trkpt>
   <trkpt lat="38.4041220" lon="-76.8414440">
    <ele>30.2</ele>
   </trkpt>
   <trkpt lat="38.4041740" lon="-76.8413540">
    <ele>30.2</ele>
   </trkpt>
   <trkpt lat="38.4042190" lon="-76.8412350">
    <ele>30.2</ele>
   </trkpt>
   <trkpt lat="38.4042700" lon="-76.8410100">
    <ele>30.8</ele>
   </trkpt>
   <trkpt lat="38.4042870" lon="-76.8409220">
    <ele>31.6</ele>
   </trkpt>
   <trkpt lat="38.4042980" lon="-76.8407880">
    <ele>32.4</ele>
   </trkpt>
   <trkpt lat="38.4043020" lon="-76.8407040">
    <ele>33.4</ele>
   </trkpt>
   <trkpt lat="38.4043150" lon="-76.8405980">
    <ele>35.0</ele>
   </trkpt>
   <trkpt lat="38.4043230" lon="-76.8405370">
    <ele>37.8</ele>
   </trkpt>
   <trkpt lat="38.4043310" lon="-76.8404640">
    <ele>40.8</ele>
   </trkpt>
   <trkpt lat="38.4043380" lon="-76.8403930">
    <ele>41.6</ele>
   </trkpt>
   <trkpt lat="38.4043500" lon="-76.8403140">
    <ele>42.2</ele>
   </trkpt>
   <trkpt lat="38.4043730" lon="-76.8402100">
    <ele>42.2</ele>
   </trkpt>
   <trkpt lat="38.4044180" lon="-76.8400790">
    <ele>42.6</ele>
   </trkpt>
   <trkpt lat="38.4044680" lon="-76.8400190">
    <ele>43.0</ele>
   </trkpt>
   <trkpt lat="38.4046060" lon="-76.8399450">
    <ele>42.4</ele>
   </trkpt>
   <trkpt lat="38.4047070" lon="-76.8399510">
    <ele>42.2</ele>
   </trkpt>
   <trkpt lat="38.4047830" lon="-76.8399890">
    <ele>42.2</ele>
   </trkpt>
   <trkpt lat="38.4049000" lon="-76.8401540">
    <ele>41.2</ele>
   </trkpt>
   <trkpt lat="38.4049290" lon="-76.8402500">
    <ele>40.8</ele>
   </trkpt>
   <trkpt lat="38.4049510" lon="-76.8404100">
    <ele>40.2</ele>
   </trkpt>
   <trkpt lat="38.4049530" lon="-76.8405300">
    <ele>38.6</ele>
   </trkpt>
   <trkpt lat="38.4049390" lon="-76.8408800">
    <ele>38.2</ele>
   </trkpt>
   <trkpt lat="38.4049010" lon="-76.8412490">
    <ele>37.2</ele>
   </trkpt>
   <trkpt lat="38.4048390" lon="-76.8415100">
    <ele>36.8</ele>
   </trkpt>
   <trkpt lat="38.4047880" lon="-76.8416580">
    <ele>36.6</ele>
   </trkpt>
   <trkpt lat="38.4047060" lon="-76.8418080">
    <ele>34.8</ele>
   </trkpt>
   <trkpt lat="38.4046260" lon="-76.8418930">
    <ele>34.0</ele>
   </trkpt>
   <trkpt lat="38.4045260" lon="-76.8419420">
    <ele>33.6</ele>
   </trkpt>
   <trkpt lat="38.4043820" lon="-76.8420100">
    <ele>32.4</ele>
   </trkpt>
   <trkpt lat="38.4042580" lon="-76.8422190">
    <ele>30.4</ele>
   </trkpt>
   <trkpt lat="38.4042440" lon="-76.8423380">
    <ele>28.8</ele>
   </trkpt>
   <trkpt lat="38.4041980" lon="-76.8425430">
    <ele>28.2</ele>
   </trkpt>
   <trkpt lat="38.4041470" lon="-76.8425930">
    <ele>27.6</ele>
   </trkpt>
   <trkpt lat="38.4040370" lon="-76.8426450">
    <ele>27.4</ele>
   </trkpt>
   <trkpt lat="38.4038510" lon="-76.8426660">
    <ele>26.0</ele>
   </trkpt>
   <trkpt lat="38.4037200" lon="-76.8426790">
    <ele>24.8</ele>
   </trkpt>
   <trkpt lat="38.4035640" lon="-76.8428040">
    <ele>24.0</ele>
   </trkpt>
   <trkpt lat="38.4034980" lon="-76.8429430">
    <ele>23.8</ele>
   </trkpt>
   <trkpt lat="38.4034400" lon="-76.8431310">
    <ele>23.8</ele>
   </trkpt>
   <trkpt lat="38.4034080" lon="-76.8432010">
    <ele>24.4</ele>
   </trkpt>
   <trkpt lat="38.4033650" lon="-76.8432780">
    <ele>25.2</ele>
   </trkpt>
   <trkpt lat="38.4033270" lon="-76.8433480">
    <ele>25.2</ele>
   </trkpt>
   <trkpt lat="38.4032710" lon="-76.8434350">
    <ele>25.2</ele>
   </trkpt>
   <trkpt lat="38.4031200" lon="-76.8436040">
    <ele>25.6</ele>
   </trkpt>
   <trkpt lat="38.4030320" lon="-76.8436790">
    <ele>25.6</ele>
   </trkpt>
   <trkpt lat="38.4029120" lon="-76.8437410">
    <ele>28.0</ele>
   </trkpt>
   <trkpt lat="38.4028560" lon="-76.8437670">
    <ele>29.6</ele>
   </trkpt>
   <trkpt lat="38.4027190" lon="-76.8437830">
    <ele>32.0</ele>
   </trkpt>
   <trkpt lat="38.4026680" lon="-76.8437590">
    <ele>32.4</ele>
   </trkpt>
   <trkpt lat="38.4026370" lon="-76.8437160">
    <ele>33.4</ele>
   </trkpt>
   <trkpt lat="38.4026180" lon="-76.8436530">
    <ele>34.8</ele>
   </trkpt>
   <trkpt lat="38.4025940" lon="-76.8434980">
    <ele>36.0</ele>
   </trkpt>
   <trkpt lat="38.4025900" lon="-76.8434120">
    <ele>36.6</ele>
   </trkpt>
   <trkpt lat="38.4026060" lon="-76.8433300">
    <ele>37.4</ele>
   </trkpt>
   <trkpt lat="38.4026480" lon="-76.8432500">
    <ele>37.4</ele>
   </trkpt>
   <trkpt lat="38.4027850" lon="-76.8431290">
    <ele>37.4</ele>
   </trkpt>
   <trkpt lat="38.4028960" lon="-76.8430910">
    <ele>35.0</ele>
   </trkpt>
   <trkpt lat="38.4030320" lon="-76.8430460">
    <ele>31.8</ele>
   </trkpt>
   <trkpt lat="38.4031350" lon="-76.8429950">
    <ele>28.2</ele>
   </trkpt>
   <trkpt lat="38.4032200" lon="-76.8429500">
    <ele>26.2</ele>
   </trkpt>
   <trkpt lat="38.4032870" lon="-76.8429040">
    <ele>24.6</ele>
   </trkpt>
   <trkpt lat="38.4033310" lon="-76.8428530">
    <ele>24.4</ele>
   </trkpt>
   <trkpt lat="38.4033450" lon="-76.8428080">
    <ele>24.4</ele>
   </trkpt>
   <trkpt lat="38.4033260" lon="-76.8427460">
    <ele>24.4</ele>
   </trkpt>
   <trkpt lat="38.4032180" lon="-76.8426970">
    <ele>24.6</ele>
   </trkpt>
   <trkpt lat="38.4031540" lon="-76.8427330">
    <ele>24.8</ele>
   </trkpt>
   <trkpt lat="38.4030270" lon="-76.8428300">
    <ele>25.4</ele>
   </trkpt>
   <trkpt lat="38.4029760" lon="-76.8428640">
    <ele>25.6</ele>
   </trkpt>
   <trkpt lat="38.4029100" lon="-76.8428940">
    <ele>27.2</ele>
   </trkpt>
   <trkpt lat="38.4028630" lon="-76.8429080">
    <ele>29.4</ele>
   </trkpt>
   <trkpt lat="38.4028140" lon="-76.8429260">
    <ele>32.2</ele>
   </trkpt>
   <trkpt lat="38.4027570" lon="-76.8429480">
    <ele>33.8</ele>
   </trkpt>
   <trkpt lat="38.4026940" lon="-76.8429750">
    <ele>34.8</ele>
   </trkpt>
   <trkpt lat="38.4025780" lon="-76.8430230">
    <ele>36.8</ele>
   </trkpt>
   <trkpt lat="38.4025050" lon="-76.8430630">
    <ele>37.6</ele>
   </trkpt>
   <trkpt lat="38.4024280" lon="-76.8431390">
    <ele>37.8</ele>
   </trkpt>
   <trkpt lat="38.4023690" lon="-76.8432220">
    <ele>37.8</ele>
   </trkpt>
   <trkpt lat="38.4023040" lon="-76.8433020">
    <ele>37.8</ele>
   </trkpt>
   <trkpt lat="38.4021510" lon="-76.8434560">
    <ele>35.8</ele>
   </trkpt>
   <trkpt lat="38.4020590" lon="-76.8435410">
    <ele>34.4</ele>
   </trkpt>
   <trkpt lat="38.4019660" lon="-76.8436200">
    <ele>31.2</ele>
   </trkpt>
   <trkpt lat="38.4018750" lon="-76.8436850">
    <ele>28.8</ele>
   </trkpt>
   <trkpt lat="38.4018080" lon="-76.8437350">
    <ele>27.6</ele>
   </trkpt>
   <trkpt lat="38.4017680" lon="-76.8437730">
    <ele>27.6</ele>
   </trkpt>
   <trkpt lat="38.4016690" lon="-76.8438930">
    <ele>27.8</ele>
   </trkpt>
   <trkpt lat="38.4015690" lon="-76.8440560">
    <ele>28.4</ele>
   </trkpt>
   <trkpt lat="38.4015150" lon="-76.8441330">
    <ele>29.0</ele>
   </trkpt>
   <trkpt lat="38.4014740" lon="-76.8441790">
    <ele>29.6</ele>
   </trkpt>
   <trkpt lat="38.4014260" lon="-76.8442220">
    <ele>30.2</ele>
   </trkpt>
   <trkpt lat="38.4013060" lon="-76.8443150">
    <ele>30.6</ele>
   </trkpt>
   <trkpt lat="38.4012670" lon="-76.8443380">
    <ele>30.6</ele>
   </trkpt>
   <trkpt lat="38.4011820" lon="-76.8443870">
    <ele>30.8</ele>
   </trkpt>
   <trkpt lat="38.4011260" lon="-76.8444180">
    <ele>30.8</ele>
   </trkpt>
   <trkpt lat="38.4009520" lon="-76.8444510">
    <ele>31.0</ele>
   </trkpt>
   <trkpt lat="38.4008840" lon="-76.8444380">
    <ele>31.0</ele>
   </trkpt>
   <trkpt lat="38.4008100" lon="-76.8444120">
    <ele>31.0</ele>
   </trkpt>
   <trkpt lat="38.4006900" lon="-76.8442740">
    <ele>31.0</ele>
   </trkpt>
   <trkpt lat="38.4006050" lon="-76.8440290">
    <ele>32.4</ele>
   </trkpt>
   <trkpt lat="38.4005950" lon="-76.8439260">
    <ele>33.4</ele>
   </trkpt>
   <trkpt lat="38.4005950" lon="-76.8438000">
    <ele>34.6</ele>
   </trkpt>
   <trkpt lat="38.4006310" lon="-76.8436690">
    <ele>35.8</ele>
   </trkpt>
   <trkpt lat="38.4006900" lon="-76.8435710">
    <ele>36.8</ele>
   </trkpt>
   <trkpt lat="38.4007540" lon="-76.8434750">
    <ele>37.4</ele>
   </trkpt>
   <trkpt lat="38.4008140" lon="-76.8433650">
    <ele>38.2</ele>
   </trkpt>
   <trkpt lat="38.4009170" lon="-76.8431030">
    <ele>38.4</ele>
   </trkpt>
   <trkpt lat="38.4010030" lon="-76.8428160">
    <ele>38.8</ele>
   </trkpt>
   <trkpt lat="38.4010150" lon="-76.8426720">
    <ele>39.2</ele>
   </trkpt>
   <trkpt lat="38.4010090" lon="-76.8425260">
    <ele>39.6</ele>
   </trkpt>
   <trkpt lat="38.4010320" lon="-76.8422400">
    <ele>39.6</ele>
   </trkpt>
   <trkpt lat="38.4011420" lon="-76.8420360">
    <ele>39.8</ele>
   </trkpt>
   <trkpt lat="38.4012360" lon="-76.8419390">
    <ele>39.8</ele>
   </trkpt>
   <trkpt lat="38.4013880" lon="-76.8418350">
    <ele>41.0</ele>
   </trkpt>
   <trkpt lat="38.4014770" lon="-76.8418300">
    <ele>41.2</ele>
   </trkpt>
   <trkpt lat="38.4015760" lon="-76.8418590">
    <ele>41.2</ele>
   </trkpt>
   <trkpt lat="38.4017720" lon="-76.8419050">
    <ele>40.8</ele>
   </trkpt>
   <trkpt lat="38.4019090" lon="-76.8418470">
    <ele>39.8</ele>
   </trkpt>
   <trkpt lat="38.4019790" lon="-76.8417650">
    <ele>39.6</ele>
   </trkpt>
   <trkpt lat="38.4020020" lon="-76.8417250">
    <ele>39.6</ele>
   </trkpt>
   <trkpt lat="38.4020240" lon="-76.8416930">
    <ele>39.8</ele>
   </trkpt>
   <trkpt lat="38.4021060" lon="-76.8416280">
    <ele>40.0</ele>
   </trkpt>
   <trkpt lat="38.4021250" lon="-76.8417480">
    <ele>40.2</ele>
   </trkpt>
   <trkpt lat="38.4021330" lon="-76.8419540">
    <ele>40.2</ele>
   </trkpt>
   <trkpt lat="38.4021470" lon="-76.8420370">
    <ele>40.4</ele>
   </trkpt>
   <trkpt lat="38.4021570" lon="-76.8421130">
    <ele>40.8</ele>
   </trkpt>
   <trkpt lat="38.4021500" lon="-76.8422170">
    <ele>41.0</ele>
   </trkpt>
   <trkpt lat="38.4020400" lon="-76.8423750">
    <ele>41.4</ele>
   </trkpt>
   <trkpt lat="38.4019990" lon="-76.8424560">
    <ele>41.6</ele>
   </trkpt>
   <trkpt lat="38.4020070" lon="-76.8425290">
    <ele>41.8</ele>
   </trkpt>
   <trkpt lat="38.4020440" lon="-76.8425620">
    <ele>42.0</ele>
   </trkpt>
   <trkpt lat="38.4020870" lon="-76.8425300">
    <ele>42.6</ele>
   </trkpt>
   <trkpt lat="38.4021950" lon="-76.8424890">
    <ele>42.6</ele>
   </trkpt>
   <trkpt lat="38.4022650" lon="-76.8424960">
    <ele>42.6</ele>
   </trkpt>
   <trkpt lat="38.4023330" lon="-76.8424840">
    <ele>42.6</ele>
   </trkpt>
   <trkpt lat="38.4024820" lon="-76.8423940">
    <ele>42.0</ele>
   </trkpt>
   <trkpt lat="38.4025790" lon="-76.8423190">
    <ele>38.6</ele>
   </trkpt>
   <trkpt lat="38.4026810" lon="-76.8422450">
    <ele>34.6</ele>
   </trkpt>
   <trkpt lat="38.4027860" lon="-76.8421820">
    <ele>33.6</ele>
   </trkpt>
   <trkpt lat="38.4031210" lon="-76.8420310">
    <ele>33.6</ele>
   </trkpt>
   <trkpt lat="38.4031730" lon="-76.8420190">
    <ele>34.4</ele>
   </trkpt>
   <trkpt lat="38.4032280" lon="-76.8420170">
    <ele>37.2</ele>
   </trkpt>
   <trkpt lat="38.4033980" lon="-76.8420410">
    <ele>37.2</ele>
   </trkpt>
   <trkpt lat="38.4036020" lon="-76.8420690">
    <ele>34.6</ele>
   </trkpt>
   <trkpt lat="38.4036880" lon="-76.8420600">
    <ele>30.4</ele>
   </trkpt>
   <trkpt lat="38.4037550" lon="-76.8420290">
    <ele>28.0</ele>
   </trkpt>
   <trkpt lat="38.4038050" lon="-76.8419630">
    <ele>28.0</ele>
   </trkpt>
   <trkpt lat="38.4037770" lon="-76.8418140">
    <ele>28.0</ele>
   </trkpt>
   <trkpt lat="38.4036850" lon="-76.8416800">
    <ele>29.4</ele>
   </trkpt>
   <trkpt lat="38.4036440" lon="-76.8416370">
    <ele>30.4</ele>
   </trkpt>
   <trkpt lat="38.4036080" lon="-76.8416080">
    <ele>32.6</ele>
   </trkpt>
   <trkpt lat="38.4035620" lon="-76.8415780">
    <ele>34.6</ele>
   </trkpt>
   <trkpt lat="38.4034500" lon="-76.8415100">
    <ele>36.8</ele>
   </trkpt>
   <trkpt lat="38.4034050" lon="-76.8414080">
    <ele>38.4</ele>
   </trkpt>
   <trkpt lat="38.4034390" lon="-76.8413690">
    <ele>39.0</ele>
   </trkpt>
   <trkpt lat="38.4035100" lon="-76.8413460">
    <ele>39.6</ele>
   </trkpt>
   <trkpt lat="38.4035730" lon="-76.8413410">
    <ele>39.8</ele>
   </trkpt>
   <trkpt lat="38.4036610" lon="-76.8413400">
    <ele>39.8</ele>
   </trkpt>
   <trkpt lat="38.4037280" lon="-76.8413680">
    <ele>39.8</ele>
   </trkpt>
   <trkpt lat="38.4038320" lon="-76.8414330">
    <ele>39.8</ele>
   </trkpt>
   <trkpt lat="38.4039080" lon="-76.8414860">
    <ele>36.6</ele>
   </trkpt>
   <trkpt lat="38.4040170" lon="-76.8415390">
    <ele>32.4</ele>
   </trkpt>
   <trkpt lat="38.4041180" lon="-76.8415170">
    <ele>29.8</ele>
   </trkpt>
   <trkpt lat="38.4042480" lon="-76.8413390">
    <ele>29.6</ele>
   </trkpt>
   <trkpt lat="38.4043070" lon="-76.8410090">
    <ele>31.0</ele>
   </trkpt>
   <trkpt lat="38.4043310" lon="-76.8407970">
    <ele>32.4</ele>
   </trkpt>
   <trkpt lat="38.4043300" lon="-76.8406800">
    <ele>33.6</ele>
   </trkpt>
   <trkpt lat="38.4043280" lon="-76.8406020">
    <ele>35.0</ele>
   </trkpt>
   <trkpt lat="38.4043320" lon="-76.8405450">
    <ele>38.0</ele>
   </trkpt>
   <trkpt lat="38.4043450" lon="-76.8404600">
    <ele>40.8</ele>
   </trkpt>
   <trkpt lat="38.4043710" lon="-76.8403150">
    <ele>41.6</ele>
   </trkpt>
   <trkpt lat="38.4044080" lon="-76.8401870">
    <ele>41.8</ele>
   </trkpt>
   <trkpt lat="38.4044530" lon="-76.8400850">
    <ele>42.4</ele>
   </trkpt>
   <trkpt lat="38.4045160" lon="-76.8400260">
    <ele>42.6</ele>
   </trkpt>
   <trkpt lat="38.4045830" lon="-76.8400010">
    <ele>42.4</ele>
   </trkpt>
   <trkpt lat="38.4046580" lon="-76.8400050">
    <ele>41.8</ele>
   </trkpt>
   <trkpt lat="38.4047360" lon="-76.8400330">
    <ele>41.6</ele>
   </trkpt>
   <trkpt lat="38.4048120" lon="-76.8400790">
    <ele>41.6</ele>
   </trkpt>
   <trkpt lat="38.4049270" lon="-76.8402130">
    <ele>40.6</ele>
   </trkpt>
   <trkpt lat="38.4049830" lon="-76.8404960">
    <ele>39.2</ele>
   </trkpt>
   <trkpt lat="38.4049800" lon="-76.8406440">
    <ele>38.0</ele>
   </trkpt>
   <trkpt lat="38.4049690" lon="-76.8407720">
    <ele>37.6</ele>
   </trkpt>
   <trkpt lat="38.4049530" lon="-76.8409290">
    <ele>37.6</ele>
   </trkpt>
   <trkpt lat="38.4049410" lon="-76.8410590">
    <ele>37.6</ele>
   </trkpt>
   <trkpt lat="38.4049090" lon="-76.8413120">
    <ele>36.4</ele>
   </trkpt>
   <trkpt lat="38.4048760" lon="-76.8414460">
    <ele>36.4</ele>
   </trkpt>
   <trkpt lat="38.4047700" lon="-76.8416980">
    <ele>35.0</ele>
   </trkpt>
   <trkpt lat="38.4046080" lon="-76.8418990">
    <ele>33.4</ele>
   </trkpt>
   <trkpt lat="38.4045000" lon="-76.8419560">
    <ele>33.0</ele>
   </trkpt>
   <trkpt lat="38.4043660" lon="-76.8420330">
    <ele>31.8</ele>
   </trkpt>
   <trkpt lat="38.4042930" lon="-76.8421350">
    <ele>31.6</ele>
   </trkpt>
   <trkpt lat="38.4042620" lon="-76.8422470">
    <ele>29.0</ele>
   </trkpt>
   <trkpt lat="38.4042560" lon="-76.8423670">
    <ele>28.0</ele>
   </trkpt>
   <trkpt lat="38.4042480" lon="-76.8424760">
    <ele>27.8</ele>
   </trkpt>
   <trkpt lat="38.4042020" lon="-76.8425550">
    <ele>27.6</ele>
   </trkpt>
   <trkpt lat="38.4041280" lon="-76.8426130">
    <ele>27.2</ele>
   </trkpt>
   <trkpt lat="38.4040330" lon="-76.8426500">
    <ele>27.0</ele>
   </trkpt>
   <trkpt lat="38.4039290" lon="-76.8426660">
    <ele>26.0</ele>
   </trkpt>
   <trkpt lat="38.4038150" lon="-76.8426700">
    <ele>24.8</ele>
   </trkpt>
   <trkpt lat="38.4037000" lon="-76.8426960">
    <ele>24.2</ele>
   </trkpt>
   <trkpt lat="38.4035940" lon="-76.8427490">
    <ele>23.6</ele>
   </trkpt>
   <trkpt lat="38.4035440" lon="-76.8428350">
    <ele>23.0</ele>
   </trkpt>
   <trkpt lat="38.4034270" lon="-76.8431590">
    <ele>23.0</ele>
   </trkpt>
   <trkpt lat="38.4032310" lon="-76.8434750">
    <ele>24.4</ele>
   </trkpt>
   <trkpt lat="38.4031570" lon="-76.8435760">
    <ele>25.0</ele>
   </trkpt>
   <trkpt lat="38.4030830" lon="-76.8436560">
    <ele>25.0</ele>
   </trkpt>
   <trkpt lat="38.4030300" lon="-76.8437050">
    <ele>25.0</ele>
   </trkpt>
   <trkpt lat="38.4029700" lon="-76.8437480">
    <ele>25.4</ele>
   </trkpt>
   <trkpt lat="38.4029020" lon="-76.8437870">
    <ele>28.0</ele>
   </trkpt>
   <trkpt lat="38.4028440" lon="-76.8438130">
    <ele>29.2</ele>
   </trkpt>
   <trkpt lat="38.4027220" lon="-76.8438100">
    <ele>31.4</ele>
   </trkpt>
   <trkpt lat="38.4026750" lon="-76.8437860">
    <ele>31.8</ele>
   </trkpt>
   <trkpt lat="38.4026400" lon="-76.8437550">
    <ele>32.2</ele>
   </trkpt>
   <trkpt lat="38.4026200" lon="-76.8437100">
    <ele>34.0</ele>
   </trkpt>
   <trkpt lat="38.4026060" lon="-76.8436580">
    <ele>34.4</ele>
   </trkpt>
   <trkpt lat="38.4025860" lon="-76.8435680">
    <ele>35.2</ele>
   </trkpt>
   <trkpt lat="38.4025740" lon="-76.8434870">
    <ele>35.6</ele>
   </trkpt>
   <trkpt lat="38.4025770" lon="-76.8434130">
    <ele>36.4</ele>
   </trkpt>
   <trkpt lat="38.4025980" lon="-76.8433420">
    <ele>37.0</ele>
   </trkpt>
   <trkpt lat="38.4026900" lon="-76.8432030">
    <ele>37.0</ele>
   </trkpt>
   <trkpt lat="38.4028670" lon="-76.8431110">
    <ele>36.2</ele>
   </trkpt>
   <trkpt lat="38.4029750" lon="-76.8430750">
    <ele>33.2</ele>
   </trkpt>
   <trkpt lat="38.4030880" lon="-76.8430390">
    <ele>29.8</ele>
   </trkpt>
   <trkpt lat="38.4031960" lon="-76.8430060">
    <ele>27.0</ele>
   </trkpt>
   <trkpt lat="38.4032850" lon="-76.8429630">
    <ele>25.2</ele>
   </trkpt>
   <trkpt lat="38.4033340" lon="-76.8429080">
    <ele>23.6</ele>
   </trkpt>
   <trkpt lat="38.4033630" lon="-76.8428290">
    <ele>23.6</ele>
   </trkpt>
   <trkpt lat="38.4033170" lon="-76.8426960">
    <ele>23.8</ele>
   </trkpt>
   <trkpt lat="38.4031770" lon="-76.8427200">
    <ele>24.2</ele>
   </trkpt>
   <trkpt lat="38.4030330" lon="-76.8428010">
    <ele>24.8</ele>
   </trkpt>
   <trkpt lat="38.4029060" lon="-76.8428730">
    <ele>26.8</ele>
   </trkpt>
   <trkpt lat="38.4028600" lon="-76.8428960">
    <ele>29.2</ele>
   </trkpt>
   <trkpt lat="38.4028220" lon="-76.8429170">
    <ele>32.0</ele>
   </trkpt>
   <trkpt lat="38.4027650" lon="-76.8429460">
    <ele>33.4</ele>
   </trkpt>
   <trkpt lat="38.4026890" lon="-76.8429730">
    <ele>34.2</ele>
   </trkpt>
   <trkpt lat="38.4026250" lon="-76.8429970">
    <ele>34.8</ele>
   </trkpt>
   <trkpt lat="38.4025620" lon="-76.8430260">
    <ele>36.8</ele>
   </trkpt>
   <trkpt lat="38.4024060" lon="-76.8431470">
    <ele>37.2</ele>
   </trkpt>
   <trkpt lat="38.4022710" lon="-76.8433260">
    <ele>37.2</ele>
   </trkpt>
   <trkpt lat="38.4021980" lon="-76.8434010">
    <ele>36.6</ele>
   </trkpt>
   <trkpt lat="38.4021280" lon="-76.8434660">
    <ele>35.2</ele>
   </trkpt>
   <trkpt lat="38.4020290" lon="-76.8435540">
    <ele>33.4</ele>
   </trkpt>
   <trkpt lat="38.4019280" lon="-76.8436350">
    <ele>30.6</ele>
   </trkpt>
   <trkpt lat="38.4018300" lon="-76.8436920">
    <ele>28.0</ele>
   </trkpt>
   <trkpt lat="38.4017590" lon="-76.8437460">
    <ele>27.6</ele>
   </trkpt>
   <trkpt lat="38.4017030" lon="-76.8438020">
    <ele>27.6</ele>
   </trkpt>
   <trkpt lat="38.4016540" lon="-76.8438710">
    <ele>27.6</ele>
   </trkpt>
   <trkpt lat="38.4014950" lon="-76.8441270">
    <ele>28.6</ele>
   </trkpt>
   <trkpt lat="38.4014630" lon="-76.8441670">
    <ele>29.2</ele>
   </trkpt>
   <trkpt lat="38.4013670" lon="-76.8442560">
    <ele>30.0</ele>
   </trkpt>
   <trkpt lat="38.4012690" lon="-76.8443470">
    <ele>30.2</ele>
   </trkpt>
   <trkpt lat="38.4012300" lon="-76.8443750">
    <ele>30.4</ele>
   </trkpt>
   <trkpt lat="38.4011890" lon="-76.8444010">
    <ele>30.4</ele>
   </trkpt>
   <trkpt lat="38.4011190" lon="-76.8444240">
    <ele>30.6</ele>
   </trkpt>
   <trkpt lat="38.4010050" lon="-76.8444420">
    <ele>30.6</ele>
   </trkpt>
   <trkpt lat="38.4009550" lon="-76.8444420">
    <ele>30.8</ele>
   </trkpt>
   <trkpt lat="38.4008180" lon="-76.8444000">
    <ele>30.8</ele>
   </trkpt>
   <trkpt lat="38.4007520" lon="-76.8443520">
    <ele>30.8</ele>
   </trkpt>
   <trkpt lat="38.4006960" lon="-76.8442760">
    <ele>30.8</ele>
   </trkpt>
   <trkpt lat="38.4006210" lon="-76.8440710">
    <ele>32.0</ele>
   </trkpt>
   <trkpt lat="38.4006010" lon="-76.8439440">
    <ele>33.2</ele>
   </trkpt>
   <trkpt lat="38.4006050" lon="-76.8437980">
    <ele>34.4</ele>
   </trkpt>
   <trkpt lat="38.4006340" lon="-76.8436770">
    <ele>35.4</ele>
   </trkpt>
   <trkpt lat="38.4006770" lon="-76.8435890">
    <ele>36.4</ele>
   </trkpt>
   <trkpt lat="38.4008060" lon="-76.8433820">
    <ele>38.0</ele>
   </trkpt>
   <trkpt lat="38.4009630" lon="-76.8429550">
    <ele>38.6</ele>
   </trkpt>
   <trkpt lat="38.4010050" lon="-76.8426600">
    <ele>38.8</ele>
   </trkpt>
   <trkpt lat="38.4010040" lon="-76.8425190">
    <ele>39.2</ele>
   </trkpt>
   <trkpt lat="38.4009950" lon="-76.8423810">
    <ele>39.4</ele>
   </trkpt>
   <trkpt lat="38.4010620" lon="-76.8421270">
    <ele>39.4</ele>
   </trkpt>
   <trkpt lat="38.4011890" lon="-76.8419450">
    <ele>39.6</ele>
   </trkpt>
   <trkpt lat="38.4012710" lon="-76.8418750">
    <ele>39.8</ele>
   </trkpt>
   <trkpt lat="38.4013470" lon="-76.8418220">
    <ele>40.8</ele>
   </trkpt>
   <trkpt lat="38.4015400" lon="-76.8418080">
    <ele>41.0</ele>
   </trkpt>
   <trkpt lat="38.4017300" lon="-76.8418660">
    <ele>40.8</ele>
   </trkpt>
   <trkpt lat="38.4018090" lon="-76.8418690">
    <ele>39.8</ele>
   </trkpt>
   <trkpt lat="38.4018620" lon="-76.8418330">
    <ele>39.6</ele>
   </trkpt>
   <trkpt lat="38.4019020" lon="-76.8417990">
    <ele>39.6</ele>
   </trkpt>
   <trkpt lat="38.4019280" lon="-76.8417670">
    <ele>39.6</ele>
   </trkpt>
   <trkpt lat="38.4019410" lon="-76.8417370">
    <ele>39.4</ele>
   </trkpt>
   <trkpt lat="38.4019630" lon="-76.8417000">
    <ele>39.6</ele>
   </trkpt>
   <trkpt lat="38.4020410" lon="-76.8416240">
    <ele>39.8</ele>
   </trkpt>
   <trkpt lat="38.4020720" lon="-76.8416210">
    <ele>40.0</ele>
   </trkpt>
   <trkpt lat="38.4021030" lon="-76.8417030">
    <ele>40.0</ele>
   </trkpt>
   <trkpt lat="38.4020980" lon="-76.8418960">
    <ele>40.0</ele>
   </trkpt>
   <trkpt lat="38.4021140" lon="-76.8419740">
    <ele>40.0</ele>
   </trkpt>
   <trkpt lat="38.4021280" lon="-76.8420760">
    <ele>40.2</ele>
   </trkpt>
   <trkpt lat="38.4021270" lon="-76.8422060">
    <ele>40.6</ele>
   </trkpt>
   <trkpt lat="38.4020810" lon="-76.8422980">
    <ele>41.2</ele>
   </trkpt>
   <trkpt lat="38.4019860" lon="-76.8424520">
    <ele>41.4</ele>
   </trkpt>
   <trkpt lat="38.4019890" lon="-76.8425200">
    <ele>41.4</ele>
   </trkpt>
   <trkpt lat="38.4020250" lon="-76.8425520">
    <ele>41.8</ele>
   </trkpt>
   <trkpt lat="38.4020680" lon="-76.8425320">
    <ele>42.2</ele>
   </trkpt>
   <trkpt lat="38.4021700" lon="-76.8425060">
    <ele>42.4</ele>
   </trkpt>
   <trkpt lat="38.4022480" lon="-76.8425180">
    <ele>42.4</ele>
   </trkpt>
   <trkpt lat="38.4023180" lon="-76.8424980">
    <ele>42.4</ele>
   </trkpt>
   <trkpt lat="38.4024520" lon="-76.8424010">
    <ele>41.8</ele>
   </trkpt>
   <trkpt lat="38.4025410" lon="-76.8423270">
    <ele>38.4</ele>
   </trkpt>
   <trkpt lat="38.4026450" lon="-76.8422350">
    <ele>34.4</ele>
   </trkpt>
   <trkpt lat="38.4027300" lon="-76.8421690">
    <ele>33.4</ele>
   </trkpt>
   <trkpt lat="38.4028160" lon="-76.8421110">
    <ele>33.2</ele>
   </trkpt>
   <trkpt lat="38.4029770" lon="-76.8420340">
    <ele>33.2</ele>
   </trkpt>
   <trkpt lat="38.4030580" lon="-76.8420190">
    <ele>33.4</ele>
   </trkpt>
   <trkpt lat="38.4031340" lon="-76.8420180">
    <ele>34.4</ele>
   </trkpt>
   <trkpt lat="38.4031850" lon="-76.8420170">
    <ele>36.6</ele>
   </trkpt>
   <trkpt lat="38.4032340" lon="-76.8420210">
    <ele>38.0</ele>
   </trkpt>
   <trkpt lat="38.4034560" lon="-76.8420720">
    <ele>38.2</ele>
   </trkpt>
   <trkpt lat="38.4035610" lon="-76.8420770">
    <ele>34.4</ele>
   </trkpt>
   <trkpt lat="38.4036540" lon="-76.8420680">
    <ele>30.8</ele>
   </trkpt>
   <trkpt lat="38.4037350" lon="-76.8420450">
    <ele>28.6</ele>
   </trkpt>
   <trkpt lat="38.4037720" lon="-76.8419830">
    <ele>28.4</ele>
   </trkpt>
   <trkpt lat="38.4037590" lon="-76.8417910">
    <ele>28.4</ele>
   </trkpt>
   <trkpt lat="38.4036830" lon="-76.8416440">
    <ele>29.6</ele>
   </trkpt>
   <trkpt lat="38.4036380" lon="-76.8416090">
    <ele>30.8</ele>
   </trkpt>
   <trkpt lat="38.4035900" lon="-76.8415830">
    <ele>32.4</ele>
   </trkpt>
   <trkpt lat="38.4035390" lon="-76.8415610">
    <ele>35.0</ele>
   </trkpt>
   <trkpt lat="38.4034260" lon="-76.8414930">
    <ele>37.0</ele>
   </trkpt>
   <trkpt lat="38.4034130" lon="-76.8414030">
    <ele>38.2</ele>
   </trkpt>
   <trkpt lat="38.4035210" lon="-76.8413470">
    <ele>39.6</ele>
   </trkpt>
   <trkpt lat="38.4036810" lon="-76.8413520">
    <ele>39.8</ele>
   </trkpt>
   <trkpt lat="38.4037660" lon="-76.8414030">
    <ele>39.8</ele>
   </trkpt>
   <trkpt lat="38.4038620" lon="-76.8414640">
    <ele>39.4</ele>
   </trkpt>
   <trkpt lat="38.4039610" lon="-76.8415070">
    <ele>35.2</ele>
   </trkpt>
   <trkpt lat="38.4040600" lon="-76.8415140">
    <ele>31.6</ele>
   </trkpt>
   <trkpt lat="38.4041400" lon="-76.8414640">
    <ele>29.4</ele>
   </trkpt>
   <trkpt lat="38.4042190" lon="-76.8412900">
    <ele>29.4</ele>
   </trkpt>
   <trkpt lat="38.4042480" lon="-76.8411610">
    <ele>29.4</ele>
   </trkpt>
   <trkpt lat="38.4042810" lon="-76.8409440">
    <ele>31.2</ele>
   </trkpt>
   <trkpt lat="38.4043120" lon="-76.8407420">
    <ele>32.8</ele>
   </trkpt>
   <trkpt lat="38.4043230" lon="-76.8406600">
    <ele>34.2</ele>
   </trkpt>
   <trkpt lat="38.4043320" lon="-76.8405910">
    <ele>36.4</ele>
   </trkpt>
   <trkpt lat="38.4043420" lon="-76.8405360">
    <ele>39.6</ele>
   </trkpt>
   <trkpt lat="38.4043600" lon="-76.8404460">
    <ele>41.0</ele>
   </trkpt>
   <trkpt lat="38.4043860" lon="-76.8402540">
    <ele>41.8</ele>
   </trkpt>
   <trkpt lat="38.4044070" lon="-76.8401390">
    <ele>42.4</ele>
   </trkpt>
   <trkpt lat="38.4045040" lon="-76.8399700">
    <ele>42.4</ele>
   </trkpt>
   <trkpt lat="38.4046930" lon="-76.8399820">
    <ele>42.0</ele>
   </trkpt>
   <trkpt lat="38.4048660" lon="-76.8400650">
    <ele>41.6</ele>
   </trkpt>
   <trkpt lat="38.4049220" lon="-76.8401660">
    <ele>40.8</ele>
   </trkpt>
   <trkpt lat="38.4049510" lon="-76.8402730">
    <ele>40.0</ele>
   </trkpt>
   <trkpt lat="38.4049670" lon="-76.8404460">
    <ele>39.2</ele>
   </trkpt>
   <trkpt lat="38.4049670" lon="-76.8406030">
    <ele>38.0</ele>
   </trkpt>
   <trkpt lat="38.4049410" lon="-76.8409190">
    <ele>37.6</ele>
   </trkpt>
   <trkpt lat="38.4048960" lon="-76.8412950">
    <ele>36.6</ele>
   </trkpt>
   <trkpt lat="38.4048640" lon="-76.8414350">
    <ele>36.2</ele>
   </trkpt>
   <trkpt lat="38.4047560" lon="-76.8417150">
    <ele>35.2</ele>
   </trkpt>
   <trkpt lat="38.4046740" lon="-76.8418260">
    <ele>34.2</ele>
   </trkpt>
   <trkpt lat="38.4045880" lon="-76.8419130">
    <ele>33.4</ele>
   </trkpt>
   <trkpt lat="38.4044910" lon="-76.8419630">
    <ele>33.0</ele>
   </trkpt>
   <trkpt lat="38.4043390" lon="-76.8420690">
    <ele>32.0</ele>
   </trkpt>
   <trkpt lat="38.4042980" lon="-76.8421890">
    <ele>31.2</ele>
   </trkpt>
   <trkpt lat="38.4042820" lon="-76.8423230">
    <ele>28.8</ele>
   </trkpt>
   <trkpt lat="38.4042850" lon="-76.8424470">
    <ele>28.4</ele>
   </trkpt>
   <trkpt lat="38.4042750" lon="-76.8425540">
    <ele>27.8</ele>
   </trkpt>
   <trkpt lat="38.4042320" lon="-76.8426380">
    <ele>27.6</ele>
   </trkpt>
   <trkpt lat="38.4041530" lon="-76.8426870">
    <ele>27.0</ele>
   </trkpt>
   <trkpt lat="38.4040520" lon="-76.8427120">
    <ele>27.0</ele>
   </trkpt>
   <trkpt lat="38.4039400" lon="-76.8427240">
    <ele>26.2</ele>
   </trkpt>
   <trkpt lat="38.4037050" lon="-76.8427510">
    <ele>24.6</ele>
   </trkpt>
   <trkpt lat="38.4035380" lon="-76.8429100">
    <ele>23.6</ele>
   </trkpt>
   <trkpt lat="38.4034710" lon="-76.8431390">
    <ele>23.6</ele>
   </trkpt>
   <trkpt lat="38.4034400" lon="-76.8432120">
    <ele>23.6</ele>
   </trkpt>
   <trkpt lat="38.4033070" lon="-76.8434600">
    <ele>25.0</ele>
   </trkpt>
   <trkpt lat="38.4032320" lon="-76.8435590">
    <ele>25.0</ele>
   </trkpt>
   <trkpt lat="38.4030750" lon="-76.8437180">
    <ele>25.4</ele>
   </trkpt>
   <trkpt lat="38.4030110" lon="-76.8437550">
    <ele>25.4</ele>
   </trkpt>
   <trkpt lat="38.4029590" lon="-76.8437770">
    <ele>27.4</ele>
   </trkpt>
   <trkpt lat="38.4028810" lon="-76.8437960">
    <ele>29.0</ele>
   </trkpt>
   <trkpt lat="38.4027410" lon="-76.8438070">
    <ele>31.4</ele>
   </trkpt>
   <trkpt lat="38.4026800" lon="-76.8437960">
    <ele>32.0</ele>
   </trkpt>
   <trkpt lat="38.4026340" lon="-76.8437600">
    <ele>32.8</ele>
   </trkpt>
   <trkpt lat="38.4026050" lon="-76.8437050">
    <ele>34.4</ele>
   </trkpt>
   <trkpt lat="38.4025920" lon="-76.8436300">
    <ele>35.0</ele>
   </trkpt>
   <trkpt lat="38.4025830" lon="-76.8435410">
    <ele>35.8</ele>
   </trkpt>
   <trkpt lat="38.4025790" lon="-76.8434500">
    <ele>36.2</ele>
   </trkpt>
   <trkpt lat="38.4025940" lon="-76.8433650">
    <ele>37.2</ele>
   </trkpt>
   <trkpt lat="38.4026360" lon="-76.8432840">
    <ele>37.2</ele>
   </trkpt>
   <trkpt lat="38.4027890" lon="-76.8431330">
    <ele>37.2</ele>
   </trkpt>
   <trkpt lat="38.4029060" lon="-76.8430920">
    <ele>35.2</ele>
   </trkpt>
   <trkpt lat="38.4030240" lon="-76.8430460">
    <ele>31.4</ele>
   </trkpt>
   <trkpt lat="38.4031320" lon="-76.8429960">
    <ele>27.8</ele>
   </trkpt>
   <trkpt lat="38.4032210" lon="-76.8429460">
    <ele>25.4</ele>
   </trkpt>
   <trkpt lat="38.4032880" lon="-76.8428890">
    <ele>24.0</ele>
   </trkpt>
   <trkpt lat="38.4033230" lon="-76.8428320">
    <ele>23.8</ele>
   </trkpt>
   <trkpt lat="38.4033210" lon="-76.8427780">
    <ele>23.8</ele>
   </trkpt>
   <trkpt lat="38.4032790" lon="-76.8427210">
    <ele>23.8</ele>
   </trkpt>
   <trkpt lat="38.4031510" lon="-76.8427230">
    <ele>24.4</ele>
   </trkpt>
   <trkpt lat="38.4030740" lon="-76.8427630">
    <ele>24.4</ele>
   </trkpt>
   <trkpt lat="38.4029310" lon="-76.8428510">
    <ele>25.4</ele>
   </trkpt>
   <trkpt lat="38.4028780" lon="-76.8428770">
    <ele>26.8</ele>
   </trkpt>
   <trkpt lat="38.4028340" lon="-76.8428870">
    <ele>29.4</ele>
   </trkpt>
   <trkpt lat="38.4027810" lon="-76.8429060">
    <ele>32.2</ele>
   </trkpt>
   <trkpt lat="38.4027120" lon="-76.8429380">
    <ele>33.6</ele>
   </trkpt>
   <trkpt lat="38.4025840" lon="-76.8429820">
    <ele>35.0</ele>
   </trkpt>
   <trkpt lat="38.4025000" lon="-76.8430160">
    <ele>36.8</ele>
   </trkpt>
   <trkpt lat="38.4024630" lon="-76.8430810">
    <ele>37.0</ele>
   </trkpt>
   <trkpt lat="38.4024080" lon="-76.8431640">
    <ele>37.0</ele>
   </trkpt>
   <trkpt lat="38.4022720" lon="-76.8433470">
    <ele>37.0</ele>
   </trkpt>
   <trkpt lat="38.4021810" lon="-76.8434200">
    <ele>36.0</ele>
   </trkpt>
   <trkpt lat="38.4021000" lon="-76.8434890">
    <ele>34.8</ele>
   </trkpt>
   <trkpt lat="38.4019980" lon="-76.8435780">
    <ele>32.8</ele>
   </trkpt>
   <trkpt lat="38.4018980" lon="-76.8436530">
    <ele>29.4</ele>
   </trkpt>
   <trkpt lat="38.4018090" lon="-76.8437090">
    <ele>27.4</ele>
   </trkpt>
   <trkpt lat="38.4016800" lon="-76.8438080">
    <ele>27.2</ele>
   </trkpt>
   <trkpt lat="38.4015810" lon="-76.8439580">
    <ele>27.4</ele>
   </trkpt>
   <trkpt lat="38.4014910" lon="-76.8441070">
    <ele>28.6</ele>
   </trkpt>
   <trkpt lat="38.4013900" lon="-76.8442000">
    <ele>29.8</ele>
   </trkpt>
   <trkpt lat="38.4013440" lon="-76.8442360">
    <ele>30.0</ele>
   </trkpt>
   <trkpt lat="38.4011810" lon="-76.8443230">
    <ele>30.2</ele>
   </trkpt>
   <trkpt lat="38.4011460" lon="-76.8443470">
    <ele>30.2</ele>
   </trkpt>
   <trkpt lat="38.4009530" lon="-76.8443970">
    <ele>30.4</ele>
   </trkpt>
   <trkpt lat="38.4008470" lon="-76.8443930">
    <ele>30.6</ele>
   </trkpt>
   <trkpt lat="38.4007220" lon="-76.8443180">
    <ele>30.6</ele>
   </trkpt>
   <trkpt lat="38.4006260" lon="-76.8441410">
    <ele>30.8</ele>
   </trkpt>
   <trkpt lat="38.4005900" lon="-76.8440210">
    <ele>31.8</ele>
   </trkpt>
   <trkpt lat="38.4005700" lon="-76.8438930">
    <ele>33.2</ele>
   </trkpt>
   <trkpt lat="38.4005710" lon="-76.8437730">
    <ele>34.2</ele>
   </trkpt>
   <trkpt lat="38.4005990" lon="-76.8436550">
    <ele>35.4</ele>
   </trkpt>
   <trkpt lat="38.4006420" lon="-76.8435660">
    <ele>36.2</ele>
   </trkpt>
   <trkpt lat="38.4007050" lon="-76.8434900">
    <ele>36.8</ele>
   </trkpt>
   <trkpt lat="38.4008260" lon="-76.8432990">
    <ele>37.6</ele>
   </trkpt>
   <trkpt lat="38.4009140" lon="-76.8430490">
    <ele>38.2</ele>
   </trkpt>
   <trkpt lat="38.4009850" lon="-76.8427710">
    <ele>38.6</ele>
   </trkpt>
   <trkpt lat="38.4009850" lon="-76.8424710">
    <ele>39.4</ele>
   </trkpt>
   <trkpt lat="38.4009870" lon="-76.8423260">
    <ele>39.4</ele>
   </trkpt>
   <trkpt lat="38.4010740" lon="-76.8420800">
    <ele>39.6</ele>
   </trkpt>
   <trkpt lat="38.4012170" lon="-76.8419130">
    <ele>39.8</ele>
   </trkpt>
   <trkpt lat="38.4013060" lon="-76.8418520">
    <ele>40.0</ele>
   </trkpt>
   <trkpt lat="38.4013900" lon="-76.8418100">
    <ele>40.8</ele>
   </trkpt>
   <trkpt lat="38.4014850" lon="-76.8418250">
    <ele>41.0</ele>
   </trkpt>
   <trkpt lat="38.4016930" lon="-76.8418850">
    <ele>41.0</ele>
   </trkpt>
   <trkpt lat="38.4017850" lon="-76.8418940">
    <ele>40.4</ele>
   </trkpt>
   <trkpt lat="38.4018600" lon="-76.8418620">
    <ele>40.0</ele>
   </trkpt>
   <trkpt lat="38.4019260" lon="-76.8418120">
    <ele>39.6</ele>
   </trkpt>
   <trkpt lat="38.4019540" lon="-76.8417780">
    <ele>39.6</ele>
   </trkpt>
   <trkpt lat="38.4019790" lon="-76.8417430">
    <ele>39.4</ele>
   </trkpt>
   <trkpt lat="38.4020000" lon="-76.8417030">
    <ele>39.6</ele>
   </trkpt>
   <trkpt lat="38.4020600" lon="-76.8416180">
    <ele>39.8</ele>
   </trkpt>
   <trkpt lat="38.4021170" lon="-76.8416590">
    <ele>40.0</ele>
   </trkpt>
   <trkpt lat="38.4021100" lon="-76.8417270">
    <ele>40.0</ele>
   </trkpt>
   <trkpt lat="38.4021050" lon="-76.8419180">
    <ele>40.0</ele>
   </trkpt>
   <trkpt lat="38.4021260" lon="-76.8421110">
    <ele>40.6</ele>
   </trkpt>
   <trkpt lat="38.4020890" lon="-76.8423120">
    <ele>41.0</ele>
   </trkpt>
   <trkpt lat="38.4020040" lon="-76.8424750">
    <ele>41.2</ele>
   </trkpt>
   <trkpt lat="38.4020060" lon="-76.8425400">
    <ele>41.4</ele>
   </trkpt>
   <trkpt lat="38.4020390" lon="-76.8425640">
    <ele>41.8</ele>
   </trkpt>
   <trkpt lat="38.4020820" lon="-76.8425370">
    <ele>42.4</ele>
   </trkpt>
   <trkpt lat="38.4021260" lon="-76.8425000">
    <ele>42.6</ele>
   </trkpt>
   <trkpt lat="38.4021800" lon="-76.8424950">
    <ele>42.6</ele>
   </trkpt>
   <trkpt lat="38.4023110" lon="-76.8425060">
    <ele>42.4</ele>
   </trkpt>
   <trkpt lat="38.4023780" lon="-76.8424630">
    <ele>42.2</ele>
   </trkpt>
   <trkpt lat="38.4025450" lon="-76.8423250">
    <ele>39.6</ele>
   </trkpt>
   <trkpt lat="38.4026250" lon="-76.8422600">
    <ele>35.0</ele>
   </trkpt>
   <trkpt lat="38.4027290" lon="-76.8421850">
    <ele>33.6</ele>
   </trkpt>
   <trkpt lat="38.4029500" lon="-76.8420650">
    <ele>33.4</ele>
   </trkpt>
   <trkpt lat="38.4030630" lon="-76.8420180">
    <ele>33.4</ele>
   </trkpt>
   <trkpt lat="38.4031660" lon="-76.8419740">
    <ele>33.8</ele>
   </trkpt>
   <trkpt lat="38.4032360" lon="-76.8419680">
    <ele>37.0</ele>
   </trkpt>
   <trkpt lat="38.4033000" lon="-76.8419760">
    <ele>37.4</ele>
   </trkpt>
   <trkpt lat="38.4035530" lon="-76.8420260">
    <ele>35.6</ele>
   </trkpt>
   <trkpt lat="38.4036450" lon="-76.8420280">
    <ele>31.8</ele>
   </trkpt>
   <trkpt lat="38.4037210" lon="-76.8420130">
    <ele>29.0</ele>
   </trkpt>
   <trkpt lat="38.4037780" lon="-76.8419510">
    <ele>28.2</ele>
   </trkpt>
   <trkpt lat="38.4037560" lon="-76.8417840">
    <ele>28.2</ele>
   </trkpt>
   <trkpt lat="38.4036710" lon="-76.8416500">
    <ele>29.0</ele>
   </trkpt>
   <trkpt lat="38.4036250" lon="-76.8416020">
    <ele>30.6</ele>
   </trkpt>
   <trkpt lat="38.4035780" lon="-76.8415680">
    <ele>32.6</ele>
   </trkpt>
   <trkpt lat="38.4035380" lon="-76.8415480">
    <ele>35.0</ele>
   </trkpt>
   <trkpt lat="38.4034190" lon="-76.8414730">
    <ele>37.0</ele>
   </trkpt>
   <trkpt lat="38.4034120" lon="-76.8413750">
    <ele>38.6</ele>
   </trkpt>
   <trkpt lat="38.4035260" lon="-76.8413260">
    <ele>39.8</ele>
   </trkpt>
   <trkpt lat="38.4036910" lon="-76.8413440">
    <ele>39.8</ele>
   </trkpt>
   <trkpt lat="38.4037870" lon="-76.8413940">
    <ele>39.8</ele>
   </trkpt>
   <trkpt lat="38.4039660" lon="-76.8414700">
    <ele>34.8</ele>
   </trkpt>
   <trkpt lat="38.4040730" lon="-76.8414320">
    <ele>31.4</ele>
   </trkpt>
   <trkpt lat="38.4041480" lon="-76.8413730">
    <ele>30.2</ele>
   </trkpt>
   <trkpt lat="38.4042320" lon="-76.8412620">
    <ele>30.2</ele>
   </trkpt>
   <trkpt lat="38.4042600" lon="-76.8411510">
    <ele>30.2</ele>
   </trkpt>
   <trkpt lat="38.4043170" lon="-76.8408100">
    <ele>31.6</ele>
   </trkpt>
   <trkpt lat="38.4043410" lon="-76.8406350">
    <ele>34.2</ele>
   </trkpt>
   <trkpt lat="38.4043470" lon="-76.8405850">
    <ele>36.6</ele>
   </trkpt>
   <trkpt lat="38.4043560" lon="-76.8405320">
    <ele>39.0</ele>
   </trkpt>
   <trkpt lat="38.4043630" lon="-76.8404640">
    <ele>40.4</ele>
   </trkpt>
   <trkpt lat="38.4043720" lon="-76.8403110">
    <ele>41.6</ele>
   </trkpt>
   <trkpt lat="38.4043950" lon="-76.8402030">
    <ele>41.8</ele>
   </trkpt>
   <trkpt lat="38.4044390" lon="-76.8400990">
    <ele>42.2</ele>
   </trkpt>
   <trkpt lat="38.4045530" lon="-76.8399740">
    <ele>42.4</ele>
   </trkpt>
   <trkpt lat="38.4047220" lon="-76.8399850">
    <ele>42.0</ele>
   </trkpt>
   <trkpt lat="38.4048090" lon="-76.8400590">
    <ele>41.8</ele>
   </trkpt>
   <trkpt lat="38.4048850" lon="-76.8401440">
    <ele>41.6</ele>
   </trkpt>
   <trkpt lat="38.4049790" lon="-76.8403540">
    <ele>40.2</ele>
   </trkpt>
   <trkpt lat="38.4049900" lon="-76.8406290">
    <ele>38.4</ele>
   </trkpt>
   <trkpt lat="38.4049860" lon="-76.8407770">
    <ele>37.4</ele>
   </trkpt>
   <trkpt lat="38.4049580" lon="-76.8411740">
    <ele>37.4</ele>
   </trkpt>
   <trkpt lat="38.4049320" lon="-76.8412960">
    <ele>36.8</ele>
   </trkpt>
   <trkpt lat="38.4047900" lon="-76.8417090">
    <ele>36.2</ele>
   </trkpt>
   <trkpt lat="38.4047090" lon="-76.8418150">
    <ele>34.4</ele>
   </trkpt>
   <trkpt lat="38.4046140" lon="-76.8418860">
    <ele>33.6</ele>
   </trkpt>
   <trkpt lat="38.4045010" lon="-76.8419130">
    <ele>33.2</ele>
   </trkpt>
   <trkpt lat="38.4043520" lon="-76.8419680">
    <ele>32.0</ele>
   </trkpt>
   <trkpt lat="38.4042100" lon="-76.8422340">
    <ele>28.4</ele>
   </trkpt>
   <trkpt lat="38.4042180" lon="-76.8424540">
    <ele>28.0</ele>
   </trkpt>
   <trkpt lat="38.4041150" lon="-76.8425680">
    <ele>27.4</ele>
   </trkpt>
   <trkpt lat="38.4039240" lon="-76.8426250">
    <ele>26.6</ele>
   </trkpt>
   <trkpt lat="38.4038160" lon="-76.8426380">
    <ele>25.4</ele>
   </trkpt>
   <trkpt lat="38.4037050" lon="-76.8426610">
    <ele>24.4</ele>
   </trkpt>
   <trkpt lat="38.4036050" lon="-76.8427150">
    <ele>24.0</ele>
   </trkpt>
   <trkpt lat="38.4035340" lon="-76.8428070">
    <ele>23.6</ele>
   </trkpt>
   <trkpt lat="38.4034830" lon="-76.8429230">
    <ele>23.4</ele>
   </trkpt>
   <trkpt lat="38.4034500" lon="-76.8430340">
    <ele>23.4</ele>
   </trkpt>
   <trkpt lat="38.4034260" lon="-76.8431100">
    <ele>23.6</ele>
   </trkpt>
   <trkpt lat="38.4034010" lon="-76.8431860">
    <ele>24.4</ele>
   </trkpt>
   <trkpt lat="38.4032460" lon="-76.8434610">
    <ele>24.8</ele>
   </trkpt>
   <trkpt lat="38.4031660" lon="-76.8435570">
    <ele>25.2</ele>
   </trkpt>
   <trkpt lat="38.4030250" lon="-76.8436990">
    <ele>25.2</ele>
   </trkpt>
   <trkpt lat="38.4029080" lon="-76.8437640">
    <ele>28.2</ele>
   </trkpt>
   <trkpt lat="38.4028440" lon="-76.8437830">
    <ele>29.4</ele>
   </trkpt>
   <trkpt lat="38.4027880" lon="-76.8437920">
    <ele>30.6</ele>
   </trkpt>
   <trkpt lat="38.4027110" lon="-76.8437920">
    <ele>32.0</ele>
   </trkpt>
   <trkpt lat="38.4026380" lon="-76.8437750">
    <ele>32.2</ele>
   </trkpt>
   <trkpt lat="38.4025970" lon="-76.8437340">
    <ele>33.6</ele>
   </trkpt>
   <trkpt lat="38.4025770" lon="-76.8436680">
    <ele>34.6</ele>
   </trkpt>
   <trkpt lat="38.4025640" lon="-76.8435900">
    <ele>35.2</ele>
   </trkpt>
   <trkpt lat="38.4025570" lon="-76.8435060">
    <ele>35.8</ele>
   </trkpt>
   <trkpt lat="38.4025640" lon="-76.8434180">
    <ele>36.6</ele>
   </trkpt>
   <trkpt lat="38.4025890" lon="-76.8433370">
    <ele>37.0</ele>
   </trkpt>
   <trkpt lat="38.4027140" lon="-76.8431790">
    <ele>37.0</ele>
   </trkpt>
   <trkpt lat="38.4028050" lon="-76.8431060">
    <ele>37.0</ele>
   </trkpt>
   <trkpt lat="38.4029230" lon="-76.8430610">
    <ele>34.8</ele>
   </trkpt>
   <trkpt lat="38.4030220" lon="-76.8430270">
    <ele>30.6</ele>
   </trkpt>
   <trkpt lat="38.4031330" lon="-76.8429830">
    <ele>27.6</ele>
   </trkpt>
   <trkpt lat="38.4032180" lon="-76.8429360">
    <ele>25.4</ele>
   </trkpt>
   <trkpt lat="38.4032830" lon="-76.8428720">
    <ele>24.0</ele>
   </trkpt>
   <trkpt lat="38.4033080" lon="-76.8428150">
    <ele>24.0</ele>
   </trkpt>
   <trkpt lat="38.4033060" lon="-76.8427720">
    <ele>24.0</ele>
   </trkpt>
   <trkpt lat="38.4032750" lon="-76.8427250">
    <ele>24.0</ele>
   </trkpt>
   <trkpt lat="38.4032330" lon="-76.8427060">
    <ele>24.0</ele>
   </trkpt>
   <trkpt lat="38.4031640" lon="-76.8427140">
    <ele>24.4</ele>
   </trkpt>
   <trkpt lat="38.4030150" lon="-76.8428110">
    <ele>24.8</ele>
   </trkpt>
   <trkpt lat="38.4029470" lon="-76.8428520">
    <ele>25.4</ele>
   </trkpt>
   <trkpt lat="38.4028950" lon="-76.8428810">
    <ele>26.4</ele>
   </trkpt>
   <trkpt lat="38.4028520" lon="-76.8429020">
    <ele>28.8</ele>
   </trkpt>
   <trkpt lat="38.4028050" lon="-76.8429240">
    <ele>31.8</ele>
   </trkpt>
   <trkpt lat="38.4027470" lon="-76.8429460">
    <ele>33.6</ele>
   </trkpt>
   <trkpt lat="38.4026960" lon="-76.8429660">
    <ele>34.6</ele>
   </trkpt>
   <trkpt lat="38.4025550" lon="-76.8430230">
    <ele>36.4</ele>
   </trkpt>
   <trkpt lat="38.4024870" lon="-76.8430440">
    <ele>37.4</ele>
   </trkpt>
   <trkpt lat="38.4024150" lon="-76.8430950">
    <ele>37.4</ele>
   </trkpt>
   <trkpt lat="38.4023580" lon="-76.8431650">
    <ele>37.4</ele>
   </trkpt>
   <trkpt lat="38.4022870" lon="-76.8432620">
    <ele>37.4</ele>
   </trkpt>
   <trkpt lat="38.4021310" lon="-76.8434230">
    <ele>35.8</ele>
   </trkpt>
   <trkpt lat="38.4020390" lon="-76.8435130">
    <ele>34.0</ele>
   </trkpt>
   <trkpt lat="38.4019470" lon="-76.8435930">
    <ele>31.0</ele>
   </trkpt>
   <trkpt lat="38.4018620" lon="-76.8436630">
    <ele>28.2</ele>
   </trkpt>
   <trkpt lat="38.4017960" lon="-76.8437150">
    <ele>27.4</ele>
   </trkpt>
   <trkpt lat="38.4017060" lon="-76.8438060">
    <ele>27.4</ele>
   </trkpt>
   <trkpt lat="38.4016520" lon="-76.8438720">
    <ele>27.4</ele>
   </trkpt>
   <trkpt lat="38.4014920" lon="-76.8441060">
    <ele>28.6</ele>
   </trkpt>
   <trkpt lat="38.4014540" lon="-76.8441480">
    <ele>29.2</ele>
   </trkpt>
   <trkpt lat="38.4014170" lon="-76.8441780">
    <ele>30.0</ele>
   </trkpt>
   <trkpt lat="38.4013600" lon="-76.8442220">
    <ele>30.0</ele>
   </trkpt>
   <trkpt lat="38.4011900" lon="-76.8443230">
    <ele>30.2</ele>
   </trkpt>
   <trkpt lat="38.4011470" lon="-76.8443420">
    <ele>30.4</ele>
   </trkpt>
   <trkpt lat="38.4009610" lon="-76.8443890">
    <ele>30.4</ele>
   </trkpt>
   <trkpt lat="38.4009000" lon="-76.8443850">
    <ele>30.4</ele>
   </trkpt>
   <trkpt lat="38.4007710" lon="-76.8443510">
    <ele>30.6</ele>
   </trkpt>
   <trkpt lat="38.4006980" lon="-76.8443040">
    <ele>30.6</ele>
   </trkpt>
   <trkpt lat="38.4006340" lon="-76.8442300">
    <ele>30.6</ele>
   </trkpt>
   <trkpt lat="38.4005890" lon="-76.8441300">
    <ele>30.8</ele>
   </trkpt>
   <trkpt lat="38.4005660" lon="-76.8440370">
    <ele>31.8</ele>
   </trkpt>
   <trkpt lat="38.4005530" lon="-76.8439160">
    <ele>33.0</ele>
   </trkpt>
   <trkpt lat="38.4005580" lon="-76.8437970">
    <ele>34.0</ele>
   </trkpt>
   <trkpt lat="38.4005860" lon="-76.8436610">
    <ele>35.4</ele>
   </trkpt>
   <trkpt lat="38.4006390" lon="-76.8435590">
    <ele>36.2</ele>
   </trkpt>
   <trkpt lat="38.4006950" lon="-76.8434800">
    <ele>37.2</ele>
   </trkpt>
   <trkpt lat="38.4007610" lon="-76.8433750">
    <ele>37.8</ele>
   </trkpt>
   <trkpt lat="38.4008280" lon="-76.8432280">
    <ele>38.0</ele>
   </trkpt>
   <trkpt lat="38.4008810" lon="-76.8430960">
    <ele>38.2</ele>
   </trkpt>
   <trkpt lat="38.4009640" lon="-76.8428220">
    <ele>38.6</ele>
   </trkpt>
   <trkpt lat="38.4009830" lon="-76.8426790">
    <ele>38.8</ele>
   </trkpt>
   <trkpt lat="38.4009820" lon="-76.8425320">
    <ele>39.0</ele>
   </trkpt>
   <trkpt lat="38.4009990" lon="-76.8422730">
    <ele>39.4</ele>
   </trkpt>
   <trkpt lat="38.4011310" lon="-76.8420270">
    <ele>39.6</ele>
   </trkpt>
   <trkpt lat="38.4013770" lon="-76.8418290">
    <ele>40.8</ele>
   </trkpt>
   <trkpt lat="38.4015660" lon="-76.8418370">
    <ele>41.2</ele>
   </trkpt>
   <trkpt lat="38.4017660" lon="-76.8418860">
    <ele>41.2</ele>
   </trkpt>
   <trkpt lat="38.4018470" lon="-76.8418780">
    <ele>40.0</ele>
   </trkpt>
   <trkpt lat="38.4019050" lon="-76.8418430">
    <ele>39.8</ele>
   </trkpt>
   <trkpt lat="38.4019450" lon="-76.8417940">
    <ele>39.6</ele>
   </trkpt>
   <trkpt lat="38.4020110" lon="-76.8416850">
    <ele>39.6</ele>
   </trkpt>
   <trkpt lat="38.4020870" lon="-76.8416140">
    <ele>40.0</ele>
   </trkpt>
   <trkpt lat="38.4021170" lon="-76.8416340">
    <ele>40.0</ele>
   </trkpt>
   <trkpt lat="38.4021330" lon="-76.8417300">
    <ele>40.0</ele>
   </trkpt>
   <trkpt lat="38.4021310" lon="-76.8418170">
    <ele>40.0</ele>
   </trkpt>
   <trkpt lat="38.4021430" lon="-76.8419140">
    <ele>40.0</ele>
   </trkpt>
   <trkpt lat="38.4021700" lon="-76.8421170">
    <ele>40.8</ele>
   </trkpt>
   <trkpt lat="38.4021490" lon="-76.8422170">
    <ele>41.0</ele>
   </trkpt>
   <trkpt lat="38.4020920" lon="-76.8423020">
    <ele>41.2</ele>
   </trkpt>
   <trkpt lat="38.4020130" lon="-76.8424690">
    <ele>41.4</ele>
   </trkpt>
   <trkpt lat="38.4020710" lon="-76.8425370">
    <ele>41.8</ele>
   </trkpt>
   <trkpt lat="38.4021220" lon="-76.8425020">
    <ele>42.4</ele>
   </trkpt>
   <trkpt lat="38.4021730" lon="-76.8424760">
    <ele>42.6</ele>
   </trkpt>
   <trkpt lat="38.4022250" lon="-76.8424900">
    <ele>42.6</ele>
   </trkpt>
   <trkpt lat="38.4022900" lon="-76.8425110">
    <ele>42.6</ele>
   </trkpt>
   <trkpt lat="38.4024560" lon="-76.8424760">
    <ele>42.4</ele>
   </trkpt>
   <trkpt lat="38.4026560" lon="-76.8423180">
    <ele>37.8</ele>
   </trkpt>
   <trkpt lat="38.4027570" lon="-76.8422380">
    <ele>34.2</ele>
   </trkpt>
   <trkpt lat="38.4029700" lon="-76.8421090">
    <ele>33.6</ele>
   </trkpt>
   <trkpt lat="38.4030790" lon="-76.8420670">
    <ele>33.6</ele>
   </trkpt>
   <trkpt lat="38.4032400" lon="-76.8420250">
    <ele>35.0</ele>
   </trkpt>
   <trkpt lat="38.4032910" lon="-76.8420230">
    <ele>37.0</ele>
   </trkpt>
   <trkpt lat="38.4035570" lon="-76.8420730">
    <ele>37.0</ele>
   </trkpt>
   <trkpt lat="38.4036550" lon="-76.8420920">
    <ele>33.4</ele>
   </trkpt>
   <trkpt lat="38.4037510" lon="-76.8421100">
    <ele>30.0</ele>
   </trkpt>
   <trkpt lat="38.4038200" lon="-76.8420760">
    <ele>28.0</ele>
   </trkpt>
   <trkpt lat="38.4038570" lon="-76.8419170">
    <ele>27.6</ele>
   </trkpt>
   <trkpt lat="38.4037790" lon="-76.8417420">
    <ele>28.0</ele>
   </trkpt>
   <trkpt lat="38.4037250" lon="-76.8416790">
    <ele>29.2</ele>
   </trkpt>
   <trkpt lat="38.4036720" lon="-76.8416330">
    <ele>30.2</ele>
   </trkpt>
   <trkpt lat="38.4036210" lon="-76.8415930">
    <ele>31.8</ele>
   </trkpt>
   <trkpt lat="38.4035760" lon="-76.8415750">
    <ele>34.2</ele>
   </trkpt>
   <trkpt lat="38.4034990" lon="-76.8415390">
    <ele>35.6</ele>
   </trkpt>
   <trkpt lat="38.4034410" lon="-76.8414930">
    <ele>36.8</ele>
   </trkpt>
   <trkpt lat="38.4034060" lon="-76.8414370">
    <ele>37.2</ele>
   </trkpt>
   <trkpt lat="38.4034120" lon="-76.8413780">
    <ele>38.2</ele>
   </trkpt>
   <trkpt lat="38.4034530" lon="-76.8413420">
    <ele>39.2</ele>
   </trkpt>
   <trkpt lat="38.4035840" lon="-76.8413450">
    <ele>40.0</ele>
   </trkpt>
   <trkpt lat="38.4036600" lon="-76.8413470">
    <ele>40.0</ele>
   </trkpt>
   <trkpt lat="38.4038670" lon="-76.8413900">
    <ele>40.0</ele>
   </trkpt>
   <trkpt lat="38.4039630" lon="-76.8414210">
    <ele>37.0</ele>
   </trkpt>
   <trkpt lat="38.4040590" lon="-76.8414340">
    <ele>32.8</ele>
   </trkpt>
   <trkpt lat="38.4041490" lon="-76.8414000">
    <ele>31.2</ele>
   </trkpt>
   <trkpt lat="38.4042160" lon="-76.8413310">
    <ele>30.4</ele>
   </trkpt>
   <trkpt lat="38.4042830" lon="-76.8411540">
    <ele>30.6</ele>
   </trkpt>
   <trkpt lat="38.4043430" lon="-76.8406930">
    <ele>33.0</ele>
   </trkpt>
   <trkpt lat="38.4043500" lon="-76.8406110">
    <ele>34.8</ele>
   </trkpt>
   <trkpt lat="38.4043610" lon="-76.8405360">
    <ele>37.4</ele>
   </trkpt>
   <trkpt lat="38.4043710" lon="-76.8404620">
    <ele>40.6</ele>
   </trkpt>
   <trkpt lat="38.4043870" lon="-76.8403240">
    <ele>41.8</ele>
   </trkpt>
   <trkpt lat="38.4044560" lon="-76.8401030">
    <ele>42.4</ele>
   </trkpt>
   <trkpt lat="38.4046040" lon="-76.8400090">
    <ele>42.2</ele>
   </trkpt>
   <trkpt lat="38.4046830" lon="-76.8400070">
    <ele>42.0</ele>
   </trkpt>
   <trkpt lat="38.4047610" lon="-76.8400280">
    <ele>41.8</ele>
   </trkpt>
   <trkpt lat="38.4048950" lon="-76.8401440">
    <ele>41.0</ele>
   </trkpt>
   <trkpt lat="38.4049580" lon="-76.8402580">
    <ele>40.4</ele>
   </trkpt>
   <trkpt lat="38.4049920" lon="-76.8403700">
    <ele>39.6</ele>
   </trkpt>
   <trkpt lat="38.4050010" lon="-76.8404960">
    <ele>39.2</ele>
   </trkpt>
   <trkpt lat="38.4049940" lon="-76.8406350">
    <ele>38.2</ele>
   </trkpt>
   <trkpt lat="38.4049560" lon="-76.8409360">
    <ele>37.8</ele>
   </trkpt>
   <trkpt lat="38.4049090" lon="-76.8413080">
    <ele>36.8</ele>
   </trkpt>
   <trkpt lat="38.4048400" lon="-76.8415860">
    <ele>36.6</ele>
   </trkpt>
   <trkpt lat="38.4047740" lon="-76.8417140">
    <ele>35.6</ele>
   </trkpt>
   <trkpt lat="38.4046900" lon="-76.8418140">
    <ele>34.4</ele>
   </trkpt>
   <trkpt lat="38.4045970" lon="-76.8418930">
    <ele>33.8</ele>
   </trkpt>
   <trkpt lat="38.4045070" lon="-76.8419440">
    <ele>33.4</ele>
   </trkpt>
   <trkpt lat="38.4044200" lon="-76.8419790">
    <ele>32.8</ele>
   </trkpt>
   <trkpt lat="38.4043460" lon="-76.8420300">
    <ele>32.2</ele>
   </trkpt>
   <trkpt lat="38.4042850" lon="-76.8421180">
    <ele>31.8</ele>
   </trkpt>
   <trkpt lat="38.4042280" lon="-76.8422190">
    <ele>30.2</ele>
   </trkpt>
   <trkpt lat="38.4042190" lon="-76.8423380">
    <ele>28.6</ele>
   </trkpt>
   <trkpt lat="38.4041690" lon="-76.8425390">
    <ele>27.6</ele>
   </trkpt>
   <trkpt lat="38.4041000" lon="-76.8425970">
    <ele>27.4</ele>
   </trkpt>
   <trkpt lat="38.4040080" lon="-76.8426350">
    <ele>27.2</ele>
   </trkpt>
   <trkpt lat="38.4039070" lon="-76.8426570">
    <ele>26.6</ele>
   </trkpt>
   <trkpt lat="38.4038020" lon="-76.8426710">
    <ele>25.6</ele>
   </trkpt>
   <trkpt lat="38.4036910" lon="-76.8426950">
    <ele>24.6</ele>
   </trkpt>
   <trkpt lat="38.4035840" lon="-76.8427440">
    <ele>24.0</ele>
   </trkpt>
   <trkpt lat="38.4035110" lon="-76.8428410">
    <ele>23.6</ele>
   </trkpt>
   <trkpt lat="38.4034720" lon="-76.8429750">
    <ele>23.6</ele>
   </trkpt>
   <trkpt lat="38.4034280" lon="-76.8431610">
    <ele>23.6</ele>
   </trkpt>
   <trkpt lat="38.4034000" lon="-76.8432260">
    <ele>25.2</ele>
   </trkpt>
   <trkpt lat="38.4032460" lon="-76.8434950">
    <ele>25.2</ele>
   </trkpt>
   <trkpt lat="38.4031600" lon="-76.8435940">
    <ele>25.6</ele>
   </trkpt>
   <trkpt lat="38.4030280" lon="-76.8437060">
    <ele>25.6</ele>
   </trkpt>
   <trkpt lat="38.4029450" lon="-76.8437310">
    <ele>25.8</ele>
   </trkpt>
   <trkpt lat="38.4028780" lon="-76.8437550">
    <ele>28.6</ele>
   </trkpt>
   <trkpt lat="38.4028140" lon="-76.8437770">
    <ele>29.8</ele>
   </trkpt>
   <trkpt lat="38.4026910" lon="-76.8437820">
    <ele>32.2</ele>
   </trkpt>
   <trkpt lat="38.4026190" lon="-76.8437550">
    <ele>32.4</ele>
   </trkpt>
   <trkpt lat="38.4025870" lon="-76.8437090">
    <ele>34.0</ele>
   </trkpt>
   <trkpt lat="38.4025510" lon="-76.8435860">
    <ele>35.6</ele>
   </trkpt>
   <trkpt lat="38.4025440" lon="-76.8434270">
    <ele>36.6</ele>
   </trkpt>
   <trkpt lat="38.4025730" lon="-76.8433290">
    <ele>37.4</ele>
   </trkpt>
   <trkpt lat="38.4026220" lon="-76.8432480">
    <ele>37.4</ele>
   </trkpt>
   <trkpt lat="38.4027650" lon="-76.8431210">
    <ele>37.4</ele>
   </trkpt>
   <trkpt lat="38.4028730" lon="-76.8430760">
    <ele>35.2</ele>
   </trkpt>
   <trkpt lat="38.4030140" lon="-76.8430200">
    <ele>31.8</ele>
   </trkpt>
   <trkpt lat="38.4031260" lon="-76.8429760">
    <ele>28.4</ele>
   </trkpt>
   <trkpt lat="38.4032200" lon="-76.8429350">
    <ele>25.8</ele>
   </trkpt>
   <trkpt lat="38.4032830" lon="-76.8428850">
    <ele>24.8</ele>
   </trkpt>
   <trkpt lat="38.4033240" lon="-76.8428320">
    <ele>24.2</ele>
   </trkpt>
   <trkpt lat="38.4033260" lon="-76.8427820">
    <ele>24.2</ele>
   </trkpt>
   <trkpt lat="38.4032440" lon="-76.8427120">
    <ele>24.4</ele>
   </trkpt>
   <trkpt lat="38.4030130" lon="-76.8428240">
    <ele>25.2</ele>
   </trkpt>
   <trkpt lat="38.4029450" lon="-76.8428590">
    <ele>25.8</ele>
   </trkpt>
   <trkpt lat="38.4028870" lon="-76.8428820">
    <ele>26.8</ele>
   </trkpt>
   <trkpt lat="38.4028350" lon="-76.8429000">
    <ele>29.2</ele>
   </trkpt>
   <trkpt lat="38.4027800" lon="-76.8429170">
    <ele>32.4</ele>
   </trkpt>
   <trkpt lat="38.4027190" lon="-76.8429440">
    <ele>34.0</ele>
   </trkpt>
   <trkpt lat="38.4025900" lon="-76.8429890">
    <ele>35.4</ele>
   </trkpt>
   <trkpt lat="38.4025220" lon="-76.8430170">
    <ele>37.4</ele>
   </trkpt>
   <trkpt lat="38.4023960" lon="-76.8431350">
    <ele>37.6</ele>
   </trkpt>
   <trkpt lat="38.4023390" lon="-76.8432220">
    <ele>37.6</ele>
   </trkpt>
   <trkpt lat="38.4022600" lon="-76.8433190">
    <ele>37.6</ele>
   </trkpt>
   <trkpt lat="38.4020800" lon="-76.8434790">
    <ele>35.6</ele>
   </trkpt>
   <trkpt lat="38.4019780" lon="-76.8435670">
    <ele>33.2</ele>
   </trkpt>
   <trkpt lat="38.4018820" lon="-76.8436440">
    <ele>30.2</ele>
   </trkpt>
   <trkpt lat="38.4018100" lon="-76.8437060">
    <ele>28.0</ele>
   </trkpt>
   <trkpt lat="38.4017690" lon="-76.8437420">
    <ele>27.6</ele>
   </trkpt>
   <trkpt lat="38.4016210" lon="-76.8438880">
    <ele>27.8</ele>
   </trkpt>
   <trkpt lat="38.4015660" lon="-76.8439580">
    <ele>28.2</ele>
   </trkpt>
   <trkpt lat="38.4014850" lon="-76.8440950">
    <ele>29.2</ele>
   </trkpt>
   <trkpt lat="38.4014260" lon="-76.8441780">
    <ele>30.2</ele>
   </trkpt>
   <trkpt lat="38.4013870" lon="-76.8442180">
    <ele>30.6</ele>
   </trkpt>
   <trkpt lat="38.4013410" lon="-76.8442490">
    <ele>30.6</ele>
   </trkpt>
   <trkpt lat="38.4012450" lon="-76.8443120">
    <ele>30.8</ele>
   </trkpt>
   <trkpt lat="38.4011060" lon="-76.8443780">
    <ele>31.0</ele>
   </trkpt>
   <trkpt lat="38.4010490" lon="-76.8443850">
    <ele>31.0</ele>
   </trkpt>
   <trkpt lat="38.4009550" lon="-76.8443900">
    <ele>31.2</ele>
   </trkpt>
   <trkpt lat="38.4008360" lon="-76.8443710">
    <ele>31.2</ele>
   </trkpt>
   <trkpt lat="38.4007620" lon="-76.8443390">
    <ele>31.2</ele>
   </trkpt>
   <trkpt lat="38.4006920" lon="-76.8442820">
    <ele>31.4</ele>
   </trkpt>
   <trkpt lat="38.4005900" lon="-76.8440920">
    <ele>31.6</ele>
   </trkpt>
   <trkpt lat="38.4005690" lon="-76.8439930">
    <ele>33.0</ele>
   </trkpt>
   <trkpt lat="38.4005610" lon="-76.8438710">
    <ele>34.0</ele>
   </trkpt>
   <trkpt lat="38.4005780" lon="-76.8437270">
    <ele>35.0</ele>
   </trkpt>
   <trkpt lat="38.4006060" lon="-76.8436190">
    <ele>36.4</ele>
   </trkpt>
   <trkpt lat="38.4006490" lon="-76.8435480">
    <ele>37.4</ele>
   </trkpt>
   <trkpt lat="38.4007180" lon="-76.8434740">
    <ele>38.0</ele>
   </trkpt>
   <trkpt lat="38.4007860" lon="-76.8433960">
    <ele>38.2</ele>
   </trkpt>
   <trkpt lat="38.4008490" lon="-76.8432700">
    <ele>38.4</ele>
   </trkpt>
   <trkpt lat="38.4008960" lon="-76.8431470">
    <ele>38.8</ele>
   </trkpt>
   <trkpt lat="38.4009420" lon="-76.8430170">
    <ele>39.0</ele>
   </trkpt>
   <trkpt lat="38.4009820" lon="-76.8428830">
    <ele>39.2</ele>
   </trkpt>
   <trkpt lat="38.4010020" lon="-76.8426110">
    <ele>39.4</ele>
   </trkpt>
   <trkpt lat="38.4009900" lon="-76.8424660">
    <ele>39.8</ele>
   </trkpt>
   <trkpt lat="38.4009970" lon="-76.8423250">
    <ele>40.0</ele>
   </trkpt>
   <trkpt lat="38.4010200" lon="-76.8422200">
    <ele>40.2</ele>
   </trkpt>
   <trkpt lat="38.4010840" lon="-76.8420840">
    <ele>40.2</ele>
   </trkpt>
   <trkpt lat="38.4011440" lon="-76.8420090">
    <ele>40.4</ele>
   </trkpt>
   <trkpt lat="38.4012280" lon="-76.8419280">
    <ele>40.4</ele>
   </trkpt>
   <trkpt lat="38.4014000" lon="-76.8418030">
    <ele>41.6</ele>
   </trkpt>
   <trkpt lat="38.4015990" lon="-76.8418230">
    <ele>41.6</ele>
   </trkpt>
   <trkpt lat="38.4018380" lon="-76.8418720">
    <ele>40.6</ele>
   </trkpt>
   <trkpt lat="38.4018980" lon="-76.8418340">
    <ele>40.2</ele>
   </trkpt>
   <trkpt lat="38.4019620" lon="-76.8417670">
    <ele>40.0</ele>
   </trkpt>
   <trkpt lat="38.4020180" lon="-76.8416880">
    <ele>40.2</ele>
   </trkpt>
   <trkpt lat="38.4020670" lon="-76.8416330">
    <ele>40.4</ele>
   </trkpt>
   <trkpt lat="38.4021020" lon="-76.8416090">
    <ele>40.4</ele>
   </trkpt>
   <trkpt lat="38.4021310" lon="-76.8416360">
    <ele>40.6</ele>
   </trkpt>
   <trkpt lat="38.4021350" lon="-76.8417590">
    <ele>40.6</ele>
   </trkpt>
   <trkpt lat="38.4021260" lon="-76.8418530">
    <ele>40.6</ele>
   </trkpt>
   <trkpt lat="38.4021400" lon="-76.8419480">
    <ele>40.8</ele>
   </trkpt>
   <trkpt lat="38.4021600" lon="-76.8421340">
    <ele>41.4</ele>
   </trkpt>
   <trkpt lat="38.4021420" lon="-76.8422170">
    <ele>41.6</ele>
   </trkpt>
   <trkpt lat="38.4020840" lon="-76.8423250">
    <ele>41.6</ele>
   </trkpt>
   <trkpt lat="38.4020320" lon="-76.8424080">
    <ele>41.8</ele>
   </trkpt>
   <trkpt lat="38.4020050" lon="-76.8424930">
    <ele>41.8</ele>
   </trkpt>
   <trkpt lat="38.4020140" lon="-76.8425510">
    <ele>42.0</ele>
   </trkpt>
   <trkpt lat="38.4020950" lon="-76.8424990">
    <ele>43.0</ele>
   </trkpt>
   <trkpt lat="38.4021630" lon="-76.8424900">
    <ele>43.0</ele>
   </trkpt>
   <trkpt lat="38.4022340" lon="-76.8425040">
    <ele>43.0</ele>
   </trkpt>
   <trkpt lat="38.4023190" lon="-76.8425090">
    <ele>43.0</ele>
   </trkpt>
   <trkpt lat="38.4024670" lon="-76.8424470">
    <ele>42.6</ele>
   </trkpt>
   <trkpt lat="38.4025570" lon="-76.8423790">
    <ele>41.0</ele>
   </trkpt>
   <trkpt lat="38.4026510" lon="-76.8422980">
    <ele>36.8</ele>
   </trkpt>
   <trkpt lat="38.4027460" lon="-76.8422220">
    <ele>34.6</ele>
   </trkpt>
   <trkpt lat="38.4031470" lon="-76.8420340">
    <ele>34.6</ele>
   </trkpt>
   <trkpt lat="38.4032040" lon="-76.8420220">
    <ele>36.4</ele>
   </trkpt>
   <trkpt lat="38.4032640" lon="-76.8420170">
    <ele>37.8</ele>
   </trkpt>
   <trkpt lat="38.4033280" lon="-76.8420150">
    <ele>37.8</ele>
   </trkpt>
   <trkpt lat="38.4036300" lon="-76.8420410">
    <ele>32.8</ele>
   </trkpt>
   <trkpt lat="38.4037250" lon="-76.8420170">
    <ele>30.0</ele>
   </trkpt>
   <trkpt lat="38.4037690" lon="-76.8419530">
    <ele>28.8</ele>
   </trkpt>
   <trkpt lat="38.4037630" lon="-76.8417860">
    <ele>28.8</ele>
   </trkpt>
   <trkpt lat="38.4036710" lon="-76.8416470">
    <ele>29.6</ele>
   </trkpt>
   <trkpt lat="38.4036240" lon="-76.8415950">
    <ele>30.8</ele>
   </trkpt>
   <trkpt lat="38.4035850" lon="-76.8415540">
    <ele>33.0</ele>
   </trkpt>
   <trkpt lat="38.4035340" lon="-76.8415210">
    <ele>35.4</ele>
   </trkpt>
   <trkpt lat="38.4034740" lon="-76.8414930">
    <ele>36.2</ele>
   </trkpt>
   <trkpt lat="38.4034260" lon="-76.8414610">
    <ele>37.6</ele>
   </trkpt>
   <trkpt lat="38.4034130" lon="-76.8413730">
    <ele>38.8</ele>
   </trkpt>
   <trkpt lat="38.4035320" lon="-76.8413090">
    <ele>40.4</ele>
   </trkpt>
   <trkpt lat="38.4036110" lon="-76.8413080">
    <ele>40.8</ele>
   </trkpt>
   <trkpt lat="38.4037810" lon="-76.8413830">
    <ele>40.8</ele>
   </trkpt>
   <trkpt lat="38.4039700" lon="-76.8415010">
    <ele>36.4</ele>
   </trkpt>
   <trkpt lat="38.4040680" lon="-76.8415140">
    <ele>32.6</ele>
   </trkpt>
   <trkpt lat="38.4041470" lon="-76.8414700">
    <ele>30.4</ele>
   </trkpt>
   <trkpt lat="38.4041970" lon="-76.8413840">
    <ele>30.4</ele>
   </trkpt>
   <trkpt lat="38.4042370" lon="-76.8412830">
    <ele>30.6</ele>
   </trkpt>
   <trkpt lat="38.4042670" lon="-76.8410550">
    <ele>30.8</ele>
   </trkpt>
   <trkpt lat="38.4042810" lon="-76.8409440">
    <ele>32.0</ele>
   </trkpt>
   <trkpt lat="38.4043070" lon="-76.8407410">
    <ele>33.6</ele>
   </trkpt>
   <trkpt lat="38.4043150" lon="-76.8406600">
    <ele>35.0</ele>
   </trkpt>
   <trkpt lat="38.4043190" lon="-76.8405870">
    <ele>37.2</ele>
   </trkpt>
   <trkpt lat="38.4043280" lon="-76.8405160">
    <ele>40.0</ele>
   </trkpt>
   <trkpt lat="38.4043410" lon="-76.8404430">
    <ele>41.4</ele>
   </trkpt>
   <trkpt lat="38.4043540" lon="-76.8403620">
    <ele>42.6</ele>
   </trkpt>
   <trkpt lat="38.4043670" lon="-76.8402620">
    <ele>42.8</ele>
   </trkpt>
   <trkpt lat="38.4043970" lon="-76.8401760">
    <ele>42.8</ele>
   </trkpt>
   <trkpt lat="38.4044660" lon="-76.8400660">
    <ele>43.0</ele>
   </trkpt>
   <trkpt lat="38.4045330" lon="-76.8400340">
    <ele>43.0</ele>
   </trkpt>
   <trkpt lat="38.4046980" lon="-76.8400010">
    <ele>42.8</ele>
   </trkpt>
   <trkpt lat="38.4048740" lon="-76.8401010">
    <ele>42.2</ele>
   </trkpt>
   <trkpt lat="38.4049380" lon="-76.8402090">
    <ele>41.4</ele>
   </trkpt>
   <trkpt lat="38.4049770" lon="-76.8403310">
    <ele>40.8</ele>
   </trkpt>
   <trkpt lat="38.4049970" lon="-76.8404680">
    <ele>40.0</ele>
   </trkpt>
   <trkpt lat="38.4049940" lon="-76.8406050">
    <ele>38.8</ele>
   </trkpt>
   <trkpt lat="38.4049850" lon="-76.8407450">
    <ele>38.2</ele>
   </trkpt>
   <trkpt lat="38.4049650" lon="-76.8408830">
    <ele>38.0</ele>
   </trkpt>
   <trkpt lat="38.4049320" lon="-76.8410820">
    <ele>38.0</ele>
   </trkpt>
   <trkpt lat="38.4048410" lon="-76.8415310">
    <ele>38.2</ele>
   </trkpt>
   <trkpt lat="38.4047950" lon="-76.8416660">
    <ele>37.2</ele>
   </trkpt>
   <trkpt lat="38.4047300" lon="-76.8417850">
    <ele>35.4</ele>
   </trkpt>
   <trkpt lat="38.4046500" lon="-76.8418690">
    <ele>34.4</ele>
   </trkpt>
   <trkpt lat="38.4045560" lon="-76.8419230">
    <ele>34.2</ele>
   </trkpt>
   <trkpt lat="38.4044680" lon="-76.8419600">
    <ele>33.8</ele>
   </trkpt>
   <trkpt lat="38.4043330" lon="-76.8420910">
    <ele>32.6</ele>
   </trkpt>
   <trkpt lat="38.4042540" lon="-76.8423100">
    <ele>29.4</ele>
   </trkpt>
   <trkpt lat="38.4042470" lon="-76.8424190">
    <ele>29.4</ele>
   </trkpt>
   <trkpt lat="38.4042270" lon="-76.8425180">
    <ele>28.6</ele>
   </trkpt>
   <trkpt lat="38.4041770" lon="-76.8425930">
    <ele>28.2</ele>
   </trkpt>
   <trkpt lat="38.4041000" lon="-76.8426450">
    <ele>28.0</ele>
   </trkpt>
   <trkpt lat="38.4040090" lon="-76.8426800">
    <ele>27.8</ele>
   </trkpt>
   <trkpt lat="38.4039120" lon="-76.8426940">
    <ele>27.0</ele>
   </trkpt>
   <trkpt lat="38.4038100" lon="-76.8426990">
    <ele>25.8</ele>
   </trkpt>
   <trkpt lat="38.4036000" lon="-76.8427700">
    <ele>24.8</ele>
   </trkpt>
   <trkpt lat="38.4035150" lon="-76.8428490">
    <ele>24.2</ele>
   </trkpt>
   <trkpt lat="38.4034720" lon="-76.8429470">
    <ele>24.2</ele>
   </trkpt>
   <trkpt lat="38.4034310" lon="-76.8430710">
    <ele>24.2</ele>
   </trkpt>
   <trkpt lat="38.4034070" lon="-76.8431490">
    <ele>24.2</ele>
   </trkpt>
   <trkpt lat="38.4033750" lon="-76.8432190">
    <ele>25.8</ele>
   </trkpt>
   <trkpt lat="38.4032940" lon="-76.8433850">
    <ele>25.8</ele>
   </trkpt>
   <trkpt lat="38.4031430" lon="-76.8435890">
    <ele>26.0</ele>
   </trkpt>
   <trkpt lat="38.4030240" lon="-76.8436970">
    <ele>26.0</ele>
   </trkpt>
   <trkpt lat="38.4029490" lon="-76.8437290">
    <ele>27.0</ele>
   </trkpt>
   <trkpt lat="38.4028810" lon="-76.8437510">
    <ele>29.4</ele>
   </trkpt>
   <trkpt lat="38.4028120" lon="-76.8437700">
    <ele>30.2</ele>
   </trkpt>
   <trkpt lat="38.4027360" lon="-76.8437710">
    <ele>31.6</ele>
   </trkpt>
   <trkpt lat="38.4026780" lon="-76.8437610">
    <ele>32.6</ele>
   </trkpt>
   <trkpt lat="38.4026020" lon="-76.8436980">
    <ele>34.8</ele>
   </trkpt>
   <trkpt lat="38.4025890" lon="-76.8436360">
    <ele>35.4</ele>
   </trkpt>
   <trkpt lat="38.4025780" lon="-76.8435630">
    <ele>35.8</ele>
   </trkpt>
   <trkpt lat="38.4025700" lon="-76.8433880">
    <ele>37.2</ele>
   </trkpt>
   <trkpt lat="38.4025860" lon="-76.8433080">
    <ele>37.8</ele>
   </trkpt>
   <trkpt lat="38.4026280" lon="-76.8432330">
    <ele>37.8</ele>
   </trkpt>
   <trkpt lat="38.4027950" lon="-76.8430950">
    <ele>37.8</ele>
   </trkpt>
   <trkpt lat="38.4029080" lon="-76.8430470">
    <ele>35.8</ele>
   </trkpt>
   <trkpt lat="38.4030070" lon="-76.8430160">
    <ele>32.2</ele>
   </trkpt>
   <trkpt lat="38.4031480" lon="-76.8429670">
    <ele>28.8</ele>
   </trkpt>
   <trkpt lat="38.4032490" lon="-76.8429110">
    <ele>26.4</ele>
   </trkpt>
   <trkpt lat="38.4033030" lon="-76.8428690">
    <ele>25.2</ele>
   </trkpt>
   <trkpt lat="38.4033450" lon="-76.8427530">
    <ele>24.8</ele>
   </trkpt>
   <trkpt lat="38.4032530" lon="-76.8426960">
    <ele>25.0</ele>
   </trkpt>
   <trkpt lat="38.4030410" lon="-76.8428180">
    <ele>25.8</ele>
   </trkpt>
   <trkpt lat="38.4029740" lon="-76.8428560">
    <ele>26.2</ele>
   </trkpt>
   <trkpt lat="38.4029150" lon="-76.8428810">
    <ele>27.6</ele>
   </trkpt>
   <trkpt lat="38.4028630" lon="-76.8429010">
    <ele>30.0</ele>
   </trkpt>
   <trkpt lat="38.4028200" lon="-76.8429150">
    <ele>33.0</ele>
   </trkpt>
   <trkpt lat="38.4027570" lon="-76.8429390">
    <ele>34.6</ele>
   </trkpt>
   <trkpt lat="38.4026300" lon="-76.8429870">
    <ele>35.8</ele>
   </trkpt>
   <trkpt lat="38.4025460" lon="-76.8430330">
    <ele>37.8</ele>
   </trkpt>
   <trkpt lat="38.4024150" lon="-76.8431820">
    <ele>38.2</ele>
   </trkpt>
   <trkpt lat="38.4023580" lon="-76.8432610">
    <ele>38.2</ele>
   </trkpt>
   <trkpt lat="38.4022880" lon="-76.8433310">
    <ele>38.2</ele>
   </trkpt>
   <trkpt lat="38.4021290" lon="-76.8434590">
    <ele>35.8</ele>
   </trkpt>
   <trkpt lat="38.4020290" lon="-76.8435380">
    <ele>34.8</ele>
   </trkpt>
   <trkpt lat="38.4019270" lon="-76.8436160">
    <ele>31.8</ele>
   </trkpt>
   <trkpt lat="38.4018330" lon="-76.8436900">
    <ele>29.0</ele>
   </trkpt>
   <trkpt lat="38.4016930" lon="-76.8437960">
    <ele>28.2</ele>
   </trkpt>
   <trkpt lat="38.4014990" lon="-76.8441210">
    <ele>29.2</ele>
   </trkpt>
   <trkpt lat="38.4014580" lon="-76.8441750">
    <ele>29.6</ele>
   </trkpt>
   <trkpt lat="38.4014200" lon="-76.8442110">
    <ele>30.2</ele>
   </trkpt>
   <trkpt lat="38.4013700" lon="-76.8442470">
    <ele>30.8</ele>
   </trkpt>
   <trkpt lat="38.4012530" lon="-76.8443050">
    <ele>31.0</ele>
   </trkpt>
   <trkpt lat="38.4012070" lon="-76.8443260">
    <ele>31.0</ele>
   </trkpt>
   <trkpt lat="38.4011660" lon="-76.8443520">
    <ele>31.2</ele>
   </trkpt>
   <trkpt lat="38.4009900" lon="-76.8444040">
    <ele>31.4</ele>
   </trkpt>
   <trkpt lat="38.4008810" lon="-76.8444060">
    <ele>31.4</ele>
   </trkpt>
   <trkpt lat="38.4007380" lon="-76.8443580">
    <ele>31.4</ele>
   </trkpt>
   <trkpt lat="38.4006160" lon="-76.8442130">
    <ele>31.6</ele>
   </trkpt>
   <trkpt lat="38.4005840" lon="-76.8441080">
    <ele>31.8</ele>
   </trkpt>
   <trkpt lat="38.4005610" lon="-76.8439910">
    <ele>32.6</ele>
   </trkpt>
   <trkpt lat="38.4005510" lon="-76.8438750">
    <ele>33.8</ele>
   </trkpt>
   <trkpt lat="38.4005580" lon="-76.8437620">
    <ele>34.8</ele>
   </trkpt>
   <trkpt lat="38.4005770" lon="-76.8436470">
    <ele>36.0</ele>
   </trkpt>
   <trkpt lat="38.4006280" lon="-76.8435460">
    <ele>37.2</ele>
   </trkpt>
   <trkpt lat="38.4007670" lon="-76.8433600">
    <ele>38.4</ele>
   </trkpt>
   <trkpt lat="38.4008190" lon="-76.8432480">
    <ele>38.8</ele>
   </trkpt>
   <trkpt lat="38.4010000" lon="-76.8427210">
    <ele>39.6</ele>
   </trkpt>
   <trkpt lat="38.4010040" lon="-76.8423030">
    <ele>40.0</ele>
   </trkpt>
   <trkpt lat="38.4010980" lon="-76.8420630">
    <ele>40.2</ele>
   </trkpt>
   <trkpt lat="38.4012320" lon="-76.8418940">
    <ele>40.2</ele>
   </trkpt>
   <trkpt lat="38.4013300" lon="-76.8418130">
    <ele>41.0</ele>
   </trkpt>
   <trkpt lat="38.4013920" lon="-76.8417740">
    <ele>42.0</ele>
   </trkpt>
   <trkpt lat="38.4015040" lon="-76.8417730">
    <ele>42.0</ele>
   </trkpt>
   <trkpt lat="38.4017160" lon="-76.8418380">
    <ele>42.0</ele>
   </trkpt>
   <trkpt lat="38.4018110" lon="-76.8418440">
    <ele>41.0</ele>
   </trkpt>
   <trkpt lat="38.4018620" lon="-76.8418150">
    <ele>40.6</ele>
   </trkpt>
   <trkpt lat="38.4019040" lon="-76.8417750">
    <ele>40.4</ele>
   </trkpt>
   <trkpt lat="38.4019850" lon="-76.8416770">
    <ele>40.4</ele>
   </trkpt>
   <trkpt lat="38.4020930" lon="-76.8415970">
    <ele>40.6</ele>
   </trkpt>
   <trkpt lat="38.4021090" lon="-76.8416730">
    <ele>40.6</ele>
   </trkpt>
   <trkpt lat="38.4020920" lon="-76.8418540">
    <ele>40.8</ele>
   </trkpt>
   <trkpt lat="38.4021090" lon="-76.8419590">
    <ele>40.8</ele>
   </trkpt>
   <trkpt lat="38.4021350" lon="-76.8421530">
    <ele>41.4</ele>
   </trkpt>
   <trkpt lat="38.4021030" lon="-76.8422470">
    <ele>41.8</ele>
   </trkpt>
   <trkpt lat="38.4020060" lon="-76.8424130">
    <ele>42.0</ele>
   </trkpt>
   <trkpt lat="38.4019900" lon="-76.8424920">
    <ele>42.0</ele>
   </trkpt>
   <trkpt lat="38.4020020" lon="-76.8425290">
    <ele>42.2</ele>
   </trkpt>
   <trkpt lat="38.4020420" lon="-76.8425060">
    <ele>43.2</ele>
   </trkpt>
   <trkpt lat="38.4021630" lon="-76.8424550">
    <ele>43.2</ele>
   </trkpt>
   <trkpt lat="38.4022290" lon="-76.8424720">
    <ele>43.2</ele>
   </trkpt>
   <trkpt lat="38.4023070" lon="-76.8424690">
    <ele>43.2</ele>
   </trkpt>
   <trkpt lat="38.4024730" lon="-76.8423800">
    <ele>42.6</ele>
   </trkpt>
   <trkpt lat="38.4025660" lon="-76.8422820">
    <ele>40.8</ele>
   </trkpt>
   <trkpt lat="38.4026680" lon="-76.8421990">
    <ele>36.6</ele>
   </trkpt>
   <trkpt lat="38.4027720" lon="-76.8421310">
    <ele>34.6</ele>
   </trkpt>
   <trkpt lat="38.4031640" lon="-76.8419570">
    <ele>34.6</ele>
   </trkpt>
   <trkpt lat="38.4032280" lon="-76.8419490">
    <ele>36.4</ele>
   </trkpt>
   <trkpt lat="38.4032980" lon="-76.8419520">
    <ele>37.8</ele>
   </trkpt>
   <trkpt lat="38.4033770" lon="-76.8419590">
    <ele>37.8</ele>
   </trkpt>
   <trkpt lat="38.4036890" lon="-76.8419940">
    <ele>31.8</ele>
   </trkpt>
   <trkpt lat="38.4037700" lon="-76.8419760">
    <ele>29.4</ele>
   </trkpt>
   <trkpt lat="38.4038060" lon="-76.8419180">
    <ele>28.8</ele>
   </trkpt>
   <trkpt lat="38.4037780" lon="-76.8417650">
    <ele>28.8</ele>
   </trkpt>
   <trkpt lat="38.4037360" lon="-76.8417010">
    <ele>29.0</ele>
   </trkpt>
   <trkpt lat="38.4036450" lon="-76.8415920">
    <ele>30.8</ele>
   </trkpt>
   <trkpt lat="38.4036020" lon="-76.8415550">
    <ele>32.8</ele>
   </trkpt>
   <trkpt lat="38.4035490" lon="-76.8415270">
    <ele>35.0</ele>
   </trkpt>
   <trkpt lat="38.4034340" lon="-76.8414600">
    <ele>37.6</ele>
   </trkpt>
   <trkpt lat="38.4034030" lon="-76.8414100">
    <ele>37.8</ele>
   </trkpt>
   <trkpt lat="38.4034140" lon="-76.8413620">
    <ele>38.6</ele>
   </trkpt>
   <trkpt lat="38.4034560" lon="-76.8413300">
    <ele>39.4</ele>
   </trkpt>
   <trkpt lat="38.4035170" lon="-76.8413130">
    <ele>40.2</ele>
   </trkpt>
   <trkpt lat="38.4036730" lon="-76.8413190">
    <ele>40.6</ele>
   </trkpt>
   <trkpt lat="38.4038640" lon="-76.8414520">
    <ele>40.4</ele>
   </trkpt>
   <trkpt lat="38.4039640" lon="-76.8415000">
    <ele>37.0</ele>
   </trkpt>
   <trkpt lat="38.4040650" lon="-76.8415130">
    <ele>32.0</ele>
   </trkpt>
   <trkpt lat="38.4041480" lon="-76.8414810">
    <ele>30.2</ele>
   </trkpt>
   <trkpt lat="38.4042030" lon="-76.8414000">
    <ele>30.2</ele>
   </trkpt>
   <trkpt lat="38.4042440" lon="-76.8413050">
    <ele>30.2</ele>
   </trkpt>
   <trkpt lat="38.4043000" lon="-76.8410900">
    <ele>30.8</ele>
   </trkpt>
   <trkpt lat="38.4043190" lon="-76.8409770">
    <ele>31.6</ele>
   </trkpt>
   <trkpt lat="38.4043380" lon="-76.8407530">
    <ele>33.4</ele>
   </trkpt>
   <trkpt lat="38.4043400" lon="-76.8406660">
    <ele>34.8</ele>
   </trkpt>
   <trkpt lat="38.4043380" lon="-76.8406030">
    <ele>37.0</ele>
   </trkpt>
   <trkpt lat="38.4043450" lon="-76.8405410">
    <ele>40.0</ele>
   </trkpt>
   <trkpt lat="38.4043510" lon="-76.8404820">
    <ele>41.4</ele>
   </trkpt>
   <trkpt lat="38.4043590" lon="-76.8403720">
    <ele>43.0</ele>
   </trkpt>
   <trkpt lat="38.4043660" lon="-76.8403130">
    <ele>43.0</ele>
   </trkpt>
   <trkpt lat="38.4044470" lon="-76.8401260">
    <ele>43.0</ele>
   </trkpt>
   <trkpt lat="38.4045710" lon="-76.8400070">
    <ele>42.8</ele>
   </trkpt>
   <trkpt lat="38.4046490" lon="-76.8400000">
    <ele>42.4</ele>
   </trkpt>
   <trkpt lat="38.4047300" lon="-76.8400280">
    <ele>42.2</ele>
   </trkpt>
   <trkpt lat="38.4048010" lon="-76.8400840">
    <ele>42.2</ele>
   </trkpt>
   <trkpt lat="38.4048620" lon="-76.8401590">
    <ele>41.8</ele>
   </trkpt>
   <trkpt lat="38.4049490" lon="-76.8403600">
    <ele>40.0</ele>
   </trkpt>
   <trkpt lat="38.4049670" lon="-76.8406380">
    <ele>38.2</ele>
   </trkpt>
   <trkpt lat="38.4049570" lon="-76.8407980">
    <ele>38.0</ele>
   </trkpt>
   <trkpt lat="38.4049330" lon="-76.8410520">
    <ele>38.0</ele>
   </trkpt>
   <trkpt lat="38.4049220" lon="-76.8411640">
    <ele>37.8</ele>
   </trkpt>
   <trkpt lat="38.4049010" lon="-76.8412900">
    <ele>37.0</ele>
   </trkpt>
   <trkpt lat="38.4048700" lon="-76.8414270">
    <ele>37.0</ele>
   </trkpt>
   <trkpt lat="38.4047540" lon="-76.8417040">
    <ele>35.8</ele>
   </trkpt>
   <trkpt lat="38.4046740" lon="-76.8418120">
    <ele>34.6</ele>
   </trkpt>
   <trkpt lat="38.4045840" lon="-76.8418880">
    <ele>33.8</ele>
   </trkpt>
   <trkpt lat="38.4044230" lon="-76.8419630">
    <ele>33.2</ele>
   </trkpt>
   <trkpt lat="38.4043550" lon="-76.8420240">
    <ele>32.2</ele>
   </trkpt>
   <trkpt lat="38.4042900" lon="-76.8421190">
    <ele>32.0</ele>
   </trkpt>
   <trkpt lat="38.4042590" lon="-76.8422430">
    <ele>30.2</ele>
   </trkpt>
   <trkpt lat="38.4042530" lon="-76.8423680">
    <ele>28.8</ele>
   </trkpt>
   <trkpt lat="38.4042600" lon="-76.8424890">
    <ele>28.6</ele>
   </trkpt>
   <trkpt lat="38.4042340" lon="-76.8425790">
    <ele>28.0</ele>
   </trkpt>
   <trkpt lat="38.4041740" lon="-76.8426290">
    <ele>27.6</ele>
   </trkpt>
   <trkpt lat="38.4040920" lon="-76.8426600">
    <ele>27.6</ele>
   </trkpt>
   <trkpt lat="38.4038950" lon="-76.8427000">
    <ele>26.4</ele>
   </trkpt>
   <trkpt lat="38.4037890" lon="-76.8427180">
    <ele>25.4</ele>
   </trkpt>
   <trkpt lat="38.4036020" lon="-76.8428450">
    <ele>24.4</ele>
   </trkpt>
   <trkpt lat="38.4035480" lon="-76.8429570">
    <ele>23.8</ele>
   </trkpt>
   <trkpt lat="38.4034660" lon="-76.8431640">
    <ele>23.8</ele>
   </trkpt>
   <trkpt lat="38.4034330" lon="-76.8432390">
    <ele>24.0</ele>
   </trkpt>
   <trkpt lat="38.4034000" lon="-76.8433080">
    <ele>25.4</ele>
   </trkpt>
   <trkpt lat="38.4033660" lon="-76.8433860">
    <ele>25.4</ele>
   </trkpt>
   <trkpt lat="38.4033130" lon="-76.8434810">
    <ele>25.4</ele>
   </trkpt>
   <trkpt lat="38.4032490" lon="-76.8435840">
    <ele>25.4</ele>
   </trkpt>
   <trkpt lat="38.4031360" lon="-76.8437770">
    <ele>24.6</ele>
   </trkpt>
   <trkpt lat="38.4030880" lon="-76.8438200">
    <ele>24.6</ele>
   </trkpt>
   <trkpt lat="38.4030150" lon="-76.8438570">
    <ele>25.0</ele>
   </trkpt>
   <trkpt lat="38.4029600" lon="-76.8438760">
    <ele>26.8</ele>
   </trkpt>
   <trkpt lat="38.4029030" lon="-76.8438970">
    <ele>28.2</ele>
   </trkpt>
   <trkpt lat="38.4028410" lon="-76.8439170">
    <ele>29.2</ele>
   </trkpt>
   <trkpt lat="38.4027090" lon="-76.8439370">
    <ele>30.4</ele>
   </trkpt>
   <trkpt lat="38.4026600" lon="-76.8439210">
    <ele>31.2</ele>
   </trkpt>
   <trkpt lat="38.4026200" lon="-76.8438950">
    <ele>32.2</ele>
   </trkpt>
   <trkpt lat="38.4025680" lon="-76.8438330">
    <ele>33.8</ele>
   </trkpt>
   <trkpt lat="38.4025470" lon="-76.8437610">
    <ele>35.0</ele>
   </trkpt>
   <trkpt lat="38.4025500" lon="-76.8436610">
    <ele>35.6</ele>
   </trkpt>
   <trkpt lat="38.4025590" lon="-76.8435920">
    <ele>35.8</ele>
   </trkpt>
   <trkpt lat="38.4025640" lon="-76.8435150">
    <ele>36.0</ele>
   </trkpt>
   <trkpt lat="38.4025640" lon="-76.8434360">
    <ele>36.2</ele>
   </trkpt>
   <trkpt lat="38.4025800" lon="-76.8433630">
    <ele>37.0</ele>
   </trkpt>
   <trkpt lat="38.4026020" lon="-76.8432970">
    <ele>38.0</ele>
   </trkpt>
   <trkpt lat="38.4026330" lon="-76.8432260">
    <ele>38.0</ele>
   </trkpt>
   <trkpt lat="38.4027550" lon="-76.8430970">
    <ele>38.0</ele>
   </trkpt>
   <trkpt lat="38.4028660" lon="-76.8430620">
    <ele>36.8</ele>
   </trkpt>
   <trkpt lat="38.4029860" lon="-76.8430310">
    <ele>34.0</ele>
   </trkpt>
   <trkpt lat="38.4031000" lon="-76.8429850">
    <ele>30.4</ele>
   </trkpt>
   <trkpt lat="38.4032040" lon="-76.8429450">
    <ele>27.4</ele>
   </trkpt>
   <trkpt lat="38.4032850" lon="-76.8428950">
    <ele>25.2</ele>
   </trkpt>
   <trkpt lat="38.4033290" lon="-76.8428400">
    <ele>24.6</ele>
   </trkpt>
   <trkpt lat="38.4033380" lon="-76.8427710">
    <ele>24.6</ele>
   </trkpt>
   <trkpt lat="38.4033400" lon="-76.8427290">
    <ele>24.6</ele>
   </trkpt>
   <trkpt lat="38.4032880" lon="-76.8426990">
    <ele>24.6</ele>
   </trkpt>
   <trkpt lat="38.4032040" lon="-76.8426960">
    <ele>25.0</ele>
   </trkpt>
   <trkpt lat="38.4031320" lon="-76.8427350">
    <ele>25.4</ele>
   </trkpt>
   <trkpt lat="38.4029960" lon="-76.8428220">
    <ele>25.8</ele>
   </trkpt>
   <trkpt lat="38.4029460" lon="-76.8428510">
    <ele>26.2</ele>
   </trkpt>
   <trkpt lat="38.4028820" lon="-76.8428840">
    <ele>27.8</ele>
   </trkpt>
   <trkpt lat="38.4028370" lon="-76.8429060">
    <ele>30.0</ele>
   </trkpt>
   <trkpt lat="38.4027870" lon="-76.8429300">
    <ele>33.0</ele>
   </trkpt>
   <trkpt lat="38.4027290" lon="-76.8429560">
    <ele>34.2</ele>
   </trkpt>
   <trkpt lat="38.4026050" lon="-76.8430020">
    <ele>35.4</ele>
   </trkpt>
   <trkpt lat="38.4025390" lon="-76.8430350">
    <ele>37.6</ele>
   </trkpt>
   <trkpt lat="38.4024130" lon="-76.8431670">
    <ele>37.8</ele>
   </trkpt>
   <trkpt lat="38.4023600" lon="-76.8432420">
    <ele>37.8</ele>
   </trkpt>
   <trkpt lat="38.4021570" lon="-76.8434740">
    <ele>36.2</ele>
   </trkpt>
   <trkpt lat="38.4020620" lon="-76.8435640">
    <ele>34.8</ele>
   </trkpt>
   <trkpt lat="38.4019860" lon="-76.8436270">
    <ele>31.6</ele>
   </trkpt>
   <trkpt lat="38.4018830" lon="-76.8437090">
    <ele>29.0</ele>
   </trkpt>
   <trkpt lat="38.4017570" lon="-76.8437890">
    <ele>28.2</ele>
   </trkpt>
   <trkpt lat="38.4016600" lon="-76.8438900">
    <ele>28.2</ele>
   </trkpt>
   <trkpt lat="38.4015580" lon="-76.8440410">
    <ele>28.6</ele>
   </trkpt>
   <trkpt lat="38.4015200" lon="-76.8441080">
    <ele>29.2</ele>
   </trkpt>
   <trkpt lat="38.4014700" lon="-76.8441820">
    <ele>30.0</ele>
   </trkpt>
   <trkpt lat="38.4014290" lon="-76.8442120">
    <ele>30.6</ele>
   </trkpt>
   <trkpt lat="38.4013790" lon="-76.8442490">
    <ele>30.6</ele>
   </trkpt>
   <trkpt lat="38.4012810" lon="-76.8443090">
    <ele>30.8</ele>
   </trkpt>
   <trkpt lat="38.4012400" lon="-76.8443250">
    <ele>31.0</ele>
   </trkpt>
   <trkpt lat="38.4010840" lon="-76.8443780">
    <ele>31.2</ele>
   </trkpt>
   <trkpt lat="38.4010180" lon="-76.8443920">
    <ele>31.2</ele>
   </trkpt>
   <trkpt lat="38.4008670" lon="-76.8444050">
    <ele>31.2</ele>
   </trkpt>
   <trkpt lat="38.4007900" lon="-76.8443760">
    <ele>31.4</ele>
   </trkpt>
   <trkpt lat="38.4007190" lon="-76.8443350">
    <ele>31.4</ele>
   </trkpt>
   <trkpt lat="38.4006060" lon="-76.8441700">
    <ele>31.6</ele>
   </trkpt>
   <trkpt lat="38.4005720" lon="-76.8440780">
    <ele>32.0</ele>
   </trkpt>
   <trkpt lat="38.4005540" lon="-76.8439790">
    <ele>33.4</ele>
   </trkpt>
   <trkpt lat="38.4005500" lon="-76.8438710">
    <ele>34.6</ele>
   </trkpt>
   <trkpt lat="38.4005560" lon="-76.8437890">
    <ele>35.2</ele>
   </trkpt>
   <trkpt lat="38.4005850" lon="-76.8436740">
    <ele>36.4</ele>
   </trkpt>
   <trkpt lat="38.4006360" lon="-76.8435910">
    <ele>37.2</ele>
   </trkpt>
   <trkpt lat="38.4006950" lon="-76.8435220">
    <ele>37.8</ele>
   </trkpt>
   <trkpt lat="38.4007870" lon="-76.8434070">
    <ele>38.6</ele>
   </trkpt>
   <trkpt lat="38.4008800" lon="-76.8432200">
    <ele>39.0</ele>
   </trkpt>
   <trkpt lat="38.4009700" lon="-76.8430110">
    <ele>39.4</ele>
   </trkpt>
   <trkpt lat="38.4010250" lon="-76.8427800">
    <ele>39.8</ele>
   </trkpt>
   <trkpt lat="38.4010220" lon="-76.8426160">
    <ele>39.8</ele>
   </trkpt>
   <trkpt lat="38.4009980" lon="-76.8423260">
    <ele>40.0</ele>
   </trkpt>
   <trkpt lat="38.4010250" lon="-76.8421980">
    <ele>40.2</ele>
   </trkpt>
   <trkpt lat="38.4010800" lon="-76.8420830">
    <ele>40.2</ele>
   </trkpt>
   <trkpt lat="38.4012400" lon="-76.8418890">
    <ele>40.4</ele>
   </trkpt>
   <trkpt lat="38.4014100" lon="-76.8417970">
    <ele>42.0</ele>
   </trkpt>
   <trkpt lat="38.4015150" lon="-76.8418120">
    <ele>42.0</ele>
   </trkpt>
   <trkpt lat="38.4017180" lon="-76.8418680">
    <ele>42.0</ele>
   </trkpt>
   <trkpt lat="38.4018100" lon="-76.8418710">
    <ele>40.6</ele>
   </trkpt>
   <trkpt lat="38.4018710" lon="-76.8418370">
    <ele>40.4</ele>
   </trkpt>
   <trkpt lat="38.4019180" lon="-76.8417970">
    <ele>40.2</ele>
   </trkpt>
   <trkpt lat="38.4019510" lon="-76.8417740">
    <ele>40.2</ele>
   </trkpt>
   <trkpt lat="38.4020040" lon="-76.8417060">
    <ele>40.2</ele>
   </trkpt>
   <trkpt lat="38.4020650" lon="-76.8416260">
    <ele>40.6</ele>
   </trkpt>
   <trkpt lat="38.4020980" lon="-76.8416200">
    <ele>40.6</ele>
   </trkpt>
   <trkpt lat="38.4021180" lon="-76.8416510">
    <ele>40.6</ele>
   </trkpt>
   <trkpt lat="38.4021180" lon="-76.8417200">
    <ele>40.6</ele>
   </trkpt>
   <trkpt lat="38.4021180" lon="-76.8419200">
    <ele>40.8</ele>
   </trkpt>
   <trkpt lat="38.4021380" lon="-76.8421070">
    <ele>41.2</ele>
   </trkpt>
   <trkpt lat="38.4021170" lon="-76.8422250">
    <ele>41.8</ele>
   </trkpt>
   <trkpt lat="38.4020730" lon="-76.8423040">
    <ele>41.8</ele>
   </trkpt>
   <trkpt lat="38.4020360" lon="-76.8423490">
    <ele>42.0</ele>
   </trkpt>
   <trkpt lat="38.4019970" lon="-76.8424160">
    <ele>42.0</ele>
   </trkpt>
   <trkpt lat="38.4019970" lon="-76.8424620">
    <ele>42.0</ele>
   </trkpt>
   <trkpt lat="38.4020650" lon="-76.8425260">
    <ele>43.0</ele>
   </trkpt>
   <trkpt lat="38.4020970" lon="-76.8425190">
    <ele>43.2</ele>
   </trkpt>
   <trkpt lat="38.4021660" lon="-76.8424700">
    <ele>43.4</ele>
   </trkpt>
   <trkpt lat="38.4023440" lon="-76.8424880">
    <ele>43.2</ele>
   </trkpt>
   <trkpt lat="38.4025140" lon="-76.8424080">
    <ele>42.8</ele>
   </trkpt>
   <trkpt lat="38.4026170" lon="-76.8423360">
    <ele>40.8</ele>
   </trkpt>
   <trkpt lat="38.4027090" lon="-76.8422590">
    <ele>36.4</ele>
   </trkpt>
   <trkpt lat="38.4028200" lon="-76.8421790">
    <ele>34.2</ele>
   </trkpt>
   <trkpt lat="38.4029920" lon="-76.8420810">
    <ele>34.0</ele>
   </trkpt>
   <trkpt lat="38.4032060" lon="-76.8420010">
    <ele>35.2</ele>
   </trkpt>
   <trkpt lat="38.4032410" lon="-76.8419910">
    <ele>38.2</ele>
   </trkpt>
   <trkpt lat="38.4032640" lon="-76.8419810">
    <ele>40.2</ele>
   </trkpt>
   <trkpt lat="38.4032820" lon="-76.8419720">
    <ele>41.2</ele>
   </trkpt>
   <trkpt lat="38.4033050" lon="-76.8419730">
    <ele>41.2</ele>
   </trkpt>
   <trkpt lat="38.4034170" lon="-76.8420100">
    <ele>41.2</ele>
   </trkpt>
   <trkpt lat="38.4035110" lon="-76.8420300">
    <ele>39.4</ele>
   </trkpt>
   <trkpt lat="38.4036040" lon="-76.8420420">
    <ele>35.8</ele>
   </trkpt>
   <trkpt lat="38.4036900" lon="-76.8420380">
    <ele>32.2</ele>
   </trkpt>
   <trkpt lat="38.4037580" lon="-76.8420020">
    <ele>29.2</ele>
   </trkpt>
   <trkpt lat="38.4037880" lon="-76.8419280">
    <ele>28.8</ele>
   </trkpt>
   <trkpt lat="38.4037520" lon="-76.8417560">
    <ele>28.8</ele>
   </trkpt>
   <trkpt lat="38.4037120" lon="-76.8416810">
    <ele>29.2</ele>
   </trkpt>
   <trkpt lat="38.4036680" lon="-76.8416200">
    <ele>30.2</ele>
   </trkpt>
   <trkpt lat="38.4036090" lon="-76.8415690">
    <ele>31.8</ele>
   </trkpt>
   <trkpt lat="38.4035550" lon="-76.8415350">
    <ele>34.0</ele>
   </trkpt>
   <trkpt lat="38.4034980" lon="-76.8415160">
    <ele>36.0</ele>
   </trkpt>
   <trkpt lat="38.4034460" lon="-76.8414980">
    <ele>36.6</ele>
   </trkpt>
   <trkpt lat="38.4034040" lon="-76.8414640">
    <ele>37.8</ele>
   </trkpt>
   <trkpt lat="38.4033890" lon="-76.8414180">
    <ele>38.0</ele>
   </trkpt>
   <trkpt lat="38.4034030" lon="-76.8413690">
    <ele>39.2</ele>
   </trkpt>
   <trkpt lat="38.4034970" lon="-76.8413100">
    <ele>40.2</ele>
   </trkpt>
   <trkpt lat="38.4035730" lon="-76.8413070">
    <ele>40.6</ele>
   </trkpt>
   <trkpt lat="38.4036460" lon="-76.8413060">
    <ele>40.6</ele>
   </trkpt>
   <trkpt lat="38.4038110" lon="-76.8413740">
    <ele>40.6</ele>
   </trkpt>
   <trkpt lat="38.4039050" lon="-76.8413980">
    <ele>38.0</ele>
   </trkpt>
   <trkpt lat="38.4040090" lon="-76.8414030">
    <ele>34.2</ele>
   </trkpt>
   <trkpt lat="38.4041050" lon="-76.8413810">
    <ele>32.0</ele>
   </trkpt>
   <trkpt lat="38.4041850" lon="-76.8413400">
    <ele>31.0</ele>
   </trkpt>
   <trkpt lat="38.4042320" lon="-76.8412560">
    <ele>31.0</ele>
   </trkpt>
   <trkpt lat="38.4042900" lon="-76.8409460">
    <ele>31.4</ele>
   </trkpt>
   <trkpt lat="38.4043040" lon="-76.8408420">
    <ele>32.4</ele>
   </trkpt>
   <trkpt lat="38.4043220" lon="-76.8406490">
    <ele>34.4</ele>
   </trkpt>
   <trkpt lat="38.4043300" lon="-76.8405710">
    <ele>36.4</ele>
   </trkpt>
   <trkpt lat="38.4043400" lon="-76.8404980">
    <ele>39.2</ele>
   </trkpt>
   <trkpt lat="38.4043510" lon="-76.8404230">
    <ele>41.4</ele>
   </trkpt>
   <trkpt lat="38.4043790" lon="-76.8402560">
    <ele>42.6</ele>
   </trkpt>
   <trkpt lat="38.4044090" lon="-76.8401420">
    <ele>43.0</ele>
   </trkpt>
   <trkpt lat="38.4045350" lon="-76.8399740">
    <ele>43.0</ele>
   </trkpt>
   <trkpt lat="38.4046260" lon="-76.8399490">
    <ele>43.0</ele>
   </trkpt>
   <trkpt lat="38.4047150" lon="-76.8399510">
    <ele>43.0</ele>
   </trkpt>
   <trkpt lat="38.4048520" lon="-76.8400480">
    <ele>42.6</ele>
   </trkpt>
   <trkpt lat="38.4049230" lon="-76.8401580">
    <ele>41.6</ele>
   </trkpt>
   <trkpt lat="38.4049550" lon="-76.8402810">
    <ele>41.4</ele>
   </trkpt>
   <trkpt lat="38.4049710" lon="-76.8404210">
    <ele>40.4</ele>
   </trkpt>
   <trkpt lat="38.4049740" lon="-76.8405720">
    <ele>39.0</ele>
   </trkpt>
   <trkpt lat="38.4049650" lon="-76.8407290">
    <ele>38.2</ele>
   </trkpt>
   <trkpt lat="38.4049090" lon="-76.8412560">
    <ele>37.4</ele>
   </trkpt>
   <trkpt lat="38.4047860" lon="-76.8416700">
    <ele>37.0</ele>
   </trkpt>
   <trkpt lat="38.4047120" lon="-76.8417850">
    <ele>35.2</ele>
   </trkpt>
   <trkpt lat="38.4046280" lon="-76.8418720">
    <ele>34.6</ele>
   </trkpt>
   <trkpt lat="38.4044600" lon="-76.8419660">
    <ele>34.0</ele>
   </trkpt>
   <trkpt lat="38.4043980" lon="-76.8420100">
    <ele>33.4</ele>
   </trkpt>
   <trkpt lat="38.4043400" lon="-76.8420770">
    <ele>32.6</ele>
   </trkpt>
   <trkpt lat="38.4042920" lon="-76.8421800">
    <ele>32.2</ele>
   </trkpt>
   <trkpt lat="38.4042700" lon="-76.8422930">
    <ele>29.4</ele>
   </trkpt>
   <trkpt lat="38.4042570" lon="-76.8425150">
    <ele>28.8</ele>
   </trkpt>
   <trkpt lat="38.4042160" lon="-76.8425920">
    <ele>28.6</ele>
   </trkpt>
   <trkpt lat="38.4041370" lon="-76.8426400">
    <ele>28.4</ele>
   </trkpt>
   <trkpt lat="38.4040390" lon="-76.8426730">
    <ele>28.6</ele>
   </trkpt>
   <trkpt lat="38.4039330" lon="-76.8426930">
    <ele>27.0</ele>
   </trkpt>
   <trkpt lat="38.4038190" lon="-76.8427030">
    <ele>26.0</ele>
   </trkpt>
   <trkpt lat="38.4036030" lon="-76.8427720">
    <ele>24.6</ele>
   </trkpt>
   <trkpt lat="38.4034940" lon="-76.8429970">
    <ele>24.2</ele>
   </trkpt>
   <trkpt lat="38.4033820" lon="-76.8432580">
    <ele>26.0</ele>
   </trkpt>
   <trkpt lat="38.4032230" lon="-76.8435180">
    <ele>26.0</ele>
   </trkpt>
   <trkpt lat="38.4030290" lon="-76.8437170">
    <ele>26.0</ele>
   </trkpt>
   <trkpt lat="38.4029710" lon="-76.8437460">
    <ele>27.2</ele>
   </trkpt>
   <trkpt lat="38.4029110" lon="-76.8437730">
    <ele>29.6</ele>
   </trkpt>
   <trkpt lat="38.4028470" lon="-76.8437910">
    <ele>30.4</ele>
   </trkpt>
   <trkpt lat="38.4027730" lon="-76.8437960">
    <ele>31.6</ele>
   </trkpt>
   <trkpt lat="38.4027100" lon="-76.8437870">
    <ele>32.6</ele>
   </trkpt>
   <trkpt lat="38.4026320" lon="-76.8437150">
    <ele>34.6</ele>
   </trkpt>
   <trkpt lat="38.4025970" lon="-76.8435860">
    <ele>36.2</ele>
   </trkpt>
   <trkpt lat="38.4025840" lon="-76.8435020">
    <ele>36.8</ele>
   </trkpt>
   <trkpt lat="38.4025820" lon="-76.8434000">
    <ele>37.4</ele>
   </trkpt>
   <trkpt lat="38.4026010" lon="-76.8433240">
    <ele>38.2</ele>
   </trkpt>
   <trkpt lat="38.4026490" lon="-76.8432510">
    <ele>38.2</ele>
   </trkpt>
   <trkpt lat="38.4027250" lon="-76.8431830">
    <ele>38.2</ele>
   </trkpt>
   <trkpt lat="38.4028230" lon="-76.8431250">
    <ele>38.2</ele>
   </trkpt>
   <trkpt lat="38.4029360" lon="-76.8430730">
    <ele>35.2</ele>
   </trkpt>
   <trkpt lat="38.4030520" lon="-76.8430310">
    <ele>32.0</ele>
   </trkpt>
   <trkpt lat="38.4031570" lon="-76.8429870">
    <ele>28.2</ele>
   </trkpt>
   <trkpt lat="38.4032430" lon="-76.8429430">
    <ele>26.2</ele>
   </trkpt>
   <trkpt lat="38.4032990" lon="-76.8429010">
    <ele>24.8</ele>
   </trkpt>
   <trkpt lat="38.4033180" lon="-76.8428510">
    <ele>24.8</ele>
   </trkpt>
   <trkpt lat="38.4032570" lon="-76.8427570">
    <ele>24.8</ele>
   </trkpt>
   <trkpt lat="38.4031400" lon="-76.8427660">
    <ele>25.6</ele>
   </trkpt>
   <trkpt lat="38.4030710" lon="-76.8428050">
    <ele>25.6</ele>
   </trkpt>
   <trkpt lat="38.4030000" lon="-76.8428460">
    <ele>26.0</ele>
   </trkpt>
   <trkpt lat="38.4029390" lon="-76.8428820">
    <ele>26.6</ele>
   </trkpt>
   <trkpt lat="38.4028980" lon="-76.8429110">
    <ele>28.2</ele>
   </trkpt>
   <trkpt lat="38.4028690" lon="-76.8429250">
    <ele>30.2</ele>
   </trkpt>
   <trkpt lat="38.4028420" lon="-76.8429310">
    <ele>32.2</ele>
   </trkpt>
   <trkpt lat="38.4028100" lon="-76.8429430">
    <ele>33.6</ele>
   </trkpt>
   <trkpt lat="38.4027230" lon="-76.8429630">
    <ele>35.0</ele>
   </trkpt>
   <trkpt lat="38.4026630" lon="-76.8429750">
    <ele>35.8</ele>
   </trkpt>
   <trkpt lat="38.4026050" lon="-76.8429950">
    <ele>35.8</ele>
   </trkpt>
   <trkpt lat="38.4025430" lon="-76.8430240">
    <ele>37.4</ele>
   </trkpt>
   <trkpt lat="38.4024730" lon="-76.8430660">
    <ele>38.4</ele>
   </trkpt>
   <trkpt lat="38.4024200" lon="-76.8431190">
    <ele>38.4</ele>
   </trkpt>
   <trkpt lat="38.4023510" lon="-76.8432060">
    <ele>38.4</ele>
   </trkpt>
   <trkpt lat="38.4022390" lon="-76.8433530">
    <ele>38.2</ele>
   </trkpt>
   <trkpt lat="38.4021690" lon="-76.8434150">
    <ele>36.4</ele>
   </trkpt>
   <trkpt lat="38.4020870" lon="-76.8434910">
    <ele>35.4</ele>
   </trkpt>
   <trkpt lat="38.4020000" lon="-76.8435680">
    <ele>33.0</ele>
   </trkpt>
   <trkpt lat="38.4019150" lon="-76.8436320">
    <ele>31.0</ele>
   </trkpt>
   <trkpt lat="38.4018440" lon="-76.8436790">
    <ele>28.6</ele>
   </trkpt>
   <trkpt lat="38.4017910" lon="-76.8437080">
    <ele>28.4</ele>
   </trkpt>
   <trkpt lat="38.4017550" lon="-76.8437380">
    <ele>28.4</ele>
   </trkpt>
   <trkpt lat="38.4016870" lon="-76.8438150">
    <ele>28.4</ele>
   </trkpt>
   <trkpt lat="38.4015370" lon="-76.8440120">
    <ele>29.0</ele>
   </trkpt>
   <trkpt lat="38.4014750" lon="-76.8441160">
    <ele>30.0</ele>
   </trkpt>
   <trkpt lat="38.4014410" lon="-76.8441390">
    <ele>30.4</ele>
   </trkpt>
   <trkpt lat="38.4014040" lon="-76.8441680">
    <ele>31.0</ele>
   </trkpt>
   <trkpt lat="38.4013540" lon="-76.8442040">
    <ele>31.0</ele>
   </trkpt>
   <trkpt lat="38.4013050" lon="-76.8442450">
    <ele>31.2</ele>
   </trkpt>
   <trkpt lat="38.4012600" lon="-76.8442820">
    <ele>31.2</ele>
   </trkpt>
   <trkpt lat="38.4011910" lon="-76.8443260">
    <ele>31.4</ele>
   </trkpt>
   <trkpt lat="38.4010810" lon="-76.8443560">
    <ele>31.6</ele>
   </trkpt>
   <trkpt lat="38.4009630" lon="-76.8443730">
    <ele>31.6</ele>
   </trkpt>
   <trkpt lat="38.4008400" lon="-76.8443680">
    <ele>31.6</ele>
   </trkpt>
   <trkpt lat="38.4007110" lon="-76.8443090">
    <ele>31.6</ele>
   </trkpt>
   <trkpt lat="38.4006600" lon="-76.8442470">
    <ele>31.8</ele>
   </trkpt>
   <trkpt lat="38.4006110" lon="-76.8441400">
    <ele>31.8</ele>
   </trkpt>
   <trkpt lat="38.4005840" lon="-76.8440230">
    <ele>33.0</ele>
   </trkpt>
   <trkpt lat="38.4005690" lon="-76.8438990">
    <ele>34.4</ele>
   </trkpt>
   <trkpt lat="38.4005720" lon="-76.8437770">
    <ele>35.4</ele>
   </trkpt>
   <trkpt lat="38.4005950" lon="-76.8436600">
    <ele>36.4</ele>
   </trkpt>
   <trkpt lat="38.4006410" lon="-76.8435520">
    <ele>37.6</ele>
   </trkpt>
   <trkpt lat="38.4007720" lon="-76.8433510">
    <ele>38.8</ele>
   </trkpt>
   <trkpt lat="38.4008770" lon="-76.8430990">
    <ele>39.2</ele>
   </trkpt>
   <trkpt lat="38.4009630" lon="-76.8428600">
    <ele>39.8</ele>
   </trkpt>
   <trkpt lat="38.4009950" lon="-76.8427000">
    <ele>40.0</ele>
   </trkpt>
   <trkpt lat="38.4010020" lon="-76.8425630">
    <ele>40.2</ele>
   </trkpt>
   <trkpt lat="38.4010030" lon="-76.8422780">
    <ele>40.6</ele>
   </trkpt>
   <trkpt lat="38.4010460" lon="-76.8421530">
    <ele>40.6</ele>
   </trkpt>
   <trkpt lat="38.4011120" lon="-76.8420420">
    <ele>40.8</ele>
   </trkpt>
   <trkpt lat="38.4012750" lon="-76.8418700">
    <ele>40.8</ele>
   </trkpt>
   <trkpt lat="38.4013550" lon="-76.8418120">
    <ele>41.8</ele>
   </trkpt>
   <trkpt lat="38.4015380" lon="-76.8417950">
    <ele>42.4</ele>
   </trkpt>
   <trkpt lat="38.4017210" lon="-76.8418360">
    <ele>42.2</ele>
   </trkpt>
   <trkpt lat="38.4018140" lon="-76.8418370">
    <ele>41.0</ele>
   </trkpt>
   <trkpt lat="38.4018720" lon="-76.8417950">
    <ele>41.0</ele>
   </trkpt>
   <trkpt lat="38.4019060" lon="-76.8417500">
    <ele>40.8</ele>
   </trkpt>
   <trkpt lat="38.4019840" lon="-76.8416480">
    <ele>40.6</ele>
   </trkpt>
   <trkpt lat="38.4020730" lon="-76.8415840">
    <ele>41.0</ele>
   </trkpt>
   <trkpt lat="38.4021050" lon="-76.8416120">
    <ele>41.0</ele>
   </trkpt>
   <trkpt lat="38.4021090" lon="-76.8417280">
    <ele>41.0</ele>
   </trkpt>
   <trkpt lat="38.4021020" lon="-76.8418370">
    <ele>41.2</ele>
   </trkpt>
   <trkpt lat="38.4021360" lon="-76.8420240">
    <ele>41.6</ele>
   </trkpt>
   <trkpt lat="38.4021000" lon="-76.8422240">
    <ele>42.0</ele>
   </trkpt>
   <trkpt lat="38.4019740" lon="-76.8424610">
    <ele>42.6</ele>
   </trkpt>
   <trkpt lat="38.4020490" lon="-76.8425290">
    <ele>43.4</ele>
   </trkpt>
   <trkpt lat="38.4021410" lon="-76.8424630">
    <ele>43.6</ele>
   </trkpt>
   <trkpt lat="38.4021890" lon="-76.8424590">
    <ele>43.6</ele>
   </trkpt>
   <trkpt lat="38.4022570" lon="-76.8424630">
    <ele>43.6</ele>
   </trkpt>
   <trkpt lat="38.4024060" lon="-76.8424100">
    <ele>43.4</ele>
   </trkpt>
   <trkpt lat="38.4026030" lon="-76.8422630">
    <ele>39.6</ele>
   </trkpt>
   <trkpt lat="38.4026940" lon="-76.8421660">
    <ele>35.4</ele>
   </trkpt>
   <trkpt lat="38.4027960" lon="-76.8420870">
    <ele>34.8</ele>
   </trkpt>
   <trkpt lat="38.4030180" lon="-76.8419990">
    <ele>34.6</ele>
   </trkpt>
   <trkpt lat="38.4032230" lon="-76.8419780">
    <ele>37.8</ele>
   </trkpt>
   <trkpt lat="38.4035710" lon="-76.8420410">
    <ele>37.0</ele>
   </trkpt>
   <trkpt lat="38.4036690" lon="-76.8420410">
    <ele>32.6</ele>
   </trkpt>
   <trkpt lat="38.4037500" lon="-76.8420210">
    <ele>29.8</ele>
   </trkpt>
   <trkpt lat="38.4037960" lon="-76.8419630">
    <ele>29.4</ele>
   </trkpt>
   <trkpt lat="38.4037750" lon="-76.8417970">
    <ele>29.4</ele>
   </trkpt>
   <trkpt lat="38.4037390" lon="-76.8417220">
    <ele>29.6</ele>
   </trkpt>
   <trkpt lat="38.4036380" lon="-76.8416090">
    <ele>31.4</ele>
   </trkpt>
   <trkpt lat="38.4035890" lon="-76.8415730">
    <ele>33.2</ele>
   </trkpt>
   <trkpt lat="38.4035360" lon="-76.8415460">
    <ele>35.8</ele>
   </trkpt>
   <trkpt lat="38.4034800" lon="-76.8415230">
    <ele>36.8</ele>
   </trkpt>
   <trkpt lat="38.4034430" lon="-76.8414940">
    <ele>37.8</ele>
   </trkpt>
   <trkpt lat="38.4034200" lon="-76.8414280">
    <ele>38.4</ele>
   </trkpt>
   <trkpt lat="38.4034450" lon="-76.8413780">
    <ele>39.4</ele>
   </trkpt>
   <trkpt lat="38.4034860" lon="-76.8413510">
    <ele>40.4</ele>
   </trkpt>
   <trkpt lat="38.4035480" lon="-76.8413370">
    <ele>40.8</ele>
   </trkpt>
   <trkpt lat="38.4036170" lon="-76.8413220">
    <ele>40.8</ele>
   </trkpt>
   <trkpt lat="38.4037840" lon="-76.8413560">
    <ele>40.8</ele>
   </trkpt>
   <trkpt lat="38.4039600" lon="-76.8414840">
    <ele>37.2</ele>
   </trkpt>
   <trkpt lat="38.4040450" lon="-76.8415030">
    <ele>33.0</ele>
   </trkpt>
   <trkpt lat="38.4041330" lon="-76.8414800">
    <ele>30.6</ele>
   </trkpt>
   <trkpt lat="38.4041940" lon="-76.8414050">
    <ele>30.6</ele>
   </trkpt>
   <trkpt lat="38.4042490" lon="-76.8412040">
    <ele>30.6</ele>
   </trkpt>
   <trkpt lat="38.4042750" lon="-76.8409850">
    <ele>31.8</ele>
   </trkpt>
   <trkpt lat="38.4043020" lon="-76.8407900">
    <ele>33.2</ele>
   </trkpt>
   <trkpt lat="38.4043100" lon="-76.8406400">
    <ele>35.8</ele>
   </trkpt>
   <trkpt lat="38.4043120" lon="-76.8405830">
    <ele>38.4</ele>
   </trkpt>
   <trkpt lat="38.4043190" lon="-76.8405180">
    <ele>40.8</ele>
   </trkpt>
   <trkpt lat="38.4043320" lon="-76.8404540">
    <ele>41.8</ele>
   </trkpt>
   <trkpt lat="38.4043450" lon="-76.8403840">
    <ele>42.8</ele>
   </trkpt>
   <trkpt lat="38.4043630" lon="-76.8402950">
    <ele>43.0</ele>
   </trkpt>
   <trkpt lat="38.4043970" lon="-76.8401880">
    <ele>43.2</ele>
   </trkpt>
   <trkpt lat="38.4045210" lon="-76.8400330">
    <ele>43.4</ele>
   </trkpt>
   <trkpt lat="38.4045990" lon="-76.8400150">
    <ele>43.2</ele>
   </trkpt>
   <trkpt lat="38.4046780" lon="-76.8400140">
    <ele>43.0</ele>
   </trkpt>
   <trkpt lat="38.4048250" lon="-76.8400860">
    <ele>42.4</ele>
   </trkpt>
   <trkpt lat="38.4049280" lon="-76.8402720">
    <ele>41.6</ele>
   </trkpt>
   <trkpt lat="38.4049660" lon="-76.8405440">
    <ele>39.8</ele>
   </trkpt>
   <trkpt lat="38.4049630" lon="-76.8407010">
    <ele>38.8</ele>
   </trkpt>
   <trkpt lat="38.4049450" lon="-76.8408610">
    <ele>38.8</ele>
   </trkpt>
   <trkpt lat="38.4049120" lon="-76.8411130">
    <ele>38.8</ele>
   </trkpt>
   <trkpt lat="38.4048990" lon="-76.8412320">
    <ele>38.6</ele>
   </trkpt>
   <trkpt lat="38.4048110" lon="-76.8416310">
    <ele>37.8</ele>
   </trkpt>
   <trkpt lat="38.4047510" lon="-76.8417510">
    <ele>36.0</ele>
   </trkpt>
   <trkpt lat="38.4046810" lon="-76.8418450">
    <ele>35.2</ele>
   </trkpt>
   <trkpt lat="38.4046000" lon="-76.8419050">
    <ele>34.6</ele>
   </trkpt>
   <trkpt lat="38.4044470" lon="-76.8419910">
    <ele>33.8</ele>
   </trkpt>
   <trkpt lat="38.4043910" lon="-76.8420290">
    <ele>33.2</ele>
   </trkpt>
   <trkpt lat="38.4043390" lon="-76.8420930">
    <ele>32.8</ele>
   </trkpt>
   <trkpt lat="38.4042570" lon="-76.8422880">
    <ele>29.4</ele>
   </trkpt>
   <trkpt lat="38.4042660" lon="-76.8423990">
    <ele>29.2</ele>
   </trkpt>
   <trkpt lat="38.4042400" lon="-76.8425860">
    <ele>28.4</ele>
   </trkpt>
   <trkpt lat="38.4041020" lon="-76.8426610">
    <ele>28.4</ele>
   </trkpt>
   <trkpt lat="38.4038880" lon="-76.8427010">
    <ele>26.6</ele>
   </trkpt>
   <trkpt lat="38.4037770" lon="-76.8427100">
    <ele>25.8</ele>
   </trkpt>
   <trkpt lat="38.4036770" lon="-76.8427510">
    <ele>25.2</ele>
   </trkpt>
   <trkpt lat="38.4035980" lon="-76.8428280">
    <ele>25.0</ele>
   </trkpt>
   <trkpt lat="38.4035520" lon="-76.8429380">
    <ele>24.2</ele>
   </trkpt>
   <trkpt lat="38.4035140" lon="-76.8430500">
    <ele>24.2</ele>
   </trkpt>
   <trkpt lat="38.4034160" lon="-76.8432640">
    <ele>26.2</ele>
   </trkpt>
   <trkpt lat="38.4033260" lon="-76.8434230">
    <ele>26.2</ele>
   </trkpt>
   <trkpt lat="38.4031740" lon="-76.8436060">
    <ele>26.0</ele>
   </trkpt>
   <trkpt lat="38.4031030" lon="-76.8436800">
    <ele>26.0</ele>
   </trkpt>
   <trkpt lat="38.4029840" lon="-76.8437630">
    <ele>26.8</ele>
   </trkpt>
   <trkpt lat="38.4029210" lon="-76.8437880">
    <ele>29.0</ele>
   </trkpt>
   <trkpt lat="38.4028580" lon="-76.8438100">
    <ele>30.4</ele>
   </trkpt>
   <trkpt lat="38.4027880" lon="-76.8438210">
    <ele>31.0</ele>
   </trkpt>
   <trkpt lat="38.4027160" lon="-76.8438140">
    <ele>32.6</ele>
   </trkpt>
   <trkpt lat="38.4026610" lon="-76.8437900">
    <ele>32.8</ele>
   </trkpt>
   <trkpt lat="38.4026270" lon="-76.8437410">
    <ele>34.0</ele>
   </trkpt>
   <trkpt lat="38.4026060" lon="-76.8436840">
    <ele>35.4</ele>
   </trkpt>
   <trkpt lat="38.4025640" lon="-76.8435370">
    <ele>36.6</ele>
   </trkpt>
   <trkpt lat="38.4025630" lon="-76.8434580">
    <ele>36.8</ele>
   </trkpt>
   <trkpt lat="38.4025740" lon="-76.8433790">
    <ele>37.6</ele>
   </trkpt>
   <trkpt lat="38.4026500" lon="-76.8432380">
    <ele>38.2</ele>
   </trkpt>
   <trkpt lat="38.4028070" lon="-76.8431070">
    <ele>38.2</ele>
   </trkpt>
   <trkpt lat="38.4029220" lon="-76.8430620">
    <ele>35.8</ele>
   </trkpt>
   <trkpt lat="38.4030460" lon="-76.8430280">
    <ele>32.6</ele>
   </trkpt>
   <trkpt lat="38.4031550" lon="-76.8429920">
    <ele>29.0</ele>
   </trkpt>
   <trkpt lat="38.4032400" lon="-76.8429550">
    <ele>26.4</ele>
   </trkpt>
   <trkpt lat="38.4033010" lon="-76.8429110">
    <ele>25.0</ele>
   </trkpt>
   <trkpt lat="38.4033390" lon="-76.8428540">
    <ele>24.8</ele>
   </trkpt>
   <trkpt lat="38.4033490" lon="-76.8427930">
    <ele>24.8</ele>
   </trkpt>
   <trkpt lat="38.4032650" lon="-76.8427310">
    <ele>25.0</ele>
   </trkpt>
   <trkpt lat="38.4031870" lon="-76.8427510">
    <ele>25.4</ele>
   </trkpt>
   <trkpt lat="38.4030310" lon="-76.8428260">
    <ele>25.8</ele>
   </trkpt>
   <trkpt lat="38.4029590" lon="-76.8428570">
    <ele>26.2</ele>
   </trkpt>
   <trkpt lat="38.4028480" lon="-76.8429040">
    <ele>29.6</ele>
   </trkpt>
   <trkpt lat="38.4027950" lon="-76.8429270">
    <ele>32.8</ele>
   </trkpt>
   <trkpt lat="38.4027440" lon="-76.8429540">
    <ele>34.4</ele>
   </trkpt>
   <trkpt lat="38.4026810" lon="-76.8429810">
    <ele>35.6</ele>
   </trkpt>
   <trkpt lat="38.4025550" lon="-76.8430460">
    <ele>37.6</ele>
   </trkpt>
   <trkpt lat="38.4024900" lon="-76.8431050">
    <ele>38.4</ele>
   </trkpt>
   <trkpt lat="38.4024290" lon="-76.8431720">
    <ele>38.4</ele>
   </trkpt>
   <trkpt lat="38.4023190" lon="-76.8433160">
    <ele>38.4</ele>
   </trkpt>
   <trkpt lat="38.4022550" lon="-76.8433840">
    <ele>38.0</ele>
   </trkpt>
   <trkpt lat="38.4021750" lon="-76.8434560">
    <ele>36.4</ele>
   </trkpt>
   <trkpt lat="38.4019900" lon="-76.8436230">
    <ele>32.8</ele>
   </trkpt>
   <trkpt lat="38.4019030" lon="-76.8436870">
    <ele>30.0</ele>
   </trkpt>
   <trkpt lat="38.4018330" lon="-76.8437280">
    <ele>28.0</ele>
   </trkpt>
   <trkpt lat="38.4017860" lon="-76.8437580">
    <ele>28.0</ele>
   </trkpt>
   <trkpt lat="38.4017600" lon="-76.8437750">
    <ele>28.0</ele>
   </trkpt>
   <trkpt lat="38.4017450" lon="-76.8437850">
    <ele>28.0</ele>
   </trkpt>
   <trkpt lat="38.4017030" lon="-76.8438040">
    <ele>28.2</ele>
   </trkpt>
   <trkpt lat="38.4016200" lon="-76.8438990">
    <ele>28.6</ele>
   </trkpt>
   <trkpt lat="38.4015940" lon="-76.8439530">
    <ele>29.0</ele>
   </trkpt>
   <trkpt lat="38.4015910" lon="-76.8439630">
    <ele>29.2</ele>
   </trkpt>
   <trkpt lat="38.4015550" lon="-76.8440190">
    <ele>29.6</ele>
   </trkpt>
   <trkpt lat="38.4015050" lon="-76.8441450">
    <ele>30.2</ele>
   </trkpt>
   <trkpt lat="38.4014220" lon="-76.8442300">
    <ele>31.0</ele>
   </trkpt>
   <trkpt lat="38.4012840" lon="-76.8443050">
    <ele>31.2</ele>
   </trkpt>
   <trkpt lat="38.4012570" lon="-76.8443150">
    <ele>31.2</ele>
   </trkpt>
   <trkpt lat="38.4011500" lon="-76.8443620">
    <ele>31.6</ele>
   </trkpt>
   <trkpt lat="38.4010850" lon="-76.8443830">
    <ele>31.6</ele>
   </trkpt>
   <trkpt lat="38.4010150" lon="-76.8443940">
    <ele>31.6</ele>
   </trkpt>
   <trkpt lat="38.4008870" lon="-76.8443880">
    <ele>31.6</ele>
   </trkpt>
   <trkpt lat="38.4008300" lon="-76.8443780">
    <ele>31.6</ele>
   </trkpt>
   <trkpt lat="38.4007640" lon="-76.8443540">
    <ele>31.6</ele>
   </trkpt>
   <trkpt lat="38.4006440" lon="-76.8442240">
    <ele>31.8</ele>
   </trkpt>
   <trkpt lat="38.4005730" lon="-76.8439920">
    <ele>33.2</ele>
   </trkpt>
   <trkpt lat="38.4005620" lon="-76.8438530">
    <ele>34.4</ele>
   </trkpt>
   <trkpt lat="38.4005900" lon="-76.8437250">
    <ele>35.6</ele>
   </trkpt>
   <trkpt lat="38.4006280" lon="-76.8436110">
    <ele>36.6</ele>
   </trkpt>
   <trkpt lat="38.4006810" lon="-76.8435220">
    <ele>37.4</ele>
   </trkpt>
   <trkpt lat="38.4007340" lon="-76.8434610">
    <ele>38.2</ele>
   </trkpt>
   <trkpt lat="38.4007820" lon="-76.8434090">
    <ele>38.4</ele>
   </trkpt>
   <trkpt lat="38.4009080" lon="-76.8431120">
    <ele>39.2</ele>
   </trkpt>
   <trkpt lat="38.4010170" lon="-76.8427180">
    <ele>39.6</ele>
   </trkpt>
   <trkpt lat="38.4010210" lon="-76.8425850">
    <ele>39.8</ele>
   </trkpt>
   <trkpt lat="38.4010280" lon="-76.8423050">
    <ele>40.2</ele>
   </trkpt>
   <trkpt lat="38.4010580" lon="-76.8421800">
    <ele>40.4</ele>
   </trkpt>
   <trkpt lat="38.4011190" lon="-76.8420710">
    <ele>40.4</ele>
   </trkpt>
   <trkpt lat="38.4012740" lon="-76.8418860">
    <ele>40.6</ele>
   </trkpt>
   <trkpt lat="38.4014370" lon="-76.8417880">
    <ele>42.0</ele>
   </trkpt>
   <trkpt lat="38.4015360" lon="-76.8417980">
    <ele>42.0</ele>
   </trkpt>
   <trkpt lat="38.4018400" lon="-76.8418710">
    <ele>41.0</ele>
   </trkpt>
   <trkpt lat="38.4018890" lon="-76.8418430">
    <ele>40.6</ele>
   </trkpt>
   <trkpt lat="38.4019270" lon="-76.8418050">
    <ele>40.4</ele>
   </trkpt>
   <trkpt lat="38.4019500" lon="-76.8417810">
    <ele>40.4</ele>
   </trkpt>
   <trkpt lat="38.4019810" lon="-76.8417150">
    <ele>40.4</ele>
   </trkpt>
   <trkpt lat="38.4020970" lon="-76.8416270">
    <ele>40.8</ele>
   </trkpt>
   <trkpt lat="38.4021470" lon="-76.8417080">
    <ele>40.8</ele>
   </trkpt>
   <trkpt lat="38.4021320" lon="-76.8418930">
    <ele>40.8</ele>
   </trkpt>
   <trkpt lat="38.4021490" lon="-76.8419850">
    <ele>40.8</ele>
   </trkpt>
   <trkpt lat="38.4021650" lon="-76.8420770">
    <ele>41.2</ele>
   </trkpt>
   <trkpt lat="38.4021570" lon="-76.8421740">
    <ele>41.6</ele>
   </trkpt>
   <trkpt lat="38.4021160" lon="-76.8422690">
    <ele>42.0</ele>
   </trkpt>
   <trkpt lat="38.4020160" lon="-76.8424320">
    <ele>42.0</ele>
   </trkpt>
   <trkpt lat="38.4020070" lon="-76.8425090">
    <ele>42.0</ele>
   </trkpt>
   <trkpt lat="38.4020310" lon="-76.8425530">
    <ele>42.4</ele>
   </trkpt>
   <trkpt lat="38.4020740" lon="-76.8425490">
    <ele>43.2</ele>
   </trkpt>
   <trkpt lat="38.4021830" lon="-76.8425030">
    <ele>43.4</ele>
   </trkpt>
   <trkpt lat="38.4022560" lon="-76.8425110">
    <ele>43.4</ele>
   </trkpt>
   <trkpt lat="38.4023320" lon="-76.8425050">
    <ele>43.4</ele>
   </trkpt>
   <trkpt lat="38.4025000" lon="-76.8424350">
    <ele>43.0</ele>
   </trkpt>
   <trkpt lat="38.4026110" lon="-76.8423530">
    <ele>40.8</ele>
   </trkpt>
   <trkpt lat="38.4027080" lon="-76.8422800">
    <ele>36.2</ele>
   </trkpt>
   <trkpt lat="38.4028020" lon="-76.8422080">
    <ele>34.8</ele>
   </trkpt>
   <trkpt lat="38.4030020" lon="-76.8420920">
    <ele>34.6</ele>
   </trkpt>
   <trkpt lat="38.4030930" lon="-76.8420530">
    <ele>34.6</ele>
   </trkpt>
   <trkpt lat="38.4032390" lon="-76.8420160">
    <ele>36.8</ele>
   </trkpt>
   <trkpt lat="38.4033070" lon="-76.8420160">
    <ele>38.4</ele>
   </trkpt>
   <trkpt lat="38.4035590" lon="-76.8420280">
    <ele>38.0</ele>
   </trkpt>
   <trkpt lat="38.4036480" lon="-76.8420300">
    <ele>33.4</ele>
   </trkpt>
   <trkpt lat="38.4037210" lon="-76.8420220">
    <ele>30.4</ele>
   </trkpt>
   <trkpt lat="38.4037710" lon="-76.8419770">
    <ele>29.0</ele>
   </trkpt>
   <trkpt lat="38.4037710" lon="-76.8418180">
    <ele>29.2</ele>
   </trkpt>
   <trkpt lat="38.4037420" lon="-76.8417370">
    <ele>29.2</ele>
   </trkpt>
   <trkpt lat="38.4036390" lon="-76.8416090">
    <ele>30.8</ele>
   </trkpt>
   <trkpt lat="38.4035910" lon="-76.8415670">
    <ele>32.8</ele>
   </trkpt>
   <trkpt lat="38.4035440" lon="-76.8415360">
    <ele>35.2</ele>
   </trkpt>
   <trkpt lat="38.4034820" lon="-76.8415080">
    <ele>36.4</ele>
   </trkpt>
   <trkpt lat="38.4034340" lon="-76.8414700">
    <ele>37.4</ele>
   </trkpt>
   <trkpt lat="38.4034180" lon="-76.8414180">
    <ele>38.0</ele>
   </trkpt>
   <trkpt lat="38.4034420" lon="-76.8413700">
    <ele>39.0</ele>
   </trkpt>
   <trkpt lat="38.4034900" lon="-76.8413380">
    <ele>39.8</ele>
   </trkpt>
   <trkpt lat="38.4035560" lon="-76.8413200">
    <ele>40.4</ele>
   </trkpt>
   <trkpt lat="38.4036220" lon="-76.8413030">
    <ele>40.8</ele>
   </trkpt>
   <trkpt lat="38.4036950" lon="-76.8413080">
    <ele>40.8</ele>
   </trkpt>
   <trkpt lat="38.4037710" lon="-76.8413390">
    <ele>40.8</ele>
   </trkpt>
   <trkpt lat="38.4038540" lon="-76.8413850">
    <ele>40.8</ele>
   </trkpt>
   <trkpt lat="38.4039350" lon="-76.8414230">
    <ele>38.4</ele>
   </trkpt>
   <trkpt lat="38.4040190" lon="-76.8414450">
    <ele>34.2</ele>
   </trkpt>
   <trkpt lat="38.4040990" lon="-76.8414400">
    <ele>32.2</ele>
   </trkpt>
   <trkpt lat="38.4041770" lon="-76.8414040">
    <ele>31.0</ele>
   </trkpt>
   <trkpt lat="38.4042360" lon="-76.8413280">
    <ele>31.0</ele>
   </trkpt>
   <trkpt lat="38.4042760" lon="-76.8412260">
    <ele>31.0</ele>
   </trkpt>
   <trkpt lat="38.4043030" lon="-76.8411160">
    <ele>31.0</ele>
   </trkpt>
   <trkpt lat="38.4043340" lon="-76.8408760">
    <ele>32.4</ele>
   </trkpt>
   <trkpt lat="38.4043600" lon="-76.8407700">
    <ele>33.4</ele>
   </trkpt>
   <trkpt lat="38.4043760" lon="-76.8406880">
    <ele>34.8</ele>
   </trkpt>
   <trkpt lat="38.4043830" lon="-76.8406150">
    <ele>37.0</ele>
   </trkpt>
   <trkpt lat="38.4043930" lon="-76.8405410">
    <ele>40.0</ele>
   </trkpt>
   <trkpt lat="38.4044010" lon="-76.8404660">
    <ele>41.8</ele>
   </trkpt>
   <trkpt lat="38.4044150" lon="-76.8402770">
    <ele>42.6</ele>
   </trkpt>
   <trkpt lat="38.4044400" lon="-76.8401730">
    <ele>42.8</ele>
   </trkpt>
   <trkpt lat="38.4044850" lon="-76.8400860">
    <ele>43.2</ele>
   </trkpt>
   <trkpt lat="38.4046140" lon="-76.8400150">
    <ele>43.0</ele>
   </trkpt>
   <trkpt lat="38.4047510" lon="-76.8400420">
    <ele>42.6</ele>
   </trkpt>
   <trkpt lat="38.4048300" lon="-76.8400980">
    <ele>42.6</ele>
   </trkpt>
   <trkpt lat="38.4049010" lon="-76.8401810">
    <ele>42.0</ele>
   </trkpt>
   <trkpt lat="38.4049470" lon="-76.8402860">
    <ele>41.4</ele>
   </trkpt>
   <trkpt lat="38.4049740" lon="-76.8404080">
    <ele>40.8</ele>
   </trkpt>
   <trkpt lat="38.4049900" lon="-76.8405460">
    <ele>39.6</ele>
   </trkpt>
   <trkpt lat="38.4049900" lon="-76.8406880">
    <ele>38.6</ele>
   </trkpt>
   <trkpt lat="38.4049790" lon="-76.8408220">
    <ele>38.2</ele>
   </trkpt>
   <trkpt lat="38.4049610" lon="-76.8409450">
    <ele>38.2</ele>
   </trkpt>
   <trkpt lat="38.4049290" lon="-76.8411540">
    <ele>38.2</ele>
   </trkpt>
   <trkpt lat="38.4048610" lon="-76.8415250">
    <ele>38.0</ele>
   </trkpt>
   <trkpt lat="38.4048180" lon="-76.8416560">
    <ele>37.8</ele>
   </trkpt>
   <trkpt lat="38.4047660" lon="-76.8417750">
    <ele>35.6</ele>
   </trkpt>
   <trkpt lat="38.4046930" lon="-76.8418680">
    <ele>34.6</ele>
   </trkpt>
   <trkpt lat="38.4046170" lon="-76.8419350">
    <ele>34.4</ele>
   </trkpt>
   <trkpt lat="38.4044500" lon="-76.8419960">
    <ele>33.6</ele>
   </trkpt>
   <trkpt lat="38.4043700" lon="-76.8420460">
    <ele>33.0</ele>
   </trkpt>
   <trkpt lat="38.4042940" lon="-76.8421210">
    <ele>32.4</ele>
   </trkpt>
   <trkpt lat="38.4042520" lon="-76.8422310">
    <ele>31.0</ele>
   </trkpt>
   <trkpt lat="38.4042540" lon="-76.8423540">
    <ele>29.4</ele>
   </trkpt>
   <trkpt lat="38.4042620" lon="-76.8424710">
    <ele>29.2</ele>
   </trkpt>
   <trkpt lat="38.4041770" lon="-76.8426270">
    <ele>28.2</ele>
   </trkpt>
   <trkpt lat="38.4040050" lon="-76.8427100">
    <ele>28.2</ele>
   </trkpt>
   <trkpt lat="38.4039090" lon="-76.8427050">
    <ele>26.6</ele>
   </trkpt>
   <trkpt lat="38.4038070" lon="-76.8426970">
    <ele>25.8</ele>
   </trkpt>
   <trkpt lat="38.4037140" lon="-76.8427220">
    <ele>25.4</ele>
   </trkpt>
   <trkpt lat="38.4036280" lon="-76.8427780">
    <ele>24.8</ele>
   </trkpt>
   <trkpt lat="38.4035740" lon="-76.8428780">
    <ele>24.2</ele>
   </trkpt>
   <trkpt lat="38.4035300" lon="-76.8429970">
    <ele>24.2</ele>
   </trkpt>
   <trkpt lat="38.4034530" lon="-76.8431910">
    <ele>24.2</ele>
   </trkpt>
   <trkpt lat="38.4034220" lon="-76.8432540">
    <ele>25.8</ele>
   </trkpt>
   <trkpt lat="38.4033850" lon="-76.8433130">
    <ele>26.0</ele>
   </trkpt>
   <trkpt lat="38.4032660" lon="-76.8434740">
    <ele>26.0</ele>
   </trkpt>
   <trkpt lat="38.4031940" lon="-76.8435720">
    <ele>25.8</ele>
   </trkpt>
   <trkpt lat="38.4031220" lon="-76.8436610">
    <ele>25.8</ele>
   </trkpt>
   <trkpt lat="38.4030180" lon="-76.8437600">
    <ele>25.8</ele>
   </trkpt>
   <trkpt lat="38.4029670" lon="-76.8437880">
    <ele>28.8</ele>
   </trkpt>
   <trkpt lat="38.4029090" lon="-76.8438110">
    <ele>30.2</ele>
   </trkpt>
   <trkpt lat="38.4027830" lon="-76.8438230">
    <ele>32.0</ele>
   </trkpt>
   <trkpt lat="38.4027210" lon="-76.8438130">
    <ele>32.8</ele>
   </trkpt>
   <trkpt lat="38.4026400" lon="-76.8437450">
    <ele>34.4</ele>
   </trkpt>
   <trkpt lat="38.4026170" lon="-76.8436830">
    <ele>35.6</ele>
   </trkpt>
   <trkpt lat="38.4025850" lon="-76.8435180">
    <ele>36.8</ele>
   </trkpt>
   <trkpt lat="38.4026000" lon="-76.8433400">
    <ele>38.0</ele>
   </trkpt>
   <trkpt lat="38.4026340" lon="-76.8432650">
    <ele>38.0</ele>
   </trkpt>
   <trkpt lat="38.4026950" lon="-76.8431960">
    <ele>38.0</ele>
   </trkpt>
   <trkpt lat="38.4027840" lon="-76.8431350">
    <ele>38.0</ele>
   </trkpt>
   <trkpt lat="38.4028900" lon="-76.8430890">
    <ele>36.2</ele>
   </trkpt>
   <trkpt lat="38.4030130" lon="-76.8430560">
    <ele>33.0</ele>
   </trkpt>
   <trkpt lat="38.4031350" lon="-76.8430250">
    <ele>30.4</ele>
   </trkpt>
   <trkpt lat="38.4032360" lon="-76.8429870">
    <ele>27.4</ele>
   </trkpt>
   <trkpt lat="38.4033110" lon="-76.8429330">
    <ele>25.4</ele>
   </trkpt>
   <trkpt lat="38.4033560" lon="-76.8428600">
    <ele>25.2</ele>
   </trkpt>
   <trkpt lat="38.4033590" lon="-76.8427830">
    <ele>25.2</ele>
   </trkpt>
   <trkpt lat="38.4033330" lon="-76.8427180">
    <ele>25.2</ele>
   </trkpt>
   <trkpt lat="38.4032610" lon="-76.8426940">
    <ele>25.2</ele>
   </trkpt>
   <trkpt lat="38.4030270" lon="-76.8427950">
    <ele>26.0</ele>
   </trkpt>
   <trkpt lat="38.4029560" lon="-76.8428280">
    <ele>26.6</ele>
   </trkpt>
   <trkpt lat="38.4029020" lon="-76.8428560">
    <ele>28.0</ele>
   </trkpt>
   <trkpt lat="38.4028700" lon="-76.8428980">
    <ele>30.4</ele>
   </trkpt>
   <trkpt lat="38.4028210" lon="-76.8429110">
    <ele>33.2</ele>
   </trkpt>
   <trkpt lat="38.4027640" lon="-76.8429390">
    <ele>34.6</ele>
   </trkpt>
   <trkpt lat="38.4026380" lon="-76.8429890">
    <ele>35.8</ele>
   </trkpt>
   <trkpt lat="38.4025690" lon="-76.8430210">
    <ele>36.8</ele>
   </trkpt>
   <trkpt lat="38.4024960" lon="-76.8430660">
    <ele>38.4</ele>
   </trkpt>
   <trkpt lat="38.4023970" lon="-76.8431690">
    <ele>38.8</ele>
   </trkpt>
   <trkpt lat="38.4022630" lon="-76.8433480">
    <ele>38.4</ele>
   </trkpt>
   <trkpt lat="38.4022040" lon="-76.8433980">
    <ele>37.0</ele>
   </trkpt>
   <trkpt lat="38.4020570" lon="-76.8435280">
    <ele>34.6</ele>
   </trkpt>
   <trkpt lat="38.4019690" lon="-76.8436080">
    <ele>32.4</ele>
   </trkpt>
   <trkpt lat="38.4018860" lon="-76.8436780">
    <ele>30.6</ele>
   </trkpt>
   <trkpt lat="38.4018180" lon="-76.8437330">
    <ele>28.6</ele>
   </trkpt>
   <trkpt lat="38.4017660" lon="-76.8437650">
    <ele>28.4</ele>
   </trkpt>
   <trkpt lat="38.4017360" lon="-76.8437810">
    <ele>28.4</ele>
   </trkpt>
   <trkpt lat="38.4017080" lon="-76.8437930">
    <ele>28.4</ele>
   </trkpt>
   <trkpt lat="38.4016220" lon="-76.8438420">
    <ele>28.6</ele>
   </trkpt>
   <trkpt lat="38.4015290" lon="-76.8439580">
    <ele>29.0</ele>
   </trkpt>
   <trkpt lat="38.4014930" lon="-76.8440270">
    <ele>29.4</ele>
   </trkpt>
   <trkpt lat="38.4014680" lon="-76.8440850">
    <ele>30.2</ele>
   </trkpt>
   <trkpt lat="38.4014240" lon="-76.8441490">
    <ele>31.2</ele>
   </trkpt>
   <trkpt lat="38.4012710" lon="-76.8442570">
    <ele>31.4</ele>
   </trkpt>
   <trkpt lat="38.4012290" lon="-76.8442820">
    <ele>31.4</ele>
   </trkpt>
   <trkpt lat="38.4010700" lon="-76.8443420">
    <ele>31.8</ele>
   </trkpt>
   <trkpt lat="38.4010090" lon="-76.8443550">
    <ele>32.0</ele>
   </trkpt>
   <trkpt lat="38.4008550" lon="-76.8443640">
    <ele>32.0</ele>
   </trkpt>
   <trkpt lat="38.4007140" lon="-76.8443050">
    <ele>32.0</ele>
   </trkpt>
   <trkpt lat="38.4006550" lon="-76.8442310">
    <ele>32.0</ele>
   </trkpt>
   <trkpt lat="38.4006100" lon="-76.8441350">
    <ele>32.0</ele>
   </trkpt>
   <trkpt lat="38.4005800" lon="-76.8440300">
    <ele>32.6</ele>
   </trkpt>
   <trkpt lat="38.4005630" lon="-76.8439080">
    <ele>34.0</ele>
   </trkpt>
   <trkpt lat="38.4005590" lon="-76.8437820">
    <ele>35.0</ele>
   </trkpt>
   <trkpt lat="38.4005790" lon="-76.8436670">
    <ele>36.0</ele>
   </trkpt>
   <trkpt lat="38.4006280" lon="-76.8435620">
    <ele>37.0</ele>
   </trkpt>
   <trkpt lat="38.4006940" lon="-76.8434680">
    <ele>38.2</ele>
   </trkpt>
   <trkpt lat="38.4008220" lon="-76.8432470">
    <ele>39.0</ele>
   </trkpt>
   <trkpt lat="38.4008710" lon="-76.8431210">
    <ele>39.4</ele>
   </trkpt>
   <trkpt lat="38.4009660" lon="-76.8428610">
    <ele>39.6</ele>
   </trkpt>
   <trkpt lat="38.4010020" lon="-76.8427250">
    <ele>39.8</ele>
   </trkpt>
   <trkpt lat="38.4010150" lon="-76.8426100">
    <ele>40.4</ele>
   </trkpt>
   <trkpt lat="38.4010070" lon="-76.8423000">
    <ele>40.8</ele>
   </trkpt>
   <trkpt lat="38.4011010" lon="-76.8420680">
    <ele>40.8</ele>
   </trkpt>
   <trkpt lat="38.4012500" lon="-76.8418910">
    <ele>41.0</ele>
   </trkpt>
   <trkpt lat="38.4013320" lon="-76.8418270">
    <ele>41.2</ele>
   </trkpt>
   <trkpt lat="38.4014120" lon="-76.8417920">
    <ele>42.8</ele>
   </trkpt>
   <trkpt lat="38.4014990" lon="-76.8417940">
    <ele>42.8</ele>
   </trkpt>
   <trkpt lat="38.4016010" lon="-76.8418230">
    <ele>42.8</ele>
   </trkpt>
   <trkpt lat="38.4018060" lon="-76.8418640">
    <ele>41.6</ele>
   </trkpt>
   <trkpt lat="38.4019040" lon="-76.8417990">
    <ele>40.6</ele>
   </trkpt>
   <trkpt lat="38.4019490" lon="-76.8417470">
    <ele>40.6</ele>
   </trkpt>
   <trkpt lat="38.4020800" lon="-76.8416010">
    <ele>41.2</ele>
   </trkpt>
   <trkpt lat="38.4021100" lon="-76.8416600">
    <ele>41.2</ele>
   </trkpt>
   <trkpt lat="38.4021020" lon="-76.8417320">
    <ele>41.2</ele>
   </trkpt>
   <trkpt lat="38.4020970" lon="-76.8418410">
    <ele>41.2</ele>
   </trkpt>
   <trkpt lat="38.4021280" lon="-76.8420440">
    <ele>41.6</ele>
   </trkpt>
   <trkpt lat="38.4020940" lon="-76.8422560">
    <ele>42.2</ele>
   </trkpt>
   <trkpt lat="38.4020010" lon="-76.8424470">
    <ele>42.6</ele>
   </trkpt>
   <trkpt lat="38.4020290" lon="-76.8425640">
    <ele>43.0</ele>
   </trkpt>
   <trkpt lat="38.4020740" lon="-76.8425400">
    <ele>43.8</ele>
   </trkpt>
   <trkpt lat="38.4021160" lon="-76.8424970">
    <ele>43.8</ele>
   </trkpt>
   <trkpt lat="38.4021650" lon="-76.8424830">
    <ele>43.8</ele>
   </trkpt>
   <trkpt lat="38.4023160" lon="-76.8424760">
    <ele>43.6</ele>
   </trkpt>
   <trkpt lat="38.4024750" lon="-76.8423770">
    <ele>43.4</ele>
   </trkpt>
   <trkpt lat="38.4025640" lon="-76.8422950">
    <ele>40.6</ele>
   </trkpt>
   <trkpt lat="38.4026580" lon="-76.8422150">
    <ele>36.4</ele>
   </trkpt>
   <trkpt lat="38.4027580" lon="-76.8421480">
    <ele>35.0</ele>
   </trkpt>
   <trkpt lat="38.4029650" lon="-76.8420410">
    <ele>34.8</ele>
   </trkpt>
   <trkpt lat="38.4031390" lon="-76.8419850">
    <ele>35.2</ele>
   </trkpt>
   <trkpt lat="38.4032080" lon="-76.8419870">
    <ele>37.6</ele>
   </trkpt>
   <trkpt lat="38.4032740" lon="-76.8419990">
    <ele>39.2</ele>
   </trkpt>
   <trkpt lat="38.4035500" lon="-76.8420340">
    <ele>38.8</ele>
   </trkpt>
   <trkpt lat="38.4036440" lon="-76.8420360">
    <ele>33.8</ele>
   </trkpt>
   <trkpt lat="38.4037210" lon="-76.8420260">
    <ele>31.0</ele>
   </trkpt>
   <trkpt lat="38.4037660" lon="-76.8419780">
    <ele>29.4</ele>
   </trkpt>
   <trkpt lat="38.4037750" lon="-76.8418230">
    <ele>29.4</ele>
   </trkpt>
   <trkpt lat="38.4036970" lon="-76.8416840">
    <ele>30.2</ele>
   </trkpt>
   <trkpt lat="38.4036500" lon="-76.8416280">
    <ele>31.4</ele>
   </trkpt>
   <trkpt lat="38.4036020" lon="-76.8415880">
    <ele>32.8</ele>
   </trkpt>
   <trkpt lat="38.4035540" lon="-76.8415590">
    <ele>35.0</ele>
   </trkpt>
   <trkpt lat="38.4034950" lon="-76.8415340">
    <ele>36.8</ele>
   </trkpt>
   <trkpt lat="38.4034420" lon="-76.8414980">
    <ele>37.8</ele>
   </trkpt>
   <trkpt lat="38.4034130" lon="-76.8414420">
    <ele>38.4</ele>
   </trkpt>
   <trkpt lat="38.4034120" lon="-76.8413880">
    <ele>38.8</ele>
   </trkpt>
   <trkpt lat="38.4034400" lon="-76.8413460">
    <ele>40.0</ele>
   </trkpt>
   <trkpt lat="38.4034920" lon="-76.8413250">
    <ele>40.6</ele>
   </trkpt>
   <trkpt lat="38.4035630" lon="-76.8413180">
    <ele>41.2</ele>
   </trkpt>
   <trkpt lat="38.4037240" lon="-76.8413330">
    <ele>41.2</ele>
   </trkpt>
   <trkpt lat="38.4039160" lon="-76.8414230">
    <ele>38.8</ele>
   </trkpt>
   <trkpt lat="38.4039970" lon="-76.8414340">
    <ele>34.6</ele>
   </trkpt>
   <trkpt lat="38.4040640" lon="-76.8414240">
    <ele>32.4</ele>
   </trkpt>
   <trkpt lat="38.4041170" lon="-76.8414030">
    <ele>31.2</ele>
   </trkpt>
   <trkpt lat="38.4041600" lon="-76.8413490">
    <ele>30.6</ele>
   </trkpt>
   <trkpt lat="38.4042120" lon="-76.8411820">
    <ele>31.2</ele>
   </trkpt>
   <trkpt lat="38.4042200" lon="-76.8411070">
    <ele>31.4</ele>
   </trkpt>
   <trkpt lat="38.4042520" lon="-76.8409390">
    <ele>32.4</ele>
   </trkpt>
   <trkpt lat="38.4042740" lon="-76.8407650">
    <ele>34.0</ele>
   </trkpt>
   <trkpt lat="38.4042880" lon="-76.8406510">
    <ele>36.2</ele>
   </trkpt>
   <trkpt lat="38.4042940" lon="-76.8406120">
    <ele>37.8</ele>
   </trkpt>
   <trkpt lat="38.4043000" lon="-76.8405720">
    <ele>39.4</ele>
   </trkpt>
   <trkpt lat="38.4043090" lon="-76.8405200">
    <ele>41.0</ele>
   </trkpt>
   <trkpt lat="38.4043360" lon="-76.8403860">
    <ele>42.6</ele>
   </trkpt>
   <trkpt lat="38.4043510" lon="-76.8403000">
    <ele>42.8</ele>
   </trkpt>
   <trkpt lat="38.4043780" lon="-76.8401970">
    <ele>42.8</ele>
   </trkpt>
   <trkpt lat="38.4044640" lon="-76.8400160">
    <ele>43.2</ele>
   </trkpt>
   <trkpt lat="38.4046110" lon="-76.8399940">
    <ele>42.8</ele>
   </trkpt>
   <trkpt lat="38.4047740" lon="-76.8400820">
    <ele>42.4</ele>
   </trkpt>
   <trkpt lat="38.4048350" lon="-76.8401500">
    <ele>42.0</ele>
   </trkpt>
   <trkpt lat="38.4048870" lon="-76.8402370">
    <ele>41.4</ele>
   </trkpt>
   <trkpt lat="38.4049370" lon="-76.8404690">
    <ele>40.4</ele>
   </trkpt>
   <trkpt lat="38.4049410" lon="-76.8406010">
    <ele>39.0</ele>
   </trkpt>
   <trkpt lat="38.4049320" lon="-76.8408890">
    <ele>38.2</ele>
   </trkpt>
   <trkpt lat="38.4048980" lon="-76.8412240">
    <ele>38.0</ele>
   </trkpt>
   <trkpt lat="38.4048790" lon="-76.8413430">
    <ele>38.0</ele>
   </trkpt>
   <trkpt lat="38.4047440" lon="-76.8417320">
    <ele>36.4</ele>
   </trkpt>
   <trkpt lat="38.4046830" lon="-76.8418340">
    <ele>34.8</ele>
   </trkpt>
   <trkpt lat="38.4046190" lon="-76.8419110">
    <ele>34.4</ele>
   </trkpt>
   <trkpt lat="38.4044670" lon="-76.8419830">
    <ele>34.0</ele>
   </trkpt>
   <trkpt lat="38.4044150" lon="-76.8420040">
    <ele>33.4</ele>
   </trkpt>
   <trkpt lat="38.4043660" lon="-76.8420420">
    <ele>32.8</ele>
   </trkpt>
   <trkpt lat="38.4043100" lon="-76.8421240">
    <ele>32.2</ele>
   </trkpt>
   <trkpt lat="38.4042750" lon="-76.8422390">
    <ele>31.0</ele>
   </trkpt>
   <trkpt lat="38.4042770" lon="-76.8423550">
    <ele>29.6</ele>
   </trkpt>
   <trkpt lat="38.4042840" lon="-76.8424650">
    <ele>29.0</ele>
   </trkpt>
   <trkpt lat="38.4042510" lon="-76.8426490">
    <ele>28.4</ele>
   </trkpt>
   <trkpt lat="38.4041770" lon="-76.8427000">
    <ele>28.2</ele>
   </trkpt>
   <trkpt lat="38.4040870" lon="-76.8427230">
    <ele>28.0</ele>
   </trkpt>
   <trkpt lat="38.4040000" lon="-76.8427300">
    <ele>26.8</ele>
   </trkpt>
   <trkpt lat="38.4039120" lon="-76.8427210">
    <ele>25.8</ele>
   </trkpt>
   <trkpt lat="38.4038180" lon="-76.8427150">
    <ele>25.4</ele>
   </trkpt>
   <trkpt lat="38.4036690" lon="-76.8427880">
    <ele>24.6</ele>
   </trkpt>
   <trkpt lat="38.4036160" lon="-76.8428740">
    <ele>24.2</ele>
   </trkpt>
   <trkpt lat="38.4035740" lon="-76.8429800">
    <ele>24.0</ele>
   </trkpt>
   <trkpt lat="38.4034970" lon="-76.8431670">
    <ele>24.0</ele>
   </trkpt>
   <trkpt lat="38.4034670" lon="-76.8432290">
    <ele>24.4</ele>
   </trkpt>
   <trkpt lat="38.4034330" lon="-76.8432860">
    <ele>26.2</ele>
   </trkpt>
   <trkpt lat="38.4033400" lon="-76.8434330">
    <ele>26.2</ele>
   </trkpt>
   <trkpt lat="38.4031880" lon="-76.8436210">
    <ele>25.8</ele>
   </trkpt>
   <trkpt lat="38.4031150" lon="-76.8436960">
    <ele>25.8</ele>
   </trkpt>
   <trkpt lat="38.4029960" lon="-76.8437680">
    <ele>26.0</ele>
   </trkpt>
   <trkpt lat="38.4029380" lon="-76.8437910">
    <ele>28.8</ele>
   </trkpt>
   <trkpt lat="38.4028770" lon="-76.8438050">
    <ele>30.0</ele>
   </trkpt>
   <trkpt lat="38.4027360" lon="-76.8438080">
    <ele>32.4</ele>
   </trkpt>
   <trkpt lat="38.4026230" lon="-76.8437770">
    <ele>33.2</ele>
   </trkpt>
   <trkpt lat="38.4026030" lon="-76.8437170">
    <ele>35.0</ele>
   </trkpt>
   <trkpt lat="38.4025800" lon="-76.8435490">
    <ele>36.0</ele>
   </trkpt>
   <trkpt lat="38.4025820" lon="-76.8433690">
    <ele>37.6</ele>
   </trkpt>
   <trkpt lat="38.4026030" lon="-76.8432990">
    <ele>38.0</ele>
   </trkpt>
   <trkpt lat="38.4026950" lon="-76.8431760">
    <ele>38.0</ele>
   </trkpt>
   <trkpt lat="38.4027780" lon="-76.8431260">
    <ele>38.0</ele>
   </trkpt>
   <trkpt lat="38.4028840" lon="-76.8430770">
    <ele>35.2</ele>
   </trkpt>
   <trkpt lat="38.4030000" lon="-76.8430240">
    <ele>32.4</ele>
   </trkpt>
   <trkpt lat="38.4031160" lon="-76.8429770">
    <ele>29.6</ele>
   </trkpt>
   <trkpt lat="38.4032120" lon="-76.8429360">
    <ele>27.0</ele>
   </trkpt>
   <trkpt lat="38.4032760" lon="-76.8428920">
    <ele>25.0</ele>
   </trkpt>
   <trkpt lat="38.4033180" lon="-76.8428450">
    <ele>24.6</ele>
   </trkpt>
   <trkpt lat="38.4033260" lon="-76.8427590">
    <ele>24.6</ele>
   </trkpt>
   <trkpt lat="38.4031980" lon="-76.8427430">
    <ele>25.0</ele>
   </trkpt>
   <trkpt lat="38.4029790" lon="-76.8428570">
    <ele>25.8</ele>
   </trkpt>
   <trkpt lat="38.4029160" lon="-76.8428810">
    <ele>26.8</ele>
   </trkpt>
   <trkpt lat="38.4028640" lon="-76.8429030">
    <ele>28.6</ele>
   </trkpt>
   <trkpt lat="38.4028140" lon="-76.8429240">
    <ele>31.6</ele>
   </trkpt>
   <trkpt lat="38.4027610" lon="-76.8429460">
    <ele>33.8</ele>
   </trkpt>
   <trkpt lat="38.4026970" lon="-76.8429720">
    <ele>35.2</ele>
   </trkpt>
   <trkpt lat="38.4025650" lon="-76.8430230">
    <ele>36.8</ele>
   </trkpt>
   <trkpt lat="38.4024880" lon="-76.8430750">
    <ele>38.0</ele>
   </trkpt>
   <trkpt lat="38.4024250" lon="-76.8431510">
    <ele>38.0</ele>
   </trkpt>
   <trkpt lat="38.4023050" lon="-76.8433040">
    <ele>38.0</ele>
   </trkpt>
   <trkpt lat="38.4021660" lon="-76.8434470">
    <ele>36.4</ele>
   </trkpt>
   <trkpt lat="38.4019680" lon="-76.8436090">
    <ele>32.2</ele>
   </trkpt>
   <trkpt lat="38.4018820" lon="-76.8436720">
    <ele>29.6</ele>
   </trkpt>
   <trkpt lat="38.4018140" lon="-76.8437290">
    <ele>28.2</ele>
   </trkpt>
   <trkpt lat="38.4017650" lon="-76.8437780">
    <ele>28.2</ele>
   </trkpt>
   <trkpt lat="38.4016700" lon="-76.8438760">
    <ele>28.2</ele>
   </trkpt>
   <trkpt lat="38.4016130" lon="-76.8439400">
    <ele>28.2</ele>
   </trkpt>
   <trkpt lat="38.4015160" lon="-76.8440640">
    <ele>29.0</ele>
   </trkpt>
   <trkpt lat="38.4014800" lon="-76.8441290">
    <ele>29.8</ele>
   </trkpt>
   <trkpt lat="38.4013900" lon="-76.8442260">
    <ele>30.8</ele>
   </trkpt>
   <trkpt lat="38.4012890" lon="-76.8443080">
    <ele>31.0</ele>
   </trkpt>
   <trkpt lat="38.4012470" lon="-76.8443360">
    <ele>31.0</ele>
   </trkpt>
   <trkpt lat="38.4011030" lon="-76.8443940">
    <ele>31.2</ele>
   </trkpt>
   <trkpt lat="38.4010410" lon="-76.8444050">
    <ele>31.2</ele>
   </trkpt>
   <trkpt lat="38.4010030" lon="-76.8444130">
    <ele>31.2</ele>
   </trkpt>
   <trkpt lat="38.4008740" lon="-76.8444090">
    <ele>31.4</ele>
   </trkpt>
   <trkpt lat="38.4007340" lon="-76.8443380">
    <ele>31.4</ele>
   </trkpt>
   <trkpt lat="38.4006760" lon="-76.8442710">
    <ele>31.6</ele>
   </trkpt>
   <trkpt lat="38.4006270" lon="-76.8441640">
    <ele>31.6</ele>
   </trkpt>
   <trkpt lat="38.4005910" lon="-76.8440430">
    <ele>32.2</ele>
   </trkpt>
   <trkpt lat="38.4005750" lon="-76.8439470">
    <ele>33.6</ele>
   </trkpt>
   <trkpt lat="38.4005660" lon="-76.8437960">
    <ele>34.8</ele>
   </trkpt>
   <trkpt lat="38.4005870" lon="-76.8436790">
    <ele>35.6</ele>
   </trkpt>
   <trkpt lat="38.4006230" lon="-76.8435930">
    <ele>36.6</ele>
   </trkpt>
   <trkpt lat="38.4006960" lon="-76.8434740">
    <ele>37.8</ele>
   </trkpt>
   <trkpt lat="38.4007480" lon="-76.8433870">
    <ele>38.2</ele>
   </trkpt>
   <trkpt lat="38.4008640" lon="-76.8431170">
    <ele>38.6</ele>
   </trkpt>
   <trkpt lat="38.4009140" lon="-76.8429900">
    <ele>38.8</ele>
   </trkpt>
   <trkpt lat="38.4009610" lon="-76.8428590">
    <ele>39.0</ele>
   </trkpt>
   <trkpt lat="38.4010240" lon="-76.8426080">
    <ele>39.6</ele>
   </trkpt>
   <trkpt lat="38.4010280" lon="-76.8424930">
    <ele>39.8</ele>
   </trkpt>
   <trkpt lat="38.4010230" lon="-76.8423780">
    <ele>40.0</ele>
   </trkpt>
   <trkpt lat="38.4010320" lon="-76.8422650">
    <ele>40.0</ele>
   </trkpt>
   <trkpt lat="38.4011080" lon="-76.8420520">
    <ele>40.2</ele>
   </trkpt>
   <trkpt lat="38.4013140" lon="-76.8418600">
    <ele>41.0</ele>
   </trkpt>
   <trkpt lat="38.4013820" lon="-76.8418180">
    <ele>41.8</ele>
   </trkpt>
   <trkpt lat="38.4014610" lon="-76.8418020">
    <ele>42.2</ele>
   </trkpt>
   <trkpt lat="38.4015540" lon="-76.8418150">
    <ele>42.2</ele>
   </trkpt>
   <trkpt lat="38.4017340" lon="-76.8418600">
    <ele>42.0</ele>
   </trkpt>
   <trkpt lat="38.4018250" lon="-76.8418570">
    <ele>40.8</ele>
   </trkpt>
   <trkpt lat="38.4018830" lon="-76.8418130">
    <ele>40.8</ele>
   </trkpt>
   <trkpt lat="38.4019250" lon="-76.8417480">
    <ele>40.4</ele>
   </trkpt>
   <trkpt lat="38.4019480" lon="-76.8417260">
    <ele>40.4</ele>
   </trkpt>
   <trkpt lat="38.4019940" lon="-76.8416640">
    <ele>40.4</ele>
   </trkpt>
   <trkpt lat="38.4020770" lon="-76.8416130">
    <ele>40.6</ele>
   </trkpt>
   <trkpt lat="38.4021180" lon="-76.8416400">
    <ele>40.6</ele>
   </trkpt>
   <trkpt lat="38.4021500" lon="-76.8416860">
    <ele>40.6</ele>
   </trkpt>
   <trkpt lat="38.4021340" lon="-76.8418450">
    <ele>40.6</ele>
   </trkpt>
   <trkpt lat="38.4021350" lon="-76.8419180">
    <ele>40.6</ele>
   </trkpt>
   <trkpt lat="38.4021540" lon="-76.8421400">
    <ele>41.2</ele>
   </trkpt>
   <trkpt lat="38.4020670" lon="-76.8423330">
    <ele>41.8</ele>
   </trkpt>
   <trkpt lat="38.4020250" lon="-76.8424000">
    <ele>41.8</ele>
   </trkpt>
   <trkpt lat="38.4020050" lon="-76.8424940">
    <ele>42.0</ele>
   </trkpt>
   <trkpt lat="38.4020660" lon="-76.8425450">
    <ele>42.6</ele>
   </trkpt>
   <trkpt lat="38.4021060" lon="-76.8425130">
    <ele>43.2</ele>
   </trkpt>
   <trkpt lat="38.4021550" lon="-76.8424840">
    <ele>43.2</ele>
   </trkpt>
   <trkpt lat="38.4022070" lon="-76.8424920">
    <ele>43.2</ele>
   </trkpt>
   <trkpt lat="38.4022630" lon="-76.8425150">
    <ele>43.2</ele>
   </trkpt>
   <trkpt lat="38.4023520" lon="-76.8425020">
    <ele>43.0</ele>
   </trkpt>
   <trkpt lat="38.4025540" lon="-76.8423560">
    <ele>40.6</ele>
   </trkpt>
   <trkpt lat="38.4026480" lon="-76.8422800">
    <ele>36.8</ele>
   </trkpt>
   <trkpt lat="38.4027590" lon="-76.8421970">
    <ele>34.2</ele>
   </trkpt>
   <trkpt lat="38.4030530" lon="-76.8420420">
    <ele>34.0</ele>
   </trkpt>
   <trkpt lat="38.4031690" lon="-76.8420180">
    <ele>35.2</ele>
   </trkpt>
   <trkpt lat="38.4032360" lon="-76.8420160">
    <ele>38.0</ele>
   </trkpt>
   <trkpt lat="38.4034970" lon="-76.8420410">
    <ele>38.0</ele>
   </trkpt>
   <trkpt lat="38.4035950" lon="-76.8420490">
    <ele>35.6</ele>
   </trkpt>
   <trkpt lat="38.4036840" lon="-76.8420410">
    <ele>32.2</ele>
   </trkpt>
   <trkpt lat="38.4037550" lon="-76.8420070">
    <ele>29.2</ele>
   </trkpt>
   <trkpt lat="38.4037940" lon="-76.8418570">
    <ele>29.0</ele>
   </trkpt>
   <trkpt lat="38.4037200" lon="-76.8417090">
    <ele>29.4</ele>
   </trkpt>
   <trkpt lat="38.4036650" lon="-76.8416460">
    <ele>30.4</ele>
   </trkpt>
   <trkpt lat="38.4036240" lon="-76.8416040">
    <ele>32.0</ele>
   </trkpt>
   <trkpt lat="38.4035860" lon="-76.8415790">
    <ele>34.4</ele>
   </trkpt>
   <trkpt lat="38.4035140" lon="-76.8415460">
    <ele>36.4</ele>
   </trkpt>
   <trkpt lat="38.4034610" lon="-76.8415200">
    <ele>37.2</ele>
   </trkpt>
   <trkpt lat="38.4034140" lon="-76.8414660">
    <ele>38.0</ele>
   </trkpt>
   <trkpt lat="38.4034150" lon="-76.8414170">
    <ele>38.4</ele>
   </trkpt>
   <trkpt lat="38.4034520" lon="-76.8413740">
    <ele>39.4</ele>
   </trkpt>
   <trkpt lat="38.4035120" lon="-76.8413490">
    <ele>40.2</ele>
   </trkpt>
   <trkpt lat="38.4035880" lon="-76.8413350">
    <ele>40.4</ele>
   </trkpt>
   <trkpt lat="38.4037500" lon="-76.8414050">
    <ele>40.4</ele>
   </trkpt>
   <trkpt lat="38.4039350" lon="-76.8415410">
    <ele>38.4</ele>
   </trkpt>
   <trkpt lat="38.4040330" lon="-76.8415690">
    <ele>34.0</ele>
   </trkpt>
   <trkpt lat="38.4041260" lon="-76.8415370">
    <ele>30.6</ele>
   </trkpt>
   <trkpt lat="38.4041960" lon="-76.8414660">
    <ele>30.4</ele>
   </trkpt>
   <trkpt lat="38.4042400" lon="-76.8413540">
    <ele>30.4</ele>
   </trkpt>
   <trkpt lat="38.4042670" lon="-76.8412390">
    <ele>30.4</ele>
   </trkpt>
   <trkpt lat="38.4042980" lon="-76.8409960">
    <ele>31.8</ele>
   </trkpt>
   <trkpt lat="38.4043060" lon="-76.8408770">
    <ele>32.2</ele>
   </trkpt>
   <trkpt lat="38.4043300" lon="-76.8406740">
    <ele>34.0</ele>
   </trkpt>
   <trkpt lat="38.4043400" lon="-76.8405930">
    <ele>36.4</ele>
   </trkpt>
   <trkpt lat="38.4043490" lon="-76.8405200">
    <ele>39.8</ele>
   </trkpt>
   <trkpt lat="38.4043600" lon="-76.8404540">
    <ele>41.6</ele>
   </trkpt>
   <trkpt lat="38.4043750" lon="-76.8403840">
    <ele>42.8</ele>
   </trkpt>
   <trkpt lat="38.4044120" lon="-76.8401990">
    <ele>43.0</ele>
   </trkpt>
   <trkpt lat="38.4044700" lon="-76.8400810">
    <ele>43.4</ele>
   </trkpt>
   <trkpt lat="38.4046260" lon="-76.8399930">
    <ele>43.0</ele>
   </trkpt>
   <trkpt lat="38.4046970" lon="-76.8399900">
    <ele>42.8</ele>
   </trkpt>
   <trkpt lat="38.4047680" lon="-76.8400110">
    <ele>42.8</ele>
   </trkpt>
   <trkpt lat="38.4048420" lon="-76.8400680">
    <ele>42.2</ele>
   </trkpt>
   <trkpt lat="38.4049000" lon="-76.8401470">
    <ele>41.6</ele>
   </trkpt>
   <trkpt lat="38.4049380" lon="-76.8402590">
    <ele>41.4</ele>
   </trkpt>
   <trkpt lat="38.4049580" lon="-76.8403900">
    <ele>40.4</ele>
   </trkpt>
   <trkpt lat="38.4049690" lon="-76.8405400">
    <ele>39.0</ele>
   </trkpt>
   <trkpt lat="38.4049700" lon="-76.8406900">
    <ele>38.6</ele>
   </trkpt>
   <trkpt lat="38.4049600" lon="-76.8408390">
    <ele>38.2</ele>
   </trkpt>
   <trkpt lat="38.4049390" lon="-76.8410590">
    <ele>38.2</ele>
   </trkpt>
   <trkpt lat="38.4049230" lon="-76.8411650">
    <ele>38.0</ele>
   </trkpt>
   <trkpt lat="38.4048750" lon="-76.8414200">
    <ele>38.0</ele>
   </trkpt>
   <trkpt lat="38.4048300" lon="-76.8415610">
    <ele>38.0</ele>
   </trkpt>
   <trkpt lat="38.4047720" lon="-76.8416930">
    <ele>36.2</ele>
   </trkpt>
   <trkpt lat="38.4047050" lon="-76.8418020">
    <ele>35.0</ele>
   </trkpt>
   <trkpt lat="38.4046260" lon="-76.8418810">
    <ele>34.4</ele>
   </trkpt>
   <trkpt lat="38.4044510" lon="-76.8419700">
    <ele>33.6</ele>
   </trkpt>
   <trkpt lat="38.4043760" lon="-76.8420180">
    <ele>33.0</ele>
   </trkpt>
   <trkpt lat="38.4043160" lon="-76.8420900">
    <ele>32.4</ele>
   </trkpt>
   <trkpt lat="38.4042880" lon="-76.8421990">
    <ele>31.0</ele>
   </trkpt>
   <trkpt lat="38.4042810" lon="-76.8423160">
    <ele>29.4</ele>
   </trkpt>
   <trkpt lat="38.4042950" lon="-76.8425350">
    <ele>28.6</ele>
   </trkpt>
   <trkpt lat="38.4042550" lon="-76.8426130">
    <ele>28.2</ele>
   </trkpt>
   <trkpt lat="38.4041740" lon="-76.8426600">
    <ele>28.0</ele>
   </trkpt>
   <trkpt lat="38.4040780" lon="-76.8426910">
    <ele>28.0</ele>
   </trkpt>
   <trkpt lat="38.4039700" lon="-76.8427050">
    <ele>26.8</ele>
   </trkpt>
   <trkpt lat="38.4038590" lon="-76.8427150">
    <ele>26.0</ele>
   </trkpt>
   <trkpt lat="38.4037530" lon="-76.8427470">
    <ele>25.4</ele>
   </trkpt>
   <trkpt lat="38.4036590" lon="-76.8428150">
    <ele>24.6</ele>
   </trkpt>
   <trkpt lat="38.4035940" lon="-76.8429180">
    <ele>23.8</ele>
   </trkpt>
   <trkpt lat="38.4035470" lon="-76.8430330">
    <ele>23.8</ele>
   </trkpt>
   <trkpt lat="38.4034800" lon="-76.8432120">
    <ele>23.8</ele>
   </trkpt>
   <trkpt lat="38.4034460" lon="-76.8432700">
    <ele>25.6</ele>
   </trkpt>
   <trkpt lat="38.4033420" lon="-76.8434280">
    <ele>25.6</ele>
   </trkpt>
   <trkpt lat="38.4032630" lon="-76.8435240">
    <ele>25.6</ele>
   </trkpt>
   <trkpt lat="38.4031090" lon="-76.8436880">
    <ele>25.6</ele>
   </trkpt>
   <trkpt lat="38.4030390" lon="-76.8437340">
    <ele>25.6</ele>
   </trkpt>
   <trkpt lat="38.4029180" lon="-76.8437870">
    <ele>28.8</ele>
   </trkpt>
   <trkpt lat="38.4028500" lon="-76.8438060">
    <ele>30.0</ele>
   </trkpt>
   <trkpt lat="38.4027820" lon="-76.8438210">
    <ele>31.2</ele>
   </trkpt>
   <trkpt lat="38.4027160" lon="-76.8438320">
    <ele>32.2</ele>
   </trkpt>
   <trkpt lat="38.4026680" lon="-76.8438110">
    <ele>32.6</ele>
   </trkpt>
   <trkpt lat="38.4026360" lon="-76.8437570">
    <ele>34.0</ele>
   </trkpt>
   <trkpt lat="38.4026170" lon="-76.8436770">
    <ele>35.2</ele>
   </trkpt>
   <trkpt lat="38.4025950" lon="-76.8435880">
    <ele>35.8</ele>
   </trkpt>
   <trkpt lat="38.4025850" lon="-76.8434910">
    <ele>36.6</ele>
   </trkpt>
   <trkpt lat="38.4025890" lon="-76.8434000">
    <ele>37.2</ele>
   </trkpt>
   <trkpt lat="38.4026580" lon="-76.8432410">
    <ele>37.4</ele>
   </trkpt>
   <trkpt lat="38.4027290" lon="-76.8431720">
    <ele>37.4</ele>
   </trkpt>
   <trkpt lat="38.4028300" lon="-76.8431260">
    <ele>37.2</ele>
   </trkpt>
   <trkpt lat="38.4029490" lon="-76.8430950">
    <ele>34.4</ele>
   </trkpt>
   <trkpt lat="38.4030630" lon="-76.8430560">
    <ele>31.2</ele>
   </trkpt>
   <trkpt lat="38.4031660" lon="-76.8430060">
    <ele>28.2</ele>
   </trkpt>
   <trkpt lat="38.4032480" lon="-76.8429560">
    <ele>26.4</ele>
   </trkpt>
   <trkpt lat="38.4033100" lon="-76.8429090">
    <ele>24.8</ele>
   </trkpt>
   <trkpt lat="38.4033460" lon="-76.8428580">
    <ele>24.6</ele>
   </trkpt>
   <trkpt lat="38.4033480" lon="-76.8428040">
    <ele>24.6</ele>
   </trkpt>
   <trkpt lat="38.4033190" lon="-76.8427570">
    <ele>24.6</ele>
   </trkpt>
   <trkpt lat="38.4032620" lon="-76.8427280">
    <ele>24.8</ele>
   </trkpt>
   <trkpt lat="38.4031890" lon="-76.8427330">
    <ele>25.0</ele>
   </trkpt>
   <trkpt lat="38.4031010" lon="-76.8427600">
    <ele>25.2</ele>
   </trkpt>
   <trkpt lat="38.4029530" lon="-76.8428410">
    <ele>26.0</ele>
   </trkpt>
   <trkpt lat="38.4028980" lon="-76.8428700">
    <ele>27.0</ele>
   </trkpt>
   <trkpt lat="38.4028550" lon="-76.8428910">
    <ele>29.2</ele>
   </trkpt>
   <trkpt lat="38.4028040" lon="-76.8429090">
    <ele>32.2</ele>
   </trkpt>
   <trkpt lat="38.4027460" lon="-76.8429320">
    <ele>34.0</ele>
   </trkpt>
   <trkpt lat="38.4026810" lon="-76.8429580">
    <ele>35.2</ele>
   </trkpt>
   <trkpt lat="38.4025470" lon="-76.8430210">
    <ele>37.2</ele>
   </trkpt>
   <trkpt lat="38.4023980" lon="-76.8431540">
    <ele>38.4</ele>
   </trkpt>
   <trkpt lat="38.4023490" lon="-76.8432250">
    <ele>38.2</ele>
   </trkpt>
   <trkpt lat="38.4022670" lon="-76.8433430">
    <ele>38.0</ele>
   </trkpt>
   <trkpt lat="38.4022040" lon="-76.8433990">
    <ele>37.6</ele>
   </trkpt>
   <trkpt lat="38.4021280" lon="-76.8434650">
    <ele>36.2</ele>
   </trkpt>
   <trkpt lat="38.4020460" lon="-76.8435350">
    <ele>34.2</ele>
   </trkpt>
   <trkpt lat="38.4019620" lon="-76.8436010">
    <ele>31.8</ele>
   </trkpt>
   <trkpt lat="38.4018770" lon="-76.8436560">
    <ele>29.8</ele>
   </trkpt>
   <trkpt lat="38.4018130" lon="-76.8436990">
    <ele>28.2</ele>
   </trkpt>
   <trkpt lat="38.4017670" lon="-76.8437320">
    <ele>28.0</ele>
   </trkpt>
   <trkpt lat="38.4016200" lon="-76.8438620">
    <ele>28.0</ele>
   </trkpt>
   <trkpt lat="38.4015240" lon="-76.8440230">
    <ele>28.6</ele>
   </trkpt>
   <trkpt lat="38.4014960" lon="-76.8441050">
    <ele>29.4</ele>
   </trkpt>
   <trkpt lat="38.4014730" lon="-76.8441600">
    <ele>29.6</ele>
   </trkpt>
   <trkpt lat="38.4014400" lon="-76.8441970">
    <ele>30.2</ele>
   </trkpt>
   <trkpt lat="38.4013900" lon="-76.8442290">
    <ele>30.8</ele>
   </trkpt>
   <trkpt lat="38.4012780" lon="-76.8443100">
    <ele>31.0</ele>
   </trkpt>
   <trkpt lat="38.4011600" lon="-76.8443730">
    <ele>31.2</ele>
   </trkpt>
   <trkpt lat="38.4010980" lon="-76.8443920">
    <ele>31.2</ele>
   </trkpt>
   <trkpt lat="38.4009800" lon="-76.8444140">
    <ele>31.2</ele>
   </trkpt>
   <trkpt lat="38.4009270" lon="-76.8444110">
    <ele>31.4</ele>
   </trkpt>
   <trkpt lat="38.4008560" lon="-76.8443960">
    <ele>31.4</ele>
   </trkpt>
   <trkpt lat="38.4007810" lon="-76.8443670">
    <ele>31.4</ele>
   </trkpt>
   <trkpt lat="38.4007110" lon="-76.8443190">
    <ele>31.4</ele>
   </trkpt>
   <trkpt lat="38.4006530" lon="-76.8442480">
    <ele>31.4</ele>
   </trkpt>
   <trkpt lat="38.4006080" lon="-76.8441490">
    <ele>31.4</ele>
   </trkpt>
   <trkpt lat="38.4005740" lon="-76.8440350">
    <ele>32.2</ele>
   </trkpt>
   <trkpt lat="38.4005550" lon="-76.8439120">
    <ele>33.6</ele>
   </trkpt>
   <trkpt lat="38.4005520" lon="-76.8437870">
    <ele>34.8</ele>
   </trkpt>
   <trkpt lat="38.4006240" lon="-76.8435650">
    <ele>36.8</ele>
   </trkpt>
   <trkpt lat="38.4007610" lon="-76.8433720">
    <ele>38.4</ele>
   </trkpt>
   <trkpt lat="38.4008150" lon="-76.8432570">
    <ele>38.8</ele>
   </trkpt>
   <trkpt lat="38.4009440" lon="-76.8428910">
    <ele>39.4</ele>
   </trkpt>
   <trkpt lat="38.4009800" lon="-76.8427580">
    <ele>39.6</ele>
   </trkpt>
   <trkpt lat="38.4009990" lon="-76.8426250">
    <ele>39.8</ele>
   </trkpt>
   <trkpt lat="38.4010010" lon="-76.8424600">
    <ele>40.0</ele>
   </trkpt>
   <trkpt lat="38.4010300" lon="-76.8421880">
    <ele>40.0</ele>
   </trkpt>
   <trkpt lat="38.4011680" lon="-76.8419840">
    <ele>40.2</ele>
   </trkpt>
   <trkpt lat="38.4013410" lon="-76.8418430">
    <ele>40.8</ele>
   </trkpt>
   <trkpt lat="38.4014230" lon="-76.8418100">
    <ele>41.8</ele>
   </trkpt>
   <trkpt lat="38.4016390" lon="-76.8418660">
    <ele>41.8</ele>
   </trkpt>
   <trkpt lat="38.4017520" lon="-76.8419050">
    <ele>41.8</ele>
   </trkpt>
   <trkpt lat="38.4018860" lon="-76.8418640">
    <ele>40.4</ele>
   </trkpt>
   <trkpt lat="38.4019680" lon="-76.8417600">
    <ele>40.2</ele>
   </trkpt>
   <trkpt lat="38.4020670" lon="-76.8416350">
    <ele>40.6</ele>
   </trkpt>
   <trkpt lat="38.4021170" lon="-76.8416520">
    <ele>40.6</ele>
   </trkpt>
   <trkpt lat="38.4021500" lon="-76.8417710">
    <ele>40.6</ele>
   </trkpt>
   <trkpt lat="38.4021320" lon="-76.8419430">
    <ele>40.6</ele>
   </trkpt>
   <trkpt lat="38.4021480" lon="-76.8420220">
    <ele>40.6</ele>
   </trkpt>
   <trkpt lat="38.4021590" lon="-76.8421060">
    <ele>41.2</ele>
   </trkpt>
   <trkpt lat="38.4021120" lon="-76.8422910">
    <ele>41.6</ele>
   </trkpt>
   <trkpt lat="38.4020080" lon="-76.8424530">
    <ele>42.0</ele>
   </trkpt>
   <trkpt lat="38.4020000" lon="-76.8425200">
    <ele>42.0</ele>
   </trkpt>
   <trkpt lat="38.4020340" lon="-76.8425560">
    <ele>42.8</ele>
   </trkpt>
   <trkpt lat="38.4021350" lon="-76.8425100">
    <ele>43.0</ele>
   </trkpt>
   <trkpt lat="38.4021830" lon="-76.8425080">
    <ele>43.0</ele>
   </trkpt>
   <trkpt lat="38.4023190" lon="-76.8424680">
    <ele>42.8</ele>
   </trkpt>
   <trkpt lat="38.4023770" lon="-76.8424220">
    <ele>42.6</ele>
   </trkpt>
   <trkpt lat="38.4024540" lon="-76.8423570">
    <ele>41.6</ele>
   </trkpt>
   <trkpt lat="38.4025430" lon="-76.8422850">
    <ele>37.8</ele>
   </trkpt>
   <trkpt lat="38.4026330" lon="-76.8422150">
    <ele>34.6</ele>
   </trkpt>
   <trkpt lat="38.4028270" lon="-76.8420900">
    <ele>33.6</ele>
   </trkpt>
   <trkpt lat="38.4029220" lon="-76.8420240">
    <ele>33.6</ele>
   </trkpt>
   <trkpt lat="38.4030200" lon="-76.8419810">
    <ele>33.6</ele>
   </trkpt>
   <trkpt lat="38.4031820" lon="-76.8419830">
    <ele>35.4</ele>
   </trkpt>
   <trkpt lat="38.4032420" lon="-76.8419880">
    <ele>38.0</ele>
   </trkpt>
   <trkpt lat="38.4034080" lon="-76.8420140">
    <ele>38.0</ele>
   </trkpt>
   <trkpt lat="38.4036010" lon="-76.8420540">
    <ele>35.6</ele>
   </trkpt>
   <trkpt lat="38.4036840" lon="-76.8420590">
    <ele>32.8</ele>
   </trkpt>
   <trkpt lat="38.4037450" lon="-76.8420360">
    <ele>29.6</ele>
   </trkpt>
   <trkpt lat="38.4037870" lon="-76.8419730">
    <ele>28.6</ele>
   </trkpt>
   <trkpt lat="38.4038030" lon="-76.8418870">
    <ele>28.6</ele>
   </trkpt>
   <trkpt lat="38.4037950" lon="-76.8418020">
    <ele>28.6</ele>
   </trkpt>
   <trkpt lat="38.4037250" lon="-76.8416620">
    <ele>29.6</ele>
   </trkpt>
   <trkpt lat="38.4036710" lon="-76.8416070">
    <ele>30.4</ele>
   </trkpt>
   <trkpt lat="38.4036270" lon="-76.8415710">
    <ele>32.0</ele>
   </trkpt>
   <trkpt lat="38.4035740" lon="-76.8415460">
    <ele>34.0</ele>
   </trkpt>
   <trkpt lat="38.4035100" lon="-76.8415260">
    <ele>36.0</ele>
   </trkpt>
   <trkpt lat="38.4034140" lon="-76.8414660">
    <ele>37.4</ele>
   </trkpt>
   <trkpt lat="38.4034260" lon="-76.8413680">
    <ele>38.8</ele>
   </trkpt>
   <trkpt lat="38.4035460" lon="-76.8413190">
    <ele>40.0</ele>
   </trkpt>
   <trkpt lat="38.4036200" lon="-76.8413140">
    <ele>40.2</ele>
   </trkpt>
   <trkpt lat="38.4037820" lon="-76.8413450">
    <ele>40.2</ele>
   </trkpt>
   <trkpt lat="38.4038720" lon="-76.8413890">
    <ele>40.0</ele>
   </trkpt>
   <trkpt lat="38.4039570" lon="-76.8414200">
    <ele>35.8</ele>
   </trkpt>
   <trkpt lat="38.4040400" lon="-76.8414230">
    <ele>32.6</ele>
   </trkpt>
   <trkpt lat="38.4041170" lon="-76.8413930">
    <ele>31.4</ele>
   </trkpt>
   <trkpt lat="38.4042310" lon="-76.8412730">
    <ele>30.4</ele>
   </trkpt>
   <trkpt lat="38.4042590" lon="-76.8411800">
    <ele>30.6</ele>
   </trkpt>
   <trkpt lat="38.4043320" lon="-76.8407580">
    <ele>32.6</ele>
   </trkpt>
   <trkpt lat="38.4043530" lon="-76.8406680">
    <ele>33.8</ele>
   </trkpt>
   <trkpt lat="38.4043630" lon="-76.8405900">
    <ele>35.6</ele>
   </trkpt>
   <trkpt lat="38.4043710" lon="-76.8405140">
    <ele>38.4</ele>
   </trkpt>
   <trkpt lat="38.4043830" lon="-76.8404400">
    <ele>41.0</ele>
   </trkpt>
   <trkpt lat="38.4043930" lon="-76.8403670">
    <ele>41.6</ele>
   </trkpt>
   <trkpt lat="38.4044000" lon="-76.8402750">
    <ele>42.2</ele>
   </trkpt>
   <trkpt lat="38.4044190" lon="-76.8401610">
    <ele>42.2</ele>
   </trkpt>
   <trkpt lat="38.4044660" lon="-76.8400530">
    <ele>42.6</ele>
   </trkpt>
   <trkpt lat="38.4045350" lon="-76.8399820">
    <ele>42.6</ele>
   </trkpt>
   <trkpt lat="38.4046060" lon="-76.8399450">
    <ele>42.4</ele>
   </trkpt>
   <trkpt lat="38.4046790" lon="-76.8399370">
    <ele>42.2</ele>
   </trkpt>
   <trkpt lat="38.4047590" lon="-76.8399650">
    <ele>42.2</ele>
   </trkpt>
   <trkpt lat="38.4048400" lon="-76.8400250">
    <ele>42.0</ele>
   </trkpt>
   <trkpt lat="38.4049000" lon="-76.8401160">
    <ele>41.2</ele>
   </trkpt>
   <trkpt lat="38.4049420" lon="-76.8402380">
    <ele>40.8</ele>
   </trkpt>
   <trkpt lat="38.4049640" lon="-76.8403760">
    <ele>40.0</ele>
   </trkpt>
   <trkpt lat="38.4049660" lon="-76.8404950">
    <ele>38.4</ele>
   </trkpt>
   <trkpt lat="38.4049540" lon="-76.8407990">
    <ele>37.8</ele>
   </trkpt>
   <trkpt lat="38.4049190" lon="-76.8411390">
    <ele>37.8</ele>
   </trkpt>
   <trkpt lat="38.4049110" lon="-76.8412240">
    <ele>37.8</ele>
   </trkpt>
   <trkpt lat="38.4048730" lon="-76.8414340">
    <ele>37.8</ele>
   </trkpt>
   <trkpt lat="38.4048330" lon="-76.8415510">
    <ele>37.2</ele>
   </trkpt>
   <trkpt lat="38.4047850" lon="-76.8416780">
    <ele>35.2</ele>
   </trkpt>
   <trkpt lat="38.4047280" lon="-76.8417890">
    <ele>34.8</ele>
   </trkpt>
   <trkpt lat="38.4046430" lon="-76.8418580">
    <ele>34.0</ele>
   </trkpt>
   <trkpt lat="38.4045360" lon="-76.8418980">
    <ele>33.6</ele>
   </trkpt>
   <trkpt lat="38.4044510" lon="-76.8419230">
    <ele>33.2</ele>
   </trkpt>
   <trkpt lat="38.4043890" lon="-76.8419480">
    <ele>32.8</ele>
   </trkpt>
   <trkpt lat="38.4043380" lon="-76.8420030">
    <ele>32.0</ele>
   </trkpt>
   <trkpt lat="38.4042900" lon="-76.8421040">
    <ele>31.6</ele>
   </trkpt>
   <trkpt lat="38.4042670" lon="-76.8422300">
    <ele>29.0</ele>
   </trkpt>
   <trkpt lat="38.4042720" lon="-76.8424650">
    <ele>28.4</ele>
   </trkpt>
   <trkpt lat="38.4042570" lon="-76.8425540">
    <ele>28.0</ele>
   </trkpt>
   <trkpt lat="38.4041970" lon="-76.8426150">
    <ele>27.6</ele>
   </trkpt>
   <trkpt lat="38.4041270" lon="-76.8426480">
    <ele>27.6</ele>
   </trkpt>
   <trkpt lat="38.4040230" lon="-76.8426680">
    <ele>26.8</ele>
   </trkpt>
   <trkpt lat="38.4039110" lon="-76.8426760">
    <ele>25.8</ele>
   </trkpt>
   <trkpt lat="38.4037790" lon="-76.8426880">
    <ele>24.8</ele>
   </trkpt>
   <trkpt lat="38.4036960" lon="-76.8427270">
    <ele>24.4</ele>
   </trkpt>
   <trkpt lat="38.4036010" lon="-76.8428270">
    <ele>24.0</ele>
   </trkpt>
   <trkpt lat="38.4034130" lon="-76.8432200">
    <ele>24.2</ele>
   </trkpt>
   <trkpt lat="38.4033330" lon="-76.8433630">
    <ele>25.2</ele>
   </trkpt>
   <trkpt lat="38.4032770" lon="-76.8434440">
    <ele>25.2</ele>
   </trkpt>
   <trkpt lat="38.4031900" lon="-76.8435640">
    <ele>25.4</ele>
   </trkpt>
   <trkpt lat="38.4030450" lon="-76.8437110">
    <ele>25.4</ele>
   </trkpt>
   <trkpt lat="38.4029160" lon="-76.8437850">
    <ele>27.8</ele>
   </trkpt>
   <trkpt lat="38.4028510" lon="-76.8438090">
    <ele>29.8</ele>
   </trkpt>
   <trkpt lat="38.4027050" lon="-76.8438140">
    <ele>32.0</ele>
   </trkpt>
   <trkpt lat="38.4026410" lon="-76.8437950">
    <ele>32.2</ele>
   </trkpt>
   <trkpt lat="38.4026040" lon="-76.8437540">
    <ele>33.0</ele>
   </trkpt>
   <trkpt lat="38.4025880" lon="-76.8436930">
    <ele>34.8</ele>
   </trkpt>
   <trkpt lat="38.4025710" lon="-76.8435330">
    <ele>35.8</ele>
   </trkpt>
   <trkpt lat="38.4025670" lon="-76.8433740">
    <ele>37.2</ele>
   </trkpt>
   <trkpt lat="38.4025850" lon="-76.8433060">
    <ele>37.6</ele>
   </trkpt>
   <trkpt lat="38.4026200" lon="-76.8432310">
    <ele>37.6</ele>
   </trkpt>
   <trkpt lat="38.4027540" lon="-76.8430990">
    <ele>37.6</ele>
   </trkpt>
   <trkpt lat="38.4028460" lon="-76.8430510">
    <ele>35.4</ele>
   </trkpt>
   <trkpt lat="38.4029500" lon="-76.8430220">
    <ele>32.2</ele>
   </trkpt>
   <trkpt lat="38.4030490" lon="-76.8429940">
    <ele>29.0</ele>
   </trkpt>
   <trkpt lat="38.4031350" lon="-76.8429640">
    <ele>26.6</ele>
   </trkpt>
   <trkpt lat="38.4032040" lon="-76.8429310">
    <ele>25.4</ele>
   </trkpt>
   <trkpt lat="38.4032590" lon="-76.8428940">
    <ele>24.8</ele>
   </trkpt>
   <trkpt lat="38.4032900" lon="-76.8428510">
    <ele>24.4</ele>
   </trkpt>
   <trkpt lat="38.4032980" lon="-76.8428080">
    <ele>24.4</ele>
   </trkpt>
   <trkpt lat="38.4032620" lon="-76.8427490">
    <ele>24.4</ele>
   </trkpt>
   <trkpt lat="38.4032040" lon="-76.8427550">
    <ele>24.6</ele>
   </trkpt>
   <trkpt lat="38.4031300" lon="-76.8427870">
    <ele>25.0</ele>
   </trkpt>
   <trkpt lat="38.4029910" lon="-76.8428480">
    <ele>25.6</ele>
   </trkpt>
   <trkpt lat="38.4029360" lon="-76.8428660">
    <ele>27.8</ele>
   </trkpt>
   <trkpt lat="38.4029210" lon="-76.8428740">
    <ele>30.0</ele>
   </trkpt>
   <trkpt lat="38.4028980" lon="-76.8428870">
    <ele>32.0</ele>
   </trkpt>
   <trkpt lat="38.4027840" lon="-76.8429690">
    <ele>33.6</ele>
   </trkpt>
   <trkpt lat="38.4026540" lon="-76.8430220">
    <ele>34.8</ele>
   </trkpt>
   <trkpt lat="38.4025880" lon="-76.8430470">
    <ele>35.8</ele>
   </trkpt>
   <trkpt lat="38.4025050" lon="-76.8430810">
    <ele>37.6</ele>
   </trkpt>
   <trkpt lat="38.4024270" lon="-76.8431290">
    <ele>38.0</ele>
   </trkpt>
   <trkpt lat="38.4023660" lon="-76.8431960">
    <ele>38.0</ele>
   </trkpt>
   <trkpt lat="38.4022670" lon="-76.8433230">
    <ele>37.6</ele>
   </trkpt>
   <trkpt lat="38.4021950" lon="-76.8433850">
    <ele>36.6</ele>
   </trkpt>
   <trkpt lat="38.4021280" lon="-76.8434380">
    <ele>35.4</ele>
   </trkpt>
   <trkpt lat="38.4020570" lon="-76.8435110">
    <ele>34.2</ele>
   </trkpt>
   <trkpt lat="38.4019850" lon="-76.8435870">
    <ele>31.6</ele>
   </trkpt>
   <trkpt lat="38.4019170" lon="-76.8436490">
    <ele>30.2</ele>
   </trkpt>
   <trkpt lat="38.4018640" lon="-76.8436910">
    <ele>28.0</ele>
   </trkpt>
   <trkpt lat="38.4018270" lon="-76.8437110">
    <ele>27.8</ele>
   </trkpt>
   <trkpt lat="38.4017900" lon="-76.8437230">
    <ele>27.8</ele>
   </trkpt>
   <trkpt lat="38.4016610" lon="-76.8438410">
    <ele>28.0</ele>
   </trkpt>
   <trkpt lat="38.4016180" lon="-76.8439150">
    <ele>28.2</ele>
   </trkpt>
   <trkpt lat="38.4015390" lon="-76.8440510">
    <ele>28.8</ele>
   </trkpt>
   <trkpt lat="38.4015150" lon="-76.8440830">
    <ele>29.0</ele>
   </trkpt>
   <trkpt lat="38.4014960" lon="-76.8441010">
    <ele>29.8</ele>
   </trkpt>
   <trkpt lat="38.4014810" lon="-76.8441130">
    <ele>30.2</ele>
   </trkpt>
   <trkpt lat="38.4014490" lon="-76.8441350">
    <ele>30.6</ele>
   </trkpt>
   <trkpt lat="38.4014310" lon="-76.8441500">
    <ele>30.6</ele>
   </trkpt>
   <trkpt lat="38.4013600" lon="-76.8442210">
    <ele>30.8</ele>
   </trkpt>
   <trkpt lat="38.4013490" lon="-76.8442330">
    <ele>30.8</ele>
   </trkpt>
   <trkpt lat="38.4013300" lon="-76.8442510">
    <ele>30.8</ele>
   </trkpt>
   <trkpt lat="38.4013100" lon="-76.8442520">
    <ele>31.0</ele>
   </trkpt>
   <trkpt lat="38.4012320" lon="-76.8443300">
    <ele>31.0</ele>
   </trkpt>
   <trkpt lat="38.4012040" lon="-76.8443480">
    <ele>31.2</ele>
   </trkpt>
   <trkpt lat="38.4010920" lon="-76.8443630">
    <ele>31.2</ele>
   </trkpt>
   <trkpt lat="38.4009490" lon="-76.8443970">
    <ele>31.4</ele>
   </trkpt>
   <trkpt lat="38.4008860" lon="-76.8444000">
    <ele>31.4</ele>
   </trkpt>
   <trkpt lat="38.4007530" lon="-76.8443470">
    <ele>31.4</ele>
   </trkpt>
   <trkpt lat="38.4006430" lon="-76.8441970">
    <ele>31.4</ele>
   </trkpt>
   <trkpt lat="38.4006030" lon="-76.8440900">
    <ele>31.6</ele>
   </trkpt>
   <trkpt lat="38.4005710" lon="-76.8439800">
    <ele>32.6</ele>
   </trkpt>
   <trkpt lat="38.4005540" lon="-76.8438580">
    <ele>33.8</ele>
   </trkpt>
   <trkpt lat="38.4005510" lon="-76.8437470">
    <ele>34.8</ele>
   </trkpt>
   <trkpt lat="38.4005680" lon="-76.8436530">
    <ele>35.8</ele>
   </trkpt>
   <trkpt lat="38.4006030" lon="-76.8435630">
    <ele>37.2</ele>
   </trkpt>
   <trkpt lat="38.4006710" lon="-76.8434880">
    <ele>38.0</ele>
   </trkpt>
   <trkpt lat="38.4007310" lon="-76.8434230">
    <ele>38.4</ele>
   </trkpt>
   <trkpt lat="38.4007740" lon="-76.8433510">
    <ele>38.4</ele>
   </trkpt>
   <trkpt lat="38.4008070" lon="-76.8432700">
    <ele>38.6</ele>
   </trkpt>
   <trkpt lat="38.4008930" lon="-76.8430890">
    <ele>39.0</ele>
   </trkpt>
   <trkpt lat="38.4009630" lon="-76.8429020">
    <ele>39.2</ele>
   </trkpt>
   <trkpt lat="38.4009850" lon="-76.8428000">
    <ele>39.6</ele>
   </trkpt>
   <trkpt lat="38.4009910" lon="-76.8427000">
    <ele>39.6</ele>
   </trkpt>
   <trkpt lat="38.4010010" lon="-76.8425060">
    <ele>40.2</ele>
   </trkpt>
   <trkpt lat="38.4010310" lon="-76.8422710">
    <ele>40.2</ele>
   </trkpt>
   <trkpt lat="38.4010610" lon="-76.8421690">
    <ele>40.4</ele>
   </trkpt>
   <trkpt lat="38.4011110" lon="-76.8420770">
    <ele>40.4</ele>
   </trkpt>
   <trkpt lat="38.4012260" lon="-76.8419470">
    <ele>40.4</ele>
   </trkpt>
   <trkpt lat="38.4012860" lon="-76.8419010">
    <ele>40.6</ele>
   </trkpt>
   <trkpt lat="38.4013440" lon="-76.8418600">
    <ele>41.4</ele>
   </trkpt>
   <trkpt lat="38.4014060" lon="-76.8418340">
    <ele>42.4</ele>
   </trkpt>
   <trkpt lat="38.4014850" lon="-76.8418240">
    <ele>42.4</ele>
   </trkpt>
   <trkpt lat="38.4017770" lon="-76.8418770">
    <ele>41.8</ele>
   </trkpt>
   <trkpt lat="38.4018590" lon="-76.8418550">
    <ele>40.6</ele>
   </trkpt>
   <trkpt lat="38.4019220" lon="-76.8418130">
    <ele>40.4</ele>
   </trkpt>
   <trkpt lat="38.4020110" lon="-76.8417030">
    <ele>40.4</ele>
   </trkpt>
   <trkpt lat="38.4021120" lon="-76.8416120">
    <ele>40.8</ele>
   </trkpt>
   <trkpt lat="38.4021350" lon="-76.8416950">
    <ele>40.8</ele>
   </trkpt>
   <trkpt lat="38.4021320" lon="-76.8417740">
    <ele>40.8</ele>
   </trkpt>
   <trkpt lat="38.4021530" lon="-76.8419690">
    <ele>40.8</ele>
   </trkpt>
   <trkpt lat="38.4021630" lon="-76.8420670">
    <ele>41.2</ele>
   </trkpt>
   <trkpt lat="38.4021140" lon="-76.8422760">
    <ele>41.8</ele>
   </trkpt>
   <trkpt lat="38.4020140" lon="-76.8424630">
    <ele>42.2</ele>
   </trkpt>
   <trkpt lat="38.4020540" lon="-76.8425710">
    <ele>42.4</ele>
   </trkpt>
   <trkpt lat="38.4021010" lon="-76.8425350">
    <ele>43.4</ele>
   </trkpt>
   <trkpt lat="38.4021460" lon="-76.8424910">
    <ele>43.4</ele>
   </trkpt>
   <trkpt lat="38.4021940" lon="-76.8424840">
    <ele>43.4</ele>
   </trkpt>
   <trkpt lat="38.4022540" lon="-76.8425000">
    <ele>43.4</ele>
   </trkpt>
   <trkpt lat="38.4023110" lon="-76.8425030">
    <ele>43.4</ele>
   </trkpt>
   <trkpt lat="38.4024300" lon="-76.8424390">
    <ele>43.0</ele>
   </trkpt>
   <trkpt lat="38.4025110" lon="-76.8423730">
    <ele>42.2</ele>
   </trkpt>
   <trkpt lat="38.4026030" lon="-76.8423010">
    <ele>38.4</ele>
   </trkpt>
   <trkpt lat="38.4026910" lon="-76.8422310">
    <ele>34.8</ele>
   </trkpt>
   <trkpt lat="38.4030530" lon="-76.8420240">
    <ele>34.4</ele>
   </trkpt>
   <trkpt lat="38.4031310" lon="-76.8420060">
    <ele>34.8</ele>
   </trkpt>
   <trkpt lat="38.4031900" lon="-76.8420020">
    <ele>36.8</ele>
   </trkpt>
   <trkpt lat="38.4032490" lon="-76.8420030">
    <ele>38.4</ele>
   </trkpt>
   <trkpt lat="38.4033210" lon="-76.8420100">
    <ele>38.4</ele>
   </trkpt>
   <trkpt lat="38.4036070" lon="-76.8420420">
    <ele>34.4</ele>
   </trkpt>
   <trkpt lat="38.4036960" lon="-76.8420360">
    <ele>31.4</ele>
   </trkpt>
   <trkpt lat="38.4037700" lon="-76.8419930">
    <ele>29.2</ele>
   </trkpt>
   <trkpt lat="38.4038080" lon="-76.8419190">
    <ele>29.2</ele>
   </trkpt>
   <trkpt lat="38.4037710" lon="-76.8417480">
    <ele>29.2</ele>
   </trkpt>
   <trkpt lat="38.4036530" lon="-76.8416250">
    <ele>30.4</ele>
   </trkpt>
   <trkpt lat="38.4036040" lon="-76.8415820">
    <ele>32.4</ele>
   </trkpt>
   <trkpt lat="38.4035430" lon="-76.8415490">
    <ele>34.6</ele>
   </trkpt>
   <trkpt lat="38.4034860" lon="-76.8415210">
    <ele>36.4</ele>
   </trkpt>
   <trkpt lat="38.4034330" lon="-76.8414840">
    <ele>37.2</ele>
   </trkpt>
   <trkpt lat="38.4033930" lon="-76.8414350">
    <ele>37.8</ele>
   </trkpt>
   <trkpt lat="38.4033820" lon="-76.8413840">
    <ele>38.4</ele>
   </trkpt>
   <trkpt lat="38.4034120" lon="-76.8413450">
    <ele>39.4</ele>
   </trkpt>
   <trkpt lat="38.4035590" lon="-76.8413180">
    <ele>40.8</ele>
   </trkpt>
   <trkpt lat="38.4036430" lon="-76.8413180">
    <ele>40.8</ele>
   </trkpt>
   <trkpt lat="38.4037280" lon="-76.8413370">
    <ele>40.8</ele>
   </trkpt>
   <trkpt lat="38.4039120" lon="-76.8414270">
    <ele>39.4</ele>
   </trkpt>
   <trkpt lat="38.4040060" lon="-76.8414910">
    <ele>35.2</ele>
   </trkpt>
   <trkpt lat="38.4040960" lon="-76.8414960">
    <ele>31.4</ele>
   </trkpt>
   <trkpt lat="38.4042210" lon="-76.8413390">
    <ele>30.8</ele>
   </trkpt>
   <trkpt lat="38.4043070" lon="-76.8410320">
    <ele>31.6</ele>
   </trkpt>
   <trkpt lat="38.4043370" lon="-76.8408030">
    <ele>32.8</ele>
   </trkpt>
   <trkpt lat="38.4043440" lon="-76.8407060">
    <ele>34.0</ele>
   </trkpt>
   <trkpt lat="38.4043490" lon="-76.8406250">
    <ele>35.6</ele>
   </trkpt>
   <trkpt lat="38.4043600" lon="-76.8405470">
    <ele>38.4</ele>
   </trkpt>
   <trkpt lat="38.4043690" lon="-76.8404730">
    <ele>41.2</ele>
   </trkpt>
   <trkpt lat="38.4043850" lon="-76.8403980">
    <ele>42.4</ele>
   </trkpt>
   <trkpt lat="38.4044050" lon="-76.8401970">
    <ele>43.2</ele>
   </trkpt>
   <trkpt lat="38.4045190" lon="-76.8400200">
    <ele>43.6</ele>
   </trkpt>
   <trkpt lat="38.4046780" lon="-76.8399770">
    <ele>43.2</ele>
   </trkpt>
   <trkpt lat="38.4048410" lon="-76.8400780">
    <ele>42.8</ele>
   </trkpt>
   <trkpt lat="38.4049060" lon="-76.8401630">
    <ele>42.0</ele>
   </trkpt>
   <trkpt lat="38.4049520" lon="-76.8402780">
    <ele>41.4</ele>
   </trkpt>
   <trkpt lat="38.4049720" lon="-76.8404120">
    <ele>40.2</ele>
   </trkpt>
   <trkpt lat="38.4049740" lon="-76.8407010">
    <ele>38.8</ele>
   </trkpt>
   <trkpt lat="38.4049410" lon="-76.8409870">
    <ele>38.4</ele>
   </trkpt>
   <trkpt lat="38.4048900" lon="-76.8413520">
    <ele>37.8</ele>
   </trkpt>
   <trkpt lat="38.4048160" lon="-76.8416290">
    <ele>37.8</ele>
   </trkpt>
   <trkpt lat="38.4047650" lon="-76.8417540">
    <ele>36.0</ele>
   </trkpt>
   <trkpt lat="38.4047050" lon="-76.8418520">
    <ele>35.2</ele>
   </trkpt>
   <trkpt lat="38.4046210" lon="-76.8419270">
    <ele>34.6</ele>
   </trkpt>
   <trkpt lat="38.4045190" lon="-76.8419760">
    <ele>34.2</ele>
   </trkpt>
   <trkpt lat="38.4043480" lon="-76.8420560">
    <ele>33.2</ele>
   </trkpt>
   <trkpt lat="38.4042790" lon="-76.8421410">
    <ele>32.6</ele>
   </trkpt>
   <trkpt lat="38.4042420" lon="-76.8422470">
    <ele>30.6</ele>
   </trkpt>
   <trkpt lat="38.4042480" lon="-76.8423440">
    <ele>29.4</ele>
   </trkpt>
   <trkpt lat="38.4042550" lon="-76.8424620">
    <ele>29.2</ele>
   </trkpt>
   <trkpt lat="38.4042350" lon="-76.8425610">
    <ele>28.8</ele>
   </trkpt>
   <trkpt lat="38.4041750" lon="-76.8426440">
    <ele>28.4</ele>
   </trkpt>
   <trkpt lat="38.4039940" lon="-76.8426940">
    <ele>28.0</ele>
   </trkpt>
   <trkpt lat="38.4038970" lon="-76.8427010">
    <ele>26.6</ele>
   </trkpt>
   <trkpt lat="38.4037940" lon="-76.8427070">
    <ele>25.8</ele>
   </trkpt>
   <trkpt lat="38.4036960" lon="-76.8427300">
    <ele>25.4</ele>
   </trkpt>
   <trkpt lat="38.4036070" lon="-76.8427770">
    <ele>25.0</ele>
   </trkpt>
   <trkpt lat="38.4035470" lon="-76.8428650">
    <ele>24.2</ele>
   </trkpt>
   <trkpt lat="38.4035010" lon="-76.8429690">
    <ele>24.2</ele>
   </trkpt>
   <trkpt lat="38.4033970" lon="-76.8432250">
    <ele>25.6</ele>
   </trkpt>
   <trkpt lat="38.4033640" lon="-76.8432940">
    <ele>26.2</ele>
   </trkpt>
   <trkpt lat="38.4033170" lon="-76.8433740">
    <ele>26.2</ele>
   </trkpt>
   <trkpt lat="38.4031680" lon="-76.8435590">
    <ele>26.4</ele>
   </trkpt>
   <trkpt lat="38.4030380" lon="-76.8436990">
    <ele>26.2</ele>
   </trkpt>
   <trkpt lat="38.4029800" lon="-76.8437390">
    <ele>26.2</ele>
   </trkpt>
   <trkpt lat="38.4029260" lon="-76.8437700">
    <ele>29.0</ele>
   </trkpt>
   <trkpt lat="38.4028680" lon="-76.8437920">
    <ele>30.6</ele>
   </trkpt>
   <trkpt lat="38.4027990" lon="-76.8438000">
    <ele>30.8</ele>
   </trkpt>
   <trkpt lat="38.4027220" lon="-76.8437990">
    <ele>32.8</ele>
   </trkpt>
   <trkpt lat="38.4026500" lon="-76.8437840">
    <ele>33.0</ele>
   </trkpt>
   <trkpt lat="38.4026020" lon="-76.8437510">
    <ele>33.8</ele>
   </trkpt>
   <trkpt lat="38.4025770" lon="-76.8436880">
    <ele>35.4</ele>
   </trkpt>
   <trkpt lat="38.4025700" lon="-76.8436130">
    <ele>36.0</ele>
   </trkpt>
   <trkpt lat="38.4025520" lon="-76.8434680">
    <ele>37.2</ele>
   </trkpt>
   <trkpt lat="38.4025950" lon="-76.8432930">
    <ele>38.2</ele>
   </trkpt>
   <trkpt lat="38.4026980" lon="-76.8431450">
    <ele>38.2</ele>
   </trkpt>
   <trkpt lat="38.4027990" lon="-76.8430980">
    <ele>38.0</ele>
   </trkpt>
   <trkpt lat="38.4029180" lon="-76.8430600">
    <ele>34.6</ele>
   </trkpt>
   <trkpt lat="38.4030380" lon="-76.8430250">
    <ele>31.0</ele>
   </trkpt>
   <trkpt lat="38.4031420" lon="-76.8429860">
    <ele>28.2</ele>
   </trkpt>
   <trkpt lat="38.4032220" lon="-76.8429340">
    <ele>26.4</ele>
   </trkpt>
   <trkpt lat="38.4032690" lon="-76.8428700">
    <ele>25.2</ele>
   </trkpt>
   <trkpt lat="38.4032880" lon="-76.8427710">
    <ele>25.2</ele>
   </trkpt>
   <trkpt lat="38.4032010" lon="-76.8427200">
    <ele>25.4</ele>
   </trkpt>
   <trkpt lat="38.4029880" lon="-76.8428290">
    <ele>26.2</ele>
   </trkpt>
   <trkpt lat="38.4029220" lon="-76.8428580">
    <ele>26.8</ele>
   </trkpt>
   <trkpt lat="38.4028610" lon="-76.8428780">
    <ele>28.2</ele>
   </trkpt>
   <trkpt lat="38.4028110" lon="-76.8428940">
    <ele>31.0</ele>
   </trkpt>
   <trkpt lat="38.4027610" lon="-76.8429150">
    <ele>33.6</ele>
   </trkpt>
   <trkpt lat="38.4027030" lon="-76.8429380">
    <ele>35.2</ele>
   </trkpt>
   <trkpt lat="38.4025760" lon="-76.8429890">
    <ele>36.4</ele>
   </trkpt>
   <trkpt lat="38.4025020" lon="-76.8430300">
    <ele>38.6</ele>
   </trkpt>
   <trkpt lat="38.4023710" lon="-76.8431610">
    <ele>38.8</ele>
   </trkpt>
   <trkpt lat="38.4023120" lon="-76.8432430">
    <ele>38.8</ele>
   </trkpt>
   <trkpt lat="38.4022450" lon="-76.8433200">
    <ele>38.6</ele>
   </trkpt>
   <trkpt lat="38.4021690" lon="-76.8433950">
    <ele>37.6</ele>
   </trkpt>
   <trkpt lat="38.4020810" lon="-76.8434790">
    <ele>36.2</ele>
   </trkpt>
   <trkpt lat="38.4020040" lon="-76.8435500">
    <ele>33.8</ele>
   </trkpt>
   <trkpt lat="38.4018940" lon="-76.8436430">
    <ele>31.0</ele>
   </trkpt>
   <trkpt lat="38.4018120" lon="-76.8436930">
    <ele>28.8</ele>
   </trkpt>
   <trkpt lat="38.4017500" lon="-76.8437290">
    <ele>28.8</ele>
   </trkpt>
   <trkpt lat="38.4016940" lon="-76.8437760">
    <ele>28.8</ele>
   </trkpt>
   <trkpt lat="38.4015890" lon="-76.8439300">
    <ele>29.0</ele>
   </trkpt>
   <trkpt lat="38.4014970" lon="-76.8440930">
    <ele>29.8</ele>
   </trkpt>
   <trkpt lat="38.4014690" lon="-76.8441480">
    <ele>30.6</ele>
   </trkpt>
   <trkpt lat="38.4014270" lon="-76.8441860">
    <ele>31.0</ele>
   </trkpt>
   <trkpt lat="38.4013070" lon="-76.8442730">
    <ele>31.6</ele>
   </trkpt>
   <trkpt lat="38.4012620" lon="-76.8443100">
    <ele>31.6</ele>
   </trkpt>
   <trkpt lat="38.4011710" lon="-76.8443440">
    <ele>31.8</ele>
   </trkpt>
   <trkpt lat="38.4010430" lon="-76.8443800">
    <ele>32.0</ele>
   </trkpt>
   <trkpt lat="38.4009910" lon="-76.8443830">
    <ele>32.0</ele>
   </trkpt>
   <trkpt lat="38.4009470" lon="-76.8443860">
    <ele>32.0</ele>
   </trkpt>
   <trkpt lat="38.4008320" lon="-76.8443730">
    <ele>32.0</ele>
   </trkpt>
   <trkpt lat="38.4007090" lon="-76.8442750">
    <ele>32.2</ele>
   </trkpt>
   <trkpt lat="38.4006600" lon="-76.8441880">
    <ele>32.2</ele>
   </trkpt>
   <trkpt lat="38.4006200" lon="-76.8440880">
    <ele>32.6</ele>
   </trkpt>
   <trkpt lat="38.4006060" lon="-76.8439720">
    <ele>33.8</ele>
   </trkpt>
   <trkpt lat="38.4005930" lon="-76.8438440">
    <ele>35.0</ele>
   </trkpt>
   <trkpt lat="38.4006070" lon="-76.8437200">
    <ele>36.0</ele>
   </trkpt>
   <trkpt lat="38.4006500" lon="-76.8436050">
    <ele>37.6</ele>
   </trkpt>
   <trkpt lat="38.4007770" lon="-76.8434010">
    <ele>38.8</ele>
   </trkpt>
   <trkpt lat="38.4008270" lon="-76.8432850">
    <ele>39.2</ele>
   </trkpt>
   <trkpt lat="38.4009590" lon="-76.8429020">
    <ele>40.0</ele>
   </trkpt>
   <trkpt lat="38.4009910" lon="-76.8427690">
    <ele>40.2</ele>
   </trkpt>
   <trkpt lat="38.4010030" lon="-76.8426330">
    <ele>40.4</ele>
   </trkpt>
   <trkpt lat="38.4010110" lon="-76.8423550">
    <ele>40.8</ele>
   </trkpt>
   <trkpt lat="38.4010350" lon="-76.8422190">
    <ele>40.8</ele>
   </trkpt>
   <trkpt lat="38.4010870" lon="-76.8421010">
    <ele>40.8</ele>
   </trkpt>
   <trkpt lat="38.4011580" lon="-76.8419970">
    <ele>40.8</ele>
   </trkpt>
   <trkpt lat="38.4012430" lon="-76.8419160">
    <ele>41.0</ele>
   </trkpt>
   <trkpt lat="38.4013320" lon="-76.8418610">
    <ele>41.2</ele>
   </trkpt>
   <trkpt lat="38.4014210" lon="-76.8418290">
    <ele>42.2</ele>
   </trkpt>
   <trkpt lat="38.4015860" lon="-76.8418380">
    <ele>42.2</ele>
   </trkpt>
   <trkpt lat="38.4017650" lon="-76.8418730">
    <ele>41.8</ele>
   </trkpt>
   <trkpt lat="38.4018460" lon="-76.8418480">
    <ele>41.0</ele>
   </trkpt>
   <trkpt lat="38.4018950" lon="-76.8418140">
    <ele>41.0</ele>
   </trkpt>
   <trkpt lat="38.4019510" lon="-76.8417580">
    <ele>41.0</ele>
   </trkpt>
   <trkpt lat="38.4020670" lon="-76.8416220">
    <ele>41.4</ele>
   </trkpt>
   <trkpt lat="38.4021390" lon="-76.8416980">
    <ele>41.4</ele>
   </trkpt>
   <trkpt lat="38.4021410" lon="-76.8418750">
    <ele>41.4</ele>
   </trkpt>
   <trkpt lat="38.4021590" lon="-76.8419650">
    <ele>41.4</ele>
   </trkpt>
   <trkpt lat="38.4021690" lon="-76.8420680">
    <ele>41.8</ele>
   </trkpt>
   <trkpt lat="38.4021640" lon="-76.8421810">
    <ele>42.2</ele>
   </trkpt>
   <trkpt lat="38.4021330" lon="-76.8422740">
    <ele>42.4</ele>
   </trkpt>
   <trkpt lat="38.4020180" lon="-76.8424090">
    <ele>42.6</ele>
   </trkpt>
   <trkpt lat="38.4020070" lon="-76.8424970">
    <ele>42.6</ele>
   </trkpt>
   <trkpt lat="38.4020340" lon="-76.8425250">
    <ele>43.0</ele>
   </trkpt>
   <trkpt lat="38.4020680" lon="-76.8425240">
    <ele>43.4</ele>
   </trkpt>
   <trkpt lat="38.4021330" lon="-76.8424710">
    <ele>43.8</ele>
   </trkpt>
   <trkpt lat="38.4021650" lon="-76.8424560">
    <ele>43.8</ele>
   </trkpt>
   <trkpt lat="38.4022470" lon="-76.8424840">
    <ele>43.8</ele>
   </trkpt>
   <trkpt lat="38.4023020" lon="-76.8425060">
    <ele>43.8</ele>
   </trkpt>
   <trkpt lat="38.4023820" lon="-76.8424770">
    <ele>43.8</ele>
   </trkpt>
   <trkpt lat="38.4024980" lon="-76.8423870">
    <ele>43.2</ele>
   </trkpt>
   <trkpt lat="38.4025840" lon="-76.8423200">
    <ele>41.0</ele>
   </trkpt>
   <trkpt lat="38.4026680" lon="-76.8422550">
    <ele>37.2</ele>
   </trkpt>
   <trkpt lat="38.4027510" lon="-76.8421940">
    <ele>35.0</ele>
   </trkpt>
   <trkpt lat="38.4029400" lon="-76.8420860">
    <ele>34.4</ele>
   </trkpt>
   <trkpt lat="38.4030380" lon="-76.8420500">
    <ele>34.4</ele>
   </trkpt>
   <trkpt lat="38.4031210" lon="-76.8420350">
    <ele>34.6</ele>
   </trkpt>
   <trkpt lat="38.4032360" lon="-76.8420290">
    <ele>38.2</ele>
   </trkpt>
   <trkpt lat="38.4033050" lon="-76.8420380">
    <ele>39.2</ele>
   </trkpt>
   <trkpt lat="38.4034920" lon="-76.8420740">
    <ele>39.2</ele>
   </trkpt>
   <trkpt lat="38.4036800" lon="-76.8421000">
    <ele>33.2</ele>
   </trkpt>
   <trkpt lat="38.4037660" lon="-76.8420790">
    <ele>30.6</ele>
   </trkpt>
   <trkpt lat="38.4038350" lon="-76.8420190">
    <ele>28.8</ele>
   </trkpt>
   <trkpt lat="38.4038780" lon="-76.8419440">
    <ele>28.8</ele>
   </trkpt>
   <trkpt lat="38.4038950" lon="-76.8418650">
    <ele>28.8</ele>
   </trkpt>
   <trkpt lat="38.4038560" lon="-76.8417850">
    <ele>28.8</ele>
   </trkpt>
   <trkpt lat="38.4037360" lon="-76.8416590">
    <ele>30.6</ele>
   </trkpt>
   <trkpt lat="38.4036650" lon="-76.8416090">
    <ele>31.8</ele>
   </trkpt>
   <trkpt lat="38.4036010" lon="-76.8415730">
    <ele>34.0</ele>
   </trkpt>
   <trkpt lat="38.4035320" lon="-76.8415500">
    <ele>36.4</ele>
   </trkpt>
   <trkpt lat="38.4034640" lon="-76.8415100">
    <ele>37.0</ele>
   </trkpt>
   <trkpt lat="38.4034250" lon="-76.8414540">
    <ele>38.2</ele>
   </trkpt>
   <trkpt lat="38.4034210" lon="-76.8414030">
    <ele>38.6</ele>
   </trkpt>
   <trkpt lat="38.4034530" lon="-76.8413680">
    <ele>39.8</ele>
   </trkpt>
   <trkpt lat="38.4035080" lon="-76.8413430">
    <ele>40.2</ele>
   </trkpt>
   <trkpt lat="38.4035810" lon="-76.8413300">
    <ele>40.8</ele>
   </trkpt>
   <trkpt lat="38.4037300" lon="-76.8413450">
    <ele>40.8</ele>
   </trkpt>
   <trkpt lat="38.4039870" lon="-76.8414420">
    <ele>36.6</ele>
   </trkpt>
   <trkpt lat="38.4040660" lon="-76.8414440">
    <ele>33.0</ele>
   </trkpt>
   <trkpt lat="38.4041370" lon="-76.8414110">
    <ele>31.8</ele>
   </trkpt>
   <trkpt lat="38.4042550" lon="-76.8412720">
    <ele>31.2</ele>
   </trkpt>
   <trkpt lat="38.4042880" lon="-76.8411710">
    <ele>31.2</ele>
   </trkpt>
   <trkpt lat="38.4043060" lon="-76.8410590">
    <ele>31.4</ele>
   </trkpt>
   <trkpt lat="38.4043370" lon="-76.8408280">
    <ele>33.2</ele>
   </trkpt>
   <trkpt lat="38.4043530" lon="-76.8407230">
    <ele>34.0</ele>
   </trkpt>
   <trkpt lat="38.4043690" lon="-76.8406380">
    <ele>35.6</ele>
   </trkpt>
   <trkpt lat="38.4043800" lon="-76.8405610">
    <ele>38.0</ele>
   </trkpt>
   <trkpt lat="38.4043930" lon="-76.8404870">
    <ele>41.4</ele>
   </trkpt>
   <trkpt lat="38.4044070" lon="-76.8404140">
    <ele>42.4</ele>
   </trkpt>
   <trkpt lat="38.4044390" lon="-76.8402190">
    <ele>43.0</ele>
   </trkpt>
   <trkpt lat="38.4044820" lon="-76.8401090">
    <ele>43.4</ele>
   </trkpt>
   <trkpt lat="38.4045390" lon="-76.8400300">
    <ele>43.4</ele>
   </trkpt>
   <trkpt lat="38.4046070" lon="-76.8399930">
    <ele>43.4</ele>
   </trkpt>
   <trkpt lat="38.4046840" lon="-76.8399880">
    <ele>43.2</ele>
   </trkpt>
   <trkpt lat="38.4047670" lon="-76.8400190">
    <ele>42.8</ele>
   </trkpt>
   <trkpt lat="38.4048420" lon="-76.8400730">
    <ele>42.8</ele>
   </trkpt>
   <trkpt lat="38.4049100" lon="-76.8401490">
    <ele>42.2</ele>
   </trkpt>
   <trkpt lat="38.4049610" lon="-76.8402460">
    <ele>41.4</ele>
   </trkpt>
   <trkpt lat="38.4049830" lon="-76.8403730">
    <ele>40.8</ele>
   </trkpt>
   <trkpt lat="38.4049940" lon="-76.8405120">
    <ele>39.8</ele>
   </trkpt>
   <trkpt lat="38.4049970" lon="-76.8406620">
    <ele>39.0</ele>
   </trkpt>
   <trkpt lat="38.4049640" lon="-76.8409390">
    <ele>38.6</ele>
   </trkpt>
   <trkpt lat="38.4049530" lon="-76.8410420">
    <ele>38.6</ele>
   </trkpt>
   <trkpt lat="38.4049420" lon="-76.8411420">
    <ele>38.6</ele>
   </trkpt>
   <trkpt lat="38.4049080" lon="-76.8413760">
    <ele>38.2</ele>
   </trkpt>
   <trkpt lat="38.4048780" lon="-76.8414800">
    <ele>38.2</ele>
   </trkpt>
   <trkpt lat="38.4048250" lon="-76.8416300">
    <ele>37.6</ele>
   </trkpt>
   <trkpt lat="38.4047690" lon="-76.8417430">
    <ele>35.6</ele>
   </trkpt>
   <trkpt lat="38.4047080" lon="-76.8418300">
    <ele>35.0</ele>
   </trkpt>
   <trkpt lat="38.4046410" lon="-76.8418960">
    <ele>34.4</ele>
   </trkpt>
   <trkpt lat="38.4045680" lon="-76.8419410">
    <ele>34.2</ele>
   </trkpt>
   <trkpt lat="38.4045010" lon="-76.8419610">
    <ele>34.2</ele>
   </trkpt>
   <trkpt lat="38.4044100" lon="-76.8419990">
    <ele>33.2</ele>
   </trkpt>
   <trkpt lat="38.4043580" lon="-76.8420420">
    <ele>32.8</ele>
   </trkpt>
   <trkpt lat="38.4042930" lon="-76.8422030">
    <ele>30.2</ele>
   </trkpt>
   <trkpt lat="38.4043010" lon="-76.8423120">
    <ele>29.2</ele>
   </trkpt>
   <trkpt lat="38.4043070" lon="-76.8424180">
    <ele>29.2</ele>
   </trkpt>
   <trkpt lat="38.4043020" lon="-76.8425170">
    <ele>29.0</ele>
   </trkpt>
   <trkpt lat="38.4042900" lon="-76.8425930">
    <ele>28.6</ele>
   </trkpt>
   <trkpt lat="38.4042510" lon="-76.8426440">
    <ele>28.6</ele>
   </trkpt>
   <trkpt lat="38.4041080" lon="-76.8426980">
    <ele>28.0</ele>
   </trkpt>
   <trkpt lat="38.4040230" lon="-76.8427120">
    <ele>27.0</ele>
   </trkpt>
   <trkpt lat="38.4038610" lon="-76.8426960">
    <ele>25.4</ele>
   </trkpt>
   <trkpt lat="38.4037820" lon="-76.8427150">
    <ele>25.2</ele>
   </trkpt>
   <trkpt lat="38.4037020" lon="-76.8427610">
    <ele>24.8</ele>
   </trkpt>
   <trkpt lat="38.4035760" lon="-76.8429360">
    <ele>24.2</ele>
   </trkpt>
   <trkpt lat="38.4034950" lon="-76.8431100">
    <ele>24.2</ele>
   </trkpt>
   <trkpt lat="38.4034740" lon="-76.8431730">
    <ele>24.2</ele>
   </trkpt>
   <trkpt lat="38.4034460" lon="-76.8432360">
    <ele>26.0</ele>
   </trkpt>
   <trkpt lat="38.4032940" lon="-76.8434850">
    <ele>26.4</ele>
   </trkpt>
   <trkpt lat="38.4032240" lon="-76.8435740">
    <ele>25.2</ele>
   </trkpt>
   <trkpt lat="38.4031030" lon="-76.8436790">
    <ele>25.2</ele>
   </trkpt>
   <trkpt lat="38.4030300" lon="-76.8437200">
    <ele>26.6</ele>
   </trkpt>
   <trkpt lat="38.4029900" lon="-76.8437450">
    <ele>28.6</ele>
   </trkpt>
   <trkpt lat="38.4028890" lon="-76.8438020">
    <ele>30.0</ele>
   </trkpt>
   <trkpt lat="38.4028280" lon="-76.8438150">
    <ele>30.4</ele>
   </trkpt>
   <trkpt lat="38.4027530" lon="-76.8438240">
    <ele>32.4</ele>
   </trkpt>
   <trkpt lat="38.4026310" lon="-76.8437770">
    <ele>32.8</ele>
   </trkpt>
   <trkpt lat="38.4025970" lon="-76.8437170">
    <ele>34.0</ele>
   </trkpt>
   <trkpt lat="38.4025750" lon="-76.8436420">
    <ele>35.2</ele>
   </trkpt>
   <trkpt lat="38.4025610" lon="-76.8435540">
    <ele>35.8</ele>
   </trkpt>
   <trkpt lat="38.4025530" lon="-76.8434610">
    <ele>36.2</ele>
   </trkpt>
   <trkpt lat="38.4025610" lon="-76.8433680">
    <ele>37.4</ele>
   </trkpt>
   <trkpt lat="38.4025900" lon="-76.8432860">
    <ele>38.0</ele>
   </trkpt>
   <trkpt lat="38.4027170" lon="-76.8431470">
    <ele>38.0</ele>
   </trkpt>
   <trkpt lat="38.4028230" lon="-76.8431000">
    <ele>37.6</ele>
   </trkpt>
   <trkpt lat="38.4029440" lon="-76.8430630">
    <ele>34.2</ele>
   </trkpt>
   <trkpt lat="38.4030600" lon="-76.8430270">
    <ele>30.4</ele>
   </trkpt>
   <trkpt lat="38.4031620" lon="-76.8429810">
    <ele>27.8</ele>
   </trkpt>
   <trkpt lat="38.4032480" lon="-76.8429280">
    <ele>26.0</ele>
   </trkpt>
   <trkpt lat="38.4032990" lon="-76.8428690">
    <ele>25.0</ele>
   </trkpt>
   <trkpt lat="38.4033080" lon="-76.8428120">
    <ele>25.0</ele>
   </trkpt>
   <trkpt lat="38.4032920" lon="-76.8427650">
    <ele>25.0</ele>
   </trkpt>
   <trkpt lat="38.4032000" lon="-76.8427090">
    <ele>25.0</ele>
   </trkpt>
   <trkpt lat="38.4031330" lon="-76.8427290">
    <ele>25.2</ele>
   </trkpt>
   <trkpt lat="38.4029940" lon="-76.8428170">
    <ele>26.0</ele>
   </trkpt>
   <trkpt lat="38.4028830" lon="-76.8428850">
    <ele>27.2</ele>
   </trkpt>
   <trkpt lat="38.4028410" lon="-76.8429030">
    <ele>29.4</ele>
   </trkpt>
   <trkpt lat="38.4027940" lon="-76.8429220">
    <ele>32.0</ele>
   </trkpt>
   <trkpt lat="38.4027490" lon="-76.8429410">
    <ele>34.0</ele>
   </trkpt>
   <trkpt lat="38.4026840" lon="-76.8429660">
    <ele>35.2</ele>
   </trkpt>
   <trkpt lat="38.4025410" lon="-76.8430270">
    <ele>37.0</ele>
   </trkpt>
   <trkpt lat="38.4024670" lon="-76.8430830">
    <ele>38.2</ele>
   </trkpt>
   <trkpt lat="38.4023980" lon="-76.8431540">
    <ele>38.2</ele>
   </trkpt>
   <trkpt lat="38.4021990" lon="-76.8433820">
    <ele>37.8</ele>
   </trkpt>
   <trkpt lat="38.4021160" lon="-76.8434570">
    <ele>36.2</ele>
   </trkpt>
   <trkpt lat="38.4020210" lon="-76.8435420">
    <ele>34.6</ele>
   </trkpt>
   <trkpt lat="38.4019170" lon="-76.8436240">
    <ele>31.6</ele>
   </trkpt>
   <trkpt lat="38.4018220" lon="-76.8436840">
    <ele>29.2</ele>
   </trkpt>
   <trkpt lat="38.4016850" lon="-76.8437850">
    <ele>28.2</ele>
   </trkpt>
   <trkpt lat="38.4015800" lon="-76.8439150">
    <ele>28.2</ele>
   </trkpt>
   <trkpt lat="38.4014890" lon="-76.8440820">
    <ele>29.0</ele>
   </trkpt>
   <trkpt lat="38.4013800" lon="-76.8442330">
    <ele>30.4</ele>
   </trkpt>
   <trkpt lat="38.4012000" lon="-76.8443330">
    <ele>30.8</ele>
   </trkpt>
   <trkpt lat="38.4011090" lon="-76.8443830">
    <ele>31.0</ele>
   </trkpt>
   <trkpt lat="38.4009920" lon="-76.8444200">
    <ele>31.2</ele>
   </trkpt>
   <trkpt lat="38.4008020" lon="-76.8444010">
    <ele>31.4</ele>
   </trkpt>
   <trkpt lat="38.4007310" lon="-76.8443610">
    <ele>31.4</ele>
   </trkpt>
   <trkpt lat="38.4006670" lon="-76.8442950">
    <ele>31.4</ele>
   </trkpt>
   <trkpt lat="38.4005680" lon="-76.8441120">
    <ele>31.6</ele>
   </trkpt>
   <trkpt lat="38.4005490" lon="-76.8439920">
    <ele>32.6</ele>
   </trkpt>
   <trkpt lat="38.4005440" lon="-76.8438630">
    <ele>34.0</ele>
   </trkpt>
   <trkpt lat="38.4005550" lon="-76.8437420">
    <ele>35.0</ele>
   </trkpt>
   <trkpt lat="38.4005830" lon="-76.8436270">
    <ele>36.0</ele>
   </trkpt>
   <trkpt lat="38.4006380" lon="-76.8435260">
    <ele>37.0</ele>
   </trkpt>
   <trkpt lat="38.4007090" lon="-76.8434290">
    <ele>37.8</ele>
   </trkpt>
   <trkpt lat="38.4007710" lon="-76.8433200">
    <ele>38.2</ele>
   </trkpt>
   <trkpt lat="38.4008660" lon="-76.8431070">
    <ele>38.6</ele>
   </trkpt>
   <trkpt lat="38.4009730" lon="-76.8427590">
    <ele>39.4</ele>
   </trkpt>
   <trkpt lat="38.4009860" lon="-76.8426110">
    <ele>39.8</ele>
   </trkpt>
   <trkpt lat="38.4010090" lon="-76.8422280">
    <ele>40.0</ele>
   </trkpt>
   <trkpt lat="38.4011560" lon="-76.8419970">
    <ele>40.4</ele>
   </trkpt>
   <trkpt lat="38.4012420" lon="-76.8419210">
    <ele>40.4</ele>
   </trkpt>
   <trkpt lat="38.4014200" lon="-76.8418310">
    <ele>41.8</ele>
   </trkpt>
   <trkpt lat="38.4016220" lon="-76.8418580">
    <ele>41.8</ele>
   </trkpt>
   <trkpt lat="38.4018130" lon="-76.8418690">
    <ele>40.8</ele>
   </trkpt>
   <trkpt lat="38.4018870" lon="-76.8418340">
    <ele>40.6</ele>
   </trkpt>
   <trkpt lat="38.4019930" lon="-76.8417230">
    <ele>40.2</ele>
   </trkpt>
   <trkpt lat="38.4020820" lon="-76.8416050">
    <ele>40.6</ele>
   </trkpt>
   <trkpt lat="38.4021330" lon="-76.8416330">
    <ele>40.6</ele>
   </trkpt>
   <trkpt lat="38.4021290" lon="-76.8417830">
    <ele>40.6</ele>
   </trkpt>
   <trkpt lat="38.4021300" lon="-76.8418750">
    <ele>40.6</ele>
   </trkpt>
   <trkpt lat="38.4021610" lon="-76.8420620">
    <ele>41.2</ele>
   </trkpt>
   <trkpt lat="38.4021560" lon="-76.8421720">
    <ele>41.6</ele>
   </trkpt>
   <trkpt lat="38.4021150" lon="-76.8422710">
    <ele>41.8</ele>
   </trkpt>
   <trkpt lat="38.4019970" lon="-76.8424380">
    <ele>42.0</ele>
   </trkpt>
   <trkpt lat="38.4019880" lon="-76.8425110">
    <ele>42.0</ele>
   </trkpt>
   <trkpt lat="38.4020610" lon="-76.8425430">
    <ele>43.0</ele>
   </trkpt>
   <trkpt lat="38.4021020" lon="-76.8425030">
    <ele>43.0</ele>
   </trkpt>
   <trkpt lat="38.4021400" lon="-76.8424750">
    <ele>43.0</ele>
   </trkpt>
   <trkpt lat="38.4021730" lon="-76.8424740">
    <ele>43.0</ele>
   </trkpt>
   <trkpt lat="38.4022610" lon="-76.8425310">
    <ele>43.0</ele>
   </trkpt>
   <trkpt lat="38.4023100" lon="-76.8425360">
    <ele>43.0</ele>
   </trkpt>
   <trkpt lat="38.4023510" lon="-76.8425150">
    <ele>43.0</ele>
   </trkpt>
   <trkpt lat="38.4024520" lon="-76.8424530">
    <ele>42.6</ele>
   </trkpt>
   <trkpt lat="38.4025400" lon="-76.8423910">
    <ele>41.2</ele>
   </trkpt>
   <trkpt lat="38.4026290" lon="-76.8423240">
    <ele>37.2</ele>
   </trkpt>
   <trkpt lat="38.4027200" lon="-76.8422540">
    <ele>34.2</ele>
   </trkpt>
   <trkpt lat="38.4029130" lon="-76.8421280">
    <ele>33.8</ele>
   </trkpt>
   <trkpt lat="38.4030190" lon="-76.8420800">
    <ele>33.8</ele>
   </trkpt>
   <trkpt lat="38.4031670" lon="-76.8420370">
    <ele>34.4</ele>
   </trkpt>
   <trkpt lat="38.4032230" lon="-76.8420250">
    <ele>37.2</ele>
   </trkpt>
   <trkpt lat="38.4033610" lon="-76.8420250">
    <ele>37.8</ele>
   </trkpt>
   <trkpt lat="38.4035570" lon="-76.8420450">
    <ele>36.8</ele>
   </trkpt>
   <trkpt lat="38.4036430" lon="-76.8420530">
    <ele>33.2</ele>
   </trkpt>
   <trkpt lat="38.4037090" lon="-76.8420300">
    <ele>29.4</ele>
   </trkpt>
   <trkpt lat="38.4037480" lon="-76.8419800">
    <ele>28.4</ele>
   </trkpt>
   <trkpt lat="38.4037670" lon="-76.8418170">
    <ele>28.4</ele>
   </trkpt>
   <trkpt lat="38.4036200" lon="-76.8416380">
    <ele>30.6</ele>
   </trkpt>
   <trkpt lat="38.4035660" lon="-76.8416010">
    <ele>32.6</ele>
   </trkpt>
   <trkpt lat="38.4035090" lon="-76.8415710">
    <ele>35.2</ele>
   </trkpt>
   <trkpt lat="38.4034570" lon="-76.8415370">
    <ele>36.2</ele>
   </trkpt>
   <trkpt lat="38.4034100" lon="-76.8414820">
    <ele>37.4</ele>
   </trkpt>
   <trkpt lat="38.4033970" lon="-76.8414230">
    <ele>37.6</ele>
   </trkpt>
   <trkpt lat="38.4034220" lon="-76.8413680">
    <ele>38.8</ele>
   </trkpt>
   <trkpt lat="38.4034640" lon="-76.8413350">
    <ele>39.6</ele>
   </trkpt>
   <trkpt lat="38.4035190" lon="-76.8413190">
    <ele>40.2</ele>
   </trkpt>
   <trkpt lat="38.4036000" lon="-76.8413180">
    <ele>40.4</ele>
   </trkpt>
   <trkpt lat="38.4037830" lon="-76.8413530">
    <ele>40.4</ele>
   </trkpt>
   <trkpt lat="38.4039740" lon="-76.8414070">
    <ele>35.8</ele>
   </trkpt>
   <trkpt lat="38.4040680" lon="-76.8414090">
    <ele>32.2</ele>
   </trkpt>
   <trkpt lat="38.4041600" lon="-76.8413810">
    <ele>31.0</ele>
   </trkpt>
   <trkpt lat="38.4042230" lon="-76.8413070">
    <ele>30.8</ele>
   </trkpt>
   <trkpt lat="38.4042840" lon="-76.8410980">
    <ele>30.8</ele>
   </trkpt>
   <trkpt lat="38.4042980" lon="-76.8409850">
    <ele>31.0</ele>
   </trkpt>
   <trkpt lat="38.4043190" lon="-76.8408710">
    <ele>32.0</ele>
   </trkpt>
   <trkpt lat="38.4043310" lon="-76.8407570">
    <ele>33.0</ele>
   </trkpt>
   <trkpt lat="38.4043400" lon="-76.8406630">
    <ele>34.0</ele>
   </trkpt>
   <trkpt lat="38.4043400" lon="-76.8405860">
    <ele>35.8</ele>
   </trkpt>
   <trkpt lat="38.4043450" lon="-76.8405080">
    <ele>38.8</ele>
   </trkpt>
   <trkpt lat="38.4043570" lon="-76.8404330">
    <ele>41.2</ele>
   </trkpt>
   <trkpt lat="38.4043690" lon="-76.8403600">
    <ele>41.8</ele>
   </trkpt>
   <trkpt lat="38.4043820" lon="-76.8402730">
    <ele>42.4</ele>
   </trkpt>
   <trkpt lat="38.4044100" lon="-76.8401620">
    <ele>42.6</ele>
   </trkpt>
   <trkpt lat="38.4044520" lon="-76.8400580">
    <ele>42.6</ele>
   </trkpt>
   <trkpt lat="38.4045200" lon="-76.8399900">
    <ele>42.8</ele>
   </trkpt>
   <trkpt lat="38.4046000" lon="-76.8399710">
    <ele>42.8</ele>
   </trkpt>
   <trkpt lat="38.4046890" lon="-76.8399810">
    <ele>42.4</ele>
   </trkpt>
   <trkpt lat="38.4048530" lon="-76.8400910">
    <ele>42.0</ele>
   </trkpt>
   <trkpt lat="38.4049640" lon="-76.8402850">
    <ele>41.0</ele>
   </trkpt>
   <trkpt lat="38.4049840" lon="-76.8404150">
    <ele>40.0</ele>
   </trkpt>
   <trkpt lat="38.4049850" lon="-76.8405540">
    <ele>39.0</ele>
   </trkpt>
   <trkpt lat="38.4049730" lon="-76.8406920">
    <ele>38.4</ele>
   </trkpt>
   <trkpt lat="38.4049530" lon="-76.8408300">
    <ele>37.2</ele>
   </trkpt>
   <trkpt lat="38.4049260" lon="-76.8411110">
    <ele>37.2</ele>
   </trkpt>
   <trkpt lat="38.4049020" lon="-76.8413070">
    <ele>38.2</ele>
   </trkpt>
   <trkpt lat="38.4048330" lon="-76.8415560">
    <ele>38.2</ele>
   </trkpt>
   <trkpt lat="38.4047150" lon="-76.8417970">
    <ele>34.6</ele>
   </trkpt>
   <trkpt lat="38.4046450" lon="-76.8418850">
    <ele>34.0</ele>
   </trkpt>
   <trkpt lat="38.4044790" lon="-76.8419990">
    <ele>33.4</ele>
   </trkpt>
   <trkpt lat="38.4044110" lon="-76.8420460">
    <ele>32.8</ele>
   </trkpt>
   <trkpt lat="38.4043510" lon="-76.8421070">
    <ele>32.2</ele>
   </trkpt>
   <trkpt lat="38.4043060" lon="-76.8422050">
    <ele>31.4</ele>
   </trkpt>
   <trkpt lat="38.4042880" lon="-76.8423240">
    <ele>28.8</ele>
   </trkpt>
   <trkpt lat="38.4042600" lon="-76.8425480">
    <ele>28.4</ele>
   </trkpt>
   <trkpt lat="38.4042240" lon="-76.8426400">
    <ele>28.0</ele>
   </trkpt>
   <trkpt lat="38.4041570" lon="-76.8427000">
    <ele>27.6</ele>
   </trkpt>
   <trkpt lat="38.4040590" lon="-76.8427260">
    <ele>27.6</ele>
   </trkpt>
   <trkpt lat="38.4039550" lon="-76.8427280">
    <ele>26.4</ele>
   </trkpt>
   <trkpt lat="38.4037360" lon="-76.8427470">
    <ele>25.0</ele>
   </trkpt>
   <trkpt lat="38.4035790" lon="-76.8428940">
    <ele>24.0</ele>
   </trkpt>
   <trkpt lat="38.4035400" lon="-76.8429890">
    <ele>24.0</ele>
   </trkpt>
   <trkpt lat="38.4034920" lon="-76.8431050">
    <ele>24.0</ele>
   </trkpt>
   <trkpt lat="38.4034120" lon="-76.8432600">
    <ele>25.0</ele>
   </trkpt>
   <trkpt lat="38.4031580" lon="-76.8436050">
    <ele>25.4</ele>
   </trkpt>
   <trkpt lat="38.4030900" lon="-76.8436810">
    <ele>25.4</ele>
   </trkpt>
   <trkpt lat="38.4029540" lon="-76.8437660">
    <ele>25.4</ele>
   </trkpt>
   <trkpt lat="38.4028940" lon="-76.8437970">
    <ele>28.2</ele>
   </trkpt>
   <trkpt lat="38.4028330" lon="-76.8438190">
    <ele>29.6</ele>
   </trkpt>
   <trkpt lat="38.4027650" lon="-76.8438290">
    <ele>30.4</ele>
   </trkpt>
   <trkpt lat="38.4026940" lon="-76.8438270">
    <ele>32.0</ele>
   </trkpt>
   <trkpt lat="38.4025850" lon="-76.8437480">
    <ele>33.6</ele>
   </trkpt>
   <trkpt lat="38.4025620" lon="-76.8436760">
    <ele>35.0</ele>
   </trkpt>
   <trkpt lat="38.4025410" lon="-76.8435070">
    <ele>36.2</ele>
   </trkpt>
   <trkpt lat="38.4025700" lon="-76.8433280">
    <ele>37.4</ele>
   </trkpt>
   <trkpt lat="38.4026150" lon="-76.8432470">
    <ele>37.4</ele>
   </trkpt>
   <trkpt lat="38.4026860" lon="-76.8431740">
    <ele>37.4</ele>
   </trkpt>
   <trkpt lat="38.4027810" lon="-76.8431180">
    <ele>37.4</ele>
   </trkpt>
   <trkpt lat="38.4028750" lon="-76.8430800">
    <ele>34.6</ele>
   </trkpt>
   <trkpt lat="38.4029930" lon="-76.8430330">
    <ele>31.2</ele>
   </trkpt>
   <trkpt lat="38.4031030" lon="-76.8429870">
    <ele>28.0</ele>
   </trkpt>
   <trkpt lat="38.4031980" lon="-76.8429450">
    <ele>25.8</ele>
   </trkpt>
   <trkpt lat="38.4032790" lon="-76.8429090">
    <ele>24.8</ele>
   </trkpt>
   <trkpt lat="38.4033260" lon="-76.8428630">
    <ele>24.4</ele>
   </trkpt>
   <trkpt lat="38.4033040" lon="-76.8427640">
    <ele>24.4</ele>
   </trkpt>
   <trkpt lat="38.4032580" lon="-76.8427360">
    <ele>24.4</ele>
   </trkpt>
   <trkpt lat="38.4031940" lon="-76.8427480">
    <ele>25.0</ele>
   </trkpt>
   <trkpt lat="38.4029690" lon="-76.8428500">
    <ele>26.0</ele>
   </trkpt>
   <trkpt lat="38.4029170" lon="-76.8428690">
    <ele>27.0</ele>
   </trkpt>
   <trkpt lat="38.4028640" lon="-76.8428860">
    <ele>29.6</ele>
   </trkpt>
   <trkpt lat="38.4028010" lon="-76.8429170">
    <ele>32.4</ele>
   </trkpt>
   <trkpt lat="38.4027360" lon="-76.8429540">
    <ele>34.2</ele>
   </trkpt>
   <trkpt lat="38.4026030" lon="-76.8430070">
    <ele>35.4</ele>
   </trkpt>
   <trkpt lat="38.4025400" lon="-76.8430350">
    <ele>37.4</ele>
   </trkpt>
   <trkpt lat="38.4024530" lon="-76.8431110">
    <ele>38.0</ele>
   </trkpt>
   <trkpt lat="38.4023360" lon="-76.8432800">
    <ele>38.0</ele>
   </trkpt>
   <trkpt lat="38.4022120" lon="-76.8434140">
    <ele>37.0</ele>
   </trkpt>
   <trkpt lat="38.4021260" lon="-76.8434920">
    <ele>35.4</ele>
   </trkpt>
   <trkpt lat="38.4020370" lon="-76.8435730">
    <ele>33.4</ele>
   </trkpt>
   <trkpt lat="38.4019300" lon="-76.8436680">
    <ele>30.8</ele>
   </trkpt>
   <trkpt lat="38.4018670" lon="-76.8437150">
    <ele>28.6</ele>
   </trkpt>
   <trkpt lat="38.4017720" lon="-76.8437720">
    <ele>28.0</ele>
   </trkpt>
   <trkpt lat="38.4015650" lon="-76.8440090">
    <ele>28.4</ele>
   </trkpt>
   <trkpt lat="38.4015020" lon="-76.8441200">
    <ele>29.4</ele>
   </trkpt>
   <trkpt lat="38.4014810" lon="-76.8441390">
    <ele>29.8</ele>
   </trkpt>
   <trkpt lat="38.4014660" lon="-76.8441430">
    <ele>30.2</ele>
   </trkpt>
   <trkpt lat="38.4013680" lon="-76.8442040">
    <ele>30.8</ele>
   </trkpt>
   <trkpt lat="38.4012590" lon="-76.8442750">
    <ele>30.8</ele>
   </trkpt>
   <trkpt lat="38.4012220" lon="-76.8442960">
    <ele>30.8</ele>
   </trkpt>
   <trkpt lat="38.4011890" lon="-76.8443160">
    <ele>30.8</ele>
   </trkpt>
   <trkpt lat="38.4010450" lon="-76.8443850">
    <ele>31.0</ele>
   </trkpt>
   <trkpt lat="38.4010060" lon="-76.8443880">
    <ele>31.2</ele>
   </trkpt>
   <trkpt lat="38.4008810" lon="-76.8444160">
    <ele>31.4</ele>
   </trkpt>
   <trkpt lat="38.4008170" lon="-76.8444080">
    <ele>31.4</ele>
   </trkpt>
   <trkpt lat="38.4007450" lon="-76.8443660">
    <ele>31.4</ele>
   </trkpt>
   <trkpt lat="38.4006820" lon="-76.8442960">
    <ele>31.4</ele>
   </trkpt>
   <trkpt lat="38.4006280" lon="-76.8442120">
    <ele>31.4</ele>
   </trkpt>
   <trkpt lat="38.4005800" lon="-76.8439920">
    <ele>32.8</ele>
   </trkpt>
   <trkpt lat="38.4005800" lon="-76.8438740">
    <ele>34.0</ele>
   </trkpt>
   <trkpt lat="38.4006100" lon="-76.8436380">
    <ele>36.0</ele>
   </trkpt>
   <trkpt lat="38.4006650" lon="-76.8435380">
    <ele>36.8</ele>
   </trkpt>
   <trkpt lat="38.4007360" lon="-76.8434620">
    <ele>37.4</ele>
   </trkpt>
   <trkpt lat="38.4008700" lon="-76.8433000">
    <ele>38.0</ele>
   </trkpt>
   <trkpt lat="38.4009140" lon="-76.8431880">
    <ele>38.6</ele>
   </trkpt>
   <trkpt lat="38.4010470" lon="-76.8428160">
    <ele>39.4</ele>
   </trkpt>
   <trkpt lat="38.4010670" lon="-76.8426850">
    <ele>39.6</ele>
   </trkpt>
   <trkpt lat="38.4010660" lon="-76.8425520">
    <ele>39.8</ele>
   </trkpt>
   <trkpt lat="38.4010590" lon="-76.8424220">
    <ele>39.8</ele>
   </trkpt>
   <trkpt lat="38.4010690" lon="-76.8423050">
    <ele>39.8</ele>
   </trkpt>
   <trkpt lat="38.4011370" lon="-76.8420890">
    <ele>40.0</ele>
   </trkpt>
   <trkpt lat="38.4012730" lon="-76.8419290">
    <ele>40.2</ele>
   </trkpt>
   <trkpt lat="38.4014200" lon="-76.8418340">
    <ele>41.4</ele>
   </trkpt>
   <trkpt lat="38.4015030" lon="-76.8418210">
    <ele>41.8</ele>
   </trkpt>
   <trkpt lat="38.4015950" lon="-76.8418360">
    <ele>41.8</ele>
   </trkpt>
   <trkpt lat="38.4017940" lon="-76.8418700">
    <ele>41.4</ele>
   </trkpt>
   <trkpt lat="38.4018690" lon="-76.8418430">
    <ele>40.4</ele>
   </trkpt>
   <trkpt lat="38.4019170" lon="-76.8417980">
    <ele>40.4</ele>
   </trkpt>
   <trkpt lat="38.4019480" lon="-76.8417390">
    <ele>40.2</ele>
   </trkpt>
   <trkpt lat="38.4020510" lon="-76.8416210">
    <ele>40.4</ele>
   </trkpt>
   <trkpt lat="38.4021160" lon="-76.8416320">
    <ele>40.6</ele>
   </trkpt>
   <trkpt lat="38.4021290" lon="-76.8416830">
    <ele>40.6</ele>
   </trkpt>
   <trkpt lat="38.4021270" lon="-76.8417620">
    <ele>40.6</ele>
   </trkpt>
   <trkpt lat="38.4021480" lon="-76.8419600">
    <ele>40.8</ele>
   </trkpt>
   <trkpt lat="38.4021590" lon="-76.8420600">
    <ele>41.0</ele>
   </trkpt>
   <trkpt lat="38.4021040" lon="-76.8422650">
    <ele>41.6</ele>
   </trkpt>
   <trkpt lat="38.4020010" lon="-76.8424230">
    <ele>41.8</ele>
   </trkpt>
   <trkpt lat="38.4019970" lon="-76.8424930">
    <ele>42.0</ele>
   </trkpt>
   <trkpt lat="38.4020750" lon="-76.8425110">
    <ele>43.0</ele>
   </trkpt>
   <trkpt lat="38.4021310" lon="-76.8424910">
    <ele>43.0</ele>
   </trkpt>
   <trkpt lat="38.4022680" lon="-76.8425180">
    <ele>43.0</ele>
   </trkpt>
   <trkpt lat="38.4024140" lon="-76.8424660">
    <ele>42.8</ele>
   </trkpt>
   <trkpt lat="38.4025730" lon="-76.8423360">
    <ele>39.6</ele>
   </trkpt>
   <trkpt lat="38.4026670" lon="-76.8422640">
    <ele>35.2</ele>
   </trkpt>
   <trkpt lat="38.4027590" lon="-76.8421960">
    <ele>34.2</ele>
   </trkpt>
   <trkpt lat="38.4031160" lon="-76.8420100">
    <ele>34.2</ele>
   </trkpt>
   <trkpt lat="38.4031750" lon="-76.8419970">
    <ele>35.6</ele>
   </trkpt>
   <trkpt lat="38.4032310" lon="-76.8419930">
    <ele>38.0</ele>
   </trkpt>
   <trkpt lat="38.4036000" lon="-76.8420490">
    <ele>35.0</ele>
   </trkpt>
   <trkpt lat="38.4036900" lon="-76.8420550">
    <ele>31.6</ele>
   </trkpt>
   <trkpt lat="38.4037340" lon="-76.8420250">
    <ele>29.0</ele>
   </trkpt>
   <trkpt lat="38.4037790" lon="-76.8419550">
    <ele>28.6</ele>
   </trkpt>
   <trkpt lat="38.4037850" lon="-76.8418800">
    <ele>28.6</ele>
   </trkpt>
   <trkpt lat="38.4037700" lon="-76.8418170">
    <ele>28.6</ele>
   </trkpt>
   <trkpt lat="38.4037330" lon="-76.8417290">
    <ele>28.8</ele>
   </trkpt>
   <trkpt lat="38.4036390" lon="-76.8416200">
    <ele>31.0</ele>
   </trkpt>
   <trkpt lat="38.4035860" lon="-76.8415930">
    <ele>33.0</ele>
   </trkpt>
   <trkpt lat="38.4035280" lon="-76.8415670">
    <ele>35.4</ele>
   </trkpt>
   <trkpt lat="38.4034170" lon="-76.8415040">
    <ele>37.4</ele>
   </trkpt>
   <trkpt lat="38.4033860" lon="-76.8414590">
    <ele>37.6</ele>
   </trkpt>
   <trkpt lat="38.4033920" lon="-76.8414000">
    <ele>38.4</ele>
   </trkpt>
   <trkpt lat="38.4034280" lon="-76.8413620">
    <ele>39.8</ele>
   </trkpt>
   <trkpt lat="38.4035430" lon="-76.8413270">
    <ele>40.2</ele>
   </trkpt>
   <trkpt lat="38.4036590" lon="-76.8413410">
    <ele>40.6</ele>
   </trkpt>
   <trkpt lat="38.4038050" lon="-76.8414120">
    <ele>40.4</ele>
   </trkpt>
   <trkpt lat="38.4039730" lon="-76.8414730">
    <ele>35.0</ele>
   </trkpt>
   <trkpt lat="38.4040780" lon="-76.8414780">
    <ele>32.0</ele>
   </trkpt>
   <trkpt lat="38.4041690" lon="-76.8414540">
    <ele>31.2</ele>
   </trkpt>
   <trkpt lat="38.4042370" lon="-76.8413920">
    <ele>30.8</ele>
   </trkpt>
   <trkpt lat="38.4042730" lon="-76.8412960">
    <ele>30.8</ele>
   </trkpt>
   <trkpt lat="38.4043040" lon="-76.8411970">
    <ele>30.8</ele>
   </trkpt>
   <trkpt lat="38.4043240" lon="-76.8411000">
    <ele>31.0</ele>
   </trkpt>
   <trkpt lat="38.4043410" lon="-76.8408860">
    <ele>32.2</ele>
   </trkpt>
   <trkpt lat="38.4043490" lon="-76.8407820">
    <ele>33.2</ele>
   </trkpt>
   <trkpt lat="38.4043510" lon="-76.8406940">
    <ele>34.6</ele>
   </trkpt>
   <trkpt lat="38.4043530" lon="-76.8406180">
    <ele>36.2</ele>
   </trkpt>
   <trkpt lat="38.4043630" lon="-76.8405420">
    <ele>39.0</ele>
   </trkpt>
   <trkpt lat="38.4043730" lon="-76.8404700">
    <ele>41.2</ele>
   </trkpt>
   <trkpt lat="38.4043820" lon="-76.8403960">
    <ele>42.0</ele>
   </trkpt>
   <trkpt lat="38.4044120" lon="-76.8402100">
    <ele>42.6</ele>
   </trkpt>
   <trkpt lat="38.4044450" lon="-76.8400920">
    <ele>42.8</ele>
   </trkpt>
   <trkpt lat="38.4045580" lon="-76.8399640">
    <ele>43.0</ele>
   </trkpt>
   <trkpt lat="38.4047290" lon="-76.8399940">
    <ele>42.2</ele>
   </trkpt>
   <trkpt lat="38.4048740" lon="-76.8401460">
    <ele>41.8</ele>
   </trkpt>
   <trkpt lat="38.4049230" lon="-76.8402480">
    <ele>41.2</ele>
   </trkpt>
   <trkpt lat="38.4049520" lon="-76.8403690">
    <ele>40.8</ele>
   </trkpt>
   <trkpt lat="38.4049620" lon="-76.8405040">
    <ele>40.0</ele>
   </trkpt>
   <trkpt lat="38.4049620" lon="-76.8406440">
    <ele>38.6</ele>
   </trkpt>
   <trkpt lat="38.4049560" lon="-76.8407890">
    <ele>38.2</ele>
   </trkpt>
   <trkpt lat="38.4049080" lon="-76.8412770">
    <ele>37.2</ele>
   </trkpt>
   <trkpt lat="38.4048520" lon="-76.8415350">
    <ele>37.2</ele>
   </trkpt>
   <trkpt lat="38.4048090" lon="-76.8416390">
    <ele>36.8</ele>
   </trkpt>
   <trkpt lat="38.4047360" lon="-76.8417780">
    <ele>34.8</ele>
   </trkpt>
   <trkpt lat="38.4045880" lon="-76.8419380">
    <ele>34.0</ele>
   </trkpt>
   <trkpt lat="38.4045100" lon="-76.8419770">
    <ele>33.6</ele>
   </trkpt>
   <trkpt lat="38.4044500" lon="-76.8419880">
    <ele>33.0</ele>
   </trkpt>
   <trkpt lat="38.4043750" lon="-76.8420260">
    <ele>32.6</ele>
   </trkpt>
   <trkpt lat="38.4042780" lon="-76.8421110">
    <ele>32.2</ele>
   </trkpt>
   <trkpt lat="38.4042700" lon="-76.8422060">
    <ele>30.4</ele>
   </trkpt>
   <trkpt lat="38.4042730" lon="-76.8423130">
    <ele>29.0</ele>
   </trkpt>
   <trkpt lat="38.4042480" lon="-76.8425450">
    <ele>28.2</ele>
   </trkpt>
   <trkpt lat="38.4042060" lon="-76.8426040">
    <ele>27.8</ele>
   </trkpt>
   <trkpt lat="38.4041140" lon="-76.8426580">
    <ele>27.8</ele>
   </trkpt>
   <trkpt lat="38.4039020" lon="-76.8426910">
    <ele>26.0</ele>
   </trkpt>
   <trkpt lat="38.4038110" lon="-76.8427010">
    <ele>25.2</ele>
   </trkpt>
   <trkpt lat="38.4037040" lon="-76.8427300">
    <ele>24.6</ele>
   </trkpt>
   <trkpt lat="38.4035460" lon="-76.8428800">
    <ele>24.0</ele>
   </trkpt>
   <trkpt lat="38.4034600" lon="-76.8430820">
    <ele>24.0</ele>
   </trkpt>
   <trkpt lat="38.4034180" lon="-76.8431740">
    <ele>24.0</ele>
   </trkpt>
   <trkpt lat="38.4032950" lon="-76.8434090">
    <ele>25.4</ele>
   </trkpt>
   <trkpt lat="38.4032260" lon="-76.8435020">
    <ele>25.4</ele>
   </trkpt>
   <trkpt lat="38.4030230" lon="-76.8437130">
    <ele>25.4</ele>
   </trkpt>
   <trkpt lat="38.4029770" lon="-76.8437370">
    <ele>26.2</ele>
   </trkpt>
   <trkpt lat="38.4029030" lon="-76.8437690">
    <ele>28.8</ele>
   </trkpt>
   <trkpt lat="38.4028400" lon="-76.8437870">
    <ele>30.0</ele>
   </trkpt>
   <trkpt lat="38.4026920" lon="-76.8437900">
    <ele>32.4</ele>
   </trkpt>
   <trkpt lat="38.4026010" lon="-76.8437230">
    <ele>34.2</ele>
   </trkpt>
   <trkpt lat="38.4025680" lon="-76.8435820">
    <ele>35.8</ele>
   </trkpt>
   <trkpt lat="38.4025520" lon="-76.8434980">
    <ele>36.2</ele>
   </trkpt>
   <trkpt lat="38.4025550" lon="-76.8434250">
    <ele>37.2</ele>
   </trkpt>
   <trkpt lat="38.4026080" lon="-76.8432710">
    <ele>37.6</ele>
   </trkpt>
   <trkpt lat="38.4027310" lon="-76.8431320">
    <ele>37.6</ele>
   </trkpt>
   <trkpt lat="38.4028310" lon="-76.8430780">
    <ele>35.2</ele>
   </trkpt>
   <trkpt lat="38.4029510" lon="-76.8430310">
    <ele>32.0</ele>
   </trkpt>
   <trkpt lat="38.4030680" lon="-76.8429880">
    <ele>28.6</ele>
   </trkpt>
   <trkpt lat="38.4031700" lon="-76.8429440">
    <ele>26.2</ele>
   </trkpt>
   <trkpt lat="38.4032480" lon="-76.8429010">
    <ele>25.0</ele>
   </trkpt>
   <trkpt lat="38.4032910" lon="-76.8428550">
    <ele>24.6</ele>
   </trkpt>
   <trkpt lat="38.4033020" lon="-76.8428020">
    <ele>24.6</ele>
   </trkpt>
   <trkpt lat="38.4032830" lon="-76.8427420">
    <ele>24.6</ele>
   </trkpt>
   <trkpt lat="38.4031710" lon="-76.8427180">
    <ele>25.0</ele>
   </trkpt>
   <trkpt lat="38.4030700" lon="-76.8427590">
    <ele>25.2</ele>
   </trkpt>
   <trkpt lat="38.4029420" lon="-76.8428360">
    <ele>26.2</ele>
   </trkpt>
   <trkpt lat="38.4028700" lon="-76.8428680">
    <ele>27.4</ele>
   </trkpt>
   <trkpt lat="38.4028230" lon="-76.8428900">
    <ele>29.4</ele>
   </trkpt>
   <trkpt lat="38.4027760" lon="-76.8429100">
    <ele>32.4</ele>
   </trkpt>
   <trkpt lat="38.4027210" lon="-76.8429340">
    <ele>34.2</ele>
   </trkpt>
   <trkpt lat="38.4026570" lon="-76.8429580">
    <ele>35.2</ele>
   </trkpt>
   <trkpt lat="38.4025460" lon="-76.8430100">
    <ele>37.2</ele>
   </trkpt>
   <trkpt lat="38.4024690" lon="-76.8430610">
    <ele>38.0</ele>
   </trkpt>
   <trkpt lat="38.4024150" lon="-76.8431150">
    <ele>38.4</ele>
   </trkpt>
   <trkpt lat="38.4023690" lon="-76.8431770">
    <ele>38.4</ele>
   </trkpt>
   <trkpt lat="38.4022740" lon="-76.8433060">
    <ele>38.2</ele>
   </trkpt>
   <trkpt lat="38.4021210" lon="-76.8434560">
    <ele>36.2</ele>
   </trkpt>
   <trkpt lat="38.4020220" lon="-76.8435440">
    <ele>34.2</ele>
   </trkpt>
   <trkpt lat="38.4019190" lon="-76.8436250">
    <ele>31.2</ele>
   </trkpt>
   <trkpt lat="38.4018270" lon="-76.8436960">
    <ele>28.8</ele>
   </trkpt>
   <trkpt lat="38.4016990" lon="-76.8437970">
    <ele>28.2</ele>
   </trkpt>
   <trkpt lat="38.4015890" lon="-76.8439160">
    <ele>28.4</ele>
   </trkpt>
   <trkpt lat="38.4014920" lon="-76.8440740">
    <ele>29.2</ele>
   </trkpt>
   <trkpt lat="38.4014570" lon="-76.8441320">
    <ele>29.8</ele>
   </trkpt>
   <trkpt lat="38.4014120" lon="-76.8441810">
    <ele>30.2</ele>
   </trkpt>
   <trkpt lat="38.4013680" lon="-76.8442220">
    <ele>31.0</ele>
   </trkpt>
   <trkpt lat="38.4013100" lon="-76.8442680">
    <ele>31.2</ele>
   </trkpt>
   <trkpt lat="38.4012040" lon="-76.8443430">
    <ele>31.2</ele>
   </trkpt>
   <trkpt lat="38.4011070" lon="-76.8443960">
    <ele>31.4</ele>
   </trkpt>
   <trkpt lat="38.4009820" lon="-76.8444140">
    <ele>31.4</ele>
   </trkpt>
   <trkpt lat="38.4008530" lon="-76.8444160">
    <ele>31.6</ele>
   </trkpt>
   <trkpt lat="38.4007010" lon="-76.8443610">
    <ele>31.6</ele>
   </trkpt>
   <trkpt lat="38.4005790" lon="-76.8442190">
    <ele>31.8</ele>
   </trkpt>
   <trkpt lat="38.4005360" lon="-76.8440120">
    <ele>33.4</ele>
   </trkpt>
   <trkpt lat="38.4005360" lon="-76.8438890">
    <ele>34.6</ele>
   </trkpt>
   <trkpt lat="38.4005510" lon="-76.8437470">
    <ele>35.2</ele>
   </trkpt>
   <trkpt lat="38.4005780" lon="-76.8436330">
    <ele>36.6</ele>
   </trkpt>
   <trkpt lat="38.4006190" lon="-76.8435530">
    <ele>37.6</ele>
   </trkpt>
   <trkpt lat="38.4006840" lon="-76.8434580">
    <ele>38.2</ele>
   </trkpt>
   <trkpt lat="38.4007460" lon="-76.8433540">
    <ele>38.6</ele>
   </trkpt>
   <trkpt lat="38.4008570" lon="-76.8431110">
    <ele>39.2</ele>
   </trkpt>
   <trkpt lat="38.4009470" lon="-76.8428590">
    <ele>39.6</ele>
   </trkpt>
   <trkpt lat="38.4009840" lon="-76.8425960">
    <ele>40.2</ele>
   </trkpt>
   <trkpt lat="38.4009810" lon="-76.8424610">
    <ele>40.4</ele>
   </trkpt>
   <trkpt lat="38.4009820" lon="-76.8423290">
    <ele>40.4</ele>
   </trkpt>
   <trkpt lat="38.4010090" lon="-76.8422070">
    <ele>40.6</ele>
   </trkpt>
   <trkpt lat="38.4010590" lon="-76.8420900">
    <ele>40.6</ele>
   </trkpt>
   <trkpt lat="38.4011350" lon="-76.8419970">
    <ele>40.6</ele>
   </trkpt>
   <trkpt lat="38.4012290" lon="-76.8419240">
    <ele>40.8</ele>
   </trkpt>
   <trkpt lat="38.4014110" lon="-76.8418420">
    <ele>42.4</ele>
   </trkpt>
   <trkpt lat="38.4016290" lon="-76.8418630">
    <ele>42.4</ele>
   </trkpt>
   <trkpt lat="38.4017350" lon="-76.8418860">
    <ele>42.4</ele>
   </trkpt>
   <trkpt lat="38.4018400" lon="-76.8418780">
    <ele>41.2</ele>
   </trkpt>
   <trkpt lat="38.4019010" lon="-76.8418330">
    <ele>41.0</ele>
   </trkpt>
   <trkpt lat="38.4019470" lon="-76.8417940">
    <ele>40.6</ele>
   </trkpt>
   <trkpt lat="38.4019800" lon="-76.8417710">
    <ele>40.6</ele>
   </trkpt>
   <trkpt lat="38.4020080" lon="-76.8417430">
    <ele>40.6</ele>
   </trkpt>
   <trkpt lat="38.4020540" lon="-76.8416800">
    <ele>40.8</ele>
   </trkpt>
   <trkpt lat="38.4020900" lon="-76.8416360">
    <ele>41.0</ele>
   </trkpt>
   <trkpt lat="38.4021160" lon="-76.8416340">
    <ele>41.2</ele>
   </trkpt>
   <trkpt lat="38.4021390" lon="-76.8416640">
    <ele>41.2</ele>
   </trkpt>
   <trkpt lat="38.4021420" lon="-76.8417960">
    <ele>41.2</ele>
   </trkpt>
   <trkpt lat="38.4021500" lon="-76.8421030">
    <ele>41.6</ele>
   </trkpt>
   <trkpt lat="38.4021030" lon="-76.8422980">
    <ele>42.2</ele>
   </trkpt>
   <trkpt lat="38.4020010" lon="-76.8424630">
    <ele>42.6</ele>
   </trkpt>
   <trkpt lat="38.4019840" lon="-76.8425600">
    <ele>42.8</ele>
   </trkpt>
   <trkpt lat="38.4020360" lon="-76.8425680">
    <ele>43.6</ele>
   </trkpt>
   <trkpt lat="38.4020810" lon="-76.8425200">
    <ele>43.8</ele>
   </trkpt>
   <trkpt lat="38.4021380" lon="-76.8424960">
    <ele>43.8</ele>
   </trkpt>
   <trkpt lat="38.4022200" lon="-76.8425010">
    <ele>43.8</ele>
   </trkpt>
   <trkpt lat="38.4022800" lon="-76.8424980">
    <ele>43.8</ele>
   </trkpt>
   <trkpt lat="38.4024480" lon="-76.8424170">
    <ele>43.4</ele>
   </trkpt>
   <trkpt lat="38.4025470" lon="-76.8423280">
    <ele>41.6</ele>
   </trkpt>
   <trkpt lat="38.4026490" lon="-76.8422470">
    <ele>37.2</ele>
   </trkpt>
   <trkpt lat="38.4027440" lon="-76.8421810">
    <ele>35.0</ele>
   </trkpt>
   <trkpt lat="38.4029480" lon="-76.8420630">
    <ele>34.6</ele>
   </trkpt>
   <trkpt lat="38.4030520" lon="-76.8420270">
    <ele>34.6</ele>
   </trkpt>
   <trkpt lat="38.4032120" lon="-76.8420070">
    <ele>35.8</ele>
   </trkpt>
   <trkpt lat="38.4032620" lon="-76.8420080">
    <ele>38.8</ele>
   </trkpt>
   <trkpt lat="38.4033120" lon="-76.8420140">
    <ele>39.6</ele>
   </trkpt>
   <trkpt lat="38.4035260" lon="-76.8420420">
    <ele>39.2</ele>
   </trkpt>
   <trkpt lat="38.4036120" lon="-76.8420490">
    <ele>35.6</ele>
   </trkpt>
   <trkpt lat="38.4037020" lon="-76.8420430">
    <ele>32.4</ele>
   </trkpt>
   <trkpt lat="38.4037610" lon="-76.8420190">
    <ele>29.8</ele>
   </trkpt>
   <trkpt lat="38.4038080" lon="-76.8419710">
    <ele>29.2</ele>
   </trkpt>
   <trkpt lat="38.4038230" lon="-76.8419000">
    <ele>29.2</ele>
   </trkpt>
   <trkpt lat="38.4037900" lon="-76.8417420">
    <ele>29.4</ele>
   </trkpt>
   <trkpt lat="38.4037510" lon="-76.8416720">
    <ele>30.2</ele>
   </trkpt>
   <trkpt lat="38.4036980" lon="-76.8416170">
    <ele>31.6</ele>
   </trkpt>
   <trkpt lat="38.4036430" lon="-76.8415790">
    <ele>33.0</ele>
   </trkpt>
   <trkpt lat="38.4035840" lon="-76.8415540">
    <ele>35.0</ele>
   </trkpt>
   <trkpt lat="38.4035150" lon="-76.8415310">
    <ele>36.8</ele>
   </trkpt>
   <trkpt lat="38.4034660" lon="-76.8415060">
    <ele>37.6</ele>
   </trkpt>
   <trkpt lat="38.4034310" lon="-76.8414650">
    <ele>38.2</ele>
   </trkpt>
   <trkpt lat="38.4034620" lon="-76.8413650">
    <ele>39.8</ele>
   </trkpt>
   <trkpt lat="38.4035980" lon="-76.8413250">
    <ele>40.8</ele>
   </trkpt>
   <trkpt lat="38.4036970" lon="-76.8413270">
    <ele>40.8</ele>
   </trkpt>
   <trkpt lat="38.4037790" lon="-76.8413540">
    <ele>40.8</ele>
   </trkpt>
   <trkpt lat="38.4039400" lon="-76.8414280">
    <ele>39.0</ele>
   </trkpt>
   <trkpt lat="38.4040210" lon="-76.8414500">
    <ele>34.6</ele>
   </trkpt>
   <trkpt lat="38.4040990" lon="-76.8414460">
    <ele>32.8</ele>
   </trkpt>
   <trkpt lat="38.4041750" lon="-76.8414090">
    <ele>31.4</ele>
   </trkpt>
   <trkpt lat="38.4042360" lon="-76.8413350">
    <ele>31.4</ele>
   </trkpt>
   <trkpt lat="38.4042770" lon="-76.8412340">
    <ele>31.4</ele>
   </trkpt>
   <trkpt lat="38.4043030" lon="-76.8411240">
    <ele>31.4</ele>
   </trkpt>
   <trkpt lat="38.4043350" lon="-76.8408750">
    <ele>32.6</ele>
   </trkpt>
   <trkpt lat="38.4043500" lon="-76.8407740">
    <ele>34.0</ele>
   </trkpt>
   <trkpt lat="38.4043600" lon="-76.8406890">
    <ele>35.0</ele>
   </trkpt>
   <trkpt lat="38.4043650" lon="-76.8406120">
    <ele>37.0</ele>
   </trkpt>
   <trkpt lat="38.4043720" lon="-76.8405320">
    <ele>40.0</ele>
   </trkpt>
   <trkpt lat="38.4043840" lon="-76.8404530">
    <ele>41.8</ele>
   </trkpt>
   <trkpt lat="38.4044270" lon="-76.8401470">
    <ele>43.4</ele>
   </trkpt>
   <trkpt lat="38.4045450" lon="-76.8400170">
    <ele>43.4</ele>
   </trkpt>
   <trkpt lat="38.4047080" lon="-76.8400330">
    <ele>43.0</ele>
   </trkpt>
   <trkpt lat="38.4047690" lon="-76.8400600">
    <ele>42.6</ele>
   </trkpt>
   <trkpt lat="38.4048190" lon="-76.8401030">
    <ele>42.4</ele>
   </trkpt>
   <trkpt lat="38.4048620" lon="-76.8401520">
    <ele>42.0</ele>
   </trkpt>
   <trkpt lat="38.4048980" lon="-76.8402100">
    <ele>41.6</ele>
   </trkpt>
   <trkpt lat="38.4049500" lon="-76.8403760">
    <ele>40.6</ele>
   </trkpt>
   <trkpt lat="38.4049710" lon="-76.8404830">
    <ele>40.0</ele>
   </trkpt>
   <trkpt lat="38.4049810" lon="-76.8405930">
    <ele>39.0</ele>
   </trkpt>
   <trkpt lat="38.4049810" lon="-76.8407180">
    <ele>38.8</ele>
   </trkpt>
   <trkpt lat="38.4049640" lon="-76.8409860">
    <ele>38.6</ele>
   </trkpt>
   <trkpt lat="38.4049440" lon="-76.8411980">
    <ele>38.6</ele>
   </trkpt>
   <trkpt lat="38.4049230" lon="-76.8412960">
    <ele>38.2</ele>
   </trkpt>
   <trkpt lat="38.4048570" lon="-76.8415300">
    <ele>38.2</ele>
   </trkpt>
   <trkpt lat="38.4048070" lon="-76.8416540">
    <ele>37.2</ele>
   </trkpt>
   <trkpt lat="38.4047450" lon="-76.8417660">
    <ele>35.2</ele>
   </trkpt>
   <trkpt lat="38.4045990" lon="-76.8419220">
    <ele>34.6</ele>
   </trkpt>
   <trkpt lat="38.4045130" lon="-76.8419540">
    <ele>34.2</ele>
   </trkpt>
   <trkpt lat="38.4044010" lon="-76.8420000">
    <ele>33.2</ele>
   </trkpt>
   <trkpt lat="38.4043430" lon="-76.8420620">
    <ele>32.6</ele>
   </trkpt>
   <trkpt lat="38.4043050" lon="-76.8421190">
    <ele>32.0</ele>
   </trkpt>
   <trkpt lat="38.4042630" lon="-76.8422040">
    <ele>30.0</ele>
   </trkpt>
   <trkpt lat="38.4042390" lon="-76.8422750">
    <ele>28.6</ele>
   </trkpt>
   <trkpt lat="38.4042510" lon="-76.8423610">
    <ele>28.6</ele>
   </trkpt>
   <trkpt lat="38.4042650" lon="-76.8424440">
    <ele>28.6</ele>
   </trkpt>
   <trkpt lat="38.4042630" lon="-76.8425210">
    <ele>28.6</ele>
   </trkpt>
   <trkpt lat="38.4042270" lon="-76.8425870">
    <ele>28.6</ele>
   </trkpt>
   <trkpt lat="38.4041630" lon="-76.8426220">
    <ele>28.6</ele>
   </trkpt>
   <trkpt lat="38.4040750" lon="-76.8426500">
    <ele>28.6</ele>
   </trkpt>
   <trkpt lat="38.4039720" lon="-76.8426710">
    <ele>27.8</ele>
   </trkpt>
   <trkpt lat="38.4038660" lon="-76.8426800">
    <ele>26.4</ele>
   </trkpt>
   <trkpt lat="38.4037660" lon="-76.8426930">
    <ele>25.6</ele>
   </trkpt>
   <trkpt lat="38.4036680" lon="-76.8427380">
    <ele>25.2</ele>
   </trkpt>
   <trkpt lat="38.4035860" lon="-76.8428180">
    <ele>24.4</ele>
   </trkpt>
   <trkpt lat="38.4035290" lon="-76.8429270">
    <ele>24.0</ele>
   </trkpt>
   <trkpt lat="38.4034620" lon="-76.8431190">
    <ele>24.0</ele>
   </trkpt>
   <trkpt lat="38.4033910" lon="-76.8432540">
    <ele>26.0</ele>
   </trkpt>
   <trkpt lat="38.4031530" lon="-76.8436140">
    <ele>26.0</ele>
   </trkpt>
   <trkpt lat="38.4029750" lon="-76.8437410">
    <ele>27.2</ele>
   </trkpt>
   <trkpt lat="38.4029210" lon="-76.8437690">
    <ele>29.2</ele>
   </trkpt>
   <trkpt lat="38.4027920" lon="-76.8438100">
    <ele>30.8</ele>
   </trkpt>
   <trkpt lat="38.4027130" lon="-76.8438130">
    <ele>32.6</ele>
   </trkpt>
   <trkpt lat="38.4026420" lon="-76.8437940">
    <ele>32.8</ele>
   </trkpt>
   <trkpt lat="38.4025510" lon="-76.8436870">
    <ele>34.6</ele>
   </trkpt>
   <trkpt lat="38.4025300" lon="-76.8435210">
    <ele>36.2</ele>
   </trkpt>
   <trkpt lat="38.4025270" lon="-76.8434320">
    <ele>37.0</ele>
   </trkpt>
   <trkpt lat="38.4025460" lon="-76.8433490">
    <ele>37.8</ele>
   </trkpt>
   <trkpt lat="38.4025820" lon="-76.8432730">
    <ele>37.8</ele>
   </trkpt>
   <trkpt lat="38.4027220" lon="-76.8431410">
    <ele>37.6</ele>
   </trkpt>
   <trkpt lat="38.4028330" lon="-76.8430970">
    <ele>36.2</ele>
   </trkpt>
   <trkpt lat="38.4029550" lon="-76.8430550">
    <ele>32.8</ele>
   </trkpt>
   <trkpt lat="38.4030650" lon="-76.8430060">
    <ele>29.4</ele>
   </trkpt>
   <trkpt lat="38.4031410" lon="-76.8429650">
    <ele>27.0</ele>
   </trkpt>
   <trkpt lat="38.4032220" lon="-76.8429170">
    <ele>25.2</ele>
   </trkpt>
   <trkpt lat="38.4033120" lon="-76.8428320">
    <ele>24.6</ele>
   </trkpt>
   <trkpt lat="38.4032530" lon="-76.8427550">
    <ele>24.6</ele>
   </trkpt>
   <trkpt lat="38.4031970" lon="-76.8427510">
    <ele>25.0</ele>
   </trkpt>
   <trkpt lat="38.4031160" lon="-76.8427860">
    <ele>25.2</ele>
   </trkpt>
   <trkpt lat="38.4028920" lon="-76.8428780">
    <ele>26.8</ele>
   </trkpt>
   <trkpt lat="38.4028410" lon="-76.8428990">
    <ele>29.2</ele>
   </trkpt>
   <trkpt lat="38.4027900" lon="-76.8429220">
    <ele>32.2</ele>
   </trkpt>
   <trkpt lat="38.4027330" lon="-76.8429500">
    <ele>34.4</ele>
   </trkpt>
   <trkpt lat="38.4026100" lon="-76.8430100">
    <ele>35.4</ele>
   </trkpt>
   <trkpt lat="38.4025420" lon="-76.8430430">
    <ele>37.2</ele>
   </trkpt>
   <trkpt lat="38.4024650" lon="-76.8430940">
    <ele>38.2</ele>
   </trkpt>
   <trkpt lat="38.4023980" lon="-76.8431600">
    <ele>38.4</ele>
   </trkpt>
   <trkpt lat="38.4023450" lon="-76.8432280">
    <ele>38.4</ele>
   </trkpt>
   <trkpt lat="38.4022260" lon="-76.8433670">
    <ele>38.0</ele>
   </trkpt>
   <trkpt lat="38.4021470" lon="-76.8434400">
    <ele>36.4</ele>
   </trkpt>
   <trkpt lat="38.4020540" lon="-76.8435240">
    <ele>35.0</ele>
   </trkpt>
   <trkpt lat="38.4019540" lon="-76.8436090">
    <ele>32.2</ele>
   </trkpt>
   <trkpt lat="38.4018570" lon="-76.8436790">
    <ele>30.0</ele>
   </trkpt>
   <trkpt lat="38.4017780" lon="-76.8437310">
    <ele>28.2</ele>
   </trkpt>
   <trkpt lat="38.4017220" lon="-76.8437760">
    <ele>28.2</ele>
   </trkpt>
   <trkpt lat="38.4016210" lon="-76.8438780">
    <ele>28.2</ele>
   </trkpt>
   <trkpt lat="38.4015200" lon="-76.8440370">
    <ele>28.8</ele>
   </trkpt>
   <trkpt lat="38.4014800" lon="-76.8441100">
    <ele>29.4</ele>
   </trkpt>
   <trkpt lat="38.4014460" lon="-76.8441600">
    <ele>29.8</ele>
   </trkpt>
   <trkpt lat="38.4014100" lon="-76.8441980">
    <ele>30.8</ele>
   </trkpt>
   <trkpt lat="38.4013040" lon="-76.8442850">
    <ele>31.0</ele>
   </trkpt>
   <trkpt lat="38.4012090" lon="-76.8443490">
    <ele>31.0</ele>
   </trkpt>
   <trkpt lat="38.4010780" lon="-76.8444140">
    <ele>31.4</ele>
   </trkpt>
   <trkpt lat="38.4009060" lon="-76.8444180">
    <ele>31.4</ele>
   </trkpt>
   <trkpt lat="38.4007590" lon="-76.8443630">
    <ele>31.4</ele>
   </trkpt>
   <trkpt lat="38.4006450" lon="-76.8442190">
    <ele>31.6</ele>
   </trkpt>
   <trkpt lat="38.4006000" lon="-76.8441170">
    <ele>31.8</ele>
   </trkpt>
   <trkpt lat="38.4005820" lon="-76.8440010">
    <ele>32.6</ele>
   </trkpt>
   <trkpt lat="38.4005770" lon="-76.8438580">
    <ele>34.2</ele>
   </trkpt>
   <trkpt lat="38.4005860" lon="-76.8437600">
    <ele>35.2</ele>
   </trkpt>
   <trkpt lat="38.4006100" lon="-76.8436420">
    <ele>36.4</ele>
   </trkpt>
   <trkpt lat="38.4006560" lon="-76.8435370">
    <ele>37.2</ele>
   </trkpt>
   <trkpt lat="38.4007310" lon="-76.8434250">
    <ele>38.0</ele>
   </trkpt>
   <trkpt lat="38.4007950" lon="-76.8433220">
    <ele>38.4</ele>
   </trkpt>
   <trkpt lat="38.4009080" lon="-76.8430940">
    <ele>39.0</ele>
   </trkpt>
   <trkpt lat="38.4009930" lon="-76.8428610">
    <ele>39.2</ele>
   </trkpt>
   <trkpt lat="38.4010160" lon="-76.8426170">
    <ele>39.8</ele>
   </trkpt>
   <trkpt lat="38.4010020" lon="-76.8423940">
    <ele>40.2</ele>
   </trkpt>
   <trkpt lat="38.4010150" lon="-76.8422660">
    <ele>40.2</ele>
   </trkpt>
   <trkpt lat="38.4010510" lon="-76.8421430">
    <ele>40.4</ele>
   </trkpt>
   <trkpt lat="38.4011090" lon="-76.8420390">
    <ele>40.4</ele>
   </trkpt>
   <trkpt lat="38.4012040" lon="-76.8419420">
    <ele>40.4</ele>
   </trkpt>
   <trkpt lat="38.4012800" lon="-76.8418930">
    <ele>40.6</ele>
   </trkpt>
   <trkpt lat="38.4013690" lon="-76.8418360">
    <ele>41.4</ele>
   </trkpt>
   <trkpt lat="38.4015430" lon="-76.8418060">
    <ele>42.0</ele>
   </trkpt>
   <trkpt lat="38.4017600" lon="-76.8418550">
    <ele>41.8</ele>
   </trkpt>
   <trkpt lat="38.4018420" lon="-76.8418510">
    <ele>40.8</ele>
   </trkpt>
   <trkpt lat="38.4019020" lon="-76.8418190">
    <ele>40.6</ele>
   </trkpt>
   <trkpt lat="38.4019360" lon="-76.8417840">
    <ele>40.4</ele>
   </trkpt>
   <trkpt lat="38.4020110" lon="-76.8416840">
    <ele>40.4</ele>
   </trkpt>
   <trkpt lat="38.4020790" lon="-76.8416100">
    <ele>40.8</ele>
   </trkpt>
   <trkpt lat="38.4021120" lon="-76.8416090">
    <ele>40.8</ele>
   </trkpt>
   <trkpt lat="38.4021330" lon="-76.8416490">
    <ele>40.8</ele>
   </trkpt>
   <trkpt lat="38.4021150" lon="-76.8417270">
    <ele>40.8</ele>
   </trkpt>
   <trkpt lat="38.4021020" lon="-76.8418230">
    <ele>40.8</ele>
   </trkpt>
   <trkpt lat="38.4021070" lon="-76.8419210">
    <ele>40.8</ele>
   </trkpt>
   <trkpt lat="38.4021320" lon="-76.8421190">
    <ele>41.6</ele>
   </trkpt>
   <trkpt lat="38.4021200" lon="-76.8422250">
    <ele>41.8</ele>
   </trkpt>
   <trkpt lat="38.4020780" lon="-76.8423170">
    <ele>42.0</ele>
   </trkpt>
   <trkpt lat="38.4020220" lon="-76.8424020">
    <ele>42.0</ele>
   </trkpt>
   <trkpt lat="38.4019920" lon="-76.8424850">
    <ele>42.2</ele>
   </trkpt>
   <trkpt lat="38.4020030" lon="-76.8425380">
    <ele>42.4</ele>
   </trkpt>
   <trkpt lat="38.4020400" lon="-76.8425430">
    <ele>43.0</ele>
   </trkpt>
   <trkpt lat="38.4020880" lon="-76.8425100">
    <ele>43.2</ele>
   </trkpt>
   <trkpt lat="38.4021430" lon="-76.8424750">
    <ele>43.2</ele>
   </trkpt>
   <trkpt lat="38.4022800" lon="-76.8424850">
    <ele>43.4</ele>
   </trkpt>
   <trkpt lat="38.4024270" lon="-76.8424130">
    <ele>43.0</ele>
   </trkpt>
   <trkpt lat="38.4025150" lon="-76.8423380">
    <ele>42.6</ele>
   </trkpt>
   <trkpt lat="38.4026130" lon="-76.8422620">
    <ele>38.6</ele>
   </trkpt>
   <trkpt lat="38.4027130" lon="-76.8422060">
    <ele>34.8</ele>
   </trkpt>
   <trkpt lat="38.4028080" lon="-76.8421510">
    <ele>34.4</ele>
   </trkpt>
   <trkpt lat="38.4031010" lon="-76.8420180">
    <ele>34.4</ele>
   </trkpt>
   <trkpt lat="38.4031700" lon="-76.8420110">
    <ele>34.8</ele>
   </trkpt>
   <trkpt lat="38.4032170" lon="-76.8420110">
    <ele>37.2</ele>
   </trkpt>
   <trkpt lat="38.4032660" lon="-76.8420230">
    <ele>39.6</ele>
   </trkpt>
   <trkpt lat="38.4033690" lon="-76.8420400">
    <ele>39.6</ele>
   </trkpt>
   <trkpt lat="38.4034250" lon="-76.8420510">
    <ele>39.6</ele>
   </trkpt>
   <trkpt lat="38.4034850" lon="-76.8420640">
    <ele>38.2</ele>
   </trkpt>
   <trkpt lat="38.4035450" lon="-76.8420730">
    <ele>35.8</ele>
   </trkpt>
   <trkpt lat="38.4036100" lon="-76.8420750">
    <ele>33.4</ele>
   </trkpt>
   <trkpt lat="38.4036790" lon="-76.8420700">
    <ele>31.6</ele>
   </trkpt>
   <trkpt lat="38.4037410" lon="-76.8420560">
    <ele>30.0</ele>
   </trkpt>
   <trkpt lat="38.4037870" lon="-76.8420130">
    <ele>28.8</ele>
   </trkpt>
   <trkpt lat="38.4038080" lon="-76.8419460">
    <ele>29.0</ele>
   </trkpt>
   <trkpt lat="38.4037790" lon="-76.8417850">
    <ele>29.0</ele>
   </trkpt>
   <trkpt lat="38.4037420" lon="-76.8417240">
    <ele>29.6</ele>
   </trkpt>
   <trkpt lat="38.4036980" lon="-76.8416780">
    <ele>30.8</ele>
   </trkpt>
   <trkpt lat="38.4036570" lon="-76.8416500">
    <ele>32.0</ele>
   </trkpt>
   <trkpt lat="38.4036170" lon="-76.8416270">
    <ele>34.0</ele>
   </trkpt>
   <trkpt lat="38.4035670" lon="-76.8416040">
    <ele>35.8</ele>
   </trkpt>
   <trkpt lat="38.4034600" lon="-76.8415580">
    <ele>37.4</ele>
   </trkpt>
   <trkpt lat="38.4034130" lon="-76.8415240">
    <ele>37.8</ele>
   </trkpt>
   <trkpt lat="38.4034030" lon="-76.8414740">
    <ele>38.0</ele>
   </trkpt>
   <trkpt lat="38.4034260" lon="-76.8414150">
    <ele>39.4</ele>
   </trkpt>
   <trkpt lat="38.4034730" lon="-76.8413760">
    <ele>40.0</ele>
   </trkpt>
   <trkpt lat="38.4035410" lon="-76.8413560">
    <ele>40.4</ele>
   </trkpt>
   <trkpt lat="38.4036180" lon="-76.8413520">
    <ele>40.8</ele>
   </trkpt>
   <trkpt lat="38.4038390" lon="-76.8414030">
    <ele>40.8</ele>
   </trkpt>
   <trkpt lat="38.4039250" lon="-76.8414310">
    <ele>38.4</ele>
   </trkpt>
   <trkpt lat="38.4040060" lon="-76.8414520">
    <ele>35.2</ele>
   </trkpt>
   <trkpt lat="38.4040820" lon="-76.8414540">
    <ele>32.8</ele>
   </trkpt>
   <trkpt lat="38.4041510" lon="-76.8414280">
    <ele>31.2</ele>
   </trkpt>
   <trkpt lat="38.4042140" lon="-76.8413780">
    <ele>30.8</ele>
   </trkpt>
   <trkpt lat="38.4042600" lon="-76.8413100">
    <ele>30.8</ele>
   </trkpt>
   <trkpt lat="38.4043060" lon="-76.8411170">
    <ele>31.0</ele>
   </trkpt>
   <trkpt lat="38.4043330" lon="-76.8408990">
    <ele>32.4</ele>
   </trkpt>
   <trkpt lat="38.4043570" lon="-76.8407040">
    <ele>34.2</ele>
   </trkpt>
   <trkpt lat="38.4043690" lon="-76.8406270">
    <ele>36.2</ele>
   </trkpt>
   <trkpt lat="38.4043810" lon="-76.8405550">
    <ele>39.2</ele>
   </trkpt>
   <trkpt lat="38.4043920" lon="-76.8404830">
    <ele>41.2</ele>
   </trkpt>
   <trkpt lat="38.4044050" lon="-76.8403210">
    <ele>42.6</ele>
   </trkpt>
   <trkpt lat="38.4044150" lon="-76.8402090">
    <ele>42.8</ele>
   </trkpt>
   <trkpt lat="38.4044510" lon="-76.8401030">
    <ele>43.0</ele>
   </trkpt>
   <trkpt lat="38.4045150" lon="-76.8400400">
    <ele>43.2</ele>
   </trkpt>
   <trkpt lat="38.4045890" lon="-76.8400210">
    <ele>43.0</ele>
   </trkpt>
   <trkpt lat="38.4046680" lon="-76.8400270">
    <ele>42.8</ele>
   </trkpt>
   <trkpt lat="38.4047520" lon="-76.8400600">
    <ele>42.6</ele>
   </trkpt>
   <trkpt lat="38.4048910" lon="-76.8402020">
    <ele>41.8</ele>
   </trkpt>
   <trkpt lat="38.4049390" lon="-76.8403070">
    <ele>41.2</ele>
   </trkpt>
   <trkpt lat="38.4049720" lon="-76.8404270">
    <ele>40.4</ele>
   </trkpt>
   <trkpt lat="38.4049890" lon="-76.8405630">
    <ele>39.4</ele>
   </trkpt>
   <trkpt lat="38.4049890" lon="-76.8407070">
    <ele>38.6</ele>
   </trkpt>
   <trkpt lat="38.4049760" lon="-76.8408550">
    <ele>38.4</ele>
   </trkpt>
   <trkpt lat="38.4049590" lon="-76.8409870">
    <ele>38.4</ele>
   </trkpt>
   <trkpt lat="38.4049080" lon="-76.8413350">
    <ele>37.4</ele>
   </trkpt>
   <trkpt lat="38.4048530" lon="-76.8416000">
    <ele>37.6</ele>
   </trkpt>
   <trkpt lat="38.4047910" lon="-76.8417230">
    <ele>35.6</ele>
   </trkpt>
   <trkpt lat="38.4047110" lon="-76.8418170">
    <ele>34.8</ele>
   </trkpt>
   <trkpt lat="38.4046220" lon="-76.8418890">
    <ele>34.2</ele>
   </trkpt>
   <trkpt lat="38.4045190" lon="-76.8419310">
    <ele>33.8</ele>
   </trkpt>
   <trkpt lat="38.4044300" lon="-76.8419460">
    <ele>33.4</ele>
   </trkpt>
   <trkpt lat="38.4043450" lon="-76.8419840">
    <ele>32.6</ele>
   </trkpt>
   <trkpt lat="38.4042760" lon="-76.8420870">
    <ele>32.2</ele>
   </trkpt>
   <trkpt lat="38.4042450" lon="-76.8422210">
    <ele>30.6</ele>
   </trkpt>
   <trkpt lat="38.4042530" lon="-76.8423500">
    <ele>29.2</ele>
   </trkpt>
   <trkpt lat="38.4042230" lon="-76.8425690">
    <ele>28.4</ele>
   </trkpt>
   <trkpt lat="38.4041570" lon="-76.8426390">
    <ele>27.8</ele>
   </trkpt>
   <trkpt lat="38.4040720" lon="-76.8426830">
    <ele>27.6</ele>
   </trkpt>
   <trkpt lat="38.4038590" lon="-76.8427090">
    <ele>26.4</ele>
   </trkpt>
   <trkpt lat="38.4037540" lon="-76.8427240">
    <ele>25.0</ele>
   </trkpt>
   <trkpt lat="38.4035670" lon="-76.8428420">
    <ele>24.4</ele>
   </trkpt>
   <trkpt lat="38.4034270" lon="-76.8431370">
    <ele>24.2</ele>
   </trkpt>
   <trkpt lat="38.4033690" lon="-76.8432880">
    <ele>25.4</ele>
   </trkpt>
   <trkpt lat="38.4031850" lon="-76.8435820">
    <ele>25.6</ele>
   </trkpt>
   <trkpt lat="38.4030470" lon="-76.8437250">
    <ele>25.6</ele>
   </trkpt>
   <trkpt lat="38.4030010" lon="-76.8437530">
    <ele>25.6</ele>
   </trkpt>
   <trkpt lat="38.4029500" lon="-76.8437790">
    <ele>28.4</ele>
   </trkpt>
   <trkpt lat="38.4029000" lon="-76.8437990">
    <ele>29.4</ele>
   </trkpt>
   <trkpt lat="38.4028530" lon="-76.8438050">
    <ele>30.2</ele>
   </trkpt>
   <trkpt lat="38.4027950" lon="-76.8438010">
    <ele>30.8</ele>
   </trkpt>
   <trkpt lat="38.4027300" lon="-76.8437930">
    <ele>32.4</ele>
   </trkpt>
   <trkpt lat="38.4026760" lon="-76.8437730">
    <ele>32.8</ele>
   </trkpt>
   <trkpt lat="38.4026400" lon="-76.8437500">
    <ele>33.2</ele>
   </trkpt>
   <trkpt lat="38.4026160" lon="-76.8437190">
    <ele>35.0</ele>
   </trkpt>
   <trkpt lat="38.4025890" lon="-76.8436010">
    <ele>36.0</ele>
   </trkpt>
   <trkpt lat="38.4025700" lon="-76.8434220">
    <ele>37.2</ele>
   </trkpt>
   <trkpt lat="38.4025810" lon="-76.8433420">
    <ele>37.8</ele>
   </trkpt>
   <trkpt lat="38.4026760" lon="-76.8431950">
    <ele>37.8</ele>
   </trkpt>
   <trkpt lat="38.4027590" lon="-76.8431320">
    <ele>37.8</ele>
   </trkpt>
   <trkpt lat="38.4028650" lon="-76.8430880">
    <ele>36.6</ele>
   </trkpt>
   <trkpt lat="38.4029570" lon="-76.8430560">
    <ele>33.4</ele>
   </trkpt>
   <trkpt lat="38.4030870" lon="-76.8430110">
    <ele>29.8</ele>
   </trkpt>
   <trkpt lat="38.4031870" lon="-76.8429720">
    <ele>27.4</ele>
   </trkpt>
   <trkpt lat="38.4032690" lon="-76.8429240">
    <ele>25.8</ele>
   </trkpt>
   <trkpt lat="38.4033190" lon="-76.8428680">
    <ele>25.0</ele>
   </trkpt>
   <trkpt lat="38.4033420" lon="-76.8428110">
    <ele>25.0</ele>
   </trkpt>
   <trkpt lat="38.4033290" lon="-76.8427650">
    <ele>25.0</ele>
   </trkpt>
   <trkpt lat="38.4032110" lon="-76.8427370">
    <ele>25.2</ele>
   </trkpt>
   <trkpt lat="38.4031600" lon="-76.8427460">
    <ele>25.4</ele>
   </trkpt>
   <trkpt lat="38.4030220" lon="-76.8427480">
    <ele>26.6</ele>
   </trkpt>
   <trkpt lat="38.4029690" lon="-76.8427380">
    <ele>27.0</ele>
   </trkpt>
   <trkpt lat="38.4028190" lon="-76.8427510">
    <ele>28.2</ele>
   </trkpt>
   <trkpt lat="38.4027760" lon="-76.8427620">
    <ele>29.0</ele>
   </trkpt>
   <trkpt lat="38.4027360" lon="-76.8427760">
    <ele>30.2</ele>
   </trkpt>
   <trkpt lat="38.4026930" lon="-76.8427890">
    <ele>31.4</ele>
   </trkpt>
   <trkpt lat="38.4026520" lon="-76.8428150">
    <ele>32.6</ele>
   </trkpt>
   <trkpt lat="38.4025730" lon="-76.8428600">
    <ele>34.4</ele>
   </trkpt>
   <trkpt lat="38.4025360" lon="-76.8428880">
    <ele>35.0</ele>
   </trkpt>
   <trkpt lat="38.4024990" lon="-76.8429310">
    <ele>35.6</ele>
   </trkpt>
   <trkpt lat="38.4024710" lon="-76.8429790">
    <ele>36.6</ele>
   </trkpt>
   <trkpt lat="38.4024500" lon="-76.8430210">
    <ele>37.6</ele>
   </trkpt>
   <trkpt lat="38.4024350" lon="-76.8430560">
    <ele>38.0</ele>
   </trkpt>
   <trkpt lat="38.4024120" lon="-76.8431220">
    <ele>39.2</ele>
   </trkpt>
   <trkpt lat="38.4024030" lon="-76.8431570">
    <ele>39.2</ele>
   </trkpt>
   <trkpt lat="38.4023870" lon="-76.8431850">
    <ele>38.8</ele>
   </trkpt>
   <trkpt lat="38.4023490" lon="-76.8432450">
    <ele>38.6</ele>
   </trkpt>
   <trkpt lat="38.4022920" lon="-76.8433090">
    <ele>37.8</ele>
   </trkpt>
   <trkpt lat="38.4022390" lon="-76.8433500">
    <ele>35.8</ele>
   </trkpt>
   <trkpt lat="38.4022130" lon="-76.8433720">
    <ele>35.6</ele>
   </trkpt>
   <trkpt lat="38.4020960" lon="-76.8434660">
    <ele>34.2</ele>
   </trkpt>
   <trkpt lat="38.4020510" lon="-76.8435170">
    <ele>32.6</ele>
   </trkpt>
   <trkpt lat="38.4019830" lon="-76.8435820">
    <ele>31.0</ele>
   </trkpt>
   <trkpt lat="38.4019040" lon="-76.8436330">
    <ele>29.2</ele>
   </trkpt>
   <trkpt lat="38.4018410" lon="-76.8436730">
    <ele>28.4</ele>
   </trkpt>
   <trkpt lat="38.4017940" lon="-76.8437030">
    <ele>28.2</ele>
   </trkpt>
   <trkpt lat="38.4017450" lon="-76.8437440">
    <ele>28.2</ele>
   </trkpt>
   <trkpt lat="38.4016970" lon="-76.8437960">
    <ele>28.2</ele>
   </trkpt>
   <trkpt lat="38.4016490" lon="-76.8438590">
    <ele>28.4</ele>
   </trkpt>
   <trkpt lat="38.4015370" lon="-76.8440520">
    <ele>29.2</ele>
   </trkpt>
   <trkpt lat="38.4015160" lon="-76.8440880">
    <ele>29.6</ele>
   </trkpt>
   <trkpt lat="38.4014690" lon="-76.8441490">
    <ele>30.6</ele>
   </trkpt>
   <trkpt lat="38.4014350" lon="-76.8441820">
    <ele>31.0</ele>
   </trkpt>
   <trkpt lat="38.4013360" lon="-76.8442670">
    <ele>31.2</ele>
   </trkpt>
   <trkpt lat="38.4012120" lon="-76.8443400">
    <ele>31.4</ele>
   </trkpt>
   <trkpt lat="38.4009680" lon="-76.8443800">
    <ele>31.4</ele>
   </trkpt>
   <trkpt lat="38.4008290" lon="-76.8443620">
    <ele>31.6</ele>
   </trkpt>
   <trkpt lat="38.4006890" lon="-76.8442840">
    <ele>31.6</ele>
   </trkpt>
   <trkpt lat="38.4005870" lon="-76.8441050">
    <ele>32.0</ele>
   </trkpt>
   <trkpt lat="38.4005640" lon="-76.8439880">
    <ele>33.0</ele>
   </trkpt>
   <trkpt lat="38.4005500" lon="-76.8438620">
    <ele>34.4</ele>
   </trkpt>
   <trkpt lat="38.4005550" lon="-76.8437400">
    <ele>35.6</ele>
   </trkpt>
   <trkpt lat="38.4005810" lon="-76.8436240">
    <ele>36.2</ele>
   </trkpt>
   <trkpt lat="38.4006320" lon="-76.8435250">
    <ele>37.2</ele>
   </trkpt>
   <trkpt lat="38.4007030" lon="-76.8434340">
    <ele>37.8</ele>
   </trkpt>
   <trkpt lat="38.4007680" lon="-76.8433290">
    <ele>38.6</ele>
   </trkpt>
   <trkpt lat="38.4008690" lon="-76.8430930">
    <ele>39.0</ele>
   </trkpt>
   <trkpt lat="38.4009500" lon="-76.8428190">
    <ele>39.4</ele>
   </trkpt>
   <trkpt lat="38.4009640" lon="-76.8427130">
    <ele>39.6</ele>
   </trkpt>
   <trkpt lat="38.4009730" lon="-76.8425830">
    <ele>40.0</ele>
   </trkpt>
   <trkpt lat="38.4009820" lon="-76.8422960">
    <ele>40.4</ele>
   </trkpt>
   <trkpt lat="38.4010190" lon="-76.8421980">
    <ele>40.4</ele>
   </trkpt>
   <trkpt lat="38.4010820" lon="-76.8420960">
    <ele>40.4</ele>
   </trkpt>
   <trkpt lat="38.4012430" lon="-76.8419290">
    <ele>40.6</ele>
   </trkpt>
   <trkpt lat="38.4013250" lon="-76.8418730">
    <ele>41.2</ele>
   </trkpt>
   <trkpt lat="38.4013990" lon="-76.8418400">
    <ele>42.4</ele>
   </trkpt>
   <trkpt lat="38.4014840" lon="-76.8418400">
    <ele>42.4</ele>
   </trkpt>
   <trkpt lat="38.4016000" lon="-76.8418640">
    <ele>42.4</ele>
   </trkpt>
   <trkpt lat="38.4017940" lon="-76.8419010">
    <ele>41.6</ele>
   </trkpt>
   <trkpt lat="38.4018750" lon="-76.8418850">
    <ele>40.8</ele>
   </trkpt>
   <trkpt lat="38.4019330" lon="-76.8418470">
    <ele>40.8</ele>
   </trkpt>
   <trkpt lat="38.4020140" lon="-76.8417450">
    <ele>40.8</ele>
   </trkpt>
   <trkpt lat="38.4021060" lon="-76.8416440">
    <ele>41.0</ele>
   </trkpt>
   <trkpt lat="38.4021580" lon="-76.8417190">
    <ele>41.2</ele>
   </trkpt>
   <trkpt lat="38.4021490" lon="-76.8417850">
    <ele>41.2</ele>
   </trkpt>
   <trkpt lat="38.4021400" lon="-76.8418810">
    <ele>41.2</ele>
   </trkpt>
   <trkpt lat="38.4021530" lon="-76.8419870">
    <ele>41.2</ele>
   </trkpt>
   <trkpt lat="38.4021540" lon="-76.8422060">
    <ele>42.0</ele>
   </trkpt>
   <trkpt lat="38.4020510" lon="-76.8423960">
    <ele>42.4</ele>
   </trkpt>
   <trkpt lat="38.4020020" lon="-76.8424820">
    <ele>42.4</ele>
   </trkpt>
   <trkpt lat="38.4019960" lon="-76.8425580">
    <ele>42.6</ele>
   </trkpt>
   <trkpt lat="38.4020730" lon="-76.8425680">
    <ele>43.4</ele>
   </trkpt>
   <trkpt lat="38.4021890" lon="-76.8425440">
    <ele>43.6</ele>
   </trkpt>
   <trkpt lat="38.4022640" lon="-76.8425590">
    <ele>43.6</ele>
   </trkpt>
   <trkpt lat="38.4024170" lon="-76.8425000">
    <ele>43.4</ele>
   </trkpt>
   <trkpt lat="38.4025810" lon="-76.8423370">
    <ele>40.0</ele>
   </trkpt>
   <trkpt lat="38.4026880" lon="-76.8422640">
    <ele>35.8</ele>
   </trkpt>
   <trkpt lat="38.4028950" lon="-76.8421390">
    <ele>34.6</ele>
   </trkpt>
   <trkpt lat="38.4030980" lon="-76.8420420">
    <ele>34.6</ele>
   </trkpt>
   <trkpt lat="38.4032320" lon="-76.8420180">
    <ele>36.8</ele>
   </trkpt>
   <trkpt lat="38.4032760" lon="-76.8420170">
    <ele>39.2</ele>
   </trkpt>
   <trkpt lat="38.4033310" lon="-76.8420270">
    <ele>39.2</ele>
   </trkpt>
   <trkpt lat="38.4034130" lon="-76.8420430">
    <ele>39.2</ele>
   </trkpt>
   <trkpt lat="38.4036010" lon="-76.8420610">
    <ele>36.8</ele>
   </trkpt>
   <trkpt lat="38.4036880" lon="-76.8420640">
    <ele>33.2</ele>
   </trkpt>
   <trkpt lat="38.4037550" lon="-76.8420450">
    <ele>30.0</ele>
   </trkpt>
   <trkpt lat="38.4037980" lon="-76.8419850">
    <ele>29.4</ele>
   </trkpt>
   <trkpt lat="38.4037740" lon="-76.8418200">
    <ele>29.4</ele>
   </trkpt>
   <trkpt lat="38.4037310" lon="-76.8417470">
    <ele>29.6</ele>
   </trkpt>
   <trkpt lat="38.4036380" lon="-76.8416290">
    <ele>31.6</ele>
   </trkpt>
   <trkpt lat="38.4035880" lon="-76.8415920">
    <ele>33.8</ele>
   </trkpt>
   <trkpt lat="38.4035290" lon="-76.8415640">
    <ele>36.0</ele>
   </trkpt>
   <trkpt lat="38.4034680" lon="-76.8415310">
    <ele>37.2</ele>
   </trkpt>
   <trkpt lat="38.4034090" lon="-76.8414880">
    <ele>38.2</ele>
   </trkpt>
   <trkpt lat="38.4034170" lon="-76.8413940">
    <ele>39.4</ele>
   </trkpt>
   <trkpt lat="38.4034620" lon="-76.8413580">
    <ele>40.4</ele>
   </trkpt>
   <trkpt lat="38.4035330" lon="-76.8413380">
    <ele>40.6</ele>
   </trkpt>
   <trkpt lat="38.4036110" lon="-76.8413360">
    <ele>41.0</ele>
   </trkpt>
   <trkpt lat="38.4036930" lon="-76.8413450">
    <ele>41.0</ele>
   </trkpt>
   <trkpt lat="38.4038690" lon="-76.8414350">
    <ele>41.0</ele>
   </trkpt>
   <trkpt lat="38.4039590" lon="-76.8414920">
    <ele>37.8</ele>
   </trkpt>
   <trkpt lat="38.4040500" lon="-76.8415160">
    <ele>33.8</ele>
   </trkpt>
   <trkpt lat="38.4041350" lon="-76.8414900">
    <ele>31.0</ele>
   </trkpt>
   <trkpt lat="38.4042070" lon="-76.8414200">
    <ele>30.8</ele>
   </trkpt>
   <trkpt lat="38.4042480" lon="-76.8413250">
    <ele>31.0</ele>
   </trkpt>
   <trkpt lat="38.4043240" lon="-76.8408960">
    <ele>32.8</ele>
   </trkpt>
   <trkpt lat="38.4043520" lon="-76.8407040">
    <ele>34.6</ele>
   </trkpt>
   <trkpt lat="38.4043510" lon="-76.8406260">
    <ele>36.2</ele>
   </trkpt>
   <trkpt lat="38.4043460" lon="-76.8405500">
    <ele>39.2</ele>
   </trkpt>
   <trkpt lat="38.4043530" lon="-76.8404760">
    <ele>41.6</ele>
   </trkpt>
   <trkpt lat="38.4043620" lon="-76.8404020">
    <ele>42.4</ele>
   </trkpt>
   <trkpt lat="38.4043650" lon="-76.8403080">
    <ele>43.0</ele>
   </trkpt>
   <trkpt lat="38.4043880" lon="-76.8401950">
    <ele>43.2</ele>
   </trkpt>
   <trkpt lat="38.4045040" lon="-76.8400230">
    <ele>43.6</ele>
   </trkpt>
   <trkpt lat="38.4045780" lon="-76.8399810">
    <ele>43.4</ele>
   </trkpt>
   <trkpt lat="38.4046620" lon="-76.8399840">
    <ele>43.2</ele>
   </trkpt>
   <trkpt lat="38.4047450" lon="-76.8400160">
    <ele>42.8</ele>
   </trkpt>
   <trkpt lat="38.4048200" lon="-76.8400740">
    <ele>42.8</ele>
   </trkpt>
   <trkpt lat="38.4049370" lon="-76.8402570">
    <ele>41.8</ele>
   </trkpt>
   <trkpt lat="38.4049610" lon="-76.8403760">
    <ele>40.8</ele>
   </trkpt>
   <trkpt lat="38.4049680" lon="-76.8405040">
    <ele>40.4</ele>
   </trkpt>
   <trkpt lat="38.4049680" lon="-76.8406340">
    <ele>39.4</ele>
   </trkpt>
   <trkpt lat="38.4049460" lon="-76.8410090">
    <ele>38.6</ele>
   </trkpt>
   <trkpt lat="38.4049220" lon="-76.8412160">
    <ele>38.2</ele>
   </trkpt>
   <trkpt lat="38.4049030" lon="-76.8413340">
    <ele>38.2</ele>
   </trkpt>
   <trkpt lat="38.4048750" lon="-76.8414580">
    <ele>38.2</ele>
   </trkpt>
   <trkpt lat="38.4047870" lon="-76.8417000">
    <ele>36.2</ele>
   </trkpt>
   <trkpt lat="38.4047390" lon="-76.8417920">
    <ele>35.2</ele>
   </trkpt>
   <trkpt lat="38.4046920" lon="-76.8418580">
    <ele>34.6</ele>
   </trkpt>
   <trkpt lat="38.4046440" lon="-76.8418950">
    <ele>34.2</ele>
   </trkpt>
   <trkpt lat="38.4046040" lon="-76.8418820">
    <ele>34.0</ele>
   </trkpt>
   <trkpt lat="38.4045850" lon="-76.8418350">
    <ele>33.2</ele>
   </trkpt>
   <trkpt lat="38.4045730" lon="-76.8417850">
    <ele>32.6</ele>
   </trkpt>
   <trkpt lat="38.4045660" lon="-76.8417400">
    <ele>31.2</ele>
   </trkpt>
   <trkpt lat="38.4045620" lon="-76.8416280">
    <ele>30.4</ele>
   </trkpt>
   <trkpt lat="38.4045390" lon="-76.8413750">
    <ele>30.8</ele>
   </trkpt>
   <trkpt lat="38.4045260" lon="-76.8412700">
    <ele>31.4</ele>
   </trkpt>
   <trkpt lat="38.4045250" lon="-76.8412610">
    <ele>31.6</ele>
   </trkpt>
   <trkpt lat="38.4045200" lon="-76.8412240">
    <ele>31.8</ele>
   </trkpt>
   <trkpt lat="38.4045110" lon="-76.8411440">
    <ele>32.2</ele>
   </trkpt>
   <trkpt lat="38.4044920" lon="-76.8409990">
    <ele>33.2</ele>
   </trkpt>
   <trkpt lat="38.4044920" lon="-76.8409990">
    <ele>33.2</ele>
   </trkpt>
   <trkpt lat="38.4044920" lon="-76.8409990">
    <ele>33.4</ele>
   </trkpt>
   <trkpt lat="38.4044650" lon="-76.8409270">
    <ele>33.0</ele>
   </trkpt>
   <trkpt lat="38.4044190" lon="-76.8408690">
    <ele>33.6</ele>
   </trkpt>
   <trkpt lat="38.4044180" lon="-76.8408630">
    <ele>33.6</ele>
   </trkpt>
   <trkpt lat="38.4044020" lon="-76.8407990">
    <ele>34.2</ele>
   </trkpt>
   <trkpt lat="38.4044030" lon="-76.8407740">
    <ele>34.8</ele>
   </trkpt>
   <trkpt lat="38.4044090" lon="-76.8407370">
    <ele>35.8</ele>
   </trkpt>
   <trkpt lat="38.4044130" lon="-76.8407280">
    <ele>36.2</ele>
   </trkpt>
   <trkpt lat="38.4044260" lon="-76.8406620">
    <ele>36.6</ele>
   </trkpt>
   <trkpt lat="38.4044260" lon="-76.8406580">
    <ele>37.0</ele>
   </trkpt>
   <trkpt lat="38.4044270" lon="-76.8406500">
    <ele>37.4</ele>
   </trkpt>
   <trkpt lat="38.4044460" lon="-76.8405560">
    <ele>38.0</ele>
   </trkpt>
  </trkseg>
 </trk>
</gpx>
