<?xml version="1.0" encoding="UTF-8"?>
<gpx creator="StravaGPX" version="1.1" xmlns="http://www.topografix.com/GPX/1/1" xmlns:xsi="http://www.w3.org/2001/XMLSchema-instance" xsi:schemaLocation="http://www.topografix.com/GPX/1/1 http://www.topografix.com/GPX/1/1/gpx.xsd">
 <trk>
  <name>Baja SAE Arizona endurance race</name>
  <type>ebikeride</type>
  <trkseg>
   <trkpt lat="32.4753370" lon="-111.2956170">
    <ele>578.0</ele>
   </trkpt>
   <trkpt lat="32.4753390" lon="-111.2956330">
    <ele>578.0</ele>
   </trkpt>
   <trkpt lat="32.4753480" lon="-111.2956510">
    <ele>578.0</ele>
   </trkpt>
   <trkpt lat="32.4753300" lon="-111.2956560">
    <ele>578.0</ele>
   </trkpt>
   <trkpt lat="32.4753870" lon="-111.2956570">
    <ele>578.0</ele>
   </trkpt>
   <trkpt lat="32.4754720" lon="-111.2956530">
    <ele>578.0</ele>
   </trkpt>
   <trkpt lat="32.4755270" lon="-111.2956620">
    <ele>578.0</ele>
   </trkpt>
   <trkpt lat="32.4756330" lon="-111.2956220">
    <ele>577.8</ele>
   </trkpt>
   <trkpt lat="32.4756710" lon="-111.2955450">
    <ele>577.6</ele>
   </trkpt>
   <trkpt lat="32.4756800" lon="-111.2955400">
    <ele>577.6</ele>
   </trkpt>
   <trkpt lat="32.4756790" lon="-111.2955400">
    <ele>577.4</ele>
   </trkpt>
   <trkpt lat="32.4756800" lon="-111.2955400">
    <ele>577.4</ele>
   </trkpt>
   <trkpt lat="32.4757320" lon="-111.2955220">
    <ele>577.4</ele>
   </trkpt>
   <trkpt lat="32.4757820" lon="-111.2955030">
    <ele>577.4</ele>
   </trkpt>
   <trkpt lat="32.4758320" lon="-111.2954780">
    <ele>576.8</ele>
   </trkpt>
   <trkpt lat="32.4759960" lon="-111.2954700">
    <ele>577.0</ele>
   </trkpt>
   <trkpt lat="32.4760930" lon="-111.2954710">
    <ele>577.0</ele>
   </trkpt>
   <trkpt lat="32.4761830" lon="-111.2954730">
    <ele>577.0</ele>
   </trkpt>
   <trkpt lat="32.4761970" lon="-111.2954730">
    <ele>577.0</ele>
   </trkpt>
   <trkpt lat="32.4763350" lon="-111.2954500">
    <ele>577.0</ele>
   </trkpt>
   <trkpt lat="32.4764290" lon="-111.2953720">
    <ele>577.2</ele>
   </trkpt>
   <trkpt lat="32.4764610" lon="-111.2953160">
    <ele>577.0</ele>
   </trkpt>
   <trkpt lat="32.4765080" lon="-111.2952320">
    <ele>577.0</ele>
   </trkpt>
   <trkpt lat="32.4765330" lon="-111.2951510">
    <ele>577.2</ele>
   </trkpt>
   <trkpt lat="32.4765450" lon="-111.2951080">
    <ele>577.2</ele>
   </trkpt>
   <trkpt lat="32.4765550" lon="-111.2950220">
    <ele>577.4</ele>
   </trkpt>
   <trkpt lat="32.4765520" lon="-111.2948320">
    <ele>577.4</ele>
   </trkpt>
   <trkpt lat="32.4765190" lon="-111.2946820">
    <ele>577.4</ele>
   </trkpt>
   <trkpt lat="32.4764450" lon="-111.2946190">
    <ele>577.4</ele>
   </trkpt>
   <trkpt lat="32.4764360" lon="-111.2946150">
    <ele>577.2</ele>
   </trkpt>
   <trkpt lat="32.4764050" lon="-111.2946010">
    <ele>577.2</ele>
   </trkpt>
   <trkpt lat="32.4763480" lon="-111.2945770">
    <ele>577.2</ele>
   </trkpt>
   <trkpt lat="32.4762360" lon="-111.2944950">
    <ele>577.6</ele>
   </trkpt>
   <trkpt lat="32.4762060" lon="-111.2944690">
    <ele>577.6</ele>
   </trkpt>
   <trkpt lat="32.4761880" lon="-111.2944480">
    <ele>577.6</ele>
   </trkpt>
   <trkpt lat="32.4761280" lon="-111.2944090">
    <ele>577.6</ele>
   </trkpt>
   <trkpt lat="32.4760860" lon="-111.2944020">
    <ele>577.6</ele>
   </trkpt>
   <trkpt lat="32.4758570" lon="-111.2943870">
    <ele>577.6</ele>
   </trkpt>
   <trkpt lat="32.4756560" lon="-111.2943760">
    <ele>577.6</ele>
   </trkpt>
   <trkpt lat="32.4755050" lon="-111.2943730">
    <ele>577.6</ele>
   </trkpt>
   <trkpt lat="32.4753820" lon="-111.2944230">
    <ele>577.6</ele>
   </trkpt>
   <trkpt lat="32.4753050" lon="-111.2945250">
    <ele>577.6</ele>
   </trkpt>
   <trkpt lat="32.4752780" lon="-111.2945300">
    <ele>577.4</ele>
   </trkpt>
   <trkpt lat="32.4752500" lon="-111.2945340">
    <ele>577.4</ele>
   </trkpt>
   <trkpt lat="32.4752220" lon="-111.2945390">
    <ele>577.4</ele>
   </trkpt>
   <trkpt lat="32.4751940" lon="-111.2945440">
    <ele>577.4</ele>
   </trkpt>
   <trkpt lat="32.4751670" lon="-111.2945490">
    <ele>577.4</ele>
   </trkpt>
   <trkpt lat="32.4751390" lon="-111.2945530">
    <ele>577.6</ele>
   </trkpt>
   <trkpt lat="32.4751110" lon="-111.2945580">
    <ele>577.6</ele>
   </trkpt>
   <trkpt lat="32.4750280" lon="-111.2945510">
    <ele>577.6</ele>
   </trkpt>
   <trkpt lat="32.4748830" lon="-111.2945830">
    <ele>577.6</ele>
   </trkpt>
   <trkpt lat="32.4748410" lon="-111.2947480">
    <ele>577.4</ele>
   </trkpt>
   <trkpt lat="32.4748220" lon="-111.2949690">
    <ele>577.6</ele>
   </trkpt>
   <trkpt lat="32.4748380" lon="-111.2950520">
    <ele>577.6</ele>
   </trkpt>
   <trkpt lat="32.4748880" lon="-111.2951480">
    <ele>577.6</ele>
   </trkpt>
   <trkpt lat="32.4749530" lon="-111.2951790">
    <ele>577.6</ele>
   </trkpt>
   <trkpt lat="32.4750200" lon="-111.2951820">
    <ele>577.6</ele>
   </trkpt>
   <trkpt lat="32.4752140" lon="-111.2951720">
    <ele>577.6</ele>
   </trkpt>
   <trkpt lat="32.4753190" lon="-111.2951810">
    <ele>577.8</ele>
   </trkpt>
   <trkpt lat="32.4755110" lon="-111.2952780">
    <ele>577.8</ele>
   </trkpt>
   <trkpt lat="32.4756140" lon="-111.2953280">
    <ele>577.6</ele>
   </trkpt>
   <trkpt lat="32.4758390" lon="-111.2953710">
    <ele>577.6</ele>
   </trkpt>
   <trkpt lat="32.4760430" lon="-111.2953920">
    <ele>577.6</ele>
   </trkpt>
   <trkpt lat="32.4760940" lon="-111.2954010">
    <ele>577.8</ele>
   </trkpt>
   <trkpt lat="32.4761400" lon="-111.2954020">
    <ele>577.6</ele>
   </trkpt>
   <trkpt lat="32.4762730" lon="-111.2954090">
    <ele>577.6</ele>
   </trkpt>
   <trkpt lat="32.4764080" lon="-111.2953200">
    <ele>577.6</ele>
   </trkpt>
   <trkpt lat="32.4764990" lon="-111.2951290">
    <ele>577.6</ele>
   </trkpt>
   <trkpt lat="32.4765250" lon="-111.2948080">
    <ele>577.6</ele>
   </trkpt>
   <trkpt lat="32.4764820" lon="-111.2946770">
    <ele>577.6</ele>
   </trkpt>
   <trkpt lat="32.4763400" lon="-111.2946080">
    <ele>577.4</ele>
   </trkpt>
   <trkpt lat="32.4762860" lon="-111.2945820">
    <ele>577.4</ele>
   </trkpt>
   <trkpt lat="32.4762190" lon="-111.2944780">
    <ele>577.8</ele>
   </trkpt>
   <trkpt lat="32.4761990" lon="-111.2943040">
    <ele>578.2</ele>
   </trkpt>
   <trkpt lat="32.4762080" lon="-111.2942140">
    <ele>578.2</ele>
   </trkpt>
   <trkpt lat="32.4762390" lon="-111.2941260">
    <ele>578.4</ele>
   </trkpt>
   <trkpt lat="32.4763450" lon="-111.2939400">
    <ele>578.2</ele>
   </trkpt>
   <trkpt lat="32.4764020" lon="-111.2937570">
    <ele>578.0</ele>
   </trkpt>
   <trkpt lat="32.4764090" lon="-111.2937020">
    <ele>578.0</ele>
   </trkpt>
   <trkpt lat="32.4764070" lon="-111.2936580">
    <ele>578.0</ele>
   </trkpt>
   <trkpt lat="32.4763940" lon="-111.2935840">
    <ele>578.2</ele>
   </trkpt>
   <trkpt lat="32.4763890" lon="-111.2934380">
    <ele>578.4</ele>
   </trkpt>
   <trkpt lat="32.4763910" lon="-111.2931670">
    <ele>578.4</ele>
   </trkpt>
   <trkpt lat="32.4763970" lon="-111.2930700">
    <ele>578.4</ele>
   </trkpt>
   <trkpt lat="32.4763690" lon="-111.2929100">
    <ele>578.0</ele>
   </trkpt>
   <trkpt lat="32.4762670" lon="-111.2928570">
    <ele>577.8</ele>
   </trkpt>
   <trkpt lat="32.4761510" lon="-111.2929330">
    <ele>577.8</ele>
   </trkpt>
   <trkpt lat="32.4760940" lon="-111.2930860">
    <ele>578.0</ele>
   </trkpt>
   <trkpt lat="32.4760830" lon="-111.2931740">
    <ele>578.0</ele>
   </trkpt>
   <trkpt lat="32.4760220" lon="-111.2934290">
    <ele>578.2</ele>
   </trkpt>
   <trkpt lat="32.4759710" lon="-111.2934540">
    <ele>578.2</ele>
   </trkpt>
   <trkpt lat="32.4758610" lon="-111.2934000">
    <ele>578.2</ele>
   </trkpt>
   <trkpt lat="32.4758240" lon="-111.2932570">
    <ele>578.4</ele>
   </trkpt>
   <trkpt lat="32.4758390" lon="-111.2931260">
    <ele>578.4</ele>
   </trkpt>
   <trkpt lat="32.4758420" lon="-111.2930680">
    <ele>578.4</ele>
   </trkpt>
   <trkpt lat="32.4758440" lon="-111.2930040">
    <ele>578.4</ele>
   </trkpt>
   <trkpt lat="32.4758450" lon="-111.2928740">
    <ele>578.4</ele>
   </trkpt>
   <trkpt lat="32.4757970" lon="-111.2927340">
    <ele>578.4</ele>
   </trkpt>
   <trkpt lat="32.4757280" lon="-111.2926790">
    <ele>578.4</ele>
   </trkpt>
   <trkpt lat="32.4756860" lon="-111.2926690">
    <ele>578.4</ele>
   </trkpt>
   <trkpt lat="32.4755420" lon="-111.2927110">
    <ele>578.4</ele>
   </trkpt>
   <trkpt lat="32.4754940" lon="-111.2928510">
    <ele>578.4</ele>
   </trkpt>
   <trkpt lat="32.4754870" lon="-111.2929460">
    <ele>578.4</ele>
   </trkpt>
   <trkpt lat="32.4754830" lon="-111.2930870">
    <ele>578.4</ele>
   </trkpt>
   <trkpt lat="32.4755010" lon="-111.2933170">
    <ele>578.6</ele>
   </trkpt>
   <trkpt lat="32.4754810" lon="-111.2934110">
    <ele>578.2</ele>
   </trkpt>
   <trkpt lat="32.4754420" lon="-111.2934480">
    <ele>578.4</ele>
   </trkpt>
   <trkpt lat="32.4753750" lon="-111.2934660">
    <ele>578.2</ele>
   </trkpt>
   <trkpt lat="32.4752960" lon="-111.2934580">
    <ele>578.2</ele>
   </trkpt>
   <trkpt lat="32.4752310" lon="-111.2934420">
    <ele>578.2</ele>
   </trkpt>
   <trkpt lat="32.4751860" lon="-111.2934020">
    <ele>578.4</ele>
   </trkpt>
   <trkpt lat="32.4751710" lon="-111.2932300">
    <ele>578.4</ele>
   </trkpt>
   <trkpt lat="32.4751470" lon="-111.2930590">
    <ele>578.6</ele>
   </trkpt>
   <trkpt lat="32.4751200" lon="-111.2929600">
    <ele>578.6</ele>
   </trkpt>
   <trkpt lat="32.4750910" lon="-111.2928920">
    <ele>578.6</ele>
   </trkpt>
   <trkpt lat="32.4750490" lon="-111.2928340">
    <ele>578.6</ele>
   </trkpt>
   <trkpt lat="32.4749590" lon="-111.2927740">
    <ele>578.6</ele>
   </trkpt>
   <trkpt lat="32.4748460" lon="-111.2927470">
    <ele>578.4</ele>
   </trkpt>
   <trkpt lat="32.4747020" lon="-111.2927310">
    <ele>578.2</ele>
   </trkpt>
   <trkpt lat="32.4745800" lon="-111.2927290">
    <ele>578.4</ele>
   </trkpt>
   <trkpt lat="32.4744400" lon="-111.2927380">
    <ele>578.2</ele>
   </trkpt>
   <trkpt lat="32.4742550" lon="-111.2927560">
    <ele>578.4</ele>
   </trkpt>
   <trkpt lat="32.4741810" lon="-111.2927570">
    <ele>578.8</ele>
   </trkpt>
   <trkpt lat="32.4740450" lon="-111.2927510">
    <ele>578.6</ele>
   </trkpt>
   <trkpt lat="32.4739820" lon="-111.2927690">
    <ele>578.4</ele>
   </trkpt>
   <trkpt lat="32.4739370" lon="-111.2927990">
    <ele>578.2</ele>
   </trkpt>
   <trkpt lat="32.4739090" lon="-111.2928390">
    <ele>578.2</ele>
   </trkpt>
   <trkpt lat="32.4738910" lon="-111.2928830">
    <ele>578.2</ele>
   </trkpt>
   <trkpt lat="32.4738980" lon="-111.2929680">
    <ele>578.4</ele>
   </trkpt>
   <trkpt lat="32.4739460" lon="-111.2930520">
    <ele>578.4</ele>
   </trkpt>
   <trkpt lat="32.4739800" lon="-111.2930850">
    <ele>578.4</ele>
   </trkpt>
   <trkpt lat="32.4740300" lon="-111.2931120">
    <ele>578.4</ele>
   </trkpt>
   <trkpt lat="32.4741670" lon="-111.2931470">
    <ele>578.6</ele>
   </trkpt>
   <trkpt lat="32.4743000" lon="-111.2931640">
    <ele>578.6</ele>
   </trkpt>
   <trkpt lat="32.4744390" lon="-111.2932100">
    <ele>578.6</ele>
   </trkpt>
   <trkpt lat="32.4746210" lon="-111.2931910">
    <ele>578.6</ele>
   </trkpt>
   <trkpt lat="32.4747670" lon="-111.2932050">
    <ele>578.8</ele>
   </trkpt>
   <trkpt lat="32.4748510" lon="-111.2932520">
    <ele>578.8</ele>
   </trkpt>
   <trkpt lat="32.4748960" lon="-111.2933020">
    <ele>578.8</ele>
   </trkpt>
   <trkpt lat="32.4749720" lon="-111.2934320">
    <ele>578.6</ele>
   </trkpt>
   <trkpt lat="32.4750570" lon="-111.2935950">
    <ele>578.6</ele>
   </trkpt>
   <trkpt lat="32.4750740" lon="-111.2936700">
    <ele>578.4</ele>
   </trkpt>
   <trkpt lat="32.4750620" lon="-111.2937190">
    <ele>578.4</ele>
   </trkpt>
   <trkpt lat="32.4750230" lon="-111.2937470">
    <ele>578.6</ele>
   </trkpt>
   <trkpt lat="32.4749620" lon="-111.2937610">
    <ele>578.4</ele>
   </trkpt>
   <trkpt lat="32.4748460" lon="-111.2936980">
    <ele>578.4</ele>
   </trkpt>
   <trkpt lat="32.4746920" lon="-111.2936150">
    <ele>578.4</ele>
   </trkpt>
   <trkpt lat="32.4745840" lon="-111.2936130">
    <ele>578.4</ele>
   </trkpt>
   <trkpt lat="32.4744570" lon="-111.2936190">
    <ele>578.2</ele>
   </trkpt>
   <trkpt lat="32.4743990" lon="-111.2936130">
    <ele>578.2</ele>
   </trkpt>
   <trkpt lat="32.4743400" lon="-111.2936040">
    <ele>578.4</ele>
   </trkpt>
   <trkpt lat="32.4741060" lon="-111.2935880">
    <ele>578.4</ele>
   </trkpt>
   <trkpt lat="32.4739690" lon="-111.2936440">
    <ele>578.4</ele>
   </trkpt>
   <trkpt lat="32.4739400" lon="-111.2936850">
    <ele>578.4</ele>
   </trkpt>
   <trkpt lat="32.4738950" lon="-111.2938440">
    <ele>578.2</ele>
   </trkpt>
   <trkpt lat="32.4739210" lon="-111.2939640">
    <ele>578.4</ele>
   </trkpt>
   <trkpt lat="32.4739460" lon="-111.2939950">
    <ele>578.4</ele>
   </trkpt>
   <trkpt lat="32.4740390" lon="-111.2940560">
    <ele>578.6</ele>
   </trkpt>
   <trkpt lat="32.4742470" lon="-111.2941030">
    <ele>578.6</ele>
   </trkpt>
   <trkpt lat="32.4744750" lon="-111.2941400">
    <ele>578.6</ele>
   </trkpt>
   <trkpt lat="32.4745590" lon="-111.2941430">
    <ele>578.6</ele>
   </trkpt>
   <trkpt lat="32.4746790" lon="-111.2941390">
    <ele>578.6</ele>
   </trkpt>
   <trkpt lat="32.4749540" lon="-111.2941520">
    <ele>578.8</ele>
   </trkpt>
   <trkpt lat="32.4751390" lon="-111.2941510">
    <ele>578.8</ele>
   </trkpt>
   <trkpt lat="32.4751720" lon="-111.2941280">
    <ele>578.8</ele>
   </trkpt>
   <trkpt lat="32.4752090" lon="-111.2940810">
    <ele>578.6</ele>
   </trkpt>
   <trkpt lat="32.4753100" lon="-111.2938950">
    <ele>578.6</ele>
   </trkpt>
   <trkpt lat="32.4753440" lon="-111.2938580">
    <ele>578.6</ele>
   </trkpt>
   <trkpt lat="32.4753880" lon="-111.2938410">
    <ele>578.8</ele>
   </trkpt>
   <trkpt lat="32.4754200" lon="-111.2938550">
    <ele>578.6</ele>
   </trkpt>
   <trkpt lat="32.4754430" lon="-111.2938890">
    <ele>578.8</ele>
   </trkpt>
   <trkpt lat="32.4754880" lon="-111.2939870">
    <ele>578.8</ele>
   </trkpt>
   <trkpt lat="32.4755230" lon="-111.2940260">
    <ele>578.8</ele>
   </trkpt>
   <trkpt lat="32.4756110" lon="-111.2940230">
    <ele>578.8</ele>
   </trkpt>
   <trkpt lat="32.4758600" lon="-111.2938720">
    <ele>578.8</ele>
   </trkpt>
   <trkpt lat="32.4759520" lon="-111.2939230">
    <ele>578.6</ele>
   </trkpt>
   <trkpt lat="32.4759620" lon="-111.2941840">
    <ele>579.0</ele>
   </trkpt>
   <trkpt lat="32.4759930" lon="-111.2945340">
    <ele>579.0</ele>
   </trkpt>
   <trkpt lat="32.4760640" lon="-111.2947540">
    <ele>578.8</ele>
   </trkpt>
   <trkpt lat="32.4760970" lon="-111.2948420">
    <ele>578.6</ele>
   </trkpt>
   <trkpt lat="32.4761260" lon="-111.2949520">
    <ele>578.6</ele>
   </trkpt>
   <trkpt lat="32.4761270" lon="-111.2950700">
    <ele>578.2</ele>
   </trkpt>
   <trkpt lat="32.4760940" lon="-111.2951360">
    <ele>578.2</ele>
   </trkpt>
   <trkpt lat="32.4760470" lon="-111.2951740">
    <ele>578.2</ele>
   </trkpt>
   <trkpt lat="32.4760020" lon="-111.2951700">
    <ele>578.2</ele>
   </trkpt>
   <trkpt lat="32.4759620" lon="-111.2951540">
    <ele>578.4</ele>
   </trkpt>
   <trkpt lat="32.4758920" lon="-111.2951130">
    <ele>578.4</ele>
   </trkpt>
   <trkpt lat="32.4757720" lon="-111.2949900">
    <ele>578.4</ele>
   </trkpt>
   <trkpt lat="32.4755110" lon="-111.2947000">
    <ele>578.2</ele>
   </trkpt>
   <trkpt lat="32.4754590" lon="-111.2946540">
    <ele>578.4</ele>
   </trkpt>
   <trkpt lat="32.4753150" lon="-111.2945650">
    <ele>578.4</ele>
   </trkpt>
   <trkpt lat="32.4752270" lon="-111.2945320">
    <ele>578.2</ele>
   </trkpt>
   <trkpt lat="32.4751500" lon="-111.2945200">
    <ele>578.2</ele>
   </trkpt>
   <trkpt lat="32.4749430" lon="-111.2945290">
    <ele>578.0</ele>
   </trkpt>
   <trkpt lat="32.4748500" lon="-111.2946510">
    <ele>578.2</ele>
   </trkpt>
   <trkpt lat="32.4748210" lon="-111.2949800">
    <ele>578.4</ele>
   </trkpt>
   <trkpt lat="32.4748300" lon="-111.2950940">
    <ele>578.4</ele>
   </trkpt>
   <trkpt lat="32.4748540" lon="-111.2951720">
    <ele>578.4</ele>
   </trkpt>
   <trkpt lat="32.4749140" lon="-111.2952210">
    <ele>578.4</ele>
   </trkpt>
   <trkpt lat="32.4751530" lon="-111.2952020">
    <ele>578.4</ele>
   </trkpt>
   <trkpt lat="32.4752490" lon="-111.2952030">
    <ele>578.4</ele>
   </trkpt>
   <trkpt lat="32.4754350" lon="-111.2952800">
    <ele>578.4</ele>
   </trkpt>
   <trkpt lat="32.4756390" lon="-111.2953680">
    <ele>578.4</ele>
   </trkpt>
   <trkpt lat="32.4757510" lon="-111.2953900">
    <ele>578.4</ele>
   </trkpt>
   <trkpt lat="32.4761250" lon="-111.2954210">
    <ele>578.4</ele>
   </trkpt>
   <trkpt lat="32.4762750" lon="-111.2954090">
    <ele>578.2</ele>
   </trkpt>
   <trkpt lat="32.4763610" lon="-111.2953650">
    <ele>578.2</ele>
   </trkpt>
   <trkpt lat="32.4764300" lon="-111.2952870">
    <ele>578.2</ele>
   </trkpt>
   <trkpt lat="32.4765230" lon="-111.2950780">
    <ele>578.4</ele>
   </trkpt>
   <trkpt lat="32.4765150" lon="-111.2947380">
    <ele>578.2</ele>
   </trkpt>
   <trkpt lat="32.4764100" lon="-111.2946160">
    <ele>578.2</ele>
   </trkpt>
   <trkpt lat="32.4763040" lon="-111.2945760">
    <ele>578.4</ele>
   </trkpt>
   <trkpt lat="32.4762560" lon="-111.2945270">
    <ele>578.6</ele>
   </trkpt>
   <trkpt lat="32.4762170" lon="-111.2943880">
    <ele>578.8</ele>
   </trkpt>
   <trkpt lat="32.4762190" lon="-111.2942950">
    <ele>579.2</ele>
   </trkpt>
   <trkpt lat="32.4762340" lon="-111.2941980">
    <ele>579.4</ele>
   </trkpt>
   <trkpt lat="32.4763250" lon="-111.2940120">
    <ele>579.4</ele>
   </trkpt>
   <trkpt lat="32.4763790" lon="-111.2939090">
    <ele>579.2</ele>
   </trkpt>
   <trkpt lat="32.4764430" lon="-111.2936930">
    <ele>579.0</ele>
   </trkpt>
   <trkpt lat="32.4764400" lon="-111.2935780">
    <ele>579.0</ele>
   </trkpt>
   <trkpt lat="32.4764370" lon="-111.2935340">
    <ele>579.0</ele>
   </trkpt>
   <trkpt lat="32.4764280" lon="-111.2934220">
    <ele>579.0</ele>
   </trkpt>
   <trkpt lat="32.4764270" lon="-111.2932880">
    <ele>579.2</ele>
   </trkpt>
   <trkpt lat="32.4764300" lon="-111.2930060">
    <ele>579.0</ele>
   </trkpt>
   <trkpt lat="32.4763510" lon="-111.2928930">
    <ele>578.8</ele>
   </trkpt>
   <trkpt lat="32.4762290" lon="-111.2929120">
    <ele>578.6</ele>
   </trkpt>
   <trkpt lat="32.4761260" lon="-111.2930270">
    <ele>578.6</ele>
   </trkpt>
   <trkpt lat="32.4761030" lon="-111.2931080">
    <ele>578.6</ele>
   </trkpt>
   <trkpt lat="32.4760250" lon="-111.2934030">
    <ele>578.8</ele>
   </trkpt>
   <trkpt lat="32.4758890" lon="-111.2934510">
    <ele>579.0</ele>
   </trkpt>
   <trkpt lat="32.4758280" lon="-111.2934130">
    <ele>579.0</ele>
   </trkpt>
   <trkpt lat="32.4757960" lon="-111.2933380">
    <ele>579.0</ele>
   </trkpt>
   <trkpt lat="32.4757970" lon="-111.2930150">
    <ele>579.0</ele>
   </trkpt>
   <trkpt lat="32.4757950" lon="-111.2929120">
    <ele>579.0</ele>
   </trkpt>
   <trkpt lat="32.4757880" lon="-111.2928030">
    <ele>578.8</ele>
   </trkpt>
   <trkpt lat="32.4757340" lon="-111.2927460">
    <ele>579.0</ele>
   </trkpt>
   <trkpt lat="32.4756560" lon="-111.2927420">
    <ele>578.8</ele>
   </trkpt>
   <trkpt lat="32.4756160" lon="-111.2927540">
    <ele>578.8</ele>
   </trkpt>
   <trkpt lat="32.4756160" lon="-111.2927540">
    <ele>579.0</ele>
   </trkpt>
   <trkpt lat="32.4755640" lon="-111.2927960">
    <ele>578.6</ele>
   </trkpt>
   <trkpt lat="32.4755490" lon="-111.2928290">
    <ele>578.6</ele>
   </trkpt>
   <trkpt lat="32.4755400" lon="-111.2929290">
    <ele>578.6</ele>
   </trkpt>
   <trkpt lat="32.4755310" lon="-111.2931750">
    <ele>578.8</ele>
   </trkpt>
   <trkpt lat="32.4755300" lon="-111.2932480">
    <ele>578.8</ele>
   </trkpt>
   <trkpt lat="32.4755290" lon="-111.2933070">
    <ele>579.0</ele>
   </trkpt>
   <trkpt lat="32.4754970" lon="-111.2934200">
    <ele>578.8</ele>
   </trkpt>
   <trkpt lat="32.4754460" lon="-111.2934580">
    <ele>578.8</ele>
   </trkpt>
   <trkpt lat="32.4753070" lon="-111.2934660">
    <ele>578.6</ele>
   </trkpt>
   <trkpt lat="32.4752480" lon="-111.2934430">
    <ele>578.4</ele>
   </trkpt>
   <trkpt lat="32.4752080" lon="-111.2934150">
    <ele>578.4</ele>
   </trkpt>
   <trkpt lat="32.4751880" lon="-111.2933900">
    <ele>578.4</ele>
   </trkpt>
   <trkpt lat="32.4751730" lon="-111.2933380">
    <ele>578.6</ele>
   </trkpt>
   <trkpt lat="32.4751660" lon="-111.2932250">
    <ele>578.8</ele>
   </trkpt>
   <trkpt lat="32.4751590" lon="-111.2931660">
    <ele>579.0</ele>
   </trkpt>
   <trkpt lat="32.4751230" lon="-111.2930020">
    <ele>579.0</ele>
   </trkpt>
   <trkpt lat="32.4750940" lon="-111.2929420">
    <ele>579.0</ele>
   </trkpt>
   <trkpt lat="32.4750480" lon="-111.2928720">
    <ele>579.0</ele>
   </trkpt>
   <trkpt lat="32.4749840" lon="-111.2928280">
    <ele>578.8</ele>
   </trkpt>
   <trkpt lat="32.4748170" lon="-111.2927700">
    <ele>578.8</ele>
   </trkpt>
   <trkpt lat="32.4746010" lon="-111.2927040">
    <ele>579.0</ele>
   </trkpt>
   <trkpt lat="32.4744990" lon="-111.2927140">
    <ele>578.8</ele>
   </trkpt>
   <trkpt lat="32.4743210" lon="-111.2927300">
    <ele>578.8</ele>
   </trkpt>
   <trkpt lat="32.4741950" lon="-111.2927330">
    <ele>579.6</ele>
   </trkpt>
   <trkpt lat="32.4740560" lon="-111.2927390">
    <ele>578.8</ele>
   </trkpt>
   <trkpt lat="32.4740220" lon="-111.2927430">
    <ele>578.6</ele>
   </trkpt>
   <trkpt lat="32.4740010" lon="-111.2927480">
    <ele>578.6</ele>
   </trkpt>
   <trkpt lat="32.4740010" lon="-111.2927480">
    <ele>578.6</ele>
   </trkpt>
   <trkpt lat="32.4739680" lon="-111.2927730">
    <ele>578.6</ele>
   </trkpt>
   <trkpt lat="32.4739040" lon="-111.2928310">
    <ele>578.8</ele>
   </trkpt>
   <trkpt lat="32.4738830" lon="-111.2928710">
    <ele>578.8</ele>
   </trkpt>
   <trkpt lat="32.4738730" lon="-111.2929030">
    <ele>578.8</ele>
   </trkpt>
   <trkpt lat="32.4738750" lon="-111.2929380">
    <ele>579.0</ele>
   </trkpt>
   <trkpt lat="32.4738890" lon="-111.2929700">
    <ele>579.0</ele>
   </trkpt>
   <trkpt lat="32.4739170" lon="-111.2930130">
    <ele>579.0</ele>
   </trkpt>
   <trkpt lat="32.4739820" lon="-111.2930910">
    <ele>579.0</ele>
   </trkpt>
   <trkpt lat="32.4740340" lon="-111.2931160">
    <ele>578.8</ele>
   </trkpt>
   <trkpt lat="32.4741060" lon="-111.2931320">
    <ele>578.8</ele>
   </trkpt>
   <trkpt lat="32.4742660" lon="-111.2931510">
    <ele>578.8</ele>
   </trkpt>
   <trkpt lat="32.4743450" lon="-111.2931750">
    <ele>578.8</ele>
   </trkpt>
   <trkpt lat="32.4744610" lon="-111.2931970">
    <ele>578.8</ele>
   </trkpt>
   <trkpt lat="32.4745040" lon="-111.2931960">
    <ele>578.8</ele>
   </trkpt>
   <trkpt lat="32.4747460" lon="-111.2931860">
    <ele>578.8</ele>
   </trkpt>
   <trkpt lat="32.4748930" lon="-111.2932690">
    <ele>578.8</ele>
   </trkpt>
   <trkpt lat="32.4749330" lon="-111.2933240">
    <ele>578.8</ele>
   </trkpt>
   <trkpt lat="32.4750470" lon="-111.2935430">
    <ele>578.6</ele>
   </trkpt>
   <trkpt lat="32.4750740" lon="-111.2936220">
    <ele>578.6</ele>
   </trkpt>
   <trkpt lat="32.4750770" lon="-111.2936940">
    <ele>578.6</ele>
   </trkpt>
   <trkpt lat="32.4750560" lon="-111.2937420">
    <ele>578.6</ele>
   </trkpt>
   <trkpt lat="32.4749590" lon="-111.2937740">
    <ele>578.6</ele>
   </trkpt>
   <trkpt lat="32.4748280" lon="-111.2936880">
    <ele>578.4</ele>
   </trkpt>
   <trkpt lat="32.4746730" lon="-111.2936110">
    <ele>578.2</ele>
   </trkpt>
   <trkpt lat="32.4745440" lon="-111.2936120">
    <ele>578.2</ele>
   </trkpt>
   <trkpt lat="32.4745050" lon="-111.2936130">
    <ele>578.2</ele>
   </trkpt>
   <trkpt lat="32.4743450" lon="-111.2936120">
    <ele>578.8</ele>
   </trkpt>
   <trkpt lat="32.4741550" lon="-111.2935930">
    <ele>578.4</ele>
   </trkpt>
   <trkpt lat="32.4740700" lon="-111.2936080">
    <ele>578.4</ele>
   </trkpt>
   <trkpt lat="32.4739380" lon="-111.2937010">
    <ele>578.6</ele>
   </trkpt>
   <trkpt lat="32.4739010" lon="-111.2938170">
    <ele>578.6</ele>
   </trkpt>
   <trkpt lat="32.4739070" lon="-111.2938800">
    <ele>578.6</ele>
   </trkpt>
   <trkpt lat="32.4739250" lon="-111.2939230">
    <ele>578.6</ele>
   </trkpt>
   <trkpt lat="32.4739640" lon="-111.2939890">
    <ele>578.6</ele>
   </trkpt>
   <trkpt lat="32.4741230" lon="-111.2940660">
    <ele>578.6</ele>
   </trkpt>
   <trkpt lat="32.4742070" lon="-111.2940850">
    <ele>578.8</ele>
   </trkpt>
   <trkpt lat="32.4743500" lon="-111.2941030">
    <ele>578.8</ele>
   </trkpt>
   <trkpt lat="32.4745580" lon="-111.2941300">
    <ele>578.6</ele>
   </trkpt>
   <trkpt lat="32.4746860" lon="-111.2941300">
    <ele>578.6</ele>
   </trkpt>
   <trkpt lat="32.4749160" lon="-111.2941480">
    <ele>578.8</ele>
   </trkpt>
   <trkpt lat="32.4749830" lon="-111.2941530">
    <ele>578.8</ele>
   </trkpt>
   <trkpt lat="32.4751530" lon="-111.2941280">
    <ele>578.8</ele>
   </trkpt>
   <trkpt lat="32.4752220" lon="-111.2940340">
    <ele>578.8</ele>
   </trkpt>
   <trkpt lat="32.4752600" lon="-111.2939660">
    <ele>578.8</ele>
   </trkpt>
   <trkpt lat="32.4753330" lon="-111.2938600">
    <ele>578.8</ele>
   </trkpt>
   <trkpt lat="32.4754030" lon="-111.2938370">
    <ele>578.8</ele>
   </trkpt>
   <trkpt lat="32.4754640" lon="-111.2939270">
    <ele>578.8</ele>
   </trkpt>
   <trkpt lat="32.4754910" lon="-111.2939710">
    <ele>578.8</ele>
   </trkpt>
   <trkpt lat="32.4755780" lon="-111.2940270">
    <ele>578.8</ele>
   </trkpt>
   <trkpt lat="32.4756930" lon="-111.2939710">
    <ele>578.6</ele>
   </trkpt>
   <trkpt lat="32.4757610" lon="-111.2939250">
    <ele>578.6</ele>
   </trkpt>
   <trkpt lat="32.4758400" lon="-111.2938820">
    <ele>578.6</ele>
   </trkpt>
   <trkpt lat="32.4759240" lon="-111.2938860">
    <ele>578.8</ele>
   </trkpt>
   <trkpt lat="32.4759490" lon="-111.2939880">
    <ele>578.8</ele>
   </trkpt>
   <trkpt lat="32.4759500" lon="-111.2940910">
    <ele>578.8</ele>
   </trkpt>
   <trkpt lat="32.4759490" lon="-111.2941550">
    <ele>578.8</ele>
   </trkpt>
   <trkpt lat="32.4759510" lon="-111.2943550">
    <ele>579.2</ele>
   </trkpt>
   <trkpt lat="32.4759640" lon="-111.2945110">
    <ele>579.0</ele>
   </trkpt>
   <trkpt lat="32.4759950" lon="-111.2945990">
    <ele>578.8</ele>
   </trkpt>
   <trkpt lat="32.4761110" lon="-111.2948960">
    <ele>578.2</ele>
   </trkpt>
   <trkpt lat="32.4761070" lon="-111.2950040">
    <ele>578.2</ele>
   </trkpt>
   <trkpt lat="32.4760780" lon="-111.2950930">
    <ele>578.2</ele>
   </trkpt>
   <trkpt lat="32.4760360" lon="-111.2951510">
    <ele>578.2</ele>
   </trkpt>
   <trkpt lat="32.4759930" lon="-111.2951560">
    <ele>578.4</ele>
   </trkpt>
   <trkpt lat="32.4759510" lon="-111.2951250">
    <ele>578.4</ele>
   </trkpt>
   <trkpt lat="32.4758960" lon="-111.2950990">
    <ele>578.4</ele>
   </trkpt>
   <trkpt lat="32.4757710" lon="-111.2950000">
    <ele>578.4</ele>
   </trkpt>
   <trkpt lat="32.4756110" lon="-111.2948110">
    <ele>578.4</ele>
   </trkpt>
   <trkpt lat="32.4755680" lon="-111.2947600">
    <ele>578.4</ele>
   </trkpt>
   <trkpt lat="32.4754160" lon="-111.2946070">
    <ele>578.2</ele>
   </trkpt>
   <trkpt lat="32.4753390" lon="-111.2945600">
    <ele>578.2</ele>
   </trkpt>
   <trkpt lat="32.4752700" lon="-111.2945350">
    <ele>578.4</ele>
   </trkpt>
   <trkpt lat="32.4750820" lon="-111.2945150">
    <ele>578.0</ele>
   </trkpt>
   <trkpt lat="32.4749840" lon="-111.2945150">
    <ele>578.0</ele>
   </trkpt>
   <trkpt lat="32.4748820" lon="-111.2945530">
    <ele>578.0</ele>
   </trkpt>
   <trkpt lat="32.4748410" lon="-111.2946240">
    <ele>578.0</ele>
   </trkpt>
   <trkpt lat="32.4748260" lon="-111.2947070">
    <ele>578.2</ele>
   </trkpt>
   <trkpt lat="32.4748210" lon="-111.2948030">
    <ele>578.2</ele>
   </trkpt>
   <trkpt lat="32.4748190" lon="-111.2950040">
    <ele>578.4</ele>
   </trkpt>
   <trkpt lat="32.4748660" lon="-111.2951480">
    <ele>578.6</ele>
   </trkpt>
   <trkpt lat="32.4750170" lon="-111.2951850">
    <ele>578.6</ele>
   </trkpt>
   <trkpt lat="32.4751960" lon="-111.2951720">
    <ele>578.6</ele>
   </trkpt>
   <trkpt lat="32.4752870" lon="-111.2951850">
    <ele>578.6</ele>
   </trkpt>
   <trkpt lat="32.4753950" lon="-111.2952270">
    <ele>578.8</ele>
   </trkpt>
   <trkpt lat="32.4755850" lon="-111.2953350">
    <ele>578.6</ele>
   </trkpt>
   <trkpt lat="32.4758910" lon="-111.2954000">
    <ele>578.4</ele>
   </trkpt>
   <trkpt lat="32.4761480" lon="-111.2954200">
    <ele>578.4</ele>
   </trkpt>
   <trkpt lat="32.4763530" lon="-111.2954000">
    <ele>578.2</ele>
   </trkpt>
   <trkpt lat="32.4764800" lon="-111.2952670">
    <ele>578.2</ele>
   </trkpt>
   <trkpt lat="32.4765420" lon="-111.2950550">
    <ele>578.4</ele>
   </trkpt>
   <trkpt lat="32.4765470" lon="-111.2949410">
    <ele>578.4</ele>
   </trkpt>
   <trkpt lat="32.4765390" lon="-111.2948310">
    <ele>578.4</ele>
   </trkpt>
   <trkpt lat="32.4764910" lon="-111.2947460">
    <ele>578.4</ele>
   </trkpt>
   <trkpt lat="32.4763070" lon="-111.2946380">
    <ele>578.4</ele>
   </trkpt>
   <trkpt lat="32.4762590" lon="-111.2946060">
    <ele>578.4</ele>
   </trkpt>
   <trkpt lat="32.4762060" lon="-111.2944440">
    <ele>578.8</ele>
   </trkpt>
   <trkpt lat="32.4762160" lon="-111.2942760">
    <ele>579.2</ele>
   </trkpt>
   <trkpt lat="32.4762490" lon="-111.2941580">
    <ele>579.2</ele>
   </trkpt>
   <trkpt lat="32.4762970" lon="-111.2940630">
    <ele>579.2</ele>
   </trkpt>
   <trkpt lat="32.4763920" lon="-111.2938770">
    <ele>579.0</ele>
   </trkpt>
   <trkpt lat="32.4764250" lon="-111.2937900">
    <ele>578.8</ele>
   </trkpt>
   <trkpt lat="32.4764380" lon="-111.2937340">
    <ele>578.8</ele>
   </trkpt>
   <trkpt lat="32.4764380" lon="-111.2936920">
    <ele>578.6</ele>
   </trkpt>
   <trkpt lat="32.4764230" lon="-111.2934860">
    <ele>578.8</ele>
   </trkpt>
   <trkpt lat="32.4764210" lon="-111.2934410">
    <ele>578.8</ele>
   </trkpt>
   <trkpt lat="32.4764110" lon="-111.2930680">
    <ele>579.0</ele>
   </trkpt>
   <trkpt lat="32.4763390" lon="-111.2928960">
    <ele>578.6</ele>
   </trkpt>
   <trkpt lat="32.4762160" lon="-111.2928650">
    <ele>578.6</ele>
   </trkpt>
   <trkpt lat="32.4761150" lon="-111.2929780">
    <ele>578.6</ele>
   </trkpt>
   <trkpt lat="32.4760900" lon="-111.2930580">
    <ele>578.6</ele>
   </trkpt>
   <trkpt lat="32.4760660" lon="-111.2932480">
    <ele>578.6</ele>
   </trkpt>
   <trkpt lat="32.4760310" lon="-111.2934230">
    <ele>578.8</ele>
   </trkpt>
   <trkpt lat="32.4759820" lon="-111.2934570">
    <ele>578.8</ele>
   </trkpt>
   <trkpt lat="32.4758830" lon="-111.2934390">
    <ele>579.0</ele>
   </trkpt>
   <trkpt lat="32.4758410" lon="-111.2933960">
    <ele>579.0</ele>
   </trkpt>
   <trkpt lat="32.4758310" lon="-111.2933440">
    <ele>579.2</ele>
   </trkpt>
   <trkpt lat="32.4758180" lon="-111.2931800">
    <ele>579.4</ele>
   </trkpt>
   <trkpt lat="32.4758170" lon="-111.2930790">
    <ele>579.4</ele>
   </trkpt>
   <trkpt lat="32.4758180" lon="-111.2929210">
    <ele>579.2</ele>
   </trkpt>
   <trkpt lat="32.4758130" lon="-111.2928350">
    <ele>579.0</ele>
   </trkpt>
   <trkpt lat="32.4757860" lon="-111.2927920">
    <ele>579.0</ele>
   </trkpt>
   <trkpt lat="32.4757100" lon="-111.2927590">
    <ele>579.0</ele>
   </trkpt>
   <trkpt lat="32.4756810" lon="-111.2927580">
    <ele>579.0</ele>
   </trkpt>
   <trkpt lat="32.4755710" lon="-111.2927900">
    <ele>578.8</ele>
   </trkpt>
   <trkpt lat="32.4755500" lon="-111.2928250">
    <ele>578.8</ele>
   </trkpt>
   <trkpt lat="32.4755360" lon="-111.2928930">
    <ele>578.8</ele>
   </trkpt>
   <trkpt lat="32.4755220" lon="-111.2930680">
    <ele>579.0</ele>
   </trkpt>
   <trkpt lat="32.4755220" lon="-111.2932530">
    <ele>579.2</ele>
   </trkpt>
   <trkpt lat="32.4755190" lon="-111.2933100">
    <ele>579.4</ele>
   </trkpt>
   <trkpt lat="32.4755160" lon="-111.2933570">
    <ele>579.4</ele>
   </trkpt>
   <trkpt lat="32.4754860" lon="-111.2934520">
    <ele>579.2</ele>
   </trkpt>
   <trkpt lat="32.4753710" lon="-111.2934970">
    <ele>579.0</ele>
   </trkpt>
   <trkpt lat="32.4752040" lon="-111.2934490">
    <ele>578.8</ele>
   </trkpt>
   <trkpt lat="32.4751550" lon="-111.2933660">
    <ele>578.8</ele>
   </trkpt>
   <trkpt lat="32.4751180" lon="-111.2930690">
    <ele>579.2</ele>
   </trkpt>
   <trkpt lat="32.4750820" lon="-111.2929510">
    <ele>579.2</ele>
   </trkpt>
   <trkpt lat="32.4750140" lon="-111.2928670">
    <ele>579.0</ele>
   </trkpt>
   <trkpt lat="32.4748730" lon="-111.2928040">
    <ele>578.6</ele>
   </trkpt>
   <trkpt lat="32.4747970" lon="-111.2927780">
    <ele>578.6</ele>
   </trkpt>
   <trkpt lat="32.4746310" lon="-111.2927600">
    <ele>578.8</ele>
   </trkpt>
   <trkpt lat="32.4745760" lon="-111.2927630">
    <ele>578.8</ele>
   </trkpt>
   <trkpt lat="32.4744740" lon="-111.2927660">
    <ele>578.8</ele>
   </trkpt>
   <trkpt lat="32.4744080" lon="-111.2927620">
    <ele>578.8</ele>
   </trkpt>
   <trkpt lat="32.4743360" lon="-111.2927610">
    <ele>578.8</ele>
   </trkpt>
   <trkpt lat="32.4742220" lon="-111.2927570">
    <ele>579.0</ele>
   </trkpt>
   <trkpt lat="32.4741150" lon="-111.2927510">
    <ele>579.6</ele>
   </trkpt>
   <trkpt lat="32.4740500" lon="-111.2927470">
    <ele>579.6</ele>
   </trkpt>
   <trkpt lat="32.4739290" lon="-111.2928030">
    <ele>578.8</ele>
   </trkpt>
   <trkpt lat="32.4738690" lon="-111.2929180">
    <ele>578.8</ele>
   </trkpt>
   <trkpt lat="32.4738700" lon="-111.2929770">
    <ele>578.8</ele>
   </trkpt>
   <trkpt lat="32.4738850" lon="-111.2930270">
    <ele>579.0</ele>
   </trkpt>
   <trkpt lat="32.4739460" lon="-111.2930970">
    <ele>579.0</ele>
   </trkpt>
   <trkpt lat="32.4740510" lon="-111.2931370">
    <ele>579.2</ele>
   </trkpt>
   <trkpt lat="32.4741430" lon="-111.2931540">
    <ele>579.0</ele>
   </trkpt>
   <trkpt lat="32.4742660" lon="-111.2931570">
    <ele>579.0</ele>
   </trkpt>
   <trkpt lat="32.4743800" lon="-111.2931920">
    <ele>579.0</ele>
   </trkpt>
   <trkpt lat="32.4744520" lon="-111.2932090">
    <ele>578.8</ele>
   </trkpt>
   <trkpt lat="32.4745780" lon="-111.2931910">
    <ele>578.8</ele>
   </trkpt>
   <trkpt lat="32.4747560" lon="-111.2931850">
    <ele>578.8</ele>
   </trkpt>
   <trkpt lat="32.4748360" lon="-111.2932050">
    <ele>578.8</ele>
   </trkpt>
   <trkpt lat="32.4749380" lon="-111.2932640">
    <ele>579.0</ele>
   </trkpt>
   <trkpt lat="32.4749590" lon="-111.2933110">
    <ele>578.8</ele>
   </trkpt>
   <trkpt lat="32.4750370" lon="-111.2935290">
    <ele>579.0</ele>
   </trkpt>
   <trkpt lat="32.4750880" lon="-111.2936630">
    <ele>578.8</ele>
   </trkpt>
   <trkpt lat="32.4750740" lon="-111.2937180">
    <ele>578.8</ele>
   </trkpt>
   <trkpt lat="32.4750340" lon="-111.2937510">
    <ele>578.8</ele>
   </trkpt>
   <trkpt lat="32.4749740" lon="-111.2937600">
    <ele>579.0</ele>
   </trkpt>
   <trkpt lat="32.4749170" lon="-111.2937440">
    <ele>579.0</ele>
   </trkpt>
   <trkpt lat="32.4747630" lon="-111.2936510">
    <ele>578.8</ele>
   </trkpt>
   <trkpt lat="32.4746010" lon="-111.2936440">
    <ele>578.8</ele>
   </trkpt>
   <trkpt lat="32.4745230" lon="-111.2936440">
    <ele>578.6</ele>
   </trkpt>
   <trkpt lat="32.4744480" lon="-111.2936450">
    <ele>578.6</ele>
   </trkpt>
   <trkpt lat="32.4743330" lon="-111.2936350">
    <ele>579.0</ele>
   </trkpt>
   <trkpt lat="32.4741660" lon="-111.2936060">
    <ele>578.8</ele>
   </trkpt>
   <trkpt lat="32.4740080" lon="-111.2936160">
    <ele>578.8</ele>
   </trkpt>
   <trkpt lat="32.4738980" lon="-111.2936800">
    <ele>579.0</ele>
   </trkpt>
   <trkpt lat="32.4738720" lon="-111.2937240">
    <ele>579.0</ele>
   </trkpt>
   <trkpt lat="32.4738620" lon="-111.2937890">
    <ele>579.0</ele>
   </trkpt>
   <trkpt lat="32.4739000" lon="-111.2939230">
    <ele>579.0</ele>
   </trkpt>
   <trkpt lat="32.4739720" lon="-111.2940140">
    <ele>579.0</ele>
   </trkpt>
   <trkpt lat="32.4740180" lon="-111.2940360">
    <ele>579.0</ele>
   </trkpt>
   <trkpt lat="32.4741190" lon="-111.2940680">
    <ele>579.2</ele>
   </trkpt>
   <trkpt lat="32.4742860" lon="-111.2940920">
    <ele>579.2</ele>
   </trkpt>
   <trkpt lat="32.4744190" lon="-111.2941060">
    <ele>579.2</ele>
   </trkpt>
   <trkpt lat="32.4745210" lon="-111.2941290">
    <ele>579.4</ele>
   </trkpt>
   <trkpt lat="32.4746350" lon="-111.2941340">
    <ele>579.4</ele>
   </trkpt>
   <trkpt lat="32.4749450" lon="-111.2941530">
    <ele>579.4</ele>
   </trkpt>
   <trkpt lat="32.4750760" lon="-111.2941570">
    <ele>579.4</ele>
   </trkpt>
   <trkpt lat="32.4751610" lon="-111.2941190">
    <ele>579.4</ele>
   </trkpt>
   <trkpt lat="32.4752790" lon="-111.2939370">
    <ele>579.4</ele>
   </trkpt>
   <trkpt lat="32.4753480" lon="-111.2938450">
    <ele>579.4</ele>
   </trkpt>
   <trkpt lat="32.4753900" lon="-111.2938290">
    <ele>579.4</ele>
   </trkpt>
   <trkpt lat="32.4754370" lon="-111.2938810">
    <ele>579.4</ele>
   </trkpt>
   <trkpt lat="32.4755410" lon="-111.2940190">
    <ele>579.4</ele>
   </trkpt>
   <trkpt lat="32.4756370" lon="-111.2939950">
    <ele>579.4</ele>
   </trkpt>
   <trkpt lat="32.4758090" lon="-111.2939010">
    <ele>579.4</ele>
   </trkpt>
   <trkpt lat="32.4758860" lon="-111.2938990">
    <ele>579.4</ele>
   </trkpt>
   <trkpt lat="32.4759300" lon="-111.2940000">
    <ele>579.4</ele>
   </trkpt>
   <trkpt lat="32.4759480" lon="-111.2941740">
    <ele>579.6</ele>
   </trkpt>
   <trkpt lat="32.4759550" lon="-111.2942420">
    <ele>579.8</ele>
   </trkpt>
   <trkpt lat="32.4759580" lon="-111.2943240">
    <ele>579.8</ele>
   </trkpt>
   <trkpt lat="32.4759670" lon="-111.2945180">
    <ele>579.8</ele>
   </trkpt>
   <trkpt lat="32.4759880" lon="-111.2946010">
    <ele>579.6</ele>
   </trkpt>
   <trkpt lat="32.4761120" lon="-111.2949280">
    <ele>579.2</ele>
   </trkpt>
   <trkpt lat="32.4761230" lon="-111.2950340">
    <ele>579.0</ele>
   </trkpt>
   <trkpt lat="32.4761050" lon="-111.2951130">
    <ele>579.0</ele>
   </trkpt>
   <trkpt lat="32.4760610" lon="-111.2951700">
    <ele>579.0</ele>
   </trkpt>
   <trkpt lat="32.4760100" lon="-111.2951830">
    <ele>579.0</ele>
   </trkpt>
   <trkpt lat="32.4759620" lon="-111.2951700">
    <ele>579.2</ele>
   </trkpt>
   <trkpt lat="32.4759000" lon="-111.2951330">
    <ele>579.2</ele>
   </trkpt>
   <trkpt lat="32.4757620" lon="-111.2949930">
    <ele>579.4</ele>
   </trkpt>
   <trkpt lat="32.4757010" lon="-111.2949170">
    <ele>579.4</ele>
   </trkpt>
   <trkpt lat="32.4755490" lon="-111.2947310">
    <ele>579.4</ele>
   </trkpt>
   <trkpt lat="32.4754450" lon="-111.2946470">
    <ele>579.4</ele>
   </trkpt>
   <trkpt lat="32.4752710" lon="-111.2945760">
    <ele>579.4</ele>
   </trkpt>
   <trkpt lat="32.4749700" lon="-111.2945610">
    <ele>579.2</ele>
   </trkpt>
   <trkpt lat="32.4748690" lon="-111.2946430">
    <ele>579.2</ele>
   </trkpt>
   <trkpt lat="32.4748210" lon="-111.2950010">
    <ele>579.2</ele>
   </trkpt>
   <trkpt lat="32.4748230" lon="-111.2950880">
    <ele>579.2</ele>
   </trkpt>
   <trkpt lat="32.4748500" lon="-111.2951580">
    <ele>579.2</ele>
   </trkpt>
   <trkpt lat="32.4748940" lon="-111.2952050">
    <ele>579.2</ele>
   </trkpt>
   <trkpt lat="32.4749500" lon="-111.2952310">
    <ele>579.0</ele>
   </trkpt>
   <trkpt lat="32.4750160" lon="-111.2952360">
    <ele>579.0</ele>
   </trkpt>
   <trkpt lat="32.4751540" lon="-111.2952120">
    <ele>579.2</ele>
   </trkpt>
   <trkpt lat="32.4752380" lon="-111.2952020">
    <ele>579.2</ele>
   </trkpt>
   <trkpt lat="32.4754350" lon="-111.2952460">
    <ele>579.4</ele>
   </trkpt>
   <trkpt lat="32.4756080" lon="-111.2953440">
    <ele>579.6</ele>
   </trkpt>
   <trkpt lat="32.4757060" lon="-111.2953780">
    <ele>579.6</ele>
   </trkpt>
   <trkpt lat="32.4758090" lon="-111.2953930">
    <ele>579.6</ele>
   </trkpt>
   <trkpt lat="32.4760020" lon="-111.2954080">
    <ele>579.6</ele>
   </trkpt>
   <trkpt lat="32.4761670" lon="-111.2954120">
    <ele>579.4</ele>
   </trkpt>
   <trkpt lat="32.4762240" lon="-111.2954090">
    <ele>579.2</ele>
   </trkpt>
   <trkpt lat="32.4763110" lon="-111.2953960">
    <ele>579.0</ele>
   </trkpt>
   <trkpt lat="32.4764690" lon="-111.2952970">
    <ele>579.4</ele>
   </trkpt>
   <trkpt lat="32.4765310" lon="-111.2951130">
    <ele>579.4</ele>
   </trkpt>
   <trkpt lat="32.4765480" lon="-111.2949970">
    <ele>579.4</ele>
   </trkpt>
   <trkpt lat="32.4765370" lon="-111.2947720">
    <ele>579.4</ele>
   </trkpt>
   <trkpt lat="32.4764980" lon="-111.2946920">
    <ele>579.4</ele>
   </trkpt>
   <trkpt lat="32.4763780" lon="-111.2946210">
    <ele>579.0</ele>
   </trkpt>
   <trkpt lat="32.4762860" lon="-111.2945730">
    <ele>579.0</ele>
   </trkpt>
   <trkpt lat="32.4762520" lon="-111.2945200">
    <ele>579.2</ele>
   </trkpt>
   <trkpt lat="32.4762320" lon="-111.2944430">
    <ele>579.6</ele>
   </trkpt>
   <trkpt lat="32.4762310" lon="-111.2942660">
    <ele>579.8</ele>
   </trkpt>
   <trkpt lat="32.4762950" lon="-111.2940790">
    <ele>580.0</ele>
   </trkpt>
   <trkpt lat="32.4763510" lon="-111.2939840">
    <ele>580.0</ele>
   </trkpt>
   <trkpt lat="32.4763920" lon="-111.2938810">
    <ele>579.8</ele>
   </trkpt>
   <trkpt lat="32.4764220" lon="-111.2937130">
    <ele>579.8</ele>
   </trkpt>
   <trkpt lat="32.4764150" lon="-111.2935460">
    <ele>579.6</ele>
   </trkpt>
   <trkpt lat="32.4764100" lon="-111.2931120">
    <ele>579.8</ele>
   </trkpt>
   <trkpt lat="32.4764070" lon="-111.2930260">
    <ele>579.8</ele>
   </trkpt>
   <trkpt lat="32.4763740" lon="-111.2929370">
    <ele>579.8</ele>
   </trkpt>
   <trkpt lat="32.4763260" lon="-111.2928870">
    <ele>579.8</ele>
   </trkpt>
   <trkpt lat="32.4762700" lon="-111.2928800">
    <ele>579.6</ele>
   </trkpt>
   <trkpt lat="32.4762080" lon="-111.2929080">
    <ele>579.6</ele>
   </trkpt>
   <trkpt lat="32.4761200" lon="-111.2930490">
    <ele>579.8</ele>
   </trkpt>
   <trkpt lat="32.4760520" lon="-111.2934230">
    <ele>580.0</ele>
   </trkpt>
   <trkpt lat="32.4759520" lon="-111.2935290">
    <ele>579.8</ele>
   </trkpt>
   <trkpt lat="32.4758430" lon="-111.2934140">
    <ele>579.8</ele>
   </trkpt>
   <trkpt lat="32.4758310" lon="-111.2933310">
    <ele>579.8</ele>
   </trkpt>
   <trkpt lat="32.4758390" lon="-111.2932370">
    <ele>579.8</ele>
   </trkpt>
   <trkpt lat="32.4758470" lon="-111.2931640">
    <ele>579.8</ele>
   </trkpt>
   <trkpt lat="32.4758440" lon="-111.2929520">
    <ele>579.8</ele>
   </trkpt>
   <trkpt lat="32.4758320" lon="-111.2928760">
    <ele>579.8</ele>
   </trkpt>
   <trkpt lat="32.4757910" lon="-111.2928150">
    <ele>579.8</ele>
   </trkpt>
   <trkpt lat="32.4757060" lon="-111.2927750">
    <ele>579.6</ele>
   </trkpt>
   <trkpt lat="32.4756800" lon="-111.2927730">
    <ele>579.4</ele>
   </trkpt>
   <trkpt lat="32.4755730" lon="-111.2927920">
    <ele>579.4</ele>
   </trkpt>
   <trkpt lat="32.4755610" lon="-111.2928060">
    <ele>579.4</ele>
   </trkpt>
   <trkpt lat="32.4755470" lon="-111.2928330">
    <ele>579.8</ele>
   </trkpt>
   <trkpt lat="32.4755270" lon="-111.2929940">
    <ele>579.8</ele>
   </trkpt>
   <trkpt lat="32.4755340" lon="-111.2931260">
    <ele>579.6</ele>
   </trkpt>
   <trkpt lat="32.4755360" lon="-111.2931940">
    <ele>579.4</ele>
   </trkpt>
   <trkpt lat="32.4755380" lon="-111.2932570">
    <ele>579.4</ele>
   </trkpt>
   <trkpt lat="32.4755330" lon="-111.2933670">
    <ele>580.0</ele>
   </trkpt>
   <trkpt lat="32.4755160" lon="-111.2934570">
    <ele>579.8</ele>
   </trkpt>
   <trkpt lat="32.4754920" lon="-111.2934890">
    <ele>579.8</ele>
   </trkpt>
   <trkpt lat="32.4754200" lon="-111.2935120">
    <ele>579.8</ele>
   </trkpt>
   <trkpt lat="32.4753530" lon="-111.2935020">
    <ele>579.8</ele>
   </trkpt>
   <trkpt lat="32.4752770" lon="-111.2934760">
    <ele>579.8</ele>
   </trkpt>
   <trkpt lat="32.4751970" lon="-111.2933940">
    <ele>579.8</ele>
   </trkpt>
   <trkpt lat="32.4751750" lon="-111.2932800">
    <ele>579.8</ele>
   </trkpt>
   <trkpt lat="32.4751580" lon="-111.2930950">
    <ele>579.8</ele>
   </trkpt>
   <trkpt lat="32.4751440" lon="-111.2930370">
    <ele>579.8</ele>
   </trkpt>
   <trkpt lat="32.4750780" lon="-111.2929020">
    <ele>579.6</ele>
   </trkpt>
   <trkpt lat="32.4750190" lon="-111.2928450">
    <ele>579.6</ele>
   </trkpt>
   <trkpt lat="32.4749870" lon="-111.2928280">
    <ele>579.6</ele>
   </trkpt>
   <trkpt lat="32.4749110" lon="-111.2928070">
    <ele>579.4</ele>
   </trkpt>
   <trkpt lat="32.4747600" lon="-111.2927790">
    <ele>579.4</ele>
   </trkpt>
   <trkpt lat="32.4746730" lon="-111.2927510">
    <ele>579.2</ele>
   </trkpt>
   <trkpt lat="32.4745730" lon="-111.2927450">
    <ele>579.2</ele>
   </trkpt>
   <trkpt lat="32.4742500" lon="-111.2927580">
    <ele>579.4</ele>
   </trkpt>
   <trkpt lat="32.4741800" lon="-111.2927590">
    <ele>579.4</ele>
   </trkpt>
   <trkpt lat="32.4740920" lon="-111.2927680">
    <ele>579.4</ele>
   </trkpt>
   <trkpt lat="32.4739690" lon="-111.2927900">
    <ele>579.2</ele>
   </trkpt>
   <trkpt lat="32.4738630" lon="-111.2928730">
    <ele>579.2</ele>
   </trkpt>
   <trkpt lat="32.4738430" lon="-111.2929870">
    <ele>579.4</ele>
   </trkpt>
   <trkpt lat="32.4738630" lon="-111.2930440">
    <ele>579.4</ele>
   </trkpt>
   <trkpt lat="32.4738990" lon="-111.2930930">
    <ele>579.4</ele>
   </trkpt>
   <trkpt lat="32.4740110" lon="-111.2931450">
    <ele>579.4</ele>
   </trkpt>
   <trkpt lat="32.4741890" lon="-111.2931580">
    <ele>579.4</ele>
   </trkpt>
   <trkpt lat="32.4743560" lon="-111.2931940">
    <ele>579.4</ele>
   </trkpt>
   <trkpt lat="32.4744410" lon="-111.2932090">
    <ele>579.4</ele>
   </trkpt>
   <trkpt lat="32.4745730" lon="-111.2931740">
    <ele>579.2</ele>
   </trkpt>
   <trkpt lat="32.4746550" lon="-111.2931640">
    <ele>579.2</ele>
   </trkpt>
   <trkpt lat="32.4748220" lon="-111.2932090">
    <ele>579.2</ele>
   </trkpt>
   <trkpt lat="32.4749120" lon="-111.2932790">
    <ele>579.6</ele>
   </trkpt>
   <trkpt lat="32.4749340" lon="-111.2933260">
    <ele>579.6</ele>
   </trkpt>
   <trkpt lat="32.4750120" lon="-111.2935480">
    <ele>579.2</ele>
   </trkpt>
   <trkpt lat="32.4750540" lon="-111.2936350">
    <ele>579.2</ele>
   </trkpt>
   <trkpt lat="32.4750450" lon="-111.2936670">
    <ele>579.2</ele>
   </trkpt>
   <trkpt lat="32.4749720" lon="-111.2937240">
    <ele>579.2</ele>
   </trkpt>
   <trkpt lat="32.4749150" lon="-111.2937360">
    <ele>579.4</ele>
   </trkpt>
   <trkpt lat="32.4748710" lon="-111.2937090">
    <ele>579.4</ele>
   </trkpt>
   <trkpt lat="32.4747350" lon="-111.2936210">
    <ele>579.2</ele>
   </trkpt>
   <trkpt lat="32.4745600" lon="-111.2936210">
    <ele>579.0</ele>
   </trkpt>
   <trkpt lat="32.4744880" lon="-111.2936420">
    <ele>578.8</ele>
   </trkpt>
   <trkpt lat="32.4744350" lon="-111.2936490">
    <ele>578.8</ele>
   </trkpt>
   <trkpt lat="32.4743870" lon="-111.2936380">
    <ele>578.8</ele>
   </trkpt>
   <trkpt lat="32.4743160" lon="-111.2936270">
    <ele>578.8</ele>
   </trkpt>
   <trkpt lat="32.4740640" lon="-111.2936290">
    <ele>578.8</ele>
   </trkpt>
   <trkpt lat="32.4739370" lon="-111.2937240">
    <ele>579.0</ele>
   </trkpt>
   <trkpt lat="32.4739110" lon="-111.2938720">
    <ele>579.0</ele>
   </trkpt>
   <trkpt lat="32.4739790" lon="-111.2939770">
    <ele>579.0</ele>
   </trkpt>
   <trkpt lat="32.4740680" lon="-111.2940360">
    <ele>579.2</ele>
   </trkpt>
   <trkpt lat="32.4741180" lon="-111.2940470">
    <ele>579.2</ele>
   </trkpt>
   <trkpt lat="32.4744350" lon="-111.2940860">
    <ele>579.4</ele>
   </trkpt>
   <trkpt lat="32.4745860" lon="-111.2940840">
    <ele>579.4</ele>
   </trkpt>
   <trkpt lat="32.4747630" lon="-111.2940950">
    <ele>579.6</ele>
   </trkpt>
   <trkpt lat="32.4748360" lon="-111.2941040">
    <ele>579.6</ele>
   </trkpt>
   <trkpt lat="32.4749590" lon="-111.2941360">
    <ele>579.6</ele>
   </trkpt>
   <trkpt lat="32.4750860" lon="-111.2941560">
    <ele>579.6</ele>
   </trkpt>
   <trkpt lat="32.4751240" lon="-111.2941470">
    <ele>579.6</ele>
   </trkpt>
   <trkpt lat="32.4751950" lon="-111.2941070">
    <ele>579.6</ele>
   </trkpt>
   <trkpt lat="32.4752570" lon="-111.2939920">
    <ele>579.8</ele>
   </trkpt>
   <trkpt lat="32.4753090" lon="-111.2938930">
    <ele>579.8</ele>
   </trkpt>
   <trkpt lat="32.4753620" lon="-111.2938300">
    <ele>579.6</ele>
   </trkpt>
   <trkpt lat="32.4754320" lon="-111.2938340">
    <ele>579.8</ele>
   </trkpt>
   <trkpt lat="32.4754560" lon="-111.2938640">
    <ele>579.8</ele>
   </trkpt>
   <trkpt lat="32.4755270" lon="-111.2940010">
    <ele>579.6</ele>
   </trkpt>
   <trkpt lat="32.4755740" lon="-111.2940220">
    <ele>579.6</ele>
   </trkpt>
   <trkpt lat="32.4756220" lon="-111.2940090">
    <ele>579.6</ele>
   </trkpt>
   <trkpt lat="32.4757620" lon="-111.2939230">
    <ele>579.4</ele>
   </trkpt>
   <trkpt lat="32.4758120" lon="-111.2938980">
    <ele>579.4</ele>
   </trkpt>
   <trkpt lat="32.4759150" lon="-111.2939060">
    <ele>579.6</ele>
   </trkpt>
   <trkpt lat="32.4759390" lon="-111.2940480">
    <ele>579.8</ele>
   </trkpt>
   <trkpt lat="32.4759410" lon="-111.2941150">
    <ele>579.8</ele>
   </trkpt>
   <trkpt lat="32.4759520" lon="-111.2942340">
    <ele>579.8</ele>
   </trkpt>
   <trkpt lat="32.4759580" lon="-111.2944910">
    <ele>579.8</ele>
   </trkpt>
   <trkpt lat="32.4760050" lon="-111.2946870">
    <ele>579.4</ele>
   </trkpt>
   <trkpt lat="32.4760510" lon="-111.2947800">
    <ele>579.2</ele>
   </trkpt>
   <trkpt lat="32.4760920" lon="-111.2948850">
    <ele>579.0</ele>
   </trkpt>
   <trkpt lat="32.4761120" lon="-111.2949930">
    <ele>579.0</ele>
   </trkpt>
   <trkpt lat="32.4761060" lon="-111.2950900">
    <ele>578.8</ele>
   </trkpt>
   <trkpt lat="32.4760680" lon="-111.2951440">
    <ele>579.0</ele>
   </trkpt>
   <trkpt lat="32.4759800" lon="-111.2951550">
    <ele>579.0</ele>
   </trkpt>
   <trkpt lat="32.4759180" lon="-111.2951340">
    <ele>579.0</ele>
   </trkpt>
   <trkpt lat="32.4758510" lon="-111.2950930">
    <ele>579.0</ele>
   </trkpt>
   <trkpt lat="32.4757170" lon="-111.2949600">
    <ele>579.2</ele>
   </trkpt>
   <trkpt lat="32.4756630" lon="-111.2948890">
    <ele>579.0</ele>
   </trkpt>
   <trkpt lat="32.4755590" lon="-111.2947720">
    <ele>579.2</ele>
   </trkpt>
   <trkpt lat="32.4752970" lon="-111.2945780">
    <ele>578.8</ele>
   </trkpt>
   <trkpt lat="32.4751040" lon="-111.2945200">
    <ele>578.8</ele>
   </trkpt>
   <trkpt lat="32.4749880" lon="-111.2945310">
    <ele>578.6</ele>
   </trkpt>
   <trkpt lat="32.4749050" lon="-111.2945630">
    <ele>578.6</ele>
   </trkpt>
   <trkpt lat="32.4748450" lon="-111.2946240">
    <ele>578.6</ele>
   </trkpt>
   <trkpt lat="32.4748200" lon="-111.2947150">
    <ele>578.6</ele>
   </trkpt>
   <trkpt lat="32.4748130" lon="-111.2948200">
    <ele>578.8</ele>
   </trkpt>
   <trkpt lat="32.4748110" lon="-111.2950380">
    <ele>579.0</ele>
   </trkpt>
   <trkpt lat="32.4748420" lon="-111.2951340">
    <ele>579.0</ele>
   </trkpt>
   <trkpt lat="32.4749050" lon="-111.2951970">
    <ele>579.0</ele>
   </trkpt>
   <trkpt lat="32.4749870" lon="-111.2952280">
    <ele>579.0</ele>
   </trkpt>
   <trkpt lat="32.4750780" lon="-111.2952160">
    <ele>579.0</ele>
   </trkpt>
   <trkpt lat="32.4751570" lon="-111.2951940">
    <ele>579.0</ele>
   </trkpt>
   <trkpt lat="32.4752730" lon="-111.2951900">
    <ele>579.0</ele>
   </trkpt>
   <trkpt lat="32.4753600" lon="-111.2952230">
    <ele>579.0</ele>
   </trkpt>
   <trkpt lat="32.4755230" lon="-111.2953280">
    <ele>579.2</ele>
   </trkpt>
   <trkpt lat="32.4756170" lon="-111.2953680">
    <ele>579.0</ele>
   </trkpt>
   <trkpt lat="32.4757180" lon="-111.2953910">
    <ele>579.0</ele>
   </trkpt>
   <trkpt lat="32.4760170" lon="-111.2954090">
    <ele>579.0</ele>
   </trkpt>
   <trkpt lat="32.4761460" lon="-111.2954200">
    <ele>578.8</ele>
   </trkpt>
   <trkpt lat="32.4762120" lon="-111.2954170">
    <ele>578.8</ele>
   </trkpt>
   <trkpt lat="32.4762850" lon="-111.2954110">
    <ele>578.8</ele>
   </trkpt>
   <trkpt lat="32.4764350" lon="-111.2952900">
    <ele>579.2</ele>
   </trkpt>
   <trkpt lat="32.4765040" lon="-111.2950820">
    <ele>579.2</ele>
   </trkpt>
   <trkpt lat="32.4765170" lon="-111.2949540">
    <ele>579.2</ele>
   </trkpt>
   <trkpt lat="32.4765110" lon="-111.2948350">
    <ele>579.2</ele>
   </trkpt>
   <trkpt lat="32.4764290" lon="-111.2946730">
    <ele>578.8</ele>
   </trkpt>
   <trkpt lat="32.4762600" lon="-111.2946090">
    <ele>578.8</ele>
   </trkpt>
   <trkpt lat="32.4761870" lon="-111.2945070">
    <ele>579.2</ele>
   </trkpt>
   <trkpt lat="32.4761750" lon="-111.2944240">
    <ele>579.8</ele>
   </trkpt>
   <trkpt lat="32.4761760" lon="-111.2943360">
    <ele>580.0</ele>
   </trkpt>
   <trkpt lat="32.4762190" lon="-111.2941560">
    <ele>580.0</ele>
   </trkpt>
   <trkpt lat="32.4763660" lon="-111.2938600">
    <ele>579.8</ele>
   </trkpt>
   <trkpt lat="32.4763840" lon="-111.2937110">
    <ele>579.4</ele>
   </trkpt>
   <trkpt lat="32.4763680" lon="-111.2935730">
    <ele>579.4</ele>
   </trkpt>
   <trkpt lat="32.4763760" lon="-111.2934090">
    <ele>579.6</ele>
   </trkpt>
   <trkpt lat="32.4763780" lon="-111.2931690">
    <ele>579.8</ele>
   </trkpt>
   <trkpt lat="32.4763680" lon="-111.2929470">
    <ele>579.6</ele>
   </trkpt>
   <trkpt lat="32.4763350" lon="-111.2928920">
    <ele>579.6</ele>
   </trkpt>
   <trkpt lat="32.4762950" lon="-111.2928810">
    <ele>579.4</ele>
   </trkpt>
   <trkpt lat="32.4762350" lon="-111.2928970">
    <ele>579.4</ele>
   </trkpt>
   <trkpt lat="32.4761790" lon="-111.2929390">
    <ele>579.2</ele>
   </trkpt>
   <trkpt lat="32.4761340" lon="-111.2930170">
    <ele>579.2</ele>
   </trkpt>
   <trkpt lat="32.4761150" lon="-111.2931060">
    <ele>579.4</ele>
   </trkpt>
   <trkpt lat="32.4760550" lon="-111.2934060">
    <ele>579.4</ele>
   </trkpt>
   <trkpt lat="32.4759450" lon="-111.2934930">
    <ele>579.6</ele>
   </trkpt>
   <trkpt lat="32.4758570" lon="-111.2933860">
    <ele>579.8</ele>
   </trkpt>
   <trkpt lat="32.4758400" lon="-111.2932970">
    <ele>579.8</ele>
   </trkpt>
   <trkpt lat="32.4758300" lon="-111.2931110">
    <ele>579.8</ele>
   </trkpt>
   <trkpt lat="32.4758150" lon="-111.2928650">
    <ele>579.6</ele>
   </trkpt>
   <trkpt lat="32.4757800" lon="-111.2928020">
    <ele>579.6</ele>
   </trkpt>
   <trkpt lat="32.4756920" lon="-111.2927590">
    <ele>579.4</ele>
   </trkpt>
   <trkpt lat="32.4756540" lon="-111.2927620">
    <ele>579.4</ele>
   </trkpt>
   <trkpt lat="32.4755910" lon="-111.2927760">
    <ele>579.4</ele>
   </trkpt>
   <trkpt lat="32.4755410" lon="-111.2928550">
    <ele>579.4</ele>
   </trkpt>
   <trkpt lat="32.4755480" lon="-111.2931060">
    <ele>579.4</ele>
   </trkpt>
   <trkpt lat="32.4755530" lon="-111.2932900">
    <ele>579.6</ele>
   </trkpt>
   <trkpt lat="32.4755480" lon="-111.2933440">
    <ele>579.8</ele>
   </trkpt>
   <trkpt lat="32.4755050" lon="-111.2934490">
    <ele>579.6</ele>
   </trkpt>
   <trkpt lat="32.4754570" lon="-111.2934910">
    <ele>579.6</ele>
   </trkpt>
   <trkpt lat="32.4753880" lon="-111.2935080">
    <ele>579.4</ele>
   </trkpt>
   <trkpt lat="32.4752580" lon="-111.2934800">
    <ele>579.6</ele>
   </trkpt>
   <trkpt lat="32.4751750" lon="-111.2933850">
    <ele>579.6</ele>
   </trkpt>
   <trkpt lat="32.4751550" lon="-111.2933240">
    <ele>579.8</ele>
   </trkpt>
   <trkpt lat="32.4751490" lon="-111.2932660">
    <ele>579.8</ele>
   </trkpt>
   <trkpt lat="32.4751400" lon="-111.2931570">
    <ele>580.0</ele>
   </trkpt>
   <trkpt lat="32.4751290" lon="-111.2930980">
    <ele>580.0</ele>
   </trkpt>
   <trkpt lat="32.4750990" lon="-111.2929760">
    <ele>580.0</ele>
   </trkpt>
   <trkpt lat="32.4750140" lon="-111.2928560">
    <ele>580.0</ele>
   </trkpt>
   <trkpt lat="32.4749020" lon="-111.2928090">
    <ele>579.8</ele>
   </trkpt>
   <trkpt lat="32.4748260" lon="-111.2927800">
    <ele>579.8</ele>
   </trkpt>
   <trkpt lat="32.4747360" lon="-111.2927690">
    <ele>580.0</ele>
   </trkpt>
   <trkpt lat="32.4746930" lon="-111.2927630">
    <ele>580.0</ele>
   </trkpt>
   <trkpt lat="32.4744480" lon="-111.2927670">
    <ele>579.6</ele>
   </trkpt>
   <trkpt lat="32.4742130" lon="-111.2927710">
    <ele>580.0</ele>
   </trkpt>
   <trkpt lat="32.4740610" lon="-111.2927590">
    <ele>580.0</ele>
   </trkpt>
   <trkpt lat="32.4740050" lon="-111.2927660">
    <ele>579.8</ele>
   </trkpt>
   <trkpt lat="32.4739120" lon="-111.2928440">
    <ele>579.6</ele>
   </trkpt>
   <trkpt lat="32.4738870" lon="-111.2929550">
    <ele>579.6</ele>
   </trkpt>
   <trkpt lat="32.4738920" lon="-111.2930120">
    <ele>579.6</ele>
   </trkpt>
   <trkpt lat="32.4739100" lon="-111.2930590">
    <ele>579.8</ele>
   </trkpt>
   <trkpt lat="32.4739840" lon="-111.2931150">
    <ele>579.8</ele>
   </trkpt>
   <trkpt lat="32.4740470" lon="-111.2931420">
    <ele>579.8</ele>
   </trkpt>
   <trkpt lat="32.4742050" lon="-111.2931690">
    <ele>579.8</ele>
   </trkpt>
   <trkpt lat="32.4744170" lon="-111.2932130">
    <ele>580.0</ele>
   </trkpt>
   <trkpt lat="32.4745180" lon="-111.2932110">
    <ele>579.8</ele>
   </trkpt>
   <trkpt lat="32.4745880" lon="-111.2932000">
    <ele>579.8</ele>
   </trkpt>
   <trkpt lat="32.4746680" lon="-111.2931980">
    <ele>579.8</ele>
   </trkpt>
   <trkpt lat="32.4748300" lon="-111.2932480">
    <ele>579.8</ele>
   </trkpt>
   <trkpt lat="32.4749290" lon="-111.2933550">
    <ele>579.8</ele>
   </trkpt>
   <trkpt lat="32.4749650" lon="-111.2934320">
    <ele>579.8</ele>
   </trkpt>
   <trkpt lat="32.4750470" lon="-111.2935900">
    <ele>580.0</ele>
   </trkpt>
   <trkpt lat="32.4750570" lon="-111.2936660">
    <ele>579.8</ele>
   </trkpt>
   <trkpt lat="32.4750390" lon="-111.2937650">
    <ele>580.0</ele>
   </trkpt>
   <trkpt lat="32.4749910" lon="-111.2937750">
    <ele>580.0</ele>
   </trkpt>
   <trkpt lat="32.4749290" lon="-111.2937670">
    <ele>580.0</ele>
   </trkpt>
   <trkpt lat="32.4748640" lon="-111.2937270">
    <ele>579.8</ele>
   </trkpt>
   <trkpt lat="32.4747270" lon="-111.2936200">
    <ele>579.8</ele>
   </trkpt>
   <trkpt lat="32.4746480" lon="-111.2935970">
    <ele>579.8</ele>
   </trkpt>
   <trkpt lat="32.4745780" lon="-111.2935930">
    <ele>579.8</ele>
   </trkpt>
   <trkpt lat="32.4744920" lon="-111.2935920">
    <ele>579.6</ele>
   </trkpt>
   <trkpt lat="32.4743150" lon="-111.2935870">
    <ele>580.2</ele>
   </trkpt>
   <trkpt lat="32.4742550" lon="-111.2935840">
    <ele>580.0</ele>
   </trkpt>
   <trkpt lat="32.4740900" lon="-111.2935850">
    <ele>580.0</ele>
   </trkpt>
   <trkpt lat="32.4739360" lon="-111.2936480">
    <ele>579.8</ele>
   </trkpt>
   <trkpt lat="32.4738870" lon="-111.2937030">
    <ele>579.8</ele>
   </trkpt>
   <trkpt lat="32.4738600" lon="-111.2937690">
    <ele>579.8</ele>
   </trkpt>
   <trkpt lat="32.4738620" lon="-111.2938480">
    <ele>579.8</ele>
   </trkpt>
   <trkpt lat="32.4738830" lon="-111.2939260">
    <ele>579.8</ele>
   </trkpt>
   <trkpt lat="32.4739490" lon="-111.2940190">
    <ele>580.0</ele>
   </trkpt>
   <trkpt lat="32.4740770" lon="-111.2940770">
    <ele>580.4</ele>
   </trkpt>
   <trkpt lat="32.4743060" lon="-111.2941070">
    <ele>580.4</ele>
   </trkpt>
   <trkpt lat="32.4744960" lon="-111.2941070">
    <ele>580.2</ele>
   </trkpt>
   <trkpt lat="32.4746230" lon="-111.2941120">
    <ele>580.0</ele>
   </trkpt>
   <trkpt lat="32.4748160" lon="-111.2941100">
    <ele>580.2</ele>
   </trkpt>
   <trkpt lat="32.4749740" lon="-111.2941240">
    <ele>580.2</ele>
   </trkpt>
   <trkpt lat="32.4750250" lon="-111.2941400">
    <ele>580.0</ele>
   </trkpt>
   <trkpt lat="32.4750740" lon="-111.2941500">
    <ele>580.0</ele>
   </trkpt>
   <trkpt lat="32.4751290" lon="-111.2941410">
    <ele>580.0</ele>
   </trkpt>
   <trkpt lat="32.4751490" lon="-111.2941250">
    <ele>580.2</ele>
   </trkpt>
   <trkpt lat="32.4752100" lon="-111.2940410">
    <ele>580.4</ele>
   </trkpt>
   <trkpt lat="32.4752810" lon="-111.2939380">
    <ele>580.4</ele>
   </trkpt>
   <trkpt lat="32.4753360" lon="-111.2938750">
    <ele>580.4</ele>
   </trkpt>
   <trkpt lat="32.4753920" lon="-111.2938280">
    <ele>580.2</ele>
   </trkpt>
   <trkpt lat="32.4754220" lon="-111.2938390">
    <ele>580.4</ele>
   </trkpt>
   <trkpt lat="32.4754990" lon="-111.2939860">
    <ele>580.2</ele>
   </trkpt>
   <trkpt lat="32.4756080" lon="-111.2940240">
    <ele>580.2</ele>
   </trkpt>
   <trkpt lat="32.4757310" lon="-111.2939370">
    <ele>580.2</ele>
   </trkpt>
   <trkpt lat="32.4757940" lon="-111.2938940">
    <ele>580.2</ele>
   </trkpt>
   <trkpt lat="32.4758950" lon="-111.2938720">
    <ele>580.2</ele>
   </trkpt>
   <trkpt lat="32.4759370" lon="-111.2939650">
    <ele>580.2</ele>
   </trkpt>
   <trkpt lat="32.4759470" lon="-111.2940380">
    <ele>580.2</ele>
   </trkpt>
   <trkpt lat="32.4759590" lon="-111.2941560">
    <ele>580.4</ele>
   </trkpt>
   <trkpt lat="32.4759650" lon="-111.2942760">
    <ele>580.6</ele>
   </trkpt>
   <trkpt lat="32.4759630" lon="-111.2944510">
    <ele>580.6</ele>
   </trkpt>
   <trkpt lat="32.4759770" lon="-111.2945460">
    <ele>580.6</ele>
   </trkpt>
   <trkpt lat="32.4760180" lon="-111.2946350">
    <ele>580.4</ele>
   </trkpt>
   <trkpt lat="32.4761140" lon="-111.2948100">
    <ele>580.0</ele>
   </trkpt>
   <trkpt lat="32.4761410" lon="-111.2948990">
    <ele>580.0</ele>
   </trkpt>
   <trkpt lat="32.4761460" lon="-111.2949940">
    <ele>580.0</ele>
   </trkpt>
   <trkpt lat="32.4760840" lon="-111.2951350">
    <ele>579.8</ele>
   </trkpt>
   <trkpt lat="32.4759820" lon="-111.2951800">
    <ele>580.0</ele>
   </trkpt>
   <trkpt lat="32.4758550" lon="-111.2951180">
    <ele>580.0</ele>
   </trkpt>
   <trkpt lat="32.4757910" lon="-111.2950540">
    <ele>580.2</ele>
   </trkpt>
   <trkpt lat="32.4757300" lon="-111.2949690">
    <ele>580.2</ele>
   </trkpt>
   <trkpt lat="32.4755800" lon="-111.2947580">
    <ele>580.2</ele>
   </trkpt>
   <trkpt lat="32.4753140" lon="-111.2945560">
    <ele>580.2</ele>
   </trkpt>
   <trkpt lat="32.4752200" lon="-111.2945260">
    <ele>580.2</ele>
   </trkpt>
   <trkpt lat="32.4751210" lon="-111.2945150">
    <ele>580.2</ele>
   </trkpt>
   <trkpt lat="32.4749300" lon="-111.2945320">
    <ele>580.2</ele>
   </trkpt>
   <trkpt lat="32.4748280" lon="-111.2946580">
    <ele>580.0</ele>
   </trkpt>
   <trkpt lat="32.4748120" lon="-111.2948690">
    <ele>580.0</ele>
   </trkpt>
   <trkpt lat="32.4748270" lon="-111.2950820">
    <ele>580.4</ele>
   </trkpt>
   <trkpt lat="32.4748840" lon="-111.2951490">
    <ele>580.4</ele>
   </trkpt>
   <trkpt lat="32.4750590" lon="-111.2951860">
    <ele>580.2</ele>
   </trkpt>
   <trkpt lat="32.4751590" lon="-111.2951790">
    <ele>580.2</ele>
   </trkpt>
   <trkpt lat="32.4752620" lon="-111.2951790">
    <ele>580.2</ele>
   </trkpt>
   <trkpt lat="32.4754570" lon="-111.2952440">
    <ele>580.2</ele>
   </trkpt>
   <trkpt lat="32.4756580" lon="-111.2953400">
    <ele>580.2</ele>
   </trkpt>
   <trkpt lat="32.4757700" lon="-111.2953650">
    <ele>580.2</ele>
   </trkpt>
   <trkpt lat="32.4760860" lon="-111.2953970">
    <ele>580.4</ele>
   </trkpt>
   <trkpt lat="32.4761450" lon="-111.2954110">
    <ele>580.4</ele>
   </trkpt>
   <trkpt lat="32.4763530" lon="-111.2954060">
    <ele>580.2</ele>
   </trkpt>
   <trkpt lat="32.4764700" lon="-111.2953160">
    <ele>580.2</ele>
   </trkpt>
   <trkpt lat="32.4765160" lon="-111.2951840">
    <ele>580.4</ele>
   </trkpt>
   <trkpt lat="32.4765290" lon="-111.2951170">
    <ele>580.4</ele>
   </trkpt>
   <trkpt lat="32.4765280" lon="-111.2950600">
    <ele>580.4</ele>
   </trkpt>
   <trkpt lat="32.4764920" lon="-111.2949660">
    <ele>580.6</ele>
   </trkpt>
   <trkpt lat="32.4764980" lon="-111.2948420">
    <ele>580.6</ele>
   </trkpt>
   <trkpt lat="32.4764940" lon="-111.2947490">
    <ele>580.6</ele>
   </trkpt>
   <trkpt lat="32.4764440" lon="-111.2947010">
    <ele>580.6</ele>
   </trkpt>
   <trkpt lat="32.4763750" lon="-111.2946590">
    <ele>580.4</ele>
   </trkpt>
   <trkpt lat="32.4762810" lon="-111.2946050">
    <ele>580.4</ele>
   </trkpt>
   <trkpt lat="32.4762410" lon="-111.2945730">
    <ele>580.6</ele>
   </trkpt>
   <trkpt lat="32.4762010" lon="-111.2945010">
    <ele>580.8</ele>
   </trkpt>
   <trkpt lat="32.4761910" lon="-111.2944380">
    <ele>581.0</ele>
   </trkpt>
   <trkpt lat="32.4761930" lon="-111.2943530">
    <ele>581.2</ele>
   </trkpt>
   <trkpt lat="32.4762420" lon="-111.2941530">
    <ele>581.2</ele>
   </trkpt>
   <trkpt lat="32.4763850" lon="-111.2938560">
    <ele>581.0</ele>
   </trkpt>
   <trkpt lat="32.4764120" lon="-111.2936840">
    <ele>580.8</ele>
   </trkpt>
   <trkpt lat="32.4764100" lon="-111.2936340">
    <ele>580.6</ele>
   </trkpt>
   <trkpt lat="32.4764010" lon="-111.2933460">
    <ele>580.8</ele>
   </trkpt>
   <trkpt lat="32.4764100" lon="-111.2930730">
    <ele>580.8</ele>
   </trkpt>
   <trkpt lat="32.4763880" lon="-111.2929770">
    <ele>580.8</ele>
   </trkpt>
   <trkpt lat="32.4763460" lon="-111.2929030">
    <ele>580.6</ele>
   </trkpt>
   <trkpt lat="32.4762280" lon="-111.2928630">
    <ele>580.4</ele>
   </trkpt>
   <trkpt lat="32.4761180" lon="-111.2929570">
    <ele>580.4</ele>
   </trkpt>
   <trkpt lat="32.4760830" lon="-111.2930400">
    <ele>580.4</ele>
   </trkpt>
   <trkpt lat="32.4760580" lon="-111.2931320">
    <ele>580.4</ele>
   </trkpt>
   <trkpt lat="32.4760440" lon="-111.2933290">
    <ele>580.6</ele>
   </trkpt>
   <trkpt lat="32.4759690" lon="-111.2934820">
    <ele>580.6</ele>
   </trkpt>
   <trkpt lat="32.4758490" lon="-111.2934460">
    <ele>580.8</ele>
   </trkpt>
   <trkpt lat="32.4758160" lon="-111.2932700">
    <ele>580.8</ele>
   </trkpt>
   <trkpt lat="32.4758230" lon="-111.2929520">
    <ele>580.8</ele>
   </trkpt>
   <trkpt lat="32.4758200" lon="-111.2928880">
    <ele>580.8</ele>
   </trkpt>
   <trkpt lat="32.4757580" lon="-111.2927740">
    <ele>580.8</ele>
   </trkpt>
   <trkpt lat="32.4756730" lon="-111.2927430">
    <ele>580.8</ele>
   </trkpt>
   <trkpt lat="32.4756280" lon="-111.2927440">
    <ele>580.6</ele>
   </trkpt>
   <trkpt lat="32.4755800" lon="-111.2927550">
    <ele>580.6</ele>
   </trkpt>
   <trkpt lat="32.4755280" lon="-111.2928530">
    <ele>580.6</ele>
   </trkpt>
   <trkpt lat="32.4755340" lon="-111.2930340">
    <ele>580.6</ele>
   </trkpt>
   <trkpt lat="32.4755420" lon="-111.2931100">
    <ele>580.6</ele>
   </trkpt>
   <trkpt lat="32.4755410" lon="-111.2931810">
    <ele>580.6</ele>
   </trkpt>
   <trkpt lat="32.4755380" lon="-111.2933080">
    <ele>580.8</ele>
   </trkpt>
   <trkpt lat="32.4755190" lon="-111.2934140">
    <ele>580.8</ele>
   </trkpt>
   <trkpt lat="32.4754340" lon="-111.2935020">
    <ele>580.8</ele>
   </trkpt>
   <trkpt lat="32.4752820" lon="-111.2934880">
    <ele>580.8</ele>
   </trkpt>
   <trkpt lat="32.4752130" lon="-111.2934550">
    <ele>580.6</ele>
   </trkpt>
   <trkpt lat="32.4751710" lon="-111.2934120">
    <ele>580.8</ele>
   </trkpt>
   <trkpt lat="32.4751590" lon="-111.2933520">
    <ele>580.8</ele>
   </trkpt>
   <trkpt lat="32.4751460" lon="-111.2931270">
    <ele>581.0</ele>
   </trkpt>
   <trkpt lat="32.4750930" lon="-111.2929440">
    <ele>580.8</ele>
   </trkpt>
   <trkpt lat="32.4750490" lon="-111.2928840">
    <ele>580.8</ele>
   </trkpt>
   <trkpt lat="32.4750010" lon="-111.2928590">
    <ele>580.6</ele>
   </trkpt>
   <trkpt lat="32.4749230" lon="-111.2928270">
    <ele>580.6</ele>
   </trkpt>
   <trkpt lat="32.4748850" lon="-111.2928090">
    <ele>580.6</ele>
   </trkpt>
   <trkpt lat="32.4747750" lon="-111.2927480">
    <ele>580.8</ele>
   </trkpt>
   <trkpt lat="32.4747300" lon="-111.2927310">
    <ele>580.8</ele>
   </trkpt>
   <trkpt lat="32.4746770" lon="-111.2927180">
    <ele>580.8</ele>
   </trkpt>
   <trkpt lat="32.4745300" lon="-111.2927230">
    <ele>580.6</ele>
   </trkpt>
   <trkpt lat="32.4742710" lon="-111.2927410">
    <ele>580.6</ele>
   </trkpt>
   <trkpt lat="32.4741330" lon="-111.2927450">
    <ele>580.8</ele>
   </trkpt>
   <trkpt lat="32.4740880" lon="-111.2927410">
    <ele>580.8</ele>
   </trkpt>
   <trkpt lat="32.4740340" lon="-111.2927440">
    <ele>580.8</ele>
   </trkpt>
   <trkpt lat="32.4739190" lon="-111.2927910">
    <ele>580.4</ele>
   </trkpt>
   <trkpt lat="32.4738450" lon="-111.2928980">
    <ele>580.4</ele>
   </trkpt>
   <trkpt lat="32.4738390" lon="-111.2929520">
    <ele>580.4</ele>
   </trkpt>
   <trkpt lat="32.4738530" lon="-111.2930040">
    <ele>580.6</ele>
   </trkpt>
   <trkpt lat="32.4739200" lon="-111.2930880">
    <ele>580.8</ele>
   </trkpt>
   <trkpt lat="32.4740420" lon="-111.2931510">
    <ele>580.8</ele>
   </trkpt>
   <trkpt lat="32.4741180" lon="-111.2931630">
    <ele>580.6</ele>
   </trkpt>
   <trkpt lat="32.4742430" lon="-111.2931710">
    <ele>580.8</ele>
   </trkpt>
   <trkpt lat="32.4743540" lon="-111.2931720">
    <ele>580.8</ele>
   </trkpt>
   <trkpt lat="32.4745320" lon="-111.2931890">
    <ele>580.8</ele>
   </trkpt>
   <trkpt lat="32.4747620" lon="-111.2932000">
    <ele>580.6</ele>
   </trkpt>
   <trkpt lat="32.4749030" lon="-111.2932720">
    <ele>580.8</ele>
   </trkpt>
   <trkpt lat="32.4749470" lon="-111.2933280">
    <ele>580.6</ele>
   </trkpt>
   <trkpt lat="32.4749830" lon="-111.2934010">
    <ele>580.6</ele>
   </trkpt>
   <trkpt lat="32.4750580" lon="-111.2935630">
    <ele>580.4</ele>
   </trkpt>
   <trkpt lat="32.4750740" lon="-111.2936980">
    <ele>580.4</ele>
   </trkpt>
   <trkpt lat="32.4750530" lon="-111.2937300">
    <ele>580.6</ele>
   </trkpt>
   <trkpt lat="32.4749580" lon="-111.2937480">
    <ele>580.8</ele>
   </trkpt>
   <trkpt lat="32.4748960" lon="-111.2937180">
    <ele>580.8</ele>
   </trkpt>
   <trkpt lat="32.4748310" lon="-111.2936630">
    <ele>580.8</ele>
   </trkpt>
   <trkpt lat="32.4746560" lon="-111.2935790">
    <ele>580.8</ele>
   </trkpt>
   <trkpt lat="32.4744840" lon="-111.2935840">
    <ele>580.6</ele>
   </trkpt>
   <trkpt lat="32.4744200" lon="-111.2935920">
    <ele>580.6</ele>
   </trkpt>
   <trkpt lat="32.4742900" lon="-111.2935870">
    <ele>580.6</ele>
   </trkpt>
   <trkpt lat="32.4741280" lon="-111.2935970">
    <ele>580.4</ele>
   </trkpt>
   <trkpt lat="32.4740390" lon="-111.2936080">
    <ele>580.4</ele>
   </trkpt>
   <trkpt lat="32.4739220" lon="-111.2936950">
    <ele>580.4</ele>
   </trkpt>
   <trkpt lat="32.4738800" lon="-111.2938360">
    <ele>580.2</ele>
   </trkpt>
   <trkpt lat="32.4738990" lon="-111.2939150">
    <ele>580.2</ele>
   </trkpt>
   <trkpt lat="32.4739280" lon="-111.2939730">
    <ele>580.2</ele>
   </trkpt>
   <trkpt lat="32.4740100" lon="-111.2940410">
    <ele>580.4</ele>
   </trkpt>
   <trkpt lat="32.4741170" lon="-111.2940720">
    <ele>580.6</ele>
   </trkpt>
   <trkpt lat="32.4742430" lon="-111.2940880">
    <ele>580.6</ele>
   </trkpt>
   <trkpt lat="32.4745060" lon="-111.2941050">
    <ele>580.6</ele>
   </trkpt>
   <trkpt lat="32.4746180" lon="-111.2940990">
    <ele>580.6</ele>
   </trkpt>
   <trkpt lat="32.4748840" lon="-111.2941360">
    <ele>580.6</ele>
   </trkpt>
   <trkpt lat="32.4751050" lon="-111.2941420">
    <ele>580.4</ele>
   </trkpt>
   <trkpt lat="32.4751770" lon="-111.2940970">
    <ele>580.4</ele>
   </trkpt>
   <trkpt lat="32.4752120" lon="-111.2940440">
    <ele>580.4</ele>
   </trkpt>
   <trkpt lat="32.4752840" lon="-111.2939190">
    <ele>580.6</ele>
   </trkpt>
   <trkpt lat="32.4753200" lon="-111.2938720">
    <ele>580.4</ele>
   </trkpt>
   <trkpt lat="32.4753590" lon="-111.2938350">
    <ele>580.4</ele>
   </trkpt>
   <trkpt lat="32.4753970" lon="-111.2938270">
    <ele>580.4</ele>
   </trkpt>
   <trkpt lat="32.4754440" lon="-111.2938700">
    <ele>580.4</ele>
   </trkpt>
   <trkpt lat="32.4754540" lon="-111.2938990">
    <ele>580.4</ele>
   </trkpt>
   <trkpt lat="32.4755020" lon="-111.2939840">
    <ele>580.4</ele>
   </trkpt>
   <trkpt lat="32.4755550" lon="-111.2940150">
    <ele>580.4</ele>
   </trkpt>
   <trkpt lat="32.4756140" lon="-111.2940140">
    <ele>580.4</ele>
   </trkpt>
   <trkpt lat="32.4756710" lon="-111.2939800">
    <ele>580.4</ele>
   </trkpt>
   <trkpt lat="32.4758580" lon="-111.2938560">
    <ele>580.4</ele>
   </trkpt>
   <trkpt lat="32.4759180" lon="-111.2938490">
    <ele>580.4</ele>
   </trkpt>
   <trkpt lat="32.4759550" lon="-111.2938840">
    <ele>580.4</ele>
   </trkpt>
   <trkpt lat="32.4759710" lon="-111.2939530">
    <ele>580.4</ele>
   </trkpt>
   <trkpt lat="32.4759730" lon="-111.2940310">
    <ele>580.4</ele>
   </trkpt>
   <trkpt lat="32.4759750" lon="-111.2942130">
    <ele>580.6</ele>
   </trkpt>
   <trkpt lat="32.4759690" lon="-111.2944860">
    <ele>580.6</ele>
   </trkpt>
   <trkpt lat="32.4760220" lon="-111.2946870">
    <ele>580.4</ele>
   </trkpt>
   <trkpt lat="32.4760690" lon="-111.2947840">
    <ele>580.0</ele>
   </trkpt>
   <trkpt lat="32.4761040" lon="-111.2948940">
    <ele>579.8</ele>
   </trkpt>
   <trkpt lat="32.4761020" lon="-111.2950940">
    <ele>579.6</ele>
   </trkpt>
   <trkpt lat="32.4760130" lon="-111.2951740">
    <ele>579.6</ele>
   </trkpt>
   <trkpt lat="32.4759000" lon="-111.2951250">
    <ele>579.8</ele>
   </trkpt>
   <trkpt lat="32.4758380" lon="-111.2950750">
    <ele>579.8</ele>
   </trkpt>
   <trkpt lat="32.4757740" lon="-111.2950140">
    <ele>579.8</ele>
   </trkpt>
   <trkpt lat="32.4756530" lon="-111.2948660">
    <ele>579.8</ele>
   </trkpt>
   <trkpt lat="32.4755990" lon="-111.2948010">
    <ele>579.8</ele>
   </trkpt>
   <trkpt lat="32.4753570" lon="-111.2945900">
    <ele>579.8</ele>
   </trkpt>
   <trkpt lat="32.4751800" lon="-111.2945210">
    <ele>579.8</ele>
   </trkpt>
   <trkpt lat="32.4750860" lon="-111.2945110">
    <ele>579.8</ele>
   </trkpt>
   <trkpt lat="32.4749920" lon="-111.2945140">
    <ele>579.8</ele>
   </trkpt>
   <trkpt lat="32.4748570" lon="-111.2946040">
    <ele>579.8</ele>
   </trkpt>
   <trkpt lat="32.4748120" lon="-111.2949310">
    <ele>580.0</ele>
   </trkpt>
   <trkpt lat="32.4748210" lon="-111.2950410">
    <ele>580.0</ele>
   </trkpt>
   <trkpt lat="32.4748590" lon="-111.2951410">
    <ele>580.0</ele>
   </trkpt>
   <trkpt lat="32.4749240" lon="-111.2952100">
    <ele>580.2</ele>
   </trkpt>
   <trkpt lat="32.4750120" lon="-111.2952340">
    <ele>580.2</ele>
   </trkpt>
   <trkpt lat="32.4751090" lon="-111.2952230">
    <ele>580.2</ele>
   </trkpt>
   <trkpt lat="32.4753070" lon="-111.2952160">
    <ele>580.2</ele>
   </trkpt>
   <trkpt lat="32.4755970" lon="-111.2953560">
    <ele>580.2</ele>
   </trkpt>
   <trkpt lat="32.4759400" lon="-111.2954040">
    <ele>580.2</ele>
   </trkpt>
   <trkpt lat="32.4761760" lon="-111.2954200">
    <ele>580.2</ele>
   </trkpt>
   <trkpt lat="32.4763380" lon="-111.2953970">
    <ele>580.2</ele>
   </trkpt>
   <trkpt lat="32.4764050" lon="-111.2953410">
    <ele>580.2</ele>
   </trkpt>
   <trkpt lat="32.4764630" lon="-111.2952560">
    <ele>580.2</ele>
   </trkpt>
   <trkpt lat="32.4765260" lon="-111.2950390">
    <ele>580.0</ele>
   </trkpt>
   <trkpt lat="32.4765390" lon="-111.2948130">
    <ele>580.0</ele>
   </trkpt>
   <trkpt lat="32.4765140" lon="-111.2947300">
    <ele>579.8</ele>
   </trkpt>
   <trkpt lat="32.4763920" lon="-111.2946460">
    <ele>579.6</ele>
   </trkpt>
   <trkpt lat="32.4762490" lon="-111.2945780">
    <ele>579.8</ele>
   </trkpt>
   <trkpt lat="32.4762110" lon="-111.2944470">
    <ele>580.2</ele>
   </trkpt>
   <trkpt lat="32.4762110" lon="-111.2943610">
    <ele>580.6</ele>
   </trkpt>
   <trkpt lat="32.4762110" lon="-111.2942690">
    <ele>580.8</ele>
   </trkpt>
   <trkpt lat="32.4762260" lon="-111.2941750">
    <ele>580.8</ele>
   </trkpt>
   <trkpt lat="32.4763660" lon="-111.2939030">
    <ele>580.6</ele>
   </trkpt>
   <trkpt lat="32.4764240" lon="-111.2936450">
    <ele>580.4</ele>
   </trkpt>
   <trkpt lat="32.4764190" lon="-111.2934690">
    <ele>580.4</ele>
   </trkpt>
   <trkpt lat="32.4764140" lon="-111.2930970">
    <ele>580.6</ele>
   </trkpt>
   <trkpt lat="32.4764060" lon="-111.2929990">
    <ele>580.6</ele>
   </trkpt>
   <trkpt lat="32.4763500" lon="-111.2928690">
    <ele>580.2</ele>
   </trkpt>
   <trkpt lat="32.4762470" lon="-111.2928510">
    <ele>580.0</ele>
   </trkpt>
   <trkpt lat="32.4761890" lon="-111.2928730">
    <ele>580.0</ele>
   </trkpt>
   <trkpt lat="32.4761140" lon="-111.2929790">
    <ele>580.0</ele>
   </trkpt>
   <trkpt lat="32.4760600" lon="-111.2932230">
    <ele>580.2</ele>
   </trkpt>
   <trkpt lat="32.4760560" lon="-111.2933050">
    <ele>580.2</ele>
   </trkpt>
   <trkpt lat="32.4760380" lon="-111.2933930">
    <ele>580.2</ele>
   </trkpt>
   <trkpt lat="32.4759360" lon="-111.2935070">
    <ele>580.4</ele>
   </trkpt>
   <trkpt lat="32.4758280" lon="-111.2934510">
    <ele>580.8</ele>
   </trkpt>
   <trkpt lat="32.4758140" lon="-111.2932740">
    <ele>580.8</ele>
   </trkpt>
   <trkpt lat="32.4758330" lon="-111.2931790">
    <ele>580.8</ele>
   </trkpt>
   <trkpt lat="32.4758450" lon="-111.2930120">
    <ele>580.6</ele>
   </trkpt>
   <trkpt lat="32.4758000" lon="-111.2928150">
    <ele>580.4</ele>
   </trkpt>
   <trkpt lat="32.4757090" lon="-111.2927270">
    <ele>580.6</ele>
   </trkpt>
   <trkpt lat="32.4756530" lon="-111.2927120">
    <ele>580.8</ele>
   </trkpt>
   <trkpt lat="32.4755680" lon="-111.2927120">
    <ele>580.6</ele>
   </trkpt>
   <trkpt lat="32.4755060" lon="-111.2927760">
    <ele>580.6</ele>
   </trkpt>
   <trkpt lat="32.4755240" lon="-111.2930050">
    <ele>580.6</ele>
   </trkpt>
   <trkpt lat="32.4755280" lon="-111.2931320">
    <ele>580.6</ele>
   </trkpt>
   <trkpt lat="32.4755270" lon="-111.2931970">
    <ele>580.6</ele>
   </trkpt>
   <trkpt lat="32.4755230" lon="-111.2932670">
    <ele>580.6</ele>
   </trkpt>
   <trkpt lat="32.4755120" lon="-111.2933870">
    <ele>580.8</ele>
   </trkpt>
   <trkpt lat="32.4754850" lon="-111.2934460">
    <ele>580.6</ele>
   </trkpt>
   <trkpt lat="32.4754370" lon="-111.2934880">
    <ele>580.6</ele>
   </trkpt>
   <trkpt lat="32.4753690" lon="-111.2935000">
    <ele>580.6</ele>
   </trkpt>
   <trkpt lat="32.4752950" lon="-111.2934920">
    <ele>580.6</ele>
   </trkpt>
   <trkpt lat="32.4751900" lon="-111.2934190">
    <ele>580.6</ele>
   </trkpt>
   <trkpt lat="32.4751510" lon="-111.2933110">
    <ele>580.8</ele>
   </trkpt>
   <trkpt lat="32.4751380" lon="-111.2932360">
    <ele>580.8</ele>
   </trkpt>
   <trkpt lat="32.4751160" lon="-111.2930250">
    <ele>580.8</ele>
   </trkpt>
   <trkpt lat="32.4751000" lon="-111.2929700">
    <ele>580.8</ele>
   </trkpt>
   <trkpt lat="32.4750760" lon="-111.2929170">
    <ele>580.6</ele>
   </trkpt>
   <trkpt lat="32.4749970" lon="-111.2928320">
    <ele>580.6</ele>
   </trkpt>
   <trkpt lat="32.4747940" lon="-111.2927590">
    <ele>580.6</ele>
   </trkpt>
   <trkpt lat="32.4747010" lon="-111.2927350">
    <ele>580.6</ele>
   </trkpt>
   <trkpt lat="32.4745960" lon="-111.2927310">
    <ele>580.6</ele>
   </trkpt>
   <trkpt lat="32.4745090" lon="-111.2927370">
    <ele>580.4</ele>
   </trkpt>
   <trkpt lat="32.4743980" lon="-111.2927330">
    <ele>580.2</ele>
   </trkpt>
   <trkpt lat="32.4742810" lon="-111.2927440">
    <ele>580.2</ele>
   </trkpt>
   <trkpt lat="32.4742350" lon="-111.2927480">
    <ele>581.4</ele>
   </trkpt>
   <trkpt lat="32.4741770" lon="-111.2927350">
    <ele>581.6</ele>
   </trkpt>
   <trkpt lat="32.4741310" lon="-111.2927230">
    <ele>581.4</ele>
   </trkpt>
   <trkpt lat="32.4740900" lon="-111.2927150">
    <ele>581.0</ele>
   </trkpt>
   <trkpt lat="32.4739690" lon="-111.2927370">
    <ele>580.2</ele>
   </trkpt>
   <trkpt lat="32.4738850" lon="-111.2928320">
    <ele>580.2</ele>
   </trkpt>
   <trkpt lat="32.4738560" lon="-111.2928910">
    <ele>580.2</ele>
   </trkpt>
   <trkpt lat="32.4738470" lon="-111.2929570">
    <ele>580.2</ele>
   </trkpt>
   <trkpt lat="32.4738960" lon="-111.2930760">
    <ele>580.2</ele>
   </trkpt>
   <trkpt lat="32.4740100" lon="-111.2931550">
    <ele>580.2</ele>
   </trkpt>
   <trkpt lat="32.4740850" lon="-111.2931670">
    <ele>580.2</ele>
   </trkpt>
   <trkpt lat="32.4742390" lon="-111.2931550">
    <ele>580.2</ele>
   </trkpt>
   <trkpt lat="32.4742880" lon="-111.2931590">
    <ele>580.2</ele>
   </trkpt>
   <trkpt lat="32.4743810" lon="-111.2932000">
    <ele>580.4</ele>
   </trkpt>
   <trkpt lat="32.4744950" lon="-111.2932060">
    <ele>580.4</ele>
   </trkpt>
   <trkpt lat="32.4746550" lon="-111.2931860">
    <ele>580.4</ele>
   </trkpt>
   <trkpt lat="32.4747460" lon="-111.2931910">
    <ele>580.4</ele>
   </trkpt>
   <trkpt lat="32.4748890" lon="-111.2932620">
    <ele>580.4</ele>
   </trkpt>
   <trkpt lat="32.4749350" lon="-111.2933910">
    <ele>580.2</ele>
   </trkpt>
   <trkpt lat="32.4749960" lon="-111.2935540">
    <ele>580.0</ele>
   </trkpt>
   <trkpt lat="32.4750380" lon="-111.2936300">
    <ele>580.0</ele>
   </trkpt>
   <trkpt lat="32.4750650" lon="-111.2936900">
    <ele>580.0</ele>
   </trkpt>
   <trkpt lat="32.4750520" lon="-111.2937470">
    <ele>580.2</ele>
   </trkpt>
   <trkpt lat="32.4750200" lon="-111.2937640">
    <ele>580.4</ele>
   </trkpt>
   <trkpt lat="32.4749090" lon="-111.2937560">
    <ele>580.4</ele>
   </trkpt>
   <trkpt lat="32.4746910" lon="-111.2936100">
    <ele>580.4</ele>
   </trkpt>
   <trkpt lat="32.4745170" lon="-111.2935960">
    <ele>580.2</ele>
   </trkpt>
   <trkpt lat="32.4743920" lon="-111.2936260">
    <ele>580.2</ele>
   </trkpt>
   <trkpt lat="32.4743310" lon="-111.2936240">
    <ele>580.2</ele>
   </trkpt>
   <trkpt lat="32.4741010" lon="-111.2936020">
    <ele>580.2</ele>
   </trkpt>
   <trkpt lat="32.4740120" lon="-111.2936240">
    <ele>580.2</ele>
   </trkpt>
   <trkpt lat="32.4739460" lon="-111.2936720">
    <ele>580.4</ele>
   </trkpt>
   <trkpt lat="32.4739000" lon="-111.2937390">
    <ele>580.4</ele>
   </trkpt>
   <trkpt lat="32.4738730" lon="-111.2938150">
    <ele>580.6</ele>
   </trkpt>
   <trkpt lat="32.4738800" lon="-111.2938980">
    <ele>580.6</ele>
   </trkpt>
   <trkpt lat="32.4739220" lon="-111.2939630">
    <ele>580.8</ele>
   </trkpt>
   <trkpt lat="32.4739730" lon="-111.2940180">
    <ele>580.8</ele>
   </trkpt>
   <trkpt lat="32.4740250" lon="-111.2940480">
    <ele>581.0</ele>
   </trkpt>
   <trkpt lat="32.4741400" lon="-111.2940690">
    <ele>580.8</ele>
   </trkpt>
   <trkpt lat="32.4743160" lon="-111.2940890">
    <ele>580.8</ele>
   </trkpt>
   <trkpt lat="32.4744450" lon="-111.2940810">
    <ele>580.8</ele>
   </trkpt>
   <trkpt lat="32.4745740" lon="-111.2940700">
    <ele>580.8</ele>
   </trkpt>
   <trkpt lat="32.4748350" lon="-111.2940760">
    <ele>581.0</ele>
   </trkpt>
   <trkpt lat="32.4749760" lon="-111.2941170">
    <ele>581.0</ele>
   </trkpt>
   <trkpt lat="32.4750550" lon="-111.2941230">
    <ele>581.2</ele>
   </trkpt>
   <trkpt lat="32.4751690" lon="-111.2941160">
    <ele>581.0</ele>
   </trkpt>
   <trkpt lat="32.4752090" lon="-111.2940780">
    <ele>581.0</ele>
   </trkpt>
   <trkpt lat="32.4752380" lon="-111.2940310">
    <ele>581.0</ele>
   </trkpt>
   <trkpt lat="32.4753170" lon="-111.2938990">
    <ele>581.0</ele>
   </trkpt>
   <trkpt lat="32.4753440" lon="-111.2938630">
    <ele>581.0</ele>
   </trkpt>
   <trkpt lat="32.4753750" lon="-111.2938350">
    <ele>581.0</ele>
   </trkpt>
   <trkpt lat="32.4754020" lon="-111.2938390">
    <ele>581.0</ele>
   </trkpt>
   <trkpt lat="32.4754210" lon="-111.2938670">
    <ele>581.0</ele>
   </trkpt>
   <trkpt lat="32.4755230" lon="-111.2940070">
    <ele>581.0</ele>
   </trkpt>
   <trkpt lat="32.4756480" lon="-111.2939770">
    <ele>581.0</ele>
   </trkpt>
   <trkpt lat="32.4757920" lon="-111.2938900">
    <ele>580.8</ele>
   </trkpt>
   <trkpt lat="32.4759100" lon="-111.2938760">
    <ele>580.8</ele>
   </trkpt>
   <trkpt lat="32.4759390" lon="-111.2940040">
    <ele>580.6</ele>
   </trkpt>
   <trkpt lat="32.4759390" lon="-111.2940820">
    <ele>580.6</ele>
   </trkpt>
   <trkpt lat="32.4759490" lon="-111.2942470">
    <ele>581.0</ele>
   </trkpt>
   <trkpt lat="32.4759510" lon="-111.2945120">
    <ele>581.0</ele>
   </trkpt>
   <trkpt lat="32.4760100" lon="-111.2947160">
    <ele>580.8</ele>
   </trkpt>
   <trkpt lat="32.4760530" lon="-111.2948130">
    <ele>580.6</ele>
   </trkpt>
   <trkpt lat="32.4760880" lon="-111.2949100">
    <ele>580.4</ele>
   </trkpt>
   <trkpt lat="32.4760990" lon="-111.2950640">
    <ele>580.2</ele>
   </trkpt>
   <trkpt lat="32.4760460" lon="-111.2951540">
    <ele>580.2</ele>
   </trkpt>
   <trkpt lat="32.4759620" lon="-111.2951580">
    <ele>580.2</ele>
   </trkpt>
   <trkpt lat="32.4759020" lon="-111.2951290">
    <ele>580.4</ele>
   </trkpt>
   <trkpt lat="32.4758400" lon="-111.2950820">
    <ele>580.4</ele>
   </trkpt>
   <trkpt lat="32.4757390" lon="-111.2949930">
    <ele>580.4</ele>
   </trkpt>
   <trkpt lat="32.4756900" lon="-111.2949470">
    <ele>580.6</ele>
   </trkpt>
   <trkpt lat="32.4755840" lon="-111.2948070">
    <ele>580.6</ele>
   </trkpt>
   <trkpt lat="32.4755560" lon="-111.2947730">
    <ele>580.6</ele>
   </trkpt>
   <trkpt lat="32.4753490" lon="-111.2946120">
    <ele>580.4</ele>
   </trkpt>
   <trkpt lat="32.4751770" lon="-111.2945340">
    <ele>580.4</ele>
   </trkpt>
   <trkpt lat="32.4750800" lon="-111.2945170">
    <ele>580.0</ele>
   </trkpt>
   <trkpt lat="32.4749810" lon="-111.2945100">
    <ele>580.0</ele>
   </trkpt>
   <trkpt lat="32.4748400" lon="-111.2945940">
    <ele>580.2</ele>
   </trkpt>
   <trkpt lat="32.4748070" lon="-111.2948030">
    <ele>580.2</ele>
   </trkpt>
   <trkpt lat="32.4747970" lon="-111.2949180">
    <ele>580.2</ele>
   </trkpt>
   <trkpt lat="32.4748510" lon="-111.2951320">
    <ele>580.4</ele>
   </trkpt>
   <trkpt lat="32.4750140" lon="-111.2952060">
    <ele>580.4</ele>
   </trkpt>
   <trkpt lat="32.4752170" lon="-111.2951730">
    <ele>580.4</ele>
   </trkpt>
   <trkpt lat="32.4753130" lon="-111.2951890">
    <ele>580.4</ele>
   </trkpt>
   <trkpt lat="32.4754020" lon="-111.2952310">
    <ele>580.4</ele>
   </trkpt>
   <trkpt lat="32.4755680" lon="-111.2953420">
    <ele>580.4</ele>
   </trkpt>
   <trkpt lat="32.4758810" lon="-111.2953980">
    <ele>580.2</ele>
   </trkpt>
   <trkpt lat="32.4761400" lon="-111.2954050">
    <ele>580.2</ele>
   </trkpt>
   <trkpt lat="32.4762850" lon="-111.2953970">
    <ele>580.0</ele>
   </trkpt>
   <trkpt lat="32.4763700" lon="-111.2953490">
    <ele>580.2</ele>
   </trkpt>
   <trkpt lat="32.4764430" lon="-111.2952760">
    <ele>580.2</ele>
   </trkpt>
   <trkpt lat="32.4765170" lon="-111.2950680">
    <ele>580.2</ele>
   </trkpt>
   <trkpt lat="32.4765250" lon="-111.2948350">
    <ele>580.0</ele>
   </trkpt>
   <trkpt lat="32.4765040" lon="-111.2947200">
    <ele>580.2</ele>
   </trkpt>
   <trkpt lat="32.4764610" lon="-111.2946360">
    <ele>580.2</ele>
   </trkpt>
   <trkpt lat="32.4764090" lon="-111.2945860">
    <ele>580.0</ele>
   </trkpt>
   <trkpt lat="32.4763600" lon="-111.2945620">
    <ele>580.2</ele>
   </trkpt>
   <trkpt lat="32.4762730" lon="-111.2945270">
    <ele>580.2</ele>
   </trkpt>
   <trkpt lat="32.4762110" lon="-111.2944190">
    <ele>580.6</ele>
   </trkpt>
   <trkpt lat="32.4762240" lon="-111.2941610">
    <ele>581.0</ele>
   </trkpt>
   <trkpt lat="32.4763040" lon="-111.2939760">
    <ele>581.0</ele>
   </trkpt>
   <trkpt lat="32.4763570" lon="-111.2938780">
    <ele>581.0</ele>
   </trkpt>
   <trkpt lat="32.4763920" lon="-111.2937820">
    <ele>581.0</ele>
   </trkpt>
   <trkpt lat="32.4763960" lon="-111.2936390">
    <ele>580.6</ele>
   </trkpt>
   <trkpt lat="32.4763950" lon="-111.2935820">
    <ele>580.6</ele>
   </trkpt>
   <trkpt lat="32.4764030" lon="-111.2933740">
    <ele>580.6</ele>
   </trkpt>
   <trkpt lat="32.4764070" lon="-111.2931270">
    <ele>580.8</ele>
   </trkpt>
   <trkpt lat="32.4763990" lon="-111.2930270">
    <ele>580.8</ele>
   </trkpt>
   <trkpt lat="32.4763650" lon="-111.2929470">
    <ele>580.8</ele>
   </trkpt>
   <trkpt lat="32.4763180" lon="-111.2928900">
    <ele>580.6</ele>
   </trkpt>
   <trkpt lat="32.4762610" lon="-111.2928580">
    <ele>580.4</ele>
   </trkpt>
   <trkpt lat="32.4761980" lon="-111.2928740">
    <ele>580.2</ele>
   </trkpt>
   <trkpt lat="32.4761450" lon="-111.2929180">
    <ele>580.2</ele>
   </trkpt>
   <trkpt lat="32.4761130" lon="-111.2929890">
    <ele>580.2</ele>
   </trkpt>
   <trkpt lat="32.4760920" lon="-111.2930770">
    <ele>580.2</ele>
   </trkpt>
   <trkpt lat="32.4760560" lon="-111.2932810">
    <ele>580.4</ele>
   </trkpt>
   <trkpt lat="32.4760160" lon="-111.2933730">
    <ele>580.4</ele>
   </trkpt>
   <trkpt lat="32.4759560" lon="-111.2934370">
    <ele>580.4</ele>
   </trkpt>
   <trkpt lat="32.4758860" lon="-111.2934560">
    <ele>580.8</ele>
   </trkpt>
   <trkpt lat="32.4758390" lon="-111.2934270">
    <ele>580.8</ele>
   </trkpt>
   <trkpt lat="32.4758010" lon="-111.2933590">
    <ele>580.8</ele>
   </trkpt>
   <trkpt lat="32.4757880" lon="-111.2932710">
    <ele>581.0</ele>
   </trkpt>
   <trkpt lat="32.4758030" lon="-111.2930720">
    <ele>581.0</ele>
   </trkpt>
   <trkpt lat="32.4758070" lon="-111.2928890">
    <ele>580.8</ele>
   </trkpt>
   <trkpt lat="32.4758020" lon="-111.2928240">
    <ele>580.8</ele>
   </trkpt>
   <trkpt lat="32.4757540" lon="-111.2927200">
    <ele>580.8</ele>
   </trkpt>
   <trkpt lat="32.4756830" lon="-111.2926980">
    <ele>580.8</ele>
   </trkpt>
   <trkpt lat="32.4756430" lon="-111.2927130">
    <ele>580.6</ele>
   </trkpt>
   <trkpt lat="32.4755680" lon="-111.2927440">
    <ele>580.6</ele>
   </trkpt>
   <trkpt lat="32.4755060" lon="-111.2928240">
    <ele>580.6</ele>
   </trkpt>
   <trkpt lat="32.4754840" lon="-111.2930690">
    <ele>580.6</ele>
   </trkpt>
   <trkpt lat="32.4754980" lon="-111.2933190">
    <ele>581.0</ele>
   </trkpt>
   <trkpt lat="32.4754780" lon="-111.2934300">
    <ele>580.8</ele>
   </trkpt>
   <trkpt lat="32.4754270" lon="-111.2934630">
    <ele>580.8</ele>
   </trkpt>
   <trkpt lat="32.4753620" lon="-111.2934780">
    <ele>580.6</ele>
   </trkpt>
   <trkpt lat="32.4752260" lon="-111.2934470">
    <ele>580.6</ele>
   </trkpt>
   <trkpt lat="32.4751680" lon="-111.2933510">
    <ele>580.6</ele>
   </trkpt>
   <trkpt lat="32.4751570" lon="-111.2932380">
    <ele>580.8</ele>
   </trkpt>
   <trkpt lat="32.4751500" lon="-111.2931320">
    <ele>580.8</ele>
   </trkpt>
   <trkpt lat="32.4751330" lon="-111.2930120">
    <ele>581.0</ele>
   </trkpt>
   <trkpt lat="32.4751080" lon="-111.2929110">
    <ele>580.8</ele>
   </trkpt>
   <trkpt lat="32.4750920" lon="-111.2928760">
    <ele>580.8</ele>
   </trkpt>
   <trkpt lat="32.4750380" lon="-111.2928110">
    <ele>580.8</ele>
   </trkpt>
   <trkpt lat="32.4750210" lon="-111.2927990">
    <ele>580.8</ele>
   </trkpt>
   <trkpt lat="32.4749350" lon="-111.2927640">
    <ele>580.6</ele>
   </trkpt>
   <trkpt lat="32.4747540" lon="-111.2927090">
    <ele>580.8</ele>
   </trkpt>
   <trkpt lat="32.4746400" lon="-111.2927070">
    <ele>580.6</ele>
   </trkpt>
   <trkpt lat="32.4745470" lon="-111.2927260">
    <ele>580.6</ele>
   </trkpt>
   <trkpt lat="32.4744990" lon="-111.2927310">
    <ele>580.6</ele>
   </trkpt>
   <trkpt lat="32.4743080" lon="-111.2927250">
    <ele>580.6</ele>
   </trkpt>
   <trkpt lat="32.4741800" lon="-111.2927270">
    <ele>581.2</ele>
   </trkpt>
   <trkpt lat="32.4739850" lon="-111.2927520">
    <ele>580.6</ele>
   </trkpt>
   <trkpt lat="32.4738740" lon="-111.2928210">
    <ele>580.6</ele>
   </trkpt>
   <trkpt lat="32.4738470" lon="-111.2928710">
    <ele>580.6</ele>
   </trkpt>
   <trkpt lat="32.4738340" lon="-111.2929270">
    <ele>580.6</ele>
   </trkpt>
   <trkpt lat="32.4738590" lon="-111.2930400">
    <ele>580.4</ele>
   </trkpt>
   <trkpt lat="32.4739510" lon="-111.2931280">
    <ele>580.4</ele>
   </trkpt>
   <trkpt lat="32.4740200" lon="-111.2931460">
    <ele>580.4</ele>
   </trkpt>
   <trkpt lat="32.4741010" lon="-111.2931500">
    <ele>580.4</ele>
   </trkpt>
   <trkpt lat="32.4742610" lon="-111.2931540">
    <ele>580.4</ele>
   </trkpt>
   <trkpt lat="32.4744440" lon="-111.2931980">
    <ele>580.4</ele>
   </trkpt>
   <trkpt lat="32.4745050" lon="-111.2931970">
    <ele>580.4</ele>
   </trkpt>
   <trkpt lat="32.4747560" lon="-111.2932250">
    <ele>580.4</ele>
   </trkpt>
   <trkpt lat="32.4748940" lon="-111.2932930">
    <ele>580.4</ele>
   </trkpt>
   <trkpt lat="32.4749950" lon="-111.2935000">
    <ele>580.2</ele>
   </trkpt>
   <trkpt lat="32.4750330" lon="-111.2935770">
    <ele>580.2</ele>
   </trkpt>
   <trkpt lat="32.4750490" lon="-111.2937150">
    <ele>580.2</ele>
   </trkpt>
   <trkpt lat="32.4749670" lon="-111.2937630">
    <ele>580.4</ele>
   </trkpt>
   <trkpt lat="32.4749000" lon="-111.2937510">
    <ele>580.4</ele>
   </trkpt>
   <trkpt lat="32.4748340" lon="-111.2937140">
    <ele>580.2</ele>
   </trkpt>
   <trkpt lat="32.4747690" lon="-111.2936620">
    <ele>580.2</ele>
   </trkpt>
   <trkpt lat="32.4745990" lon="-111.2936050">
    <ele>580.2</ele>
   </trkpt>
   <trkpt lat="32.4744450" lon="-111.2936020">
    <ele>579.8</ele>
   </trkpt>
   <trkpt lat="32.4743240" lon="-111.2935870">
    <ele>579.6</ele>
   </trkpt>
   <trkpt lat="32.4740910" lon="-111.2935880">
    <ele>579.6</ele>
   </trkpt>
   <trkpt lat="32.4740060" lon="-111.2936120">
    <ele>579.6</ele>
   </trkpt>
   <trkpt lat="32.4739430" lon="-111.2936590">
    <ele>579.6</ele>
   </trkpt>
   <trkpt lat="32.4739020" lon="-111.2937230">
    <ele>579.6</ele>
   </trkpt>
   <trkpt lat="32.4738730" lon="-111.2937940">
    <ele>579.6</ele>
   </trkpt>
   <trkpt lat="32.4738910" lon="-111.2939330">
    <ele>579.8</ele>
   </trkpt>
   <trkpt lat="32.4739700" lon="-111.2940160">
    <ele>580.0</ele>
   </trkpt>
   <trkpt lat="32.4740240" lon="-111.2940360">
    <ele>580.2</ele>
   </trkpt>
   <trkpt lat="32.4741390" lon="-111.2940590">
    <ele>580.4</ele>
   </trkpt>
   <trkpt lat="32.4743620" lon="-111.2940770">
    <ele>580.2</ele>
   </trkpt>
   <trkpt lat="32.4744380" lon="-111.2940740">
    <ele>580.2</ele>
   </trkpt>
   <trkpt lat="32.4745550" lon="-111.2940530">
    <ele>580.4</ele>
   </trkpt>
   <trkpt lat="32.4746180" lon="-111.2940560">
    <ele>580.4</ele>
   </trkpt>
   <trkpt lat="32.4748040" lon="-111.2940830">
    <ele>580.8</ele>
   </trkpt>
   <trkpt lat="32.4748510" lon="-111.2940920">
    <ele>580.8</ele>
   </trkpt>
   <trkpt lat="32.4750430" lon="-111.2941410">
    <ele>580.6</ele>
   </trkpt>
   <trkpt lat="32.4751520" lon="-111.2941170">
    <ele>580.6</ele>
   </trkpt>
   <trkpt lat="32.4751940" lon="-111.2940770">
    <ele>580.6</ele>
   </trkpt>
   <trkpt lat="32.4752340" lon="-111.2940170">
    <ele>580.6</ele>
   </trkpt>
   <trkpt lat="32.4753070" lon="-111.2938920">
    <ele>580.6</ele>
   </trkpt>
   <trkpt lat="32.4753340" lon="-111.2938450">
    <ele>580.6</ele>
   </trkpt>
   <trkpt lat="32.4753710" lon="-111.2938190">
    <ele>580.6</ele>
   </trkpt>
   <trkpt lat="32.4754270" lon="-111.2938360">
    <ele>580.6</ele>
   </trkpt>
   <trkpt lat="32.4754620" lon="-111.2939280">
    <ele>580.6</ele>
   </trkpt>
   <trkpt lat="32.4754730" lon="-111.2939670">
    <ele>580.6</ele>
   </trkpt>
   <trkpt lat="32.4755040" lon="-111.2940120">
    <ele>580.4</ele>
   </trkpt>
   <trkpt lat="32.4756040" lon="-111.2940310">
    <ele>580.4</ele>
   </trkpt>
   <trkpt lat="32.4758040" lon="-111.2938990">
    <ele>580.2</ele>
   </trkpt>
   <trkpt lat="32.4759090" lon="-111.2939040">
    <ele>580.2</ele>
   </trkpt>
   <trkpt lat="32.4759450" lon="-111.2940310">
    <ele>580.2</ele>
   </trkpt>
   <trkpt lat="32.4759580" lon="-111.2942810">
    <ele>580.6</ele>
   </trkpt>
   <trkpt lat="32.4759840" lon="-111.2945640">
    <ele>580.6</ele>
   </trkpt>
   <trkpt lat="32.4761070" lon="-111.2948660">
    <ele>580.0</ele>
   </trkpt>
   <trkpt lat="32.4761130" lon="-111.2950690">
    <ele>579.8</ele>
   </trkpt>
   <trkpt lat="32.4760210" lon="-111.2951570">
    <ele>580.0</ele>
   </trkpt>
   <trkpt lat="32.4759110" lon="-111.2951140">
    <ele>580.0</ele>
   </trkpt>
   <trkpt lat="32.4758460" lon="-111.2950730">
    <ele>580.2</ele>
   </trkpt>
   <trkpt lat="32.4757130" lon="-111.2949470">
    <ele>580.2</ele>
   </trkpt>
   <trkpt lat="32.4756570" lon="-111.2948660">
    <ele>580.0</ele>
   </trkpt>
   <trkpt lat="32.4756140" lon="-111.2948120">
    <ele>580.0</ele>
   </trkpt>
   <trkpt lat="32.4754860" lon="-111.2946860">
    <ele>580.2</ele>
   </trkpt>
   <trkpt lat="32.4753450" lon="-111.2945730">
    <ele>580.0</ele>
   </trkpt>
   <trkpt lat="32.4751570" lon="-111.2944980">
    <ele>580.0</ele>
   </trkpt>
   <trkpt lat="32.4749550" lon="-111.2944990">
    <ele>579.8</ele>
   </trkpt>
   <trkpt lat="32.4748870" lon="-111.2945550">
    <ele>579.8</ele>
   </trkpt>
   <trkpt lat="32.4748420" lon="-111.2947550">
    <ele>579.8</ele>
   </trkpt>
   <trkpt lat="32.4748280" lon="-111.2949840">
    <ele>579.8</ele>
   </trkpt>
   <trkpt lat="32.4748450" lon="-111.2950910">
    <ele>579.8</ele>
   </trkpt>
   <trkpt lat="32.4748900" lon="-111.2951760">
    <ele>579.8</ele>
   </trkpt>
   <trkpt lat="32.4749580" lon="-111.2952190">
    <ele>580.0</ele>
   </trkpt>
   <trkpt lat="32.4752460" lon="-111.2952000">
    <ele>580.2</ele>
   </trkpt>
   <trkpt lat="32.4755390" lon="-111.2953200">
    <ele>580.2</ele>
   </trkpt>
   <trkpt lat="32.4756490" lon="-111.2953600">
    <ele>580.2</ele>
   </trkpt>
   <trkpt lat="32.4757660" lon="-111.2953790">
    <ele>580.0</ele>
   </trkpt>
   <trkpt lat="32.4761380" lon="-111.2953930">
    <ele>580.0</ele>
   </trkpt>
   <trkpt lat="32.4762050" lon="-111.2953990">
    <ele>580.0</ele>
   </trkpt>
   <trkpt lat="32.4763560" lon="-111.2953700">
    <ele>580.0</ele>
   </trkpt>
   <trkpt lat="32.4764890" lon="-111.2952040">
    <ele>580.0</ele>
   </trkpt>
   <trkpt lat="32.4765290" lon="-111.2951000">
    <ele>580.0</ele>
   </trkpt>
   <trkpt lat="32.4765460" lon="-111.2949910">
    <ele>580.0</ele>
   </trkpt>
   <trkpt lat="32.4765370" lon="-111.2947950">
    <ele>580.0</ele>
   </trkpt>
   <trkpt lat="32.4764480" lon="-111.2946730">
    <ele>579.8</ele>
   </trkpt>
   <trkpt lat="32.4762760" lon="-111.2946030">
    <ele>580.0</ele>
   </trkpt>
   <trkpt lat="32.4762420" lon="-111.2945520">
    <ele>580.0</ele>
   </trkpt>
   <trkpt lat="32.4762260" lon="-111.2944720">
    <ele>580.2</ele>
   </trkpt>
   <trkpt lat="32.4762220" lon="-111.2942890">
    <ele>581.2</ele>
   </trkpt>
   <trkpt lat="32.4762350" lon="-111.2941900">
    <ele>581.2</ele>
   </trkpt>
   <trkpt lat="32.4763180" lon="-111.2940120">
    <ele>581.2</ele>
   </trkpt>
   <trkpt lat="32.4763760" lon="-111.2938920">
    <ele>581.0</ele>
   </trkpt>
   <trkpt lat="32.4764120" lon="-111.2937030">
    <ele>580.6</ele>
   </trkpt>
   <trkpt lat="32.4764060" lon="-111.2935140">
    <ele>580.4</ele>
   </trkpt>
   <trkpt lat="32.4764100" lon="-111.2931330">
    <ele>580.4</ele>
   </trkpt>
   <trkpt lat="32.4763670" lon="-111.2929470">
    <ele>580.4</ele>
   </trkpt>
   <trkpt lat="32.4763280" lon="-111.2928860">
    <ele>580.2</ele>
   </trkpt>
   <trkpt lat="32.4762810" lon="-111.2928610">
    <ele>580.2</ele>
   </trkpt>
   <trkpt lat="32.4762250" lon="-111.2928740">
    <ele>580.0</ele>
   </trkpt>
   <trkpt lat="32.4761720" lon="-111.2929090">
    <ele>580.0</ele>
   </trkpt>
   <trkpt lat="32.4760860" lon="-111.2930340">
    <ele>580.0</ele>
   </trkpt>
   <trkpt lat="32.4760420" lon="-111.2931920">
    <ele>580.4</ele>
   </trkpt>
   <trkpt lat="32.4760360" lon="-111.2932730">
    <ele>580.6</ele>
   </trkpt>
   <trkpt lat="32.4760210" lon="-111.2933600">
    <ele>580.6</ele>
   </trkpt>
   <trkpt lat="32.4759810" lon="-111.2934290">
    <ele>580.6</ele>
   </trkpt>
   <trkpt lat="32.4759210" lon="-111.2934680">
    <ele>580.6</ele>
   </trkpt>
   <trkpt lat="32.4758600" lon="-111.2934710">
    <ele>580.6</ele>
   </trkpt>
   <trkpt lat="32.4757920" lon="-111.2933600">
    <ele>580.6</ele>
   </trkpt>
   <trkpt lat="32.4758150" lon="-111.2931960">
    <ele>580.8</ele>
   </trkpt>
   <trkpt lat="32.4758220" lon="-111.2931140">
    <ele>580.8</ele>
   </trkpt>
   <trkpt lat="32.4758160" lon="-111.2928990">
    <ele>580.6</ele>
   </trkpt>
   <trkpt lat="32.4758050" lon="-111.2928350">
    <ele>580.6</ele>
   </trkpt>
   <trkpt lat="32.4757350" lon="-111.2927550">
    <ele>580.6</ele>
   </trkpt>
   <trkpt lat="32.4756980" lon="-111.2927430">
    <ele>580.4</ele>
   </trkpt>
   <trkpt lat="32.4756320" lon="-111.2927470">
    <ele>580.2</ele>
   </trkpt>
   <trkpt lat="32.4755540" lon="-111.2928190">
    <ele>580.2</ele>
   </trkpt>
   <trkpt lat="32.4755370" lon="-111.2928750">
    <ele>580.2</ele>
   </trkpt>
   <trkpt lat="32.4755330" lon="-111.2929580">
    <ele>580.2</ele>
   </trkpt>
   <trkpt lat="32.4755320" lon="-111.2931650">
    <ele>580.4</ele>
   </trkpt>
   <trkpt lat="32.4755330" lon="-111.2932280">
    <ele>580.4</ele>
   </trkpt>
   <trkpt lat="32.4755180" lon="-111.2933450">
    <ele>581.0</ele>
   </trkpt>
   <trkpt lat="32.4755010" lon="-111.2934010">
    <ele>580.6</ele>
   </trkpt>
   <trkpt lat="32.4754650" lon="-111.2934580">
    <ele>580.6</ele>
   </trkpt>
   <trkpt lat="32.4753240" lon="-111.2934920">
    <ele>580.6</ele>
   </trkpt>
   <trkpt lat="32.4752490" lon="-111.2934800">
    <ele>580.4</ele>
   </trkpt>
   <trkpt lat="32.4751460" lon="-111.2934020">
    <ele>580.4</ele>
   </trkpt>
   <trkpt lat="32.4751090" lon="-111.2932160">
    <ele>580.6</ele>
   </trkpt>
   <trkpt lat="32.4750970" lon="-111.2930910">
    <ele>580.8</ele>
   </trkpt>
   <trkpt lat="32.4750670" lon="-111.2929620">
    <ele>580.8</ele>
   </trkpt>
   <trkpt lat="32.4749860" lon="-111.2928540">
    <ele>580.6</ele>
   </trkpt>
   <trkpt lat="32.4749060" lon="-111.2928210">
    <ele>580.2</ele>
   </trkpt>
   <trkpt lat="32.4748710" lon="-111.2928080">
    <ele>580.2</ele>
   </trkpt>
   <trkpt lat="32.4747920" lon="-111.2927810">
    <ele>580.2</ele>
   </trkpt>
   <trkpt lat="32.4747080" lon="-111.2927730">
    <ele>580.2</ele>
   </trkpt>
   <trkpt lat="32.4746040" lon="-111.2927720">
    <ele>580.2</ele>
   </trkpt>
   <trkpt lat="32.4745010" lon="-111.2927850">
    <ele>580.2</ele>
   </trkpt>
   <trkpt lat="32.4742380" lon="-111.2927750">
    <ele>580.2</ele>
   </trkpt>
   <trkpt lat="32.4741980" lon="-111.2927740">
    <ele>580.4</ele>
   </trkpt>
   <trkpt lat="32.4741240" lon="-111.2927740">
    <ele>580.4</ele>
   </trkpt>
   <trkpt lat="32.4740190" lon="-111.2927680">
    <ele>580.2</ele>
   </trkpt>
   <trkpt lat="32.4739530" lon="-111.2927820">
    <ele>580.0</ele>
   </trkpt>
   <trkpt lat="32.4739000" lon="-111.2928190">
    <ele>580.0</ele>
   </trkpt>
   <trkpt lat="32.4738660" lon="-111.2928690">
    <ele>580.0</ele>
   </trkpt>
   <trkpt lat="32.4738530" lon="-111.2929210">
    <ele>580.0</ele>
   </trkpt>
   <trkpt lat="32.4738780" lon="-111.2930130">
    <ele>580.0</ele>
   </trkpt>
   <trkpt lat="32.4739410" lon="-111.2930790">
    <ele>580.0</ele>
   </trkpt>
   <trkpt lat="32.4739840" lon="-111.2931000">
    <ele>580.0</ele>
   </trkpt>
   <trkpt lat="32.4740480" lon="-111.2931230">
    <ele>580.2</ele>
   </trkpt>
   <trkpt lat="32.4742000" lon="-111.2931410">
    <ele>580.2</ele>
   </trkpt>
   <trkpt lat="32.4743240" lon="-111.2931630">
    <ele>580.2</ele>
   </trkpt>
   <trkpt lat="32.4743560" lon="-111.2931780">
    <ele>580.2</ele>
   </trkpt>
   <trkpt lat="32.4745010" lon="-111.2931890">
    <ele>580.4</ele>
   </trkpt>
   <trkpt lat="32.4747630" lon="-111.2932150">
    <ele>580.4</ele>
   </trkpt>
   <trkpt lat="32.4748650" lon="-111.2932720">
    <ele>580.4</ele>
   </trkpt>
   <trkpt lat="32.4748860" lon="-111.2933100">
    <ele>580.4</ele>
   </trkpt>
   <trkpt lat="32.4749650" lon="-111.2935200">
    <ele>580.4</ele>
   </trkpt>
   <trkpt lat="32.4749990" lon="-111.2936650">
    <ele>580.6</ele>
   </trkpt>
   <trkpt lat="32.4749910" lon="-111.2937030">
    <ele>580.6</ele>
   </trkpt>
   <trkpt lat="32.4748910" lon="-111.2937360">
    <ele>580.8</ele>
   </trkpt>
   <trkpt lat="32.4748460" lon="-111.2937150">
    <ele>580.6</ele>
   </trkpt>
   <trkpt lat="32.4747340" lon="-111.2936310">
    <ele>580.6</ele>
   </trkpt>
   <trkpt lat="32.4745690" lon="-111.2935880">
    <ele>580.6</ele>
   </trkpt>
   <trkpt lat="32.4744920" lon="-111.2935980">
    <ele>580.0</ele>
   </trkpt>
   <trkpt lat="32.4744270" lon="-111.2936070">
    <ele>580.0</ele>
   </trkpt>
   <trkpt lat="32.4742960" lon="-111.2935950">
    <ele>580.0</ele>
   </trkpt>
   <trkpt lat="32.4741460" lon="-111.2935690">
    <ele>580.0</ele>
   </trkpt>
   <trkpt lat="32.4740630" lon="-111.2935800">
    <ele>580.0</ele>
   </trkpt>
   <trkpt lat="32.4739840" lon="-111.2936140">
    <ele>580.0</ele>
   </trkpt>
   <trkpt lat="32.4739230" lon="-111.2936740">
    <ele>580.0</ele>
   </trkpt>
   <trkpt lat="32.4738800" lon="-111.2937500">
    <ele>580.0</ele>
   </trkpt>
   <trkpt lat="32.4738900" lon="-111.2939220">
    <ele>580.0</ele>
   </trkpt>
   <trkpt lat="32.4739890" lon="-111.2940390">
    <ele>580.0</ele>
   </trkpt>
   <trkpt lat="32.4741160" lon="-111.2940790">
    <ele>580.4</ele>
   </trkpt>
   <trkpt lat="32.4741820" lon="-111.2940830">
    <ele>580.4</ele>
   </trkpt>
   <trkpt lat="32.4744670" lon="-111.2941000">
    <ele>580.2</ele>
   </trkpt>
   <trkpt lat="32.4745150" lon="-111.2941070">
    <ele>580.2</ele>
   </trkpt>
   <trkpt lat="32.4746850" lon="-111.2941090">
    <ele>580.2</ele>
   </trkpt>
   <trkpt lat="32.4749880" lon="-111.2941460">
    <ele>580.2</ele>
   </trkpt>
   <trkpt lat="32.4750510" lon="-111.2941500">
    <ele>580.2</ele>
   </trkpt>
   <trkpt lat="32.4751330" lon="-111.2941370">
    <ele>580.0</ele>
   </trkpt>
   <trkpt lat="32.4751970" lon="-111.2940850">
    <ele>580.0</ele>
   </trkpt>
   <trkpt lat="32.4752310" lon="-111.2940290">
    <ele>580.0</ele>
   </trkpt>
   <trkpt lat="32.4753120" lon="-111.2938720">
    <ele>580.0</ele>
   </trkpt>
   <trkpt lat="32.4753380" lon="-111.2938450">
    <ele>580.0</ele>
   </trkpt>
   <trkpt lat="32.4754050" lon="-111.2938580">
    <ele>580.0</ele>
   </trkpt>
   <trkpt lat="32.4755040" lon="-111.2940070">
    <ele>580.0</ele>
   </trkpt>
   <trkpt lat="32.4756280" lon="-111.2940140">
    <ele>580.0</ele>
   </trkpt>
   <trkpt lat="32.4758350" lon="-111.2938750">
    <ele>580.0</ele>
   </trkpt>
   <trkpt lat="32.4759450" lon="-111.2938770">
    <ele>580.0</ele>
   </trkpt>
   <trkpt lat="32.4759670" lon="-111.2940090">
    <ele>580.0</ele>
   </trkpt>
   <trkpt lat="32.4759720" lon="-111.2942760">
    <ele>580.4</ele>
   </trkpt>
   <trkpt lat="32.4759950" lon="-111.2945680">
    <ele>580.4</ele>
   </trkpt>
   <trkpt lat="32.4761280" lon="-111.2948820">
    <ele>580.0</ele>
   </trkpt>
   <trkpt lat="32.4761230" lon="-111.2950920">
    <ele>579.8</ele>
   </trkpt>
   <trkpt lat="32.4760290" lon="-111.2951730">
    <ele>580.0</ele>
   </trkpt>
   <trkpt lat="32.4759140" lon="-111.2951220">
    <ele>580.2</ele>
   </trkpt>
   <trkpt lat="32.4758430" lon="-111.2950730">
    <ele>580.2</ele>
   </trkpt>
   <trkpt lat="32.4757730" lon="-111.2950120">
    <ele>580.2</ele>
   </trkpt>
   <trkpt lat="32.4756430" lon="-111.2948500">
    <ele>580.0</ele>
   </trkpt>
   <trkpt lat="32.4755390" lon="-111.2947210">
    <ele>580.0</ele>
   </trkpt>
   <trkpt lat="32.4754830" lon="-111.2946680">
    <ele>580.0</ele>
   </trkpt>
   <trkpt lat="32.4753500" lon="-111.2945730">
    <ele>580.0</ele>
   </trkpt>
   <trkpt lat="32.4751640" lon="-111.2945020">
    <ele>580.2</ele>
   </trkpt>
   <trkpt lat="32.4748740" lon="-111.2945250">
    <ele>580.0</ele>
   </trkpt>
   <trkpt lat="32.4748130" lon="-111.2947040">
    <ele>580.2</ele>
   </trkpt>
   <trkpt lat="32.4748000" lon="-111.2949450">
    <ele>580.2</ele>
   </trkpt>
   <trkpt lat="32.4748250" lon="-111.2950600">
    <ele>580.2</ele>
   </trkpt>
   <trkpt lat="32.4748860" lon="-111.2951390">
    <ele>580.2</ele>
   </trkpt>
   <trkpt lat="32.4749720" lon="-111.2951710">
    <ele>580.2</ele>
   </trkpt>
   <trkpt lat="32.4750620" lon="-111.2951730">
    <ele>580.2</ele>
   </trkpt>
   <trkpt lat="32.4752650" lon="-111.2951680">
    <ele>580.4</ele>
   </trkpt>
   <trkpt lat="32.4753570" lon="-111.2952050">
    <ele>580.2</ele>
   </trkpt>
   <trkpt lat="32.4755570" lon="-111.2953190">
    <ele>580.2</ele>
   </trkpt>
   <trkpt lat="32.4756610" lon="-111.2953630">
    <ele>580.2</ele>
   </trkpt>
   <trkpt lat="32.4757700" lon="-111.2953890">
    <ele>580.2</ele>
   </trkpt>
   <trkpt lat="32.4759980" lon="-111.2954060">
    <ele>580.4</ele>
   </trkpt>
   <trkpt lat="32.4760920" lon="-111.2954210">
    <ele>580.4</ele>
   </trkpt>
   <trkpt lat="32.4762420" lon="-111.2954280">
    <ele>579.8</ele>
   </trkpt>
   <trkpt lat="32.4764220" lon="-111.2953410">
    <ele>580.0</ele>
   </trkpt>
   <trkpt lat="32.4765330" lon="-111.2951520">
    <ele>580.0</ele>
   </trkpt>
   <trkpt lat="32.4765380" lon="-111.2950280">
    <ele>580.0</ele>
   </trkpt>
   <trkpt lat="32.4765230" lon="-111.2948010">
    <ele>580.0</ele>
   </trkpt>
   <trkpt lat="32.4764930" lon="-111.2947000">
    <ele>580.0</ele>
   </trkpt>
   <trkpt lat="32.4764370" lon="-111.2946460">
    <ele>580.0</ele>
   </trkpt>
   <trkpt lat="32.4763700" lon="-111.2946270">
    <ele>580.2</ele>
   </trkpt>
   <trkpt lat="32.4763060" lon="-111.2946080">
    <ele>580.4</ele>
   </trkpt>
   <trkpt lat="32.4762350" lon="-111.2945080">
    <ele>580.6</ele>
   </trkpt>
   <trkpt lat="32.4762220" lon="-111.2943280">
    <ele>581.0</ele>
   </trkpt>
   <trkpt lat="32.4762230" lon="-111.2942490">
    <ele>581.2</ele>
   </trkpt>
   <trkpt lat="32.4762340" lon="-111.2941710">
    <ele>581.2</ele>
   </trkpt>
   <trkpt lat="32.4762800" lon="-111.2940950">
    <ele>581.4</ele>
   </trkpt>
   <trkpt lat="32.4763880" lon="-111.2939230">
    <ele>581.2</ele>
   </trkpt>
   <trkpt lat="32.4764370" lon="-111.2937450">
    <ele>581.2</ele>
   </trkpt>
   <trkpt lat="32.4764350" lon="-111.2935710">
    <ele>580.8</ele>
   </trkpt>
   <trkpt lat="32.4764020" lon="-111.2933940">
    <ele>580.8</ele>
   </trkpt>
   <trkpt lat="32.4764070" lon="-111.2931440">
    <ele>581.0</ele>
   </trkpt>
   <trkpt lat="32.4764060" lon="-111.2930410">
    <ele>581.0</ele>
   </trkpt>
   <trkpt lat="32.4763380" lon="-111.2928770">
    <ele>580.6</ele>
   </trkpt>
   <trkpt lat="32.4762200" lon="-111.2928670">
    <ele>580.4</ele>
   </trkpt>
   <trkpt lat="32.4761720" lon="-111.2929130">
    <ele>580.4</ele>
   </trkpt>
   <trkpt lat="32.4761280" lon="-111.2930010">
    <ele>580.6</ele>
   </trkpt>
   <trkpt lat="32.4761040" lon="-111.2930850">
    <ele>580.6</ele>
   </trkpt>
   <trkpt lat="32.4760530" lon="-111.2932990">
    <ele>580.6</ele>
   </trkpt>
   <trkpt lat="32.4760250" lon="-111.2933960">
    <ele>580.6</ele>
   </trkpt>
   <trkpt lat="32.4759160" lon="-111.2934870">
    <ele>581.0</ele>
   </trkpt>
   <trkpt lat="32.4758160" lon="-111.2933880">
    <ele>581.0</ele>
   </trkpt>
   <trkpt lat="32.4758100" lon="-111.2931030">
    <ele>581.0</ele>
   </trkpt>
   <trkpt lat="32.4758090" lon="-111.2928600">
    <ele>580.8</ele>
   </trkpt>
   <trkpt lat="32.4757790" lon="-111.2928060">
    <ele>580.8</ele>
   </trkpt>
   <trkpt lat="32.4757380" lon="-111.2927770">
    <ele>580.6</ele>
   </trkpt>
   <trkpt lat="32.4756630" lon="-111.2927480">
    <ele>580.6</ele>
   </trkpt>
   <trkpt lat="32.4755810" lon="-111.2927670">
    <ele>580.6</ele>
   </trkpt>
   <trkpt lat="32.4755530" lon="-111.2928050">
    <ele>580.6</ele>
   </trkpt>
   <trkpt lat="32.4755350" lon="-111.2929700">
    <ele>580.6</ele>
   </trkpt>
   <trkpt lat="32.4755320" lon="-111.2930650">
    <ele>580.6</ele>
   </trkpt>
   <trkpt lat="32.4755400" lon="-111.2931290">
    <ele>580.6</ele>
   </trkpt>
   <trkpt lat="32.4755450" lon="-111.2932500">
    <ele>580.6</ele>
   </trkpt>
   <trkpt lat="32.4755430" lon="-111.2933170">
    <ele>580.8</ele>
   </trkpt>
   <trkpt lat="32.4755260" lon="-111.2934380">
    <ele>580.4</ele>
   </trkpt>
   <trkpt lat="32.4754820" lon="-111.2934830">
    <ele>580.6</ele>
   </trkpt>
   <trkpt lat="32.4754100" lon="-111.2935020">
    <ele>580.6</ele>
   </trkpt>
   <trkpt lat="32.4753300" lon="-111.2935030">
    <ele>580.6</ele>
   </trkpt>
   <trkpt lat="32.4752680" lon="-111.2934890">
    <ele>580.6</ele>
   </trkpt>
   <trkpt lat="32.4751700" lon="-111.2933850">
    <ele>580.6</ele>
   </trkpt>
   <trkpt lat="32.4751390" lon="-111.2931650">
    <ele>580.6</ele>
   </trkpt>
   <trkpt lat="32.4751340" lon="-111.2931070">
    <ele>580.8</ele>
   </trkpt>
   <trkpt lat="32.4750800" lon="-111.2929270">
    <ele>580.6</ele>
   </trkpt>
   <trkpt lat="32.4749490" lon="-111.2927860">
    <ele>580.2</ele>
   </trkpt>
   <trkpt lat="32.4748540" lon="-111.2927560">
    <ele>580.2</ele>
   </trkpt>
   <trkpt lat="32.4746850" lon="-111.2927370">
    <ele>580.2</ele>
   </trkpt>
   <trkpt lat="32.4746220" lon="-111.2927390">
    <ele>580.2</ele>
   </trkpt>
   <trkpt lat="32.4745050" lon="-111.2927520">
    <ele>580.0</ele>
   </trkpt>
   <trkpt lat="32.4742900" lon="-111.2927430">
    <ele>580.0</ele>
   </trkpt>
   <trkpt lat="32.4741880" lon="-111.2927460">
    <ele>581.0</ele>
   </trkpt>
   <trkpt lat="32.4741570" lon="-111.2927470">
    <ele>581.0</ele>
   </trkpt>
   <trkpt lat="32.4740080" lon="-111.2927530">
    <ele>580.0</ele>
   </trkpt>
   <trkpt lat="32.4739610" lon="-111.2927800">
    <ele>579.8</ele>
   </trkpt>
   <trkpt lat="32.4739070" lon="-111.2928260">
    <ele>579.8</ele>
   </trkpt>
   <trkpt lat="32.4738530" lon="-111.2929400">
    <ele>579.8</ele>
   </trkpt>
   <trkpt lat="32.4738890" lon="-111.2930490">
    <ele>580.0</ele>
   </trkpt>
   <trkpt lat="32.4739750" lon="-111.2931170">
    <ele>580.2</ele>
   </trkpt>
   <trkpt lat="32.4740420" lon="-111.2931370">
    <ele>580.2</ele>
   </trkpt>
   <trkpt lat="32.4742870" lon="-111.2931780">
    <ele>580.2</ele>
   </trkpt>
   <trkpt lat="32.4743520" lon="-111.2931970">
    <ele>580.2</ele>
   </trkpt>
   <trkpt lat="32.4744180" lon="-111.2931910">
    <ele>580.4</ele>
   </trkpt>
   <trkpt lat="32.4744440" lon="-111.2931920">
    <ele>580.4</ele>
   </trkpt>
   <trkpt lat="32.4744580" lon="-111.2931950">
    <ele>580.4</ele>
   </trkpt>
   <trkpt lat="32.4744730" lon="-111.2931990">
    <ele>580.6</ele>
   </trkpt>
   <trkpt lat="32.4744880" lon="-111.2932020">
    <ele>580.6</ele>
   </trkpt>
   <trkpt lat="32.4745030" lon="-111.2932060">
    <ele>580.8</ele>
   </trkpt>
   <trkpt lat="32.4745170" lon="-111.2932090">
    <ele>581.0</ele>
   </trkpt>
   <trkpt lat="32.4745320" lon="-111.2932130">
    <ele>580.8</ele>
   </trkpt>
   <trkpt lat="32.4745470" lon="-111.2932160">
    <ele>582.0</ele>
   </trkpt>
   <trkpt lat="32.4745620" lon="-111.2932200">
    <ele>582.0</ele>
   </trkpt>
   <trkpt lat="32.4745760" lon="-111.2932230">
    <ele>582.0</ele>
   </trkpt>
   <trkpt lat="32.4745910" lon="-111.2932270">
    <ele>582.0</ele>
   </trkpt>
   <trkpt lat="32.4746770" lon="-111.2931790">
    <ele>581.8</ele>
   </trkpt>
   <trkpt lat="32.4747990" lon="-111.2932150">
    <ele>581.8</ele>
   </trkpt>
   <trkpt lat="32.4748750" lon="-111.2933130">
    <ele>581.8</ele>
   </trkpt>
   <trkpt lat="32.4749030" lon="-111.2933680">
    <ele>581.6</ele>
   </trkpt>
   <trkpt lat="32.4750210" lon="-111.2935910">
    <ele>581.4</ele>
   </trkpt>
   <trkpt lat="32.4750400" lon="-111.2937090">
    <ele>581.4</ele>
   </trkpt>
   <trkpt lat="32.4750180" lon="-111.2937310">
    <ele>581.6</ele>
   </trkpt>
   <trkpt lat="32.4749780" lon="-111.2937490">
    <ele>581.4</ele>
   </trkpt>
   <trkpt lat="32.4748600" lon="-111.2937250">
    <ele>581.6</ele>
   </trkpt>
   <trkpt lat="32.4747300" lon="-111.2936320">
    <ele>581.2</ele>
   </trkpt>
   <trkpt lat="32.4746400" lon="-111.2936050">
    <ele>581.0</ele>
   </trkpt>
   <trkpt lat="32.4745500" lon="-111.2935990">
    <ele>580.8</ele>
   </trkpt>
   <trkpt lat="32.4744130" lon="-111.2936090">
    <ele>580.6</ele>
   </trkpt>
   <trkpt lat="32.4742290" lon="-111.2935970">
    <ele>580.4</ele>
   </trkpt>
   <trkpt lat="32.4740640" lon="-111.2936020">
    <ele>580.2</ele>
   </trkpt>
   <trkpt lat="32.4739170" lon="-111.2936620">
    <ele>580.2</ele>
   </trkpt>
   <trkpt lat="32.4738690" lon="-111.2937130">
    <ele>580.2</ele>
   </trkpt>
   <trkpt lat="32.4738460" lon="-111.2937710">
    <ele>580.2</ele>
   </trkpt>
   <trkpt lat="32.4738550" lon="-111.2938400">
    <ele>580.2</ele>
   </trkpt>
   <trkpt lat="32.4738780" lon="-111.2939110">
    <ele>580.4</ele>
   </trkpt>
   <trkpt lat="32.4739600" lon="-111.2940180">
    <ele>580.4</ele>
   </trkpt>
   <trkpt lat="32.4740830" lon="-111.2940500">
    <ele>580.8</ele>
   </trkpt>
   <trkpt lat="32.4741470" lon="-111.2940590">
    <ele>580.8</ele>
   </trkpt>
   <trkpt lat="32.4744490" lon="-111.2940690">
    <ele>580.8</ele>
   </trkpt>
   <trkpt lat="32.4745690" lon="-111.2940710">
    <ele>580.6</ele>
   </trkpt>
   <trkpt lat="32.4748480" lon="-111.2941010">
    <ele>580.8</ele>
   </trkpt>
   <trkpt lat="32.4750610" lon="-111.2941420">
    <ele>580.6</ele>
   </trkpt>
   <trkpt lat="32.4751530" lon="-111.2941070">
    <ele>580.6</ele>
   </trkpt>
   <trkpt lat="32.4752650" lon="-111.2939320">
    <ele>580.6</ele>
   </trkpt>
   <trkpt lat="32.4753340" lon="-111.2938380">
    <ele>580.6</ele>
   </trkpt>
   <trkpt lat="32.4754160" lon="-111.2938140">
    <ele>580.4</ele>
   </trkpt>
   <trkpt lat="32.4754690" lon="-111.2938920">
    <ele>580.6</ele>
   </trkpt>
   <trkpt lat="32.4755330" lon="-111.2939780">
    <ele>580.6</ele>
   </trkpt>
   <trkpt lat="32.4755760" lon="-111.2940000">
    <ele>580.4</ele>
   </trkpt>
   <trkpt lat="32.4756310" lon="-111.2939910">
    <ele>580.4</ele>
   </trkpt>
   <trkpt lat="32.4756970" lon="-111.2939520">
    <ele>580.4</ele>
   </trkpt>
   <trkpt lat="32.4758440" lon="-111.2938690">
    <ele>580.4</ele>
   </trkpt>
   <trkpt lat="32.4758980" lon="-111.2938660">
    <ele>580.4</ele>
   </trkpt>
   <trkpt lat="32.4759240" lon="-111.2939130">
    <ele>580.4</ele>
   </trkpt>
   <trkpt lat="32.4759380" lon="-111.2939830">
    <ele>580.4</ele>
   </trkpt>
   <trkpt lat="32.4759420" lon="-111.2940590">
    <ele>580.4</ele>
   </trkpt>
   <trkpt lat="32.4759520" lon="-111.2942180">
    <ele>580.6</ele>
   </trkpt>
   <trkpt lat="32.4759510" lon="-111.2943820">
    <ele>580.8</ele>
   </trkpt>
   <trkpt lat="32.4759600" lon="-111.2944830">
    <ele>580.8</ele>
   </trkpt>
   <trkpt lat="32.4759790" lon="-111.2945940">
    <ele>580.8</ele>
   </trkpt>
   <trkpt lat="32.4760620" lon="-111.2948080">
    <ele>580.4</ele>
   </trkpt>
   <trkpt lat="32.4760970" lon="-111.2949230">
    <ele>580.4</ele>
   </trkpt>
   <trkpt lat="32.4760980" lon="-111.2950280">
    <ele>580.4</ele>
   </trkpt>
   <trkpt lat="32.4760730" lon="-111.2951050">
    <ele>580.4</ele>
   </trkpt>
   <trkpt lat="32.4760310" lon="-111.2951470">
    <ele>580.4</ele>
   </trkpt>
   <trkpt lat="32.4759780" lon="-111.2951570">
    <ele>580.4</ele>
   </trkpt>
   <trkpt lat="32.4759150" lon="-111.2951410">
    <ele>580.4</ele>
   </trkpt>
   <trkpt lat="32.4758480" lon="-111.2951000">
    <ele>580.4</ele>
   </trkpt>
   <trkpt lat="32.4757090" lon="-111.2949730">
    <ele>580.4</ele>
   </trkpt>
   <trkpt lat="32.4756070" lon="-111.2948370">
    <ele>580.4</ele>
   </trkpt>
   <trkpt lat="32.4755560" lon="-111.2947830">
    <ele>580.4</ele>
   </trkpt>
   <trkpt lat="32.4753700" lon="-111.2946250">
    <ele>580.6</ele>
   </trkpt>
   <trkpt lat="32.4751880" lon="-111.2945360">
    <ele>580.6</ele>
   </trkpt>
   <trkpt lat="32.4749900" lon="-111.2945190">
    <ele>580.4</ele>
   </trkpt>
   <trkpt lat="32.4749000" lon="-111.2945490">
    <ele>580.4</ele>
   </trkpt>
   <trkpt lat="32.4748420" lon="-111.2946280">
    <ele>580.4</ele>
   </trkpt>
   <trkpt lat="32.4748150" lon="-111.2947320">
    <ele>580.4</ele>
   </trkpt>
   <trkpt lat="32.4747990" lon="-111.2948480">
    <ele>580.4</ele>
   </trkpt>
   <trkpt lat="32.4748130" lon="-111.2950820">
    <ele>580.4</ele>
   </trkpt>
   <trkpt lat="32.4749320" lon="-111.2952190">
    <ele>580.4</ele>
   </trkpt>
   <trkpt lat="32.4751230" lon="-111.2952300">
    <ele>580.4</ele>
   </trkpt>
   <trkpt lat="32.4753380" lon="-111.2952430">
    <ele>580.6</ele>
   </trkpt>
   <trkpt lat="32.4754330" lon="-111.2952810">
    <ele>580.6</ele>
   </trkpt>
   <trkpt lat="32.4755250" lon="-111.2953320">
    <ele>580.8</ele>
   </trkpt>
   <trkpt lat="32.4757330" lon="-111.2953840">
    <ele>580.8</ele>
   </trkpt>
   <trkpt lat="32.4761080" lon="-111.2953990">
    <ele>580.8</ele>
   </trkpt>
   <trkpt lat="32.4762540" lon="-111.2954000">
    <ele>580.6</ele>
   </trkpt>
   <trkpt lat="32.4764240" lon="-111.2953190">
    <ele>581.0</ele>
   </trkpt>
   <trkpt lat="32.4765180" lon="-111.2951290">
    <ele>580.8</ele>
   </trkpt>
   <trkpt lat="32.4765260" lon="-111.2947990">
    <ele>580.8</ele>
   </trkpt>
   <trkpt lat="32.4764480" lon="-111.2946650">
    <ele>580.6</ele>
   </trkpt>
   <trkpt lat="32.4763420" lon="-111.2946170">
    <ele>580.4</ele>
   </trkpt>
   <trkpt lat="32.4763020" lon="-111.2945980">
    <ele>580.4</ele>
   </trkpt>
   <trkpt lat="32.4762610" lon="-111.2945730">
    <ele>580.6</ele>
   </trkpt>
   <trkpt lat="32.4761990" lon="-111.2944550">
    <ele>581.0</ele>
   </trkpt>
   <trkpt lat="32.4762000" lon="-111.2942860">
    <ele>581.2</ele>
   </trkpt>
   <trkpt lat="32.4762260" lon="-111.2941940">
    <ele>581.4</ele>
   </trkpt>
   <trkpt lat="32.4762680" lon="-111.2941000">
    <ele>581.4</ele>
   </trkpt>
   <trkpt lat="32.4763760" lon="-111.2939020">
    <ele>581.2</ele>
   </trkpt>
   <trkpt lat="32.4764110" lon="-111.2937310">
    <ele>580.8</ele>
   </trkpt>
   <trkpt lat="32.4764100" lon="-111.2936670">
    <ele>580.8</ele>
   </trkpt>
   <trkpt lat="32.4764130" lon="-111.2935670">
    <ele>580.8</ele>
   </trkpt>
   <trkpt lat="32.4764150" lon="-111.2931910">
    <ele>581.2</ele>
   </trkpt>
   <trkpt lat="32.4764180" lon="-111.2930910">
    <ele>581.2</ele>
   </trkpt>
   <trkpt lat="32.4763590" lon="-111.2929220">
    <ele>580.8</ele>
   </trkpt>
   <trkpt lat="32.4762410" lon="-111.2928660">
    <ele>580.4</ele>
   </trkpt>
   <trkpt lat="32.4761280" lon="-111.2929440">
    <ele>580.4</ele>
   </trkpt>
   <trkpt lat="32.4760740" lon="-111.2931070">
    <ele>580.6</ele>
   </trkpt>
   <trkpt lat="32.4760570" lon="-111.2932010">
    <ele>580.6</ele>
   </trkpt>
   <trkpt lat="32.4760210" lon="-111.2933880">
    <ele>580.8</ele>
   </trkpt>
   <trkpt lat="32.4759830" lon="-111.2934550">
    <ele>580.8</ele>
   </trkpt>
   <trkpt lat="32.4759350" lon="-111.2934970">
    <ele>580.8</ele>
   </trkpt>
   <trkpt lat="32.4758770" lon="-111.2935020">
    <ele>581.0</ele>
   </trkpt>
   <trkpt lat="32.4758230" lon="-111.2934690">
    <ele>581.0</ele>
   </trkpt>
   <trkpt lat="32.4757910" lon="-111.2934070">
    <ele>581.0</ele>
   </trkpt>
   <trkpt lat="32.4757860" lon="-111.2933270">
    <ele>581.0</ele>
   </trkpt>
   <trkpt lat="32.4757950" lon="-111.2932360">
    <ele>581.0</ele>
   </trkpt>
   <trkpt lat="32.4757990" lon="-111.2931530">
    <ele>581.0</ele>
   </trkpt>
   <trkpt lat="32.4757950" lon="-111.2930350">
    <ele>581.0</ele>
   </trkpt>
   <trkpt lat="32.4757910" lon="-111.2929800">
    <ele>581.0</ele>
   </trkpt>
   <trkpt lat="32.4757810" lon="-111.2928550">
    <ele>581.0</ele>
   </trkpt>
   <trkpt lat="32.4757460" lon="-111.2928020">
    <ele>581.0</ele>
   </trkpt>
   <trkpt lat="32.4757030" lon="-111.2927770">
    <ele>581.0</ele>
   </trkpt>
   <trkpt lat="32.4756360" lon="-111.2927610">
    <ele>580.8</ele>
   </trkpt>
   <trkpt lat="32.4755740" lon="-111.2927770">
    <ele>580.8</ele>
   </trkpt>
   <trkpt lat="32.4755300" lon="-111.2928570">
    <ele>580.8</ele>
   </trkpt>
   <trkpt lat="32.4755200" lon="-111.2929320">
    <ele>580.8</ele>
   </trkpt>
   <trkpt lat="32.4755220" lon="-111.2930220">
    <ele>580.8</ele>
   </trkpt>
   <trkpt lat="32.4755200" lon="-111.2931030">
    <ele>580.8</ele>
   </trkpt>
   <trkpt lat="32.4755100" lon="-111.2933020">
    <ele>580.8</ele>
   </trkpt>
   <trkpt lat="32.4755080" lon="-111.2933580">
    <ele>580.8</ele>
   </trkpt>
   <trkpt lat="32.4754760" lon="-111.2934530">
    <ele>580.6</ele>
   </trkpt>
   <trkpt lat="32.4754320" lon="-111.2934920">
    <ele>580.6</ele>
   </trkpt>
   <trkpt lat="32.4753670" lon="-111.2935110">
    <ele>580.6</ele>
   </trkpt>
   <trkpt lat="32.4752270" lon="-111.2935010">
    <ele>580.6</ele>
   </trkpt>
   <trkpt lat="32.4751680" lon="-111.2933860">
    <ele>580.6</ele>
   </trkpt>
   <trkpt lat="32.4751460" lon="-111.2932490">
    <ele>580.8</ele>
   </trkpt>
   <trkpt lat="32.4751310" lon="-111.2931290">
    <ele>581.2</ele>
   </trkpt>
   <trkpt lat="32.4751150" lon="-111.2930230">
    <ele>581.0</ele>
   </trkpt>
   <trkpt lat="32.4750440" lon="-111.2929050">
    <ele>580.8</ele>
   </trkpt>
   <trkpt lat="32.4749590" lon="-111.2928450">
    <ele>580.4</ele>
   </trkpt>
   <trkpt lat="32.4749000" lon="-111.2928200">
    <ele>580.4</ele>
   </trkpt>
   <trkpt lat="32.4747190" lon="-111.2927890">
    <ele>580.6</ele>
   </trkpt>
   <trkpt lat="32.4744980" lon="-111.2927960">
    <ele>580.0</ele>
   </trkpt>
   <trkpt lat="32.4742480" lon="-111.2927660">
    <ele>580.0</ele>
   </trkpt>
   <trkpt lat="32.4741550" lon="-111.2927620">
    <ele>581.2</ele>
   </trkpt>
   <trkpt lat="32.4740540" lon="-111.2927590">
    <ele>581.0</ele>
   </trkpt>
   <trkpt lat="32.4739900" lon="-111.2927720">
    <ele>580.4</ele>
   </trkpt>
   <trkpt lat="32.4739210" lon="-111.2927940">
    <ele>580.2</ele>
   </trkpt>
   <trkpt lat="32.4738400" lon="-111.2928720">
    <ele>580.0</ele>
   </trkpt>
   <trkpt lat="32.4738360" lon="-111.2929860">
    <ele>580.0</ele>
   </trkpt>
   <trkpt lat="32.4738560" lon="-111.2930450">
    <ele>580.0</ele>
   </trkpt>
   <trkpt lat="32.4738900" lon="-111.2930900">
    <ele>580.0</ele>
   </trkpt>
   <trkpt lat="32.4740080" lon="-111.2931440">
    <ele>579.8</ele>
   </trkpt>
   <trkpt lat="32.4742670" lon="-111.2931470">
    <ele>579.8</ele>
   </trkpt>
   <trkpt lat="32.4743640" lon="-111.2931860">
    <ele>580.0</ele>
   </trkpt>
   <trkpt lat="32.4746020" lon="-111.2931730">
    <ele>580.2</ele>
   </trkpt>
   <trkpt lat="32.4746910" lon="-111.2931800">
    <ele>580.0</ele>
   </trkpt>
   <trkpt lat="32.4748420" lon="-111.2932350">
    <ele>580.0</ele>
   </trkpt>
   <trkpt lat="32.4749190" lon="-111.2933510">
    <ele>579.8</ele>
   </trkpt>
   <trkpt lat="32.4750380" lon="-111.2935480">
    <ele>579.8</ele>
   </trkpt>
   <trkpt lat="32.4750670" lon="-111.2936640">
    <ele>579.6</ele>
   </trkpt>
   <trkpt lat="32.4750630" lon="-111.2937070">
    <ele>579.6</ele>
   </trkpt>
   <trkpt lat="32.4750380" lon="-111.2937340">
    <ele>579.6</ele>
   </trkpt>
   <trkpt lat="32.4749340" lon="-111.2937810">
    <ele>579.6</ele>
   </trkpt>
   <trkpt lat="32.4748230" lon="-111.2937370">
    <ele>579.6</ele>
   </trkpt>
   <trkpt lat="32.4746960" lon="-111.2936370">
    <ele>579.4</ele>
   </trkpt>
   <trkpt lat="32.4746190" lon="-111.2936200">
    <ele>579.4</ele>
   </trkpt>
   <trkpt lat="32.4744920" lon="-111.2936260">
    <ele>579.4</ele>
   </trkpt>
   <trkpt lat="32.4743790" lon="-111.2936320">
    <ele>579.6</ele>
   </trkpt>
   <trkpt lat="32.4742610" lon="-111.2936040">
    <ele>579.8</ele>
   </trkpt>
   <trkpt lat="32.4741940" lon="-111.2935990">
    <ele>579.6</ele>
   </trkpt>
   <trkpt lat="32.4741130" lon="-111.2935940">
    <ele>579.4</ele>
   </trkpt>
   <trkpt lat="32.4739610" lon="-111.2936120">
    <ele>579.6</ele>
   </trkpt>
   <trkpt lat="32.4738870" lon="-111.2936740">
    <ele>579.6</ele>
   </trkpt>
   <trkpt lat="32.4738470" lon="-111.2937820">
    <ele>579.6</ele>
   </trkpt>
   <trkpt lat="32.4738550" lon="-111.2938540">
    <ele>579.6</ele>
   </trkpt>
   <trkpt lat="32.4738840" lon="-111.2939290">
    <ele>579.8</ele>
   </trkpt>
   <trkpt lat="32.4739300" lon="-111.2939890">
    <ele>579.6</ele>
   </trkpt>
   <trkpt lat="32.4739840" lon="-111.2940320">
    <ele>579.6</ele>
   </trkpt>
   <trkpt lat="32.4741030" lon="-111.2940760">
    <ele>579.8</ele>
   </trkpt>
   <trkpt lat="32.4742140" lon="-111.2940960">
    <ele>579.8</ele>
   </trkpt>
   <trkpt lat="32.4743480" lon="-111.2941150">
    <ele>579.8</ele>
   </trkpt>
   <trkpt lat="32.4745630" lon="-111.2941210">
    <ele>579.8</ele>
   </trkpt>
   <trkpt lat="32.4747420" lon="-111.2941210">
    <ele>580.2</ele>
   </trkpt>
   <trkpt lat="32.4749310" lon="-111.2941400">
    <ele>580.2</ele>
   </trkpt>
   <trkpt lat="32.4751300" lon="-111.2941410">
    <ele>580.2</ele>
   </trkpt>
   <trkpt lat="32.4752070" lon="-111.2940780">
    <ele>580.4</ele>
   </trkpt>
   <trkpt lat="32.4753500" lon="-111.2938500">
    <ele>580.4</ele>
   </trkpt>
   <trkpt lat="32.4754140" lon="-111.2938500">
    <ele>580.2</ele>
   </trkpt>
   <trkpt lat="32.4754350" lon="-111.2938740">
    <ele>580.2</ele>
   </trkpt>
   <trkpt lat="32.4754660" lon="-111.2939360">
    <ele>580.0</ele>
   </trkpt>
   <trkpt lat="32.4755010" lon="-111.2939840">
    <ele>580.0</ele>
   </trkpt>
   <trkpt lat="32.4756140" lon="-111.2940130">
    <ele>580.0</ele>
   </trkpt>
   <trkpt lat="32.4758280" lon="-111.2938820">
    <ele>580.0</ele>
   </trkpt>
   <trkpt lat="32.4759360" lon="-111.2938890">
    <ele>580.0</ele>
   </trkpt>
   <trkpt lat="32.4759700" lon="-111.2940240">
    <ele>579.8</ele>
   </trkpt>
   <trkpt lat="32.4759760" lon="-111.2940950">
    <ele>579.8</ele>
   </trkpt>
   <trkpt lat="32.4759860" lon="-111.2943210">
    <ele>579.8</ele>
   </trkpt>
   <trkpt lat="32.4759910" lon="-111.2945100">
    <ele>579.6</ele>
   </trkpt>
   <trkpt lat="32.4760160" lon="-111.2946170">
    <ele>579.6</ele>
   </trkpt>
   <trkpt lat="32.4760560" lon="-111.2947230">
    <ele>579.4</ele>
   </trkpt>
   <trkpt lat="32.4761270" lon="-111.2949540">
    <ele>579.0</ele>
   </trkpt>
   <trkpt lat="32.4761250" lon="-111.2950610">
    <ele>578.6</ele>
   </trkpt>
   <trkpt lat="32.4760980" lon="-111.2951340">
    <ele>578.6</ele>
   </trkpt>
   <trkpt lat="32.4759970" lon="-111.2951560">
    <ele>578.8</ele>
   </trkpt>
   <trkpt lat="32.4759490" lon="-111.2951340">
    <ele>579.0</ele>
   </trkpt>
   <trkpt lat="32.4758330" lon="-111.2950550">
    <ele>579.4</ele>
   </trkpt>
   <trkpt lat="32.4757640" lon="-111.2949900">
    <ele>579.4</ele>
   </trkpt>
   <trkpt lat="32.4757000" lon="-111.2949170">
    <ele>579.4</ele>
   </trkpt>
   <trkpt lat="32.4756080" lon="-111.2947870">
    <ele>579.2</ele>
   </trkpt>
   <trkpt lat="32.4754470" lon="-111.2946500">
    <ele>579.2</ele>
   </trkpt>
   <trkpt lat="32.4753750" lon="-111.2945920">
    <ele>579.2</ele>
   </trkpt>
   <trkpt lat="32.4752010" lon="-111.2945070">
    <ele>579.4</ele>
   </trkpt>
   <trkpt lat="32.4749080" lon="-111.2945190">
    <ele>579.4</ele>
   </trkpt>
   <trkpt lat="32.4748240" lon="-111.2946770">
    <ele>579.4</ele>
   </trkpt>
   <trkpt lat="32.4748080" lon="-111.2947810">
    <ele>579.4</ele>
   </trkpt>
   <trkpt lat="32.4747990" lon="-111.2950090">
    <ele>579.4</ele>
   </trkpt>
   <trkpt lat="32.4748790" lon="-111.2951800">
    <ele>579.4</ele>
   </trkpt>
   <trkpt lat="32.4750550" lon="-111.2952260">
    <ele>579.6</ele>
   </trkpt>
   <trkpt lat="32.4752760" lon="-111.2952160">
    <ele>579.8</ele>
   </trkpt>
   <trkpt lat="32.4753890" lon="-111.2952450">
    <ele>579.8</ele>
   </trkpt>
   <trkpt lat="32.4754960" lon="-111.2952990">
    <ele>579.8</ele>
   </trkpt>
   <trkpt lat="32.4757220" lon="-111.2953750">
    <ele>579.8</ele>
   </trkpt>
   <trkpt lat="32.4760990" lon="-111.2953980">
    <ele>579.6</ele>
   </trkpt>
   <trkpt lat="32.4761540" lon="-111.2953940">
    <ele>579.2</ele>
   </trkpt>
   <trkpt lat="32.4763000" lon="-111.2953740">
    <ele>579.2</ele>
   </trkpt>
   <trkpt lat="32.4763830" lon="-111.2953280">
    <ele>579.6</ele>
   </trkpt>
   <trkpt lat="32.4764460" lon="-111.2952500">
    <ele>579.6</ele>
   </trkpt>
   <trkpt lat="32.4764960" lon="-111.2951550">
    <ele>579.6</ele>
   </trkpt>
   <trkpt lat="32.4765140" lon="-111.2950400">
    <ele>579.6</ele>
   </trkpt>
   <trkpt lat="32.4765190" lon="-111.2949140">
    <ele>579.6</ele>
   </trkpt>
   <trkpt lat="32.4764860" lon="-111.2946860">
    <ele>579.6</ele>
   </trkpt>
   <trkpt lat="32.4764330" lon="-111.2946100">
    <ele>579.4</ele>
   </trkpt>
   <trkpt lat="32.4763700" lon="-111.2945820">
    <ele>579.4</ele>
   </trkpt>
   <trkpt lat="32.4763160" lon="-111.2945630">
    <ele>579.4</ele>
   </trkpt>
   <trkpt lat="32.4762690" lon="-111.2945430">
    <ele>579.6</ele>
   </trkpt>
   <trkpt lat="32.4762170" lon="-111.2944160">
    <ele>580.0</ele>
   </trkpt>
   <trkpt lat="32.4762140" lon="-111.2943310">
    <ele>580.2</ele>
   </trkpt>
   <trkpt lat="32.4762390" lon="-111.2941590">
    <ele>580.2</ele>
   </trkpt>
   <trkpt lat="32.4763650" lon="-111.2939510">
    <ele>579.6</ele>
   </trkpt>
   <trkpt lat="32.4764110" lon="-111.2938640">
    <ele>579.6</ele>
   </trkpt>
   <trkpt lat="32.4764420" lon="-111.2937090">
    <ele>579.6</ele>
   </trkpt>
   <trkpt lat="32.4764290" lon="-111.2935520">
    <ele>579.8</ele>
   </trkpt>
   <trkpt lat="32.4764240" lon="-111.2935100">
    <ele>579.8</ele>
   </trkpt>
   <trkpt lat="32.4764180" lon="-111.2932970">
    <ele>580.2</ele>
   </trkpt>
   <trkpt lat="32.4764070" lon="-111.2930100">
    <ele>580.2</ele>
   </trkpt>
   <trkpt lat="32.4763190" lon="-111.2928720">
    <ele>579.6</ele>
   </trkpt>
   <trkpt lat="32.4761950" lon="-111.2928580">
    <ele>579.6</ele>
   </trkpt>
   <trkpt lat="32.4761080" lon="-111.2929600">
    <ele>579.6</ele>
   </trkpt>
   <trkpt lat="32.4760640" lon="-111.2932410">
    <ele>579.8</ele>
   </trkpt>
   <trkpt lat="32.4760360" lon="-111.2933330">
    <ele>580.0</ele>
   </trkpt>
   <trkpt lat="32.4759880" lon="-111.2934000">
    <ele>580.0</ele>
   </trkpt>
   <trkpt lat="32.4759230" lon="-111.2934380">
    <ele>580.0</ele>
   </trkpt>
   <trkpt lat="32.4758560" lon="-111.2934370">
    <ele>580.0</ele>
   </trkpt>
   <trkpt lat="32.4758080" lon="-111.2933870">
    <ele>580.0</ele>
   </trkpt>
   <trkpt lat="32.4757930" lon="-111.2932990">
    <ele>580.0</ele>
   </trkpt>
   <trkpt lat="32.4758020" lon="-111.2932010">
    <ele>580.2</ele>
   </trkpt>
   <trkpt lat="32.4758160" lon="-111.2929630">
    <ele>580.2</ele>
   </trkpt>
   <trkpt lat="32.4758040" lon="-111.2928410">
    <ele>580.2</ele>
   </trkpt>
   <trkpt lat="32.4757780" lon="-111.2927920">
    <ele>580.2</ele>
   </trkpt>
   <trkpt lat="32.4757350" lon="-111.2927550">
    <ele>580.0</ele>
   </trkpt>
   <trkpt lat="32.4756650" lon="-111.2927310">
    <ele>580.2</ele>
   </trkpt>
   <trkpt lat="32.4756030" lon="-111.2927340">
    <ele>580.0</ele>
   </trkpt>
   <trkpt lat="32.4755420" lon="-111.2927780">
    <ele>580.2</ele>
   </trkpt>
   <trkpt lat="32.4755110" lon="-111.2929020">
    <ele>580.2</ele>
   </trkpt>
   <trkpt lat="32.4755130" lon="-111.2929890">
    <ele>580.2</ele>
   </trkpt>
   <trkpt lat="32.4755110" lon="-111.2932570">
    <ele>580.2</ele>
   </trkpt>
   <trkpt lat="32.4755020" lon="-111.2933790">
    <ele>580.2</ele>
   </trkpt>
   <trkpt lat="32.4754300" lon="-111.2934730">
    <ele>580.0</ele>
   </trkpt>
   <trkpt lat="32.4752660" lon="-111.2935030">
    <ele>580.0</ele>
   </trkpt>
   <trkpt lat="32.4752150" lon="-111.2934770">
    <ele>580.0</ele>
   </trkpt>
   <trkpt lat="32.4751750" lon="-111.2934250">
    <ele>580.0</ele>
   </trkpt>
   <trkpt lat="32.4751530" lon="-111.2933650">
    <ele>580.4</ele>
   </trkpt>
   <trkpt lat="32.4751390" lon="-111.2932990">
    <ele>580.4</ele>
   </trkpt>
   <trkpt lat="32.4751180" lon="-111.2931230">
    <ele>580.6</ele>
   </trkpt>
   <trkpt lat="32.4750800" lon="-111.2929600">
    <ele>580.6</ele>
   </trkpt>
   <trkpt lat="32.4750310" lon="-111.2929060">
    <ele>580.6</ele>
   </trkpt>
   <trkpt lat="32.4749450" lon="-111.2928470">
    <ele>580.6</ele>
   </trkpt>
   <trkpt lat="32.4748840" lon="-111.2928090">
    <ele>580.8</ele>
   </trkpt>
   <trkpt lat="32.4747330" lon="-111.2927740">
    <ele>580.8</ele>
   </trkpt>
   <trkpt lat="32.4745670" lon="-111.2927550">
    <ele>580.6</ele>
   </trkpt>
   <trkpt lat="32.4745100" lon="-111.2927440">
    <ele>580.6</ele>
   </trkpt>
   <trkpt lat="32.4743810" lon="-111.2927290">
    <ele>580.4</ele>
   </trkpt>
   <trkpt lat="32.4742470" lon="-111.2927350">
    <ele>580.6</ele>
   </trkpt>
   <trkpt lat="32.4741800" lon="-111.2927470">
    <ele>581.4</ele>
   </trkpt>
   <trkpt lat="32.4739870" lon="-111.2927650">
    <ele>580.8</ele>
   </trkpt>
   <trkpt lat="32.4738920" lon="-111.2928380">
    <ele>580.6</ele>
   </trkpt>
   <trkpt lat="32.4738710" lon="-111.2928840">
    <ele>580.6</ele>
   </trkpt>
   <trkpt lat="32.4738600" lon="-111.2929350">
    <ele>580.6</ele>
   </trkpt>
   <trkpt lat="32.4738950" lon="-111.2930310">
    <ele>580.6</ele>
   </trkpt>
   <trkpt lat="32.4739610" lon="-111.2930910">
    <ele>580.6</ele>
   </trkpt>
   <trkpt lat="32.4740710" lon="-111.2931380">
    <ele>580.6</ele>
   </trkpt>
   <trkpt lat="32.4742790" lon="-111.2931550">
    <ele>580.8</ele>
   </trkpt>
   <trkpt lat="32.4743660" lon="-111.2931820">
    <ele>581.0</ele>
   </trkpt>
   <trkpt lat="32.4744000" lon="-111.2931870">
    <ele>581.0</ele>
   </trkpt>
   <trkpt lat="32.4746410" lon="-111.2931590">
    <ele>581.0</ele>
   </trkpt>
   <trkpt lat="32.4748130" lon="-111.2932190">
    <ele>581.0</ele>
   </trkpt>
   <trkpt lat="32.4749190" lon="-111.2933480">
    <ele>581.2</ele>
   </trkpt>
   <trkpt lat="32.4749640" lon="-111.2934280">
    <ele>581.2</ele>
   </trkpt>
   <trkpt lat="32.4750360" lon="-111.2935750">
    <ele>580.6</ele>
   </trkpt>
   <trkpt lat="32.4750470" lon="-111.2936360">
    <ele>580.6</ele>
   </trkpt>
   <trkpt lat="32.4750470" lon="-111.2937230">
    <ele>580.6</ele>
   </trkpt>
   <trkpt lat="32.4750260" lon="-111.2937510">
    <ele>580.8</ele>
   </trkpt>
   <trkpt lat="32.4749210" lon="-111.2937630">
    <ele>580.6</ele>
   </trkpt>
   <trkpt lat="32.4748560" lon="-111.2937280">
    <ele>580.6</ele>
   </trkpt>
   <trkpt lat="32.4747060" lon="-111.2936450">
    <ele>580.2</ele>
   </trkpt>
   <trkpt lat="32.4745580" lon="-111.2936300">
    <ele>580.2</ele>
   </trkpt>
   <trkpt lat="32.4743880" lon="-111.2936190">
    <ele>580.6</ele>
   </trkpt>
   <trkpt lat="32.4740880" lon="-111.2935960">
    <ele>580.8</ele>
   </trkpt>
   <trkpt lat="32.4740090" lon="-111.2936140">
    <ele>580.8</ele>
   </trkpt>
   <trkpt lat="32.4739520" lon="-111.2936510">
    <ele>580.6</ele>
   </trkpt>
   <trkpt lat="32.4739080" lon="-111.2936960">
    <ele>580.6</ele>
   </trkpt>
   <trkpt lat="32.4738730" lon="-111.2938330">
    <ele>580.6</ele>
   </trkpt>
   <trkpt lat="32.4739270" lon="-111.2939810">
    <ele>580.6</ele>
   </trkpt>
   <trkpt lat="32.4740280" lon="-111.2940700">
    <ele>580.6</ele>
   </trkpt>
   <trkpt lat="32.4742720" lon="-111.2941020">
    <ele>580.6</ele>
   </trkpt>
   <trkpt lat="32.4744840" lon="-111.2941010">
    <ele>580.8</ele>
   </trkpt>
   <trkpt lat="32.4745250" lon="-111.2941050">
    <ele>580.8</ele>
   </trkpt>
   <trkpt lat="32.4747160" lon="-111.2941040">
    <ele>580.8</ele>
   </trkpt>
   <trkpt lat="32.4747560" lon="-111.2941040">
    <ele>580.8</ele>
   </trkpt>
   <trkpt lat="32.4749960" lon="-111.2941440">
    <ele>580.8</ele>
   </trkpt>
   <trkpt lat="32.4751120" lon="-111.2941390">
    <ele>580.6</ele>
   </trkpt>
   <trkpt lat="32.4751590" lon="-111.2941160">
    <ele>580.6</ele>
   </trkpt>
   <trkpt lat="32.4752000" lon="-111.2940620">
    <ele>580.6</ele>
   </trkpt>
   <trkpt lat="32.4752810" lon="-111.2939280">
    <ele>580.6</ele>
   </trkpt>
   <trkpt lat="32.4753460" lon="-111.2938400">
    <ele>580.6</ele>
   </trkpt>
   <trkpt lat="32.4753960" lon="-111.2938270">
    <ele>580.6</ele>
   </trkpt>
   <trkpt lat="32.4754590" lon="-111.2938800">
    <ele>580.8</ele>
   </trkpt>
   <trkpt lat="32.4755160" lon="-111.2939840">
    <ele>580.8</ele>
   </trkpt>
   <trkpt lat="32.4755530" lon="-111.2940160">
    <ele>580.8</ele>
   </trkpt>
   <trkpt lat="32.4756020" lon="-111.2940100">
    <ele>580.8</ele>
   </trkpt>
   <trkpt lat="32.4756660" lon="-111.2939700">
    <ele>580.8</ele>
   </trkpt>
   <trkpt lat="32.4758050" lon="-111.2938820">
    <ele>580.6</ele>
   </trkpt>
   <trkpt lat="32.4758720" lon="-111.2938660">
    <ele>580.8</ele>
   </trkpt>
   <trkpt lat="32.4759220" lon="-111.2938760">
    <ele>580.6</ele>
   </trkpt>
   <trkpt lat="32.4759480" lon="-111.2939260">
    <ele>580.6</ele>
   </trkpt>
   <trkpt lat="32.4759530" lon="-111.2941280">
    <ele>580.8</ele>
   </trkpt>
   <trkpt lat="32.4759600" lon="-111.2941760">
    <ele>580.8</ele>
   </trkpt>
   <trkpt lat="32.4759650" lon="-111.2942410">
    <ele>581.0</ele>
   </trkpt>
   <trkpt lat="32.4759570" lon="-111.2944180">
    <ele>581.0</ele>
   </trkpt>
   <trkpt lat="32.4759940" lon="-111.2946230">
    <ele>581.0</ele>
   </trkpt>
   <trkpt lat="32.4760400" lon="-111.2947250">
    <ele>580.6</ele>
   </trkpt>
   <trkpt lat="32.4760870" lon="-111.2948290">
    <ele>580.4</ele>
   </trkpt>
   <trkpt lat="32.4761040" lon="-111.2950350">
    <ele>580.2</ele>
   </trkpt>
   <trkpt lat="32.4760140" lon="-111.2951390">
    <ele>580.2</ele>
   </trkpt>
   <trkpt lat="32.4759350" lon="-111.2951390">
    <ele>580.6</ele>
   </trkpt>
   <trkpt lat="32.4758100" lon="-111.2950500">
    <ele>580.8</ele>
   </trkpt>
   <trkpt lat="32.4757420" lon="-111.2949810">
    <ele>580.8</ele>
   </trkpt>
   <trkpt lat="32.4756800" lon="-111.2949110">
    <ele>580.8</ele>
   </trkpt>
   <trkpt lat="32.4755970" lon="-111.2947910">
    <ele>580.8</ele>
   </trkpt>
   <trkpt lat="32.4755460" lon="-111.2947410">
    <ele>580.6</ele>
   </trkpt>
   <trkpt lat="32.4753590" lon="-111.2945720">
    <ele>580.4</ele>
   </trkpt>
   <trkpt lat="32.4752680" lon="-111.2945370">
    <ele>580.4</ele>
   </trkpt>
   <trkpt lat="32.4751770" lon="-111.2945120">
    <ele>580.4</ele>
   </trkpt>
   <trkpt lat="32.4749810" lon="-111.2944910">
    <ele>580.2</ele>
   </trkpt>
   <trkpt lat="32.4748930" lon="-111.2945320">
    <ele>580.2</ele>
   </trkpt>
   <trkpt lat="32.4748360" lon="-111.2946220">
    <ele>580.2</ele>
   </trkpt>
   <trkpt lat="32.4748160" lon="-111.2947320">
    <ele>580.2</ele>
   </trkpt>
   <trkpt lat="32.4748020" lon="-111.2948460">
    <ele>580.2</ele>
   </trkpt>
   <trkpt lat="32.4748110" lon="-111.2950720">
    <ele>580.2</ele>
   </trkpt>
   <trkpt lat="32.4749320" lon="-111.2952300">
    <ele>580.4</ele>
   </trkpt>
   <trkpt lat="32.4751080" lon="-111.2952550">
    <ele>580.4</ele>
   </trkpt>
   <trkpt lat="32.4752130" lon="-111.2952440">
    <ele>580.4</ele>
   </trkpt>
   <trkpt lat="32.4753140" lon="-111.2952690">
    <ele>580.4</ele>
   </trkpt>
   <trkpt lat="32.4754090" lon="-111.2953170">
    <ele>580.4</ele>
   </trkpt>
   <trkpt lat="32.4756160" lon="-111.2954030">
    <ele>580.6</ele>
   </trkpt>
   <trkpt lat="32.4757320" lon="-111.2954150">
    <ele>580.6</ele>
   </trkpt>
   <trkpt lat="32.4760400" lon="-111.2954310">
    <ele>580.6</ele>
   </trkpt>
   <trkpt lat="32.4761000" lon="-111.2954400">
    <ele>580.4</ele>
   </trkpt>
   <trkpt lat="32.4762450" lon="-111.2954380">
    <ele>580.0</ele>
   </trkpt>
   <trkpt lat="32.4763380" lon="-111.2954000">
    <ele>580.4</ele>
   </trkpt>
   <trkpt lat="32.4764230" lon="-111.2953330">
    <ele>580.4</ele>
   </trkpt>
   <trkpt lat="32.4764850" lon="-111.2952440">
    <ele>580.2</ele>
   </trkpt>
   <trkpt lat="32.4765150" lon="-111.2951340">
    <ele>580.2</ele>
   </trkpt>
   <trkpt lat="32.4765240" lon="-111.2950090">
    <ele>580.2</ele>
   </trkpt>
   <trkpt lat="32.4765000" lon="-111.2947630">
    <ele>580.2</ele>
   </trkpt>
   <trkpt lat="32.4764470" lon="-111.2946780">
    <ele>580.0</ele>
   </trkpt>
   <trkpt lat="32.4762500" lon="-111.2945890">
    <ele>580.0</ele>
   </trkpt>
   <trkpt lat="32.4762110" lon="-111.2945570">
    <ele>580.2</ele>
   </trkpt>
   <trkpt lat="32.4761590" lon="-111.2944340">
    <ele>580.8</ele>
   </trkpt>
   <trkpt lat="32.4761770" lon="-111.2942490">
    <ele>581.2</ele>
   </trkpt>
   <trkpt lat="32.4762090" lon="-111.2941490">
    <ele>581.2</ele>
   </trkpt>
   <trkpt lat="32.4762570" lon="-111.2940520">
    <ele>581.2</ele>
   </trkpt>
   <trkpt lat="32.4763570" lon="-111.2938560">
    <ele>580.8</ele>
   </trkpt>
   <trkpt lat="32.4763820" lon="-111.2936910">
    <ele>580.6</ele>
   </trkpt>
   <trkpt lat="32.4763820" lon="-111.2934510">
    <ele>580.8</ele>
   </trkpt>
   <trkpt lat="32.4763980" lon="-111.2931070">
    <ele>580.8</ele>
   </trkpt>
   <trkpt lat="32.4763420" lon="-111.2929330">
    <ele>580.6</ele>
   </trkpt>
   <trkpt lat="32.4762190" lon="-111.2928710">
    <ele>580.4</ele>
   </trkpt>
   <trkpt lat="32.4761130" lon="-111.2929660">
    <ele>580.4</ele>
   </trkpt>
   <trkpt lat="32.4760570" lon="-111.2931480">
    <ele>580.4</ele>
   </trkpt>
   <trkpt lat="32.4760430" lon="-111.2932520">
    <ele>580.4</ele>
   </trkpt>
   <trkpt lat="32.4760200" lon="-111.2933540">
    <ele>580.4</ele>
   </trkpt>
   <trkpt lat="32.4759670" lon="-111.2934300">
    <ele>580.6</ele>
   </trkpt>
   <trkpt lat="32.4758290" lon="-111.2934430">
    <ele>580.8</ele>
   </trkpt>
   <trkpt lat="32.4757590" lon="-111.2933200">
    <ele>580.8</ele>
   </trkpt>
   <trkpt lat="32.4757860" lon="-111.2930730">
    <ele>581.0</ele>
   </trkpt>
   <trkpt lat="32.4757640" lon="-111.2928120">
    <ele>581.0</ele>
   </trkpt>
   <trkpt lat="32.4756930" lon="-111.2927290">
    <ele>580.8</ele>
   </trkpt>
   <trkpt lat="32.4756500" lon="-111.2927200">
    <ele>580.8</ele>
   </trkpt>
   <trkpt lat="32.4756080" lon="-111.2927310">
    <ele>580.8</ele>
   </trkpt>
   <trkpt lat="32.4755290" lon="-111.2927820">
    <ele>580.4</ele>
   </trkpt>
   <trkpt lat="32.4755120" lon="-111.2928410">
    <ele>580.4</ele>
   </trkpt>
   <trkpt lat="32.4755140" lon="-111.2930860">
    <ele>580.4</ele>
   </trkpt>
   <trkpt lat="32.4755120" lon="-111.2931550">
    <ele>580.4</ele>
   </trkpt>
   <trkpt lat="32.4755110" lon="-111.2932710">
    <ele>580.6</ele>
   </trkpt>
   <trkpt lat="32.4754940" lon="-111.2933960">
    <ele>580.8</ele>
   </trkpt>
   <trkpt lat="32.4754620" lon="-111.2934520">
    <ele>580.6</ele>
   </trkpt>
   <trkpt lat="32.4754090" lon="-111.2934920">
    <ele>580.6</ele>
   </trkpt>
   <trkpt lat="32.4753350" lon="-111.2935040">
    <ele>580.4</ele>
   </trkpt>
   <trkpt lat="32.4752600" lon="-111.2934910">
    <ele>580.4</ele>
   </trkpt>
   <trkpt lat="32.4751580" lon="-111.2934160">
    <ele>580.4</ele>
   </trkpt>
   <trkpt lat="32.4751340" lon="-111.2932860">
    <ele>580.8</ele>
   </trkpt>
   <trkpt lat="32.4751310" lon="-111.2932230">
    <ele>581.0</ele>
   </trkpt>
   <trkpt lat="32.4750920" lon="-111.2929810">
    <ele>581.2</ele>
   </trkpt>
   <trkpt lat="32.4750580" lon="-111.2929100">
    <ele>581.0</ele>
   </trkpt>
   <trkpt lat="32.4750120" lon="-111.2928480">
    <ele>581.2</ele>
   </trkpt>
   <trkpt lat="32.4749340" lon="-111.2927960">
    <ele>581.2</ele>
   </trkpt>
   <trkpt lat="32.4748080" lon="-111.2927650">
    <ele>580.8</ele>
   </trkpt>
   <trkpt lat="32.4746220" lon="-111.2927400">
    <ele>580.8</ele>
   </trkpt>
   <trkpt lat="32.4745030" lon="-111.2927540">
    <ele>580.6</ele>
   </trkpt>
   <trkpt lat="32.4743020" lon="-111.2927550">
    <ele>580.6</ele>
   </trkpt>
   <trkpt lat="32.4742370" lon="-111.2927520">
    <ele>580.6</ele>
   </trkpt>
   <trkpt lat="32.4741640" lon="-111.2927550">
    <ele>581.2</ele>
   </trkpt>
   <trkpt lat="32.4739960" lon="-111.2927630">
    <ele>580.6</ele>
   </trkpt>
   <trkpt lat="32.4738990" lon="-111.2928300">
    <ele>580.6</ele>
   </trkpt>
   <trkpt lat="32.4738780" lon="-111.2928730">
    <ele>580.6</ele>
   </trkpt>
   <trkpt lat="32.4738670" lon="-111.2929140">
    <ele>580.6</ele>
   </trkpt>
   <trkpt lat="32.4738660" lon="-111.2929990">
    <ele>580.6</ele>
   </trkpt>
   <trkpt lat="32.4738800" lon="-111.2930380">
    <ele>580.6</ele>
   </trkpt>
   <trkpt lat="32.4739970" lon="-111.2931300">
    <ele>580.4</ele>
   </trkpt>
   <trkpt lat="32.4741060" lon="-111.2931480">
    <ele>580.4</ele>
   </trkpt>
   <trkpt lat="32.4742540" lon="-111.2931460">
    <ele>580.4</ele>
   </trkpt>
   <trkpt lat="32.4743860" lon="-111.2931870">
    <ele>580.4</ele>
   </trkpt>
   <trkpt lat="32.4746300" lon="-111.2931670">
    <ele>580.4</ele>
   </trkpt>
   <trkpt lat="32.4747230" lon="-111.2931830">
    <ele>580.4</ele>
   </trkpt>
   <trkpt lat="32.4748640" lon="-111.2932710">
    <ele>580.2</ele>
   </trkpt>
   <trkpt lat="32.4749850" lon="-111.2934770">
    <ele>580.2</ele>
   </trkpt>
   <trkpt lat="32.4750200" lon="-111.2935520">
    <ele>580.2</ele>
   </trkpt>
   <trkpt lat="32.4750450" lon="-111.2936840">
    <ele>580.2</ele>
   </trkpt>
   <trkpt lat="32.4750150" lon="-111.2937660">
    <ele>580.4</ele>
   </trkpt>
   <trkpt lat="32.4749700" lon="-111.2937770">
    <ele>580.4</ele>
   </trkpt>
   <trkpt lat="32.4748530" lon="-111.2937170">
    <ele>580.4</ele>
   </trkpt>
   <trkpt lat="32.4747840" lon="-111.2936630">
    <ele>580.2</ele>
   </trkpt>
   <trkpt lat="32.4747000" lon="-111.2936150">
    <ele>580.2</ele>
   </trkpt>
   <trkpt lat="32.4746100" lon="-111.2935890">
    <ele>580.2</ele>
   </trkpt>
   <trkpt lat="32.4745280" lon="-111.2935890">
    <ele>580.0</ele>
   </trkpt>
   <trkpt lat="32.4743950" lon="-111.2936100">
    <ele>580.0</ele>
   </trkpt>
   <trkpt lat="32.4741830" lon="-111.2935970">
    <ele>579.8</ele>
   </trkpt>
   <trkpt lat="32.4740970" lon="-111.2936030">
    <ele>579.8</ele>
   </trkpt>
   <trkpt lat="32.4740160" lon="-111.2936210">
    <ele>579.8</ele>
   </trkpt>
   <trkpt lat="32.4739130" lon="-111.2936910">
    <ele>579.8</ele>
   </trkpt>
   <trkpt lat="32.4738810" lon="-111.2938110">
    <ele>579.8</ele>
   </trkpt>
   <trkpt lat="32.4738890" lon="-111.2938840">
    <ele>579.8</ele>
   </trkpt>
   <trkpt lat="32.4739080" lon="-111.2939390">
    <ele>580.0</ele>
   </trkpt>
   <trkpt lat="32.4739730" lon="-111.2940280">
    <ele>580.0</ele>
   </trkpt>
   <trkpt lat="32.4740640" lon="-111.2940710">
    <ele>580.0</ele>
   </trkpt>
   <trkpt lat="32.4741790" lon="-111.2940840">
    <ele>580.2</ele>
   </trkpt>
   <trkpt lat="32.4744600" lon="-111.2940980">
    <ele>580.2</ele>
   </trkpt>
   <trkpt lat="32.4745700" lon="-111.2940960">
    <ele>580.2</ele>
   </trkpt>
   <trkpt lat="32.4746480" lon="-111.2940980">
    <ele>580.2</ele>
   </trkpt>
   <trkpt lat="32.4747250" lon="-111.2940960">
    <ele>580.2</ele>
   </trkpt>
   <trkpt lat="32.4749680" lon="-111.2941200">
    <ele>580.0</ele>
   </trkpt>
   <trkpt lat="32.4750210" lon="-111.2941330">
    <ele>580.0</ele>
   </trkpt>
   <trkpt lat="32.4751360" lon="-111.2941260">
    <ele>580.0</ele>
   </trkpt>
   <trkpt lat="32.4751760" lon="-111.2940910">
    <ele>580.0</ele>
   </trkpt>
   <trkpt lat="32.4752110" lon="-111.2940320">
    <ele>580.0</ele>
   </trkpt>
   <trkpt lat="32.4752870" lon="-111.2939140">
    <ele>580.0</ele>
   </trkpt>
   <trkpt lat="32.4753150" lon="-111.2938670">
    <ele>580.0</ele>
   </trkpt>
   <trkpt lat="32.4753790" lon="-111.2937990">
    <ele>580.0</ele>
   </trkpt>
   <trkpt lat="32.4754480" lon="-111.2938370">
    <ele>580.0</ele>
   </trkpt>
   <trkpt lat="32.4754770" lon="-111.2938980">
    <ele>580.0</ele>
   </trkpt>
   <trkpt lat="32.4755180" lon="-111.2939950">
    <ele>580.0</ele>
   </trkpt>
   <trkpt lat="32.4755530" lon="-111.2940260">
    <ele>580.0</ele>
   </trkpt>
   <trkpt lat="32.4756910" lon="-111.2939700">
    <ele>579.8</ele>
   </trkpt>
   <trkpt lat="32.4758180" lon="-111.2938920">
    <ele>579.8</ele>
   </trkpt>
   <trkpt lat="32.4758750" lon="-111.2938910">
    <ele>580.0</ele>
   </trkpt>
   <trkpt lat="32.4759120" lon="-111.2939260">
    <ele>580.0</ele>
   </trkpt>
   <trkpt lat="32.4759260" lon="-111.2939890">
    <ele>579.8</ele>
   </trkpt>
   <trkpt lat="32.4759280" lon="-111.2940680">
    <ele>579.8</ele>
   </trkpt>
   <trkpt lat="32.4759350" lon="-111.2941860">
    <ele>580.0</ele>
   </trkpt>
   <trkpt lat="32.4759430" lon="-111.2943060">
    <ele>580.0</ele>
   </trkpt>
   <trkpt lat="32.4759380" lon="-111.2944820">
    <ele>580.0</ele>
   </trkpt>
   <trkpt lat="32.4759820" lon="-111.2946910">
    <ele>579.8</ele>
   </trkpt>
   <trkpt lat="32.4760290" lon="-111.2947980">
    <ele>579.6</ele>
   </trkpt>
   <trkpt lat="32.4760730" lon="-111.2949050">
    <ele>579.4</ele>
   </trkpt>
   <trkpt lat="32.4760870" lon="-111.2950130">
    <ele>579.4</ele>
   </trkpt>
   <trkpt lat="32.4760750" lon="-111.2951120">
    <ele>579.4</ele>
   </trkpt>
   <trkpt lat="32.4760340" lon="-111.2951800">
    <ele>579.4</ele>
   </trkpt>
   <trkpt lat="32.4759860" lon="-111.2951990">
    <ele>579.4</ele>
   </trkpt>
   <trkpt lat="32.4759410" lon="-111.2951890">
    <ele>579.6</ele>
   </trkpt>
   <trkpt lat="32.4758850" lon="-111.2951550">
    <ele>579.8</ele>
   </trkpt>
   <trkpt lat="32.4757540" lon="-111.2950470">
    <ele>580.0</ele>
   </trkpt>
   <trkpt lat="32.4756030" lon="-111.2948410">
    <ele>579.8</ele>
   </trkpt>
   <trkpt lat="32.4754190" lon="-111.2946660">
    <ele>579.6</ele>
   </trkpt>
   <trkpt lat="32.4753530" lon="-111.2946180">
    <ele>579.6</ele>
   </trkpt>
   <trkpt lat="32.4751530" lon="-111.2945310">
    <ele>579.6</ele>
   </trkpt>
   <trkpt lat="32.4749590" lon="-111.2945270">
    <ele>579.6</ele>
   </trkpt>
   <trkpt lat="32.4748860" lon="-111.2945860">
    <ele>579.4</ele>
   </trkpt>
   <trkpt lat="32.4748310" lon="-111.2947820">
    <ele>579.6</ele>
   </trkpt>
   <trkpt lat="32.4748200" lon="-111.2948990">
    <ele>579.6</ele>
   </trkpt>
   <trkpt lat="32.4748260" lon="-111.2950240">
    <ele>579.6</ele>
   </trkpt>
   <trkpt lat="32.4748610" lon="-111.2951410">
    <ele>579.6</ele>
   </trkpt>
   <trkpt lat="32.4749190" lon="-111.2952240">
    <ele>579.6</ele>
   </trkpt>
   <trkpt lat="32.4749920" lon="-111.2952640">
    <ele>579.8</ele>
   </trkpt>
   <trkpt lat="32.4750800" lon="-111.2952690">
    <ele>579.6</ele>
   </trkpt>
   <trkpt lat="32.4752900" lon="-111.2952680">
    <ele>579.8</ele>
   </trkpt>
   <trkpt lat="32.4755030" lon="-111.2953470">
    <ele>579.8</ele>
   </trkpt>
   <trkpt lat="32.4756060" lon="-111.2953890">
    <ele>579.8</ele>
   </trkpt>
   <trkpt lat="32.4757190" lon="-111.2954080">
    <ele>579.6</ele>
   </trkpt>
   <trkpt lat="32.4759470" lon="-111.2954190">
    <ele>579.6</ele>
   </trkpt>
   <trkpt lat="32.4760290" lon="-111.2954280">
    <ele>579.8</ele>
   </trkpt>
   <trkpt lat="32.4760690" lon="-111.2954320">
    <ele>579.8</ele>
   </trkpt>
   <trkpt lat="32.4763150" lon="-111.2953990">
    <ele>579.8</ele>
   </trkpt>
   <trkpt lat="32.4764580" lon="-111.2952400">
    <ele>579.6</ele>
   </trkpt>
   <trkpt lat="32.4765090" lon="-111.2950170">
    <ele>579.6</ele>
   </trkpt>
   <trkpt lat="32.4765120" lon="-111.2949140">
    <ele>579.6</ele>
   </trkpt>
   <trkpt lat="32.4764910" lon="-111.2947410">
    <ele>579.4</ele>
   </trkpt>
   <trkpt lat="32.4764440" lon="-111.2946750">
    <ele>579.4</ele>
   </trkpt>
   <trkpt lat="32.4763700" lon="-111.2946350">
    <ele>579.4</ele>
   </trkpt>
   <trkpt lat="32.4763090" lon="-111.2946170">
    <ele>579.4</ele>
   </trkpt>
   <trkpt lat="32.4762610" lon="-111.2946010">
    <ele>579.4</ele>
   </trkpt>
   <trkpt lat="32.4761790" lon="-111.2945260">
    <ele>579.8</ele>
   </trkpt>
   <trkpt lat="32.4761550" lon="-111.2943900">
    <ele>580.2</ele>
   </trkpt>
   <trkpt lat="32.4761520" lon="-111.2942980">
    <ele>580.2</ele>
   </trkpt>
   <trkpt lat="32.4761610" lon="-111.2942130">
    <ele>580.4</ele>
   </trkpt>
   <trkpt lat="32.4762390" lon="-111.2940390">
    <ele>580.2</ele>
   </trkpt>
   <trkpt lat="32.4763420" lon="-111.2938500">
    <ele>580.0</ele>
   </trkpt>
   <trkpt lat="32.4763690" lon="-111.2937650">
    <ele>579.8</ele>
   </trkpt>
   <trkpt lat="32.4763760" lon="-111.2937000">
    <ele>579.6</ele>
   </trkpt>
   <trkpt lat="32.4763790" lon="-111.2935870">
    <ele>579.6</ele>
   </trkpt>
   <trkpt lat="32.4763790" lon="-111.2934320">
    <ele>579.8</ele>
   </trkpt>
   <trkpt lat="32.4763790" lon="-111.2932860">
    <ele>580.0</ele>
   </trkpt>
   <trkpt lat="32.4763920" lon="-111.2930880">
    <ele>579.8</ele>
   </trkpt>
   <trkpt lat="32.4763840" lon="-111.2929810">
    <ele>579.8</ele>
   </trkpt>
   <trkpt lat="32.4763500" lon="-111.2929030">
    <ele>579.8</ele>
   </trkpt>
   <trkpt lat="32.4762930" lon="-111.2928560">
    <ele>579.6</ele>
   </trkpt>
   <trkpt lat="32.4762310" lon="-111.2928420">
    <ele>579.4</ele>
   </trkpt>
   <trkpt lat="32.4761710" lon="-111.2928620">
    <ele>579.4</ele>
   </trkpt>
   <trkpt lat="32.4761250" lon="-111.2929250">
    <ele>579.6</ele>
   </trkpt>
   <trkpt lat="32.4760940" lon="-111.2930060">
    <ele>579.6</ele>
   </trkpt>
   <trkpt lat="32.4760550" lon="-111.2932660">
    <ele>579.8</ele>
   </trkpt>
   <trkpt lat="32.4760410" lon="-111.2933460">
    <ele>580.0</ele>
   </trkpt>
   <trkpt lat="32.4760020" lon="-111.2934170">
    <ele>580.0</ele>
   </trkpt>
   <trkpt lat="32.4759370" lon="-111.2934570">
    <ele>580.2</ele>
   </trkpt>
   <trkpt lat="32.4758190" lon="-111.2934240">
    <ele>580.2</ele>
   </trkpt>
   <trkpt lat="32.4757770" lon="-111.2932860">
    <ele>580.2</ele>
   </trkpt>
   <trkpt lat="32.4757970" lon="-111.2931330">
    <ele>580.2</ele>
   </trkpt>
   <trkpt lat="32.4758000" lon="-111.2929820">
    <ele>580.2</ele>
   </trkpt>
   <trkpt lat="32.4757890" lon="-111.2928440">
    <ele>580.0</ele>
   </trkpt>
   <trkpt lat="32.4757640" lon="-111.2927800">
    <ele>580.0</ele>
   </trkpt>
   <trkpt lat="32.4757270" lon="-111.2927410">
    <ele>580.0</ele>
   </trkpt>
   <trkpt lat="32.4756830" lon="-111.2927220">
    <ele>580.0</ele>
   </trkpt>
   <trkpt lat="32.4756370" lon="-111.2927240">
    <ele>580.0</ele>
   </trkpt>
   <trkpt lat="32.4755610" lon="-111.2927600">
    <ele>579.8</ele>
   </trkpt>
   <trkpt lat="32.4755390" lon="-111.2929060">
    <ele>579.8</ele>
   </trkpt>
   <trkpt lat="32.4755470" lon="-111.2930880">
    <ele>579.8</ele>
   </trkpt>
   <trkpt lat="32.4755510" lon="-111.2931590">
    <ele>579.8</ele>
   </trkpt>
   <trkpt lat="32.4755500" lon="-111.2932240">
    <ele>580.0</ele>
   </trkpt>
   <trkpt lat="32.4755460" lon="-111.2933510">
    <ele>580.0</ele>
   </trkpt>
   <trkpt lat="32.4755240" lon="-111.2934140">
    <ele>580.0</ele>
   </trkpt>
   <trkpt lat="32.4754820" lon="-111.2934700">
    <ele>579.8</ele>
   </trkpt>
   <trkpt lat="32.4754210" lon="-111.2934990">
    <ele>579.8</ele>
   </trkpt>
   <trkpt lat="32.4753510" lon="-111.2935020">
    <ele>579.8</ele>
   </trkpt>
   <trkpt lat="32.4752240" lon="-111.2934570">
    <ele>579.8</ele>
   </trkpt>
   <trkpt lat="32.4751610" lon="-111.2932790">
    <ele>580.4</ele>
   </trkpt>
   <trkpt lat="32.4751280" lon="-111.2930400">
    <ele>580.4</ele>
   </trkpt>
   <trkpt lat="32.4750770" lon="-111.2929120">
    <ele>580.2</ele>
   </trkpt>
   <trkpt lat="32.4749280" lon="-111.2928200">
    <ele>580.0</ele>
   </trkpt>
   <trkpt lat="32.4748220" lon="-111.2928110">
    <ele>580.0</ele>
   </trkpt>
   <trkpt lat="32.4746880" lon="-111.2927860">
    <ele>580.0</ele>
   </trkpt>
   <trkpt lat="32.4746250" lon="-111.2927830">
    <ele>580.0</ele>
   </trkpt>
   <trkpt lat="32.4742580" lon="-111.2927730">
    <ele>580.0</ele>
   </trkpt>
   <trkpt lat="32.4741870" lon="-111.2927690">
    <ele>581.0</ele>
   </trkpt>
   <trkpt lat="32.4740590" lon="-111.2927490">
    <ele>580.4</ele>
   </trkpt>
   <trkpt lat="32.4739440" lon="-111.2927940">
    <ele>580.2</ele>
   </trkpt>
   <trkpt lat="32.4738700" lon="-111.2928920">
    <ele>580.2</ele>
   </trkpt>
   <trkpt lat="32.4738570" lon="-111.2929460">
    <ele>580.2</ele>
   </trkpt>
   <trkpt lat="32.4738640" lon="-111.2930000">
    <ele>580.2</ele>
   </trkpt>
   <trkpt lat="32.4738900" lon="-111.2930400">
    <ele>580.0</ele>
   </trkpt>
   <trkpt lat="32.4740830" lon="-111.2931280">
    <ele>580.0</ele>
   </trkpt>
   <trkpt lat="32.4743210" lon="-111.2931570">
    <ele>580.0</ele>
   </trkpt>
   <trkpt lat="32.4743820" lon="-111.2931720">
    <ele>580.2</ele>
   </trkpt>
   <trkpt lat="32.4744700" lon="-111.2931680">
    <ele>580.2</ele>
   </trkpt>
   <trkpt lat="32.4746840" lon="-111.2931530">
    <ele>580.2</ele>
   </trkpt>
   <trkpt lat="32.4747750" lon="-111.2931620">
    <ele>580.2</ele>
   </trkpt>
   <trkpt lat="32.4749190" lon="-111.2932260">
    <ele>580.2</ele>
   </trkpt>
   <trkpt lat="32.4750250" lon="-111.2933480">
    <ele>580.0</ele>
   </trkpt>
   <trkpt lat="32.4750640" lon="-111.2934270">
    <ele>580.0</ele>
   </trkpt>
   <trkpt lat="32.4750960" lon="-111.2935070">
    <ele>580.0</ele>
   </trkpt>
   <trkpt lat="32.4751110" lon="-111.2935910">
    <ele>580.0</ele>
   </trkpt>
   <trkpt lat="32.4751020" lon="-111.2936510">
    <ele>580.0</ele>
   </trkpt>
   <trkpt lat="32.4750150" lon="-111.2936980">
    <ele>580.0</ele>
   </trkpt>
   <trkpt lat="32.4748910" lon="-111.2936690">
    <ele>580.0</ele>
   </trkpt>
   <trkpt lat="32.4747250" lon="-111.2935690">
    <ele>580.0</ele>
   </trkpt>
   <trkpt lat="32.4746380" lon="-111.2935390">
    <ele>580.0</ele>
   </trkpt>
   <trkpt lat="32.4745500" lon="-111.2935370">
    <ele>580.0</ele>
   </trkpt>
   <trkpt lat="32.4744070" lon="-111.2935570">
    <ele>579.8</ele>
   </trkpt>
   <trkpt lat="32.4742910" lon="-111.2935610">
    <ele>579.8</ele>
   </trkpt>
   <trkpt lat="32.4741470" lon="-111.2935770">
    <ele>579.4</ele>
   </trkpt>
   <trkpt lat="32.4740710" lon="-111.2935960">
    <ele>579.4</ele>
   </trkpt>
   <trkpt lat="32.4739390" lon="-111.2936640">
    <ele>579.4</ele>
   </trkpt>
   <trkpt lat="32.4738740" lon="-111.2937900">
    <ele>579.6</ele>
   </trkpt>
   <trkpt lat="32.4738940" lon="-111.2939390">
    <ele>579.8</ele>
   </trkpt>
   <trkpt lat="32.4739270" lon="-111.2939950">
    <ele>580.0</ele>
   </trkpt>
   <trkpt lat="32.4739690" lon="-111.2940370">
    <ele>580.0</ele>
   </trkpt>
   <trkpt lat="32.4740590" lon="-111.2940700">
    <ele>580.2</ele>
   </trkpt>
   <trkpt lat="32.4742730" lon="-111.2940890">
    <ele>580.2</ele>
   </trkpt>
   <trkpt lat="32.4743380" lon="-111.2940960">
    <ele>580.0</ele>
   </trkpt>
   <trkpt lat="32.4744080" lon="-111.2940900">
    <ele>580.0</ele>
   </trkpt>
   <trkpt lat="32.4745250" lon="-111.2940800">
    <ele>580.0</ele>
   </trkpt>
   <trkpt lat="32.4746130" lon="-111.2940860">
    <ele>580.0</ele>
   </trkpt>
   <trkpt lat="32.4747280" lon="-111.2940780">
    <ele>580.2</ele>
   </trkpt>
   <trkpt lat="32.4747630" lon="-111.2940770">
    <ele>580.4</ele>
   </trkpt>
   <trkpt lat="32.4748390" lon="-111.2940850">
    <ele>580.2</ele>
   </trkpt>
   <trkpt lat="32.4748980" lon="-111.2940860">
    <ele>580.2</ele>
   </trkpt>
   <trkpt lat="32.4749690" lon="-111.2940830">
    <ele>580.2</ele>
   </trkpt>
   <trkpt lat="32.4750710" lon="-111.2940670">
    <ele>580.2</ele>
   </trkpt>
   <trkpt lat="32.4751950" lon="-111.2940810">
    <ele>580.0</ele>
   </trkpt>
   <trkpt lat="32.4752300" lon="-111.2940560">
    <ele>580.0</ele>
   </trkpt>
   <trkpt lat="32.4752580" lon="-111.2940120">
    <ele>579.8</ele>
   </trkpt>
   <trkpt lat="32.4753300" lon="-111.2938880">
    <ele>579.8</ele>
   </trkpt>
   <trkpt lat="32.4753550" lon="-111.2938530">
    <ele>580.0</ele>
   </trkpt>
   <trkpt lat="32.4754180" lon="-111.2938380">
    <ele>580.0</ele>
   </trkpt>
   <trkpt lat="32.4755020" lon="-111.2939470">
    <ele>580.0</ele>
   </trkpt>
   <trkpt lat="32.4755370" lon="-111.2939930">
    <ele>579.8</ele>
   </trkpt>
   <trkpt lat="32.4756130" lon="-111.2940090">
    <ele>579.6</ele>
   </trkpt>
   <trkpt lat="32.4757750" lon="-111.2939010">
    <ele>579.6</ele>
   </trkpt>
   <trkpt lat="32.4758730" lon="-111.2938790">
    <ele>579.6</ele>
   </trkpt>
   <trkpt lat="32.4758930" lon="-111.2939050">
    <ele>579.6</ele>
   </trkpt>
   <trkpt lat="32.4758960" lon="-111.2939380">
    <ele>579.8</ele>
   </trkpt>
   <trkpt lat="32.4759020" lon="-111.2940850">
    <ele>579.8</ele>
   </trkpt>
   <trkpt lat="32.4759190" lon="-111.2942420">
    <ele>580.0</ele>
   </trkpt>
   <trkpt lat="32.4759280" lon="-111.2943980">
    <ele>580.2</ele>
   </trkpt>
   <trkpt lat="32.4759550" lon="-111.2946080">
    <ele>580.2</ele>
   </trkpt>
   <trkpt lat="32.4759890" lon="-111.2947190">
    <ele>580.2</ele>
   </trkpt>
   <trkpt lat="32.4760340" lon="-111.2948250">
    <ele>579.8</ele>
   </trkpt>
   <trkpt lat="32.4760940" lon="-111.2950420">
    <ele>579.4</ele>
   </trkpt>
   <trkpt lat="32.4760310" lon="-111.2951760">
    <ele>579.4</ele>
   </trkpt>
   <trkpt lat="32.4759220" lon="-111.2951630">
    <ele>579.6</ele>
   </trkpt>
   <trkpt lat="32.4758700" lon="-111.2951290">
    <ele>579.6</ele>
   </trkpt>
   <trkpt lat="32.4757420" lon="-111.2950040">
    <ele>579.6</ele>
   </trkpt>
   <trkpt lat="32.4755200" lon="-111.2947350">
    <ele>579.4</ele>
   </trkpt>
   <trkpt lat="32.4753140" lon="-111.2945650">
    <ele>579.4</ele>
   </trkpt>
   <trkpt lat="32.4752260" lon="-111.2945160">
    <ele>579.4</ele>
   </trkpt>
   <trkpt lat="32.4751340" lon="-111.2944920">
    <ele>579.4</ele>
   </trkpt>
   <trkpt lat="32.4749460" lon="-111.2945090">
    <ele>579.4</ele>
   </trkpt>
   <trkpt lat="32.4748580" lon="-111.2946560">
    <ele>579.4</ele>
   </trkpt>
   <trkpt lat="32.4748380" lon="-111.2947550">
    <ele>579.4</ele>
   </trkpt>
   <trkpt lat="32.4748230" lon="-111.2949660">
    <ele>579.6</ele>
   </trkpt>
   <trkpt lat="32.4748580" lon="-111.2951680">
    <ele>579.8</ele>
   </trkpt>
   <trkpt lat="32.4749090" lon="-111.2952280">
    <ele>579.8</ele>
   </trkpt>
   <trkpt lat="32.4749810" lon="-111.2952450">
    <ele>579.8</ele>
   </trkpt>
   <trkpt lat="32.4750690" lon="-111.2952410">
    <ele>579.8</ele>
   </trkpt>
   <trkpt lat="32.4752800" lon="-111.2952510">
    <ele>579.8</ele>
   </trkpt>
   <trkpt lat="32.4753850" lon="-111.2952910">
    <ele>579.8</ele>
   </trkpt>
   <trkpt lat="32.4756010" lon="-111.2953860">
    <ele>579.8</ele>
   </trkpt>
   <trkpt lat="32.4757220" lon="-111.2954080">
    <ele>579.6</ele>
   </trkpt>
   <trkpt lat="32.4760450" lon="-111.2954160">
    <ele>579.6</ele>
   </trkpt>
   <trkpt lat="32.4761010" lon="-111.2954120">
    <ele>579.6</ele>
   </trkpt>
   <trkpt lat="32.4763250" lon="-111.2953650">
    <ele>579.4</ele>
   </trkpt>
   <trkpt lat="32.4764040" lon="-111.2952860">
    <ele>579.6</ele>
   </trkpt>
   <trkpt lat="32.4764590" lon="-111.2951810">
    <ele>579.4</ele>
   </trkpt>
   <trkpt lat="32.4765020" lon="-111.2949570">
    <ele>579.6</ele>
   </trkpt>
   <trkpt lat="32.4764880" lon="-111.2947360">
    <ele>579.4</ele>
   </trkpt>
   <trkpt lat="32.4764510" lon="-111.2946540">
    <ele>579.4</ele>
   </trkpt>
   <trkpt lat="32.4764040" lon="-111.2946150">
    <ele>579.4</ele>
   </trkpt>
   <trkpt lat="32.4763020" lon="-111.2945700">
    <ele>579.4</ele>
   </trkpt>
   <trkpt lat="32.4762160" lon="-111.2944980">
    <ele>580.0</ele>
   </trkpt>
   <trkpt lat="32.4761990" lon="-111.2944390">
    <ele>580.2</ele>
   </trkpt>
   <trkpt lat="32.4761920" lon="-111.2943410">
    <ele>580.6</ele>
   </trkpt>
   <trkpt lat="32.4762240" lon="-111.2941620">
    <ele>580.6</ele>
   </trkpt>
   <trkpt lat="32.4763580" lon="-111.2939020">
    <ele>580.2</ele>
   </trkpt>
   <trkpt lat="32.4763960" lon="-111.2937600">
    <ele>580.0</ele>
   </trkpt>
   <trkpt lat="32.4763990" lon="-111.2937110">
    <ele>579.8</ele>
   </trkpt>
   <trkpt lat="32.4763900" lon="-111.2935790">
    <ele>579.8</ele>
   </trkpt>
   <trkpt lat="32.4763750" lon="-111.2934850">
    <ele>580.0</ele>
   </trkpt>
   <trkpt lat="32.4763810" lon="-111.2934500">
    <ele>580.0</ele>
   </trkpt>
   <trkpt lat="32.4764040" lon="-111.2931820">
    <ele>580.0</ele>
   </trkpt>
   <trkpt lat="32.4764060" lon="-111.2930830">
    <ele>580.0</ele>
   </trkpt>
   <trkpt lat="32.4763740" lon="-111.2929080">
    <ele>579.8</ele>
   </trkpt>
   <trkpt lat="32.4762740" lon="-111.2928400">
    <ele>579.6</ele>
   </trkpt>
   <trkpt lat="32.4761660" lon="-111.2929000">
    <ele>579.6</ele>
   </trkpt>
   <trkpt lat="32.4761060" lon="-111.2930410">
    <ele>579.8</ele>
   </trkpt>
   <trkpt lat="32.4760920" lon="-111.2931350">
    <ele>579.6</ele>
   </trkpt>
   <trkpt lat="32.4760440" lon="-111.2933390">
    <ele>579.6</ele>
   </trkpt>
   <trkpt lat="32.4759870" lon="-111.2934030">
    <ele>579.8</ele>
   </trkpt>
   <trkpt lat="32.4759200" lon="-111.2934280">
    <ele>580.0</ele>
   </trkpt>
   <trkpt lat="32.4758540" lon="-111.2934190">
    <ele>580.0</ele>
   </trkpt>
   <trkpt lat="32.4758110" lon="-111.2933570">
    <ele>580.0</ele>
   </trkpt>
   <trkpt lat="32.4758010" lon="-111.2932680">
    <ele>580.0</ele>
   </trkpt>
   <trkpt lat="32.4758130" lon="-111.2929550">
    <ele>579.8</ele>
   </trkpt>
   <trkpt lat="32.4758090" lon="-111.2928600">
    <ele>580.0</ele>
   </trkpt>
   <trkpt lat="32.4757910" lon="-111.2927600">
    <ele>579.8</ele>
   </trkpt>
   <trkpt lat="32.4757190" lon="-111.2927080">
    <ele>580.0</ele>
   </trkpt>
   <trkpt lat="32.4756810" lon="-111.2927050">
    <ele>580.0</ele>
   </trkpt>
   <trkpt lat="32.4756060" lon="-111.2927140">
    <ele>579.6</ele>
   </trkpt>
   <trkpt lat="32.4755400" lon="-111.2927750">
    <ele>579.6</ele>
   </trkpt>
   <trkpt lat="32.4755100" lon="-111.2929040">
    <ele>579.6</ele>
   </trkpt>
   <trkpt lat="32.4755090" lon="-111.2929920">
    <ele>579.6</ele>
   </trkpt>
   <trkpt lat="32.4755120" lon="-111.2932510">
    <ele>579.8</ele>
   </trkpt>
   <trkpt lat="32.4755020" lon="-111.2934180">
    <ele>579.4</ele>
   </trkpt>
   <trkpt lat="32.4754050" lon="-111.2935000">
    <ele>579.4</ele>
   </trkpt>
   <trkpt lat="32.4753270" lon="-111.2934960">
    <ele>579.2</ele>
   </trkpt>
   <trkpt lat="32.4752100" lon="-111.2934520">
    <ele>579.2</ele>
   </trkpt>
   <trkpt lat="32.4751750" lon="-111.2934030">
    <ele>579.4</ele>
   </trkpt>
   <trkpt lat="32.4751550" lon="-111.2932870">
    <ele>579.8</ele>
   </trkpt>
   <trkpt lat="32.4751360" lon="-111.2931180">
    <ele>580.0</ele>
   </trkpt>
   <trkpt lat="32.4751050" lon="-111.2929660">
    <ele>580.0</ele>
   </trkpt>
   <trkpt lat="32.4750310" lon="-111.2928620">
    <ele>579.6</ele>
   </trkpt>
   <trkpt lat="32.4749320" lon="-111.2928080">
    <ele>579.6</ele>
   </trkpt>
   <trkpt lat="32.4747140" lon="-111.2927600">
    <ele>579.6</ele>
   </trkpt>
   <trkpt lat="32.4745030" lon="-111.2927560">
    <ele>579.4</ele>
   </trkpt>
   <trkpt lat="32.4742380" lon="-111.2927540">
    <ele>579.8</ele>
   </trkpt>
   <trkpt lat="32.4741990" lon="-111.2927530">
    <ele>581.0</ele>
   </trkpt>
   <trkpt lat="32.4741420" lon="-111.2927460">
    <ele>581.0</ele>
   </trkpt>
   <trkpt lat="32.4740350" lon="-111.2927410">
    <ele>580.4</ele>
   </trkpt>
   <trkpt lat="32.4739640" lon="-111.2927590">
    <ele>580.2</ele>
   </trkpt>
   <trkpt lat="32.4739210" lon="-111.2927920">
    <ele>580.0</ele>
   </trkpt>
   <trkpt lat="32.4738720" lon="-111.2928660">
    <ele>580.0</ele>
   </trkpt>
   <trkpt lat="32.4738630" lon="-111.2929970">
    <ele>580.0</ele>
   </trkpt>
   <trkpt lat="32.4738830" lon="-111.2930510">
    <ele>580.2</ele>
   </trkpt>
   <trkpt lat="32.4739150" lon="-111.2931000">
    <ele>580.2</ele>
   </trkpt>
   <trkpt lat="32.4740190" lon="-111.2931580">
    <ele>580.2</ele>
   </trkpt>
   <trkpt lat="32.4742610" lon="-111.2931650">
    <ele>580.0</ele>
   </trkpt>
   <trkpt lat="32.4743880" lon="-111.2931990">
    <ele>580.0</ele>
   </trkpt>
   <trkpt lat="32.4744290" lon="-111.2932000">
    <ele>580.0</ele>
   </trkpt>
   <trkpt lat="32.4747000" lon="-111.2931820">
    <ele>580.2</ele>
   </trkpt>
   <trkpt lat="32.4748610" lon="-111.2932390">
    <ele>580.0</ele>
   </trkpt>
   <trkpt lat="32.4749060" lon="-111.2932960">
    <ele>580.0</ele>
   </trkpt>
   <trkpt lat="32.4749840" lon="-111.2934480">
    <ele>580.0</ele>
   </trkpt>
   <trkpt lat="32.4750270" lon="-111.2935270">
    <ele>580.0</ele>
   </trkpt>
   <trkpt lat="32.4750510" lon="-111.2936100">
    <ele>580.0</ele>
   </trkpt>
   <trkpt lat="32.4750590" lon="-111.2936750">
    <ele>580.0</ele>
   </trkpt>
   <trkpt lat="32.4750480" lon="-111.2937180">
    <ele>580.0</ele>
   </trkpt>
   <trkpt lat="32.4749680" lon="-111.2937660">
    <ele>580.0</ele>
   </trkpt>
   <trkpt lat="32.4749110" lon="-111.2937540">
    <ele>580.0</ele>
   </trkpt>
   <trkpt lat="32.4747960" lon="-111.2936670">
    <ele>580.0</ele>
   </trkpt>
   <trkpt lat="32.4747150" lon="-111.2936100">
    <ele>580.0</ele>
   </trkpt>
   <trkpt lat="32.4746080" lon="-111.2935820">
    <ele>580.0</ele>
   </trkpt>
   <trkpt lat="32.4745280" lon="-111.2935890">
    <ele>579.8</ele>
   </trkpt>
   <trkpt lat="32.4744570" lon="-111.2935960">
    <ele>579.6</ele>
   </trkpt>
   <trkpt lat="32.4743340" lon="-111.2935880">
    <ele>579.6</ele>
   </trkpt>
   <trkpt lat="32.4740960" lon="-111.2935710">
    <ele>580.0</ele>
   </trkpt>
   <trkpt lat="32.4740130" lon="-111.2935890">
    <ele>579.8</ele>
   </trkpt>
   <trkpt lat="32.4739410" lon="-111.2936290">
    <ele>580.0</ele>
   </trkpt>
   <trkpt lat="32.4738730" lon="-111.2937510">
    <ele>580.0</ele>
   </trkpt>
   <trkpt lat="32.4738900" lon="-111.2939170">
    <ele>580.2</ele>
   </trkpt>
   <trkpt lat="32.4739180" lon="-111.2939820">
    <ele>580.2</ele>
   </trkpt>
   <trkpt lat="32.4739590" lon="-111.2940330">
    <ele>580.2</ele>
   </trkpt>
   <trkpt lat="32.4740810" lon="-111.2940720">
    <ele>580.4</ele>
   </trkpt>
   <trkpt lat="32.4744020" lon="-111.2940890">
    <ele>580.4</ele>
   </trkpt>
   <trkpt lat="32.4746010" lon="-111.2940800">
    <ele>580.6</ele>
   </trkpt>
   <trkpt lat="32.4747400" lon="-111.2940850">
    <ele>580.6</ele>
   </trkpt>
   <trkpt lat="32.4749440" lon="-111.2941210">
    <ele>580.2</ele>
   </trkpt>
   <trkpt lat="32.4750790" lon="-111.2941380">
    <ele>580.4</ele>
   </trkpt>
   <trkpt lat="32.4751740" lon="-111.2940810">
    <ele>580.4</ele>
   </trkpt>
   <trkpt lat="32.4752890" lon="-111.2938950">
    <ele>580.6</ele>
   </trkpt>
   <trkpt lat="32.4753540" lon="-111.2938200">
    <ele>580.4</ele>
   </trkpt>
   <trkpt lat="32.4754380" lon="-111.2938170">
    <ele>580.4</ele>
   </trkpt>
   <trkpt lat="32.4754600" lon="-111.2938390">
    <ele>580.4</ele>
   </trkpt>
   <trkpt lat="32.4755200" lon="-111.2939730">
    <ele>580.4</ele>
   </trkpt>
   <trkpt lat="32.4756030" lon="-111.2939930">
    <ele>580.4</ele>
   </trkpt>
   <trkpt lat="32.4756590" lon="-111.2939610">
    <ele>580.6</ele>
   </trkpt>
   <trkpt lat="32.4757900" lon="-111.2938890">
    <ele>580.4</ele>
   </trkpt>
   <trkpt lat="32.4759050" lon="-111.2938860">
    <ele>580.4</ele>
   </trkpt>
   <trkpt lat="32.4759350" lon="-111.2940020">
    <ele>580.6</ele>
   </trkpt>
   <trkpt lat="32.4759350" lon="-111.2940740">
    <ele>580.4</ele>
   </trkpt>
   <trkpt lat="32.4759410" lon="-111.2942280">
    <ele>580.8</ele>
   </trkpt>
   <trkpt lat="32.4759550" lon="-111.2944890">
    <ele>580.8</ele>
   </trkpt>
   <trkpt lat="32.4759750" lon="-111.2945940">
    <ele>580.8</ele>
   </trkpt>
   <trkpt lat="32.4760620" lon="-111.2948020">
    <ele>580.4</ele>
   </trkpt>
   <trkpt lat="32.4760980" lon="-111.2949100">
    <ele>580.0</ele>
   </trkpt>
   <trkpt lat="32.4760990" lon="-111.2950230">
    <ele>580.0</ele>
   </trkpt>
   <trkpt lat="32.4760650" lon="-111.2951110">
    <ele>580.0</ele>
   </trkpt>
   <trkpt lat="32.4760130" lon="-111.2951400">
    <ele>580.0</ele>
   </trkpt>
   <trkpt lat="32.4759670" lon="-111.2951490">
    <ele>580.0</ele>
   </trkpt>
   <trkpt lat="32.4759300" lon="-111.2951390">
    <ele>580.2</ele>
   </trkpt>
   <trkpt lat="32.4758740" lon="-111.2951060">
    <ele>580.4</ele>
   </trkpt>
   <trkpt lat="32.4757510" lon="-111.2949990">
    <ele>580.6</ele>
   </trkpt>
   <trkpt lat="32.4755780" lon="-111.2947790">
    <ele>580.6</ele>
   </trkpt>
   <trkpt lat="32.4754840" lon="-111.2946820">
    <ele>580.4</ele>
   </trkpt>
   <trkpt lat="32.4754260" lon="-111.2946290">
    <ele>580.4</ele>
   </trkpt>
   <trkpt lat="32.4753540" lon="-111.2945740">
    <ele>580.2</ele>
   </trkpt>
   <trkpt lat="32.4751780" lon="-111.2944920">
    <ele>580.2</ele>
   </trkpt>
   <trkpt lat="32.4749830" lon="-111.2944870">
    <ele>580.2</ele>
   </trkpt>
   <trkpt lat="32.4748860" lon="-111.2945310">
    <ele>580.2</ele>
   </trkpt>
   <trkpt lat="32.4748390" lon="-111.2946120">
    <ele>580.2</ele>
   </trkpt>
   <trkpt lat="32.4748210" lon="-111.2947170">
    <ele>580.2</ele>
   </trkpt>
   <trkpt lat="32.4748130" lon="-111.2949540">
    <ele>580.2</ele>
   </trkpt>
   <trkpt lat="32.4748280" lon="-111.2950620">
    <ele>580.4</ele>
   </trkpt>
   <trkpt lat="32.4748550" lon="-111.2951430">
    <ele>580.4</ele>
   </trkpt>
   <trkpt lat="32.4748820" lon="-111.2951940">
    <ele>580.6</ele>
   </trkpt>
   <trkpt lat="32.4749240" lon="-111.2952990">
    <ele>580.8</ele>
   </trkpt>
   <trkpt lat="32.4749390" lon="-111.2953310">
    <ele>580.8</ele>
   </trkpt>
   <trkpt lat="32.4749700" lon="-111.2954170">
    <ele>580.6</ele>
   </trkpt>
   <trkpt lat="32.4750020" lon="-111.2955060">
    <ele>580.8</ele>
   </trkpt>
   <trkpt lat="32.4750280" lon="-111.2955240">
    <ele>580.8</ele>
   </trkpt>
   <trkpt lat="32.4751070" lon="-111.2955410">
    <ele>581.0</ele>
   </trkpt>
   <trkpt lat="32.4751540" lon="-111.2955390">
    <ele>581.0</ele>
   </trkpt>
   <trkpt lat="32.4752270" lon="-111.2955410">
    <ele>581.2</ele>
   </trkpt>
   <trkpt lat="32.4754690" lon="-111.2955440">
    <ele>580.8</ele>
   </trkpt>
   <trkpt lat="32.4755730" lon="-111.2955530">
    <ele>580.8</ele>
   </trkpt>
   <trkpt lat="32.4755840" lon="-111.2955680">
    <ele>581.0</ele>
   </trkpt>
   <trkpt lat="32.4755870" lon="-111.2955860">
    <ele>581.0</ele>
   </trkpt>
   <trkpt lat="32.4755780" lon="-111.2956240">
    <ele>581.0</ele>
   </trkpt>
   <trkpt lat="32.4755650" lon="-111.2956390">
    <ele>581.0</ele>
   </trkpt>
   <trkpt lat="32.4755140" lon="-111.2957590">
    <ele>580.8</ele>
   </trkpt>
   <trkpt lat="32.4755960" lon="-111.2959210">
    <ele>580.4</ele>
   </trkpt>
   <trkpt lat="32.4757420" lon="-111.2962300">
    <ele>580.4</ele>
   </trkpt>
   <trkpt lat="32.4757160" lon="-111.2964050">
    <ele>580.0</ele>
   </trkpt>
   <trkpt lat="32.4756990" lon="-111.2964280">
    <ele>580.0</ele>
   </trkpt>
   <trkpt lat="32.4756640" lon="-111.2964580">
    <ele>579.8</ele>
   </trkpt>
   <trkpt lat="32.4755690" lon="-111.2964990">
    <ele>580.0</ele>
   </trkpt>
   <trkpt lat="32.4752940" lon="-111.2965600">
    <ele>579.8</ele>
   </trkpt>
   <trkpt lat="32.4752620" lon="-111.2965830">
    <ele>579.8</ele>
   </trkpt>
   <trkpt lat="32.4752420" lon="-111.2966490">
    <ele>579.8</ele>
   </trkpt>
   <trkpt lat="32.4752530" lon="-111.2966780">
    <ele>579.8</ele>
   </trkpt>
   <trkpt lat="32.4752530" lon="-111.2966780">
    <ele>579.6</ele>
   </trkpt>
   <trkpt lat="32.4752530" lon="-111.2966780">
    <ele>580.0</ele>
   </trkpt>
   <trkpt lat="32.4752530" lon="-111.2966780">
    <ele>580.2</ele>
   </trkpt>
   <trkpt lat="32.4752530" lon="-111.2966780">
    <ele>580.2</ele>
   </trkpt>
   <trkpt lat="32.4752530" lon="-111.2966780">
    <ele>580.0</ele>
   </trkpt>
   <trkpt lat="32.4752530" lon="-111.2966780">
    <ele>580.0</ele>
   </trkpt>
   <trkpt lat="32.4752430" lon="-111.2966530">
    <ele>580.0</ele>
   </trkpt>
   <trkpt lat="32.4752340" lon="-111.2966410">
    <ele>580.0</ele>
   </trkpt>
   <trkpt lat="32.4752200" lon="-111.2966040">
    <ele>580.2</ele>
   </trkpt>
   <trkpt lat="32.4752510" lon="-111.2965780">
    <ele>580.0</ele>
   </trkpt>
   <trkpt lat="32.4752900" lon="-111.2965480">
    <ele>580.0</ele>
   </trkpt>
   <trkpt lat="32.4754710" lon="-111.2964810">
    <ele>580.2</ele>
   </trkpt>
   <trkpt lat="32.4756970" lon="-111.2963870">
    <ele>580.0</ele>
   </trkpt>
   <trkpt lat="32.4757360" lon="-111.2962730">
    <ele>579.8</ele>
   </trkpt>
   <trkpt lat="32.4757440" lon="-111.2961530">
    <ele>580.0</ele>
   </trkpt>
   <trkpt lat="32.4756410" lon="-111.2959150">
    <ele>580.0</ele>
   </trkpt>
   <trkpt lat="32.4755790" lon="-111.2957830">
    <ele>579.8</ele>
   </trkpt>
   <trkpt lat="32.4755290" lon="-111.2956600">
    <ele>580.2</ele>
   </trkpt>
   <trkpt lat="32.4755410" lon="-111.2956270">
    <ele>580.4</ele>
   </trkpt>
   <trkpt lat="32.4755790" lon="-111.2956010">
    <ele>580.8</ele>
   </trkpt>
   <trkpt lat="32.4756040" lon="-111.2955340">
    <ele>580.8</ele>
   </trkpt>
   <trkpt lat="32.4755740" lon="-111.2955070">
    <ele>580.6</ele>
   </trkpt>
   <trkpt lat="32.4755190" lon="-111.2954970">
    <ele>580.6</ele>
   </trkpt>
   <trkpt lat="32.4753050" lon="-111.2955160">
    <ele>580.6</ele>
   </trkpt>
   <trkpt lat="32.4750240" lon="-111.2955140">
    <ele>580.6</ele>
   </trkpt>
   <trkpt lat="32.4750130" lon="-111.2954760">
    <ele>580.6</ele>
   </trkpt>
   <trkpt lat="32.4750180" lon="-111.2954570">
    <ele>580.6</ele>
   </trkpt>
   <trkpt lat="32.4750280" lon="-111.2954450">
    <ele>580.4</ele>
   </trkpt>
   <trkpt lat="32.4750550" lon="-111.2954490">
    <ele>580.4</ele>
   </trkpt>
   <trkpt lat="32.4750590" lon="-111.2954500">
    <ele>580.4</ele>
   </trkpt>
   <trkpt lat="32.4750590" lon="-111.2954500">
    <ele>580.4</ele>
   </trkpt>
   <trkpt lat="32.4750590" lon="-111.2954500">
    <ele>580.4</ele>
   </trkpt>
   <trkpt lat="32.4750590" lon="-111.2954500">
    <ele>580.4</ele>
   </trkpt>
   <trkpt lat="32.4750700" lon="-111.2954450">
    <ele>580.4</ele>
   </trkpt>
   <trkpt lat="32.4750790" lon="-111.2954390">
    <ele>580.4</ele>
   </trkpt>
   <trkpt lat="32.4751750" lon="-111.2954060">
    <ele>580.4</ele>
   </trkpt>
   <trkpt lat="32.4752790" lon="-111.2952980">
    <ele>580.2</ele>
   </trkpt>
   <trkpt lat="32.4753120" lon="-111.2952020">
    <ele>580.0</ele>
   </trkpt>
   <trkpt lat="32.4753840" lon="-111.2951950">
    <ele>580.0</ele>
   </trkpt>
   <trkpt lat="32.4754410" lon="-111.2952370">
    <ele>580.0</ele>
   </trkpt>
   <trkpt lat="32.4755110" lon="-111.2952900">
    <ele>580.0</ele>
   </trkpt>
   <trkpt lat="32.4756780" lon="-111.2953680">
    <ele>579.8</ele>
   </trkpt>
   <trkpt lat="32.4760930" lon="-111.2954060">
    <ele>579.6</ele>
   </trkpt>
   <trkpt lat="32.4762770" lon="-111.2953980">
    <ele>579.4</ele>
   </trkpt>
   <trkpt lat="32.4763540" lon="-111.2953610">
    <ele>579.6</ele>
   </trkpt>
   <trkpt lat="32.4764200" lon="-111.2952940">
    <ele>579.6</ele>
   </trkpt>
   <trkpt lat="32.4764660" lon="-111.2951950">
    <ele>579.6</ele>
   </trkpt>
   <trkpt lat="32.4764980" lon="-111.2950880">
    <ele>579.6</ele>
   </trkpt>
   <trkpt lat="32.4765160" lon="-111.2949190">
    <ele>579.8</ele>
   </trkpt>
   <trkpt lat="32.4765160" lon="-111.2947580">
    <ele>580.0</ele>
   </trkpt>
   <trkpt lat="32.4764910" lon="-111.2946910">
    <ele>580.0</ele>
   </trkpt>
   <trkpt lat="32.4764350" lon="-111.2946410">
    <ele>579.8</ele>
   </trkpt>
   <trkpt lat="32.4763220" lon="-111.2946230">
    <ele>579.6</ele>
   </trkpt>
   <trkpt lat="32.4762860" lon="-111.2946130">
    <ele>579.6</ele>
   </trkpt>
   <trkpt lat="32.4762100" lon="-111.2945490">
    <ele>579.6</ele>
   </trkpt>
   <trkpt lat="32.4761830" lon="-111.2944870">
    <ele>579.8</ele>
   </trkpt>
   <trkpt lat="32.4761730" lon="-111.2944080">
    <ele>580.0</ele>
   </trkpt>
   <trkpt lat="32.4761770" lon="-111.2942300">
    <ele>580.4</ele>
   </trkpt>
   <trkpt lat="32.4762030" lon="-111.2941400">
    <ele>580.4</ele>
   </trkpt>
   <trkpt lat="32.4762490" lon="-111.2940580">
    <ele>580.4</ele>
   </trkpt>
   <trkpt lat="32.4763030" lon="-111.2939690">
    <ele>580.4</ele>
   </trkpt>
   <trkpt lat="32.4763500" lon="-111.2938760">
    <ele>580.2</ele>
   </trkpt>
   <trkpt lat="32.4763920" lon="-111.2937190">
    <ele>579.8</ele>
   </trkpt>
   <trkpt lat="32.4764000" lon="-111.2935070">
    <ele>579.8</ele>
   </trkpt>
   <trkpt lat="32.4764050" lon="-111.2932280">
    <ele>580.2</ele>
   </trkpt>
   <trkpt lat="32.4764000" lon="-111.2930300">
    <ele>580.2</ele>
   </trkpt>
   <trkpt lat="32.4763780" lon="-111.2929270">
    <ele>580.2</ele>
   </trkpt>
   <trkpt lat="32.4763250" lon="-111.2928480">
    <ele>580.0</ele>
   </trkpt>
   <trkpt lat="32.4762760" lon="-111.2928380">
    <ele>579.8</ele>
   </trkpt>
   <trkpt lat="32.4762160" lon="-111.2928630">
    <ele>579.8</ele>
   </trkpt>
   <trkpt lat="32.4761580" lon="-111.2929230">
    <ele>579.8</ele>
   </trkpt>
   <trkpt lat="32.4761150" lon="-111.2929960">
    <ele>580.0</ele>
   </trkpt>
   <trkpt lat="32.4760740" lon="-111.2931780">
    <ele>580.0</ele>
   </trkpt>
   <trkpt lat="32.4760220" lon="-111.2933780">
    <ele>580.0</ele>
   </trkpt>
   <trkpt lat="32.4759660" lon="-111.2934420">
    <ele>580.2</ele>
   </trkpt>
   <trkpt lat="32.4758970" lon="-111.2934720">
    <ele>580.2</ele>
   </trkpt>
   <trkpt lat="32.4758370" lon="-111.2934320">
    <ele>580.2</ele>
   </trkpt>
   <trkpt lat="32.4757930" lon="-111.2932600">
    <ele>580.4</ele>
   </trkpt>
   <trkpt lat="32.4757970" lon="-111.2930760">
    <ele>580.4</ele>
   </trkpt>
   <trkpt lat="32.4757890" lon="-111.2929420">
    <ele>580.2</ele>
   </trkpt>
   <trkpt lat="32.4757880" lon="-111.2928320">
    <ele>580.2</ele>
   </trkpt>
   <trkpt lat="32.4757380" lon="-111.2927400">
    <ele>580.0</ele>
   </trkpt>
   <trkpt lat="32.4756360" lon="-111.2927280">
    <ele>579.8</ele>
   </trkpt>
   <trkpt lat="32.4756050" lon="-111.2927290">
    <ele>579.8</ele>
   </trkpt>
   <trkpt lat="32.4755680" lon="-111.2927540">
    <ele>580.0</ele>
   </trkpt>
   <trkpt lat="32.4755460" lon="-111.2928010">
    <ele>580.0</ele>
   </trkpt>
   <trkpt lat="32.4755370" lon="-111.2929460">
    <ele>580.0</ele>
   </trkpt>
   <trkpt lat="32.4755430" lon="-111.2931440">
    <ele>580.0</ele>
   </trkpt>
   <trkpt lat="32.4755400" lon="-111.2932070">
    <ele>580.0</ele>
   </trkpt>
   <trkpt lat="32.4755370" lon="-111.2933650">
    <ele>580.4</ele>
   </trkpt>
   <trkpt lat="32.4755160" lon="-111.2934040">
    <ele>580.4</ele>
   </trkpt>
   <trkpt lat="32.4754700" lon="-111.2934450">
    <ele>580.2</ele>
   </trkpt>
   <trkpt lat="32.4753210" lon="-111.2934680">
    <ele>580.0</ele>
   </trkpt>
   <trkpt lat="32.4752270" lon="-111.2934220">
    <ele>580.0</ele>
   </trkpt>
   <trkpt lat="32.4751940" lon="-111.2933870">
    <ele>580.0</ele>
   </trkpt>
   <trkpt lat="32.4751810" lon="-111.2933470">
    <ele>580.0</ele>
   </trkpt>
   <trkpt lat="32.4751580" lon="-111.2931910">
    <ele>580.2</ele>
   </trkpt>
   <trkpt lat="32.4751190" lon="-111.2929800">
    <ele>580.4</ele>
   </trkpt>
   <trkpt lat="32.4750890" lon="-111.2929140">
    <ele>580.2</ele>
   </trkpt>
   <trkpt lat="32.4750400" lon="-111.2928600">
    <ele>580.0</ele>
   </trkpt>
   <trkpt lat="32.4749440" lon="-111.2928110">
    <ele>580.0</ele>
   </trkpt>
   <trkpt lat="32.4749050" lon="-111.2927920">
    <ele>579.8</ele>
   </trkpt>
   <trkpt lat="32.4748070" lon="-111.2927510">
    <ele>579.8</ele>
   </trkpt>
   <trkpt lat="32.4746090" lon="-111.2927290">
    <ele>579.8</ele>
   </trkpt>
   <trkpt lat="32.4742620" lon="-111.2927360">
    <ele>580.0</ele>
   </trkpt>
   <trkpt lat="32.4741550" lon="-111.2927470">
    <ele>580.6</ele>
   </trkpt>
   <trkpt lat="32.4740080" lon="-111.2927540">
    <ele>579.8</ele>
   </trkpt>
   <trkpt lat="32.4739540" lon="-111.2927800">
    <ele>579.8</ele>
   </trkpt>
   <trkpt lat="32.4739180" lon="-111.2928190">
    <ele>579.8</ele>
   </trkpt>
   <trkpt lat="32.4738840" lon="-111.2929030">
    <ele>579.8</ele>
   </trkpt>
   <trkpt lat="32.4738930" lon="-111.2930010">
    <ele>580.2</ele>
   </trkpt>
   <trkpt lat="32.4739160" lon="-111.2930390">
    <ele>580.2</ele>
   </trkpt>
   <trkpt lat="32.4739520" lon="-111.2930710">
    <ele>580.2</ele>
   </trkpt>
   <trkpt lat="32.4740270" lon="-111.2931070">
    <ele>580.2</ele>
   </trkpt>
   <trkpt lat="32.4741010" lon="-111.2931260">
    <ele>580.2</ele>
   </trkpt>
   <trkpt lat="32.4741580" lon="-111.2931270">
    <ele>580.2</ele>
   </trkpt>
   <trkpt lat="32.4743140" lon="-111.2931410">
    <ele>580.4</ele>
   </trkpt>
   <trkpt lat="32.4743560" lon="-111.2931570">
    <ele>580.4</ele>
   </trkpt>
   <trkpt lat="32.4744010" lon="-111.2931670">
    <ele>580.4</ele>
   </trkpt>
   <trkpt lat="32.4744880" lon="-111.2931650">
    <ele>580.4</ele>
   </trkpt>
   <trkpt lat="32.4746410" lon="-111.2931500">
    <ele>580.4</ele>
   </trkpt>
   <trkpt lat="32.4747070" lon="-111.2931570">
    <ele>580.4</ele>
   </trkpt>
   <trkpt lat="32.4747860" lon="-111.2931840">
    <ele>580.4</ele>
   </trkpt>
   <trkpt lat="32.4748970" lon="-111.2932630">
    <ele>580.4</ele>
   </trkpt>
   <trkpt lat="32.4750380" lon="-111.2935400">
    <ele>580.2</ele>
   </trkpt>
   <trkpt lat="32.4750690" lon="-111.2936620">
    <ele>580.0</ele>
   </trkpt>
   <trkpt lat="32.4750600" lon="-111.2936960">
    <ele>580.2</ele>
   </trkpt>
   <trkpt lat="32.4749690" lon="-111.2937270">
    <ele>580.2</ele>
   </trkpt>
   <trkpt lat="32.4749040" lon="-111.2937130">
    <ele>580.2</ele>
   </trkpt>
   <trkpt lat="32.4748360" lon="-111.2936580">
    <ele>580.2</ele>
   </trkpt>
   <trkpt lat="32.4747050" lon="-111.2935640">
    <ele>580.0</ele>
   </trkpt>
   <trkpt lat="32.4745400" lon="-111.2935780">
    <ele>579.8</ele>
   </trkpt>
   <trkpt lat="32.4744800" lon="-111.2936000">
    <ele>579.2</ele>
   </trkpt>
   <trkpt lat="32.4744310" lon="-111.2936140">
    <ele>579.0</ele>
   </trkpt>
   <trkpt lat="32.4743130" lon="-111.2936130">
    <ele>579.4</ele>
   </trkpt>
   <trkpt lat="32.4742450" lon="-111.2936000">
    <ele>579.4</ele>
   </trkpt>
   <trkpt lat="32.4740790" lon="-111.2935940">
    <ele>579.0</ele>
   </trkpt>
   <trkpt lat="32.4739270" lon="-111.2936640">
    <ele>579.2</ele>
   </trkpt>
   <trkpt lat="32.4738750" lon="-111.2937210">
    <ele>579.2</ele>
   </trkpt>
   <trkpt lat="32.4738380" lon="-111.2938090">
    <ele>579.6</ele>
   </trkpt>
   <trkpt lat="32.4738430" lon="-111.2938820">
    <ele>579.8</ele>
   </trkpt>
   <trkpt lat="32.4738700" lon="-111.2939670">
    <ele>579.8</ele>
   </trkpt>
   <trkpt lat="32.4739110" lon="-111.2940280">
    <ele>580.0</ele>
   </trkpt>
   <trkpt lat="32.4739630" lon="-111.2940580">
    <ele>580.0</ele>
   </trkpt>
   <trkpt lat="32.4740170" lon="-111.2940710">
    <ele>580.0</ele>
   </trkpt>
   <trkpt lat="32.4743640" lon="-111.2940910">
    <ele>580.0</ele>
   </trkpt>
   <trkpt lat="32.4745690" lon="-111.2940870">
    <ele>580.0</ele>
   </trkpt>
   <trkpt lat="32.4746010" lon="-111.2940820">
    <ele>580.2</ele>
   </trkpt>
   <trkpt lat="32.4746750" lon="-111.2940840">
    <ele>580.2</ele>
   </trkpt>
   <trkpt lat="32.4749690" lon="-111.2941250">
    <ele>580.0</ele>
   </trkpt>
   <trkpt lat="32.4750440" lon="-111.2941350">
    <ele>580.0</ele>
   </trkpt>
   <trkpt lat="32.4751600" lon="-111.2941130">
    <ele>580.0</ele>
   </trkpt>
   <trkpt lat="32.4752270" lon="-111.2940130">
    <ele>580.0</ele>
   </trkpt>
   <trkpt lat="32.4752590" lon="-111.2939520">
    <ele>580.2</ele>
   </trkpt>
   <trkpt lat="32.4753000" lon="-111.2938910">
    <ele>580.2</ele>
   </trkpt>
   <trkpt lat="32.4753550" lon="-111.2938250">
    <ele>580.0</ele>
   </trkpt>
   <trkpt lat="32.4754410" lon="-111.2938300">
    <ele>580.0</ele>
   </trkpt>
   <trkpt lat="32.4754960" lon="-111.2939280">
    <ele>580.0</ele>
   </trkpt>
   <trkpt lat="32.4755190" lon="-111.2939790">
    <ele>580.0</ele>
   </trkpt>
   <trkpt lat="32.4755670" lon="-111.2940020">
    <ele>580.0</ele>
   </trkpt>
   <trkpt lat="32.4756890" lon="-111.2939350">
    <ele>580.0</ele>
   </trkpt>
   <trkpt lat="32.4758320" lon="-111.2938550">
    <ele>580.0</ele>
   </trkpt>
   <trkpt lat="32.4759000" lon="-111.2938470">
    <ele>580.0</ele>
   </trkpt>
   <trkpt lat="32.4759310" lon="-111.2938950">
    <ele>580.0</ele>
   </trkpt>
   <trkpt lat="32.4759370" lon="-111.2939710">
    <ele>580.0</ele>
   </trkpt>
   <trkpt lat="32.4759410" lon="-111.2941070">
    <ele>580.0</ele>
   </trkpt>
   <trkpt lat="32.4759480" lon="-111.2942070">
    <ele>580.2</ele>
   </trkpt>
   <trkpt lat="32.4759500" lon="-111.2944550">
    <ele>580.4</ele>
   </trkpt>
   <trkpt lat="32.4759990" lon="-111.2946500">
    <ele>580.0</ele>
   </trkpt>
   <trkpt lat="32.4760480" lon="-111.2947480">
    <ele>580.0</ele>
   </trkpt>
   <trkpt lat="32.4760890" lon="-111.2948550">
    <ele>579.8</ele>
   </trkpt>
   <trkpt lat="32.4760830" lon="-111.2950550">
    <ele>579.6</ele>
   </trkpt>
   <trkpt lat="32.4760060" lon="-111.2951430">
    <ele>579.6</ele>
   </trkpt>
   <trkpt lat="32.4759140" lon="-111.2951230">
    <ele>579.6</ele>
   </trkpt>
   <trkpt lat="32.4757900" lon="-111.2950300">
    <ele>579.4</ele>
   </trkpt>
   <trkpt lat="32.4757240" lon="-111.2949610">
    <ele>579.2</ele>
   </trkpt>
   <trkpt lat="32.4755270" lon="-111.2947340">
    <ele>579.2</ele>
   </trkpt>
   <trkpt lat="32.4754250" lon="-111.2946350">
    <ele>579.6</ele>
   </trkpt>
   <trkpt lat="32.4752530" lon="-111.2945310">
    <ele>579.6</ele>
   </trkpt>
   <trkpt lat="32.4750790" lon="-111.2945100">
    <ele>579.6</ele>
   </trkpt>
   <trkpt lat="32.4749800" lon="-111.2945130">
    <ele>579.6</ele>
   </trkpt>
   <trkpt lat="32.4748900" lon="-111.2945390">
    <ele>579.6</ele>
   </trkpt>
   <trkpt lat="32.4748270" lon="-111.2946040">
    <ele>579.8</ele>
   </trkpt>
   <trkpt lat="32.4748010" lon="-111.2946930">
    <ele>579.8</ele>
   </trkpt>
   <trkpt lat="32.4747900" lon="-111.2947980">
    <ele>579.8</ele>
   </trkpt>
   <trkpt lat="32.4747890" lon="-111.2950320">
    <ele>580.0</ele>
   </trkpt>
   <trkpt lat="32.4748170" lon="-111.2951340">
    <ele>580.0</ele>
   </trkpt>
   <trkpt lat="32.4748840" lon="-111.2951810">
    <ele>580.2</ele>
   </trkpt>
   <trkpt lat="32.4749780" lon="-111.2951890">
    <ele>580.2</ele>
   </trkpt>
   <trkpt lat="32.4750730" lon="-111.2951770">
    <ele>580.2</ele>
   </trkpt>
   <trkpt lat="32.4752440" lon="-111.2951660">
    <ele>580.4</ele>
   </trkpt>
   <trkpt lat="32.4753780" lon="-111.2952200">
    <ele>580.4</ele>
   </trkpt>
   <trkpt lat="32.4754380" lon="-111.2952680">
    <ele>580.4</ele>
   </trkpt>
   <trkpt lat="32.4755090" lon="-111.2953230">
    <ele>580.6</ele>
   </trkpt>
   <trkpt lat="32.4756730" lon="-111.2953980">
    <ele>580.6</ele>
   </trkpt>
   <trkpt lat="32.4759800" lon="-111.2954100">
    <ele>580.4</ele>
   </trkpt>
   <trkpt lat="32.4761220" lon="-111.2954060">
    <ele>580.2</ele>
   </trkpt>
   <trkpt lat="32.4761650" lon="-111.2954020">
    <ele>580.2</ele>
   </trkpt>
   <trkpt lat="32.4763070" lon="-111.2953820">
    <ele>580.2</ele>
   </trkpt>
   <trkpt lat="32.4763810" lon="-111.2953400">
    <ele>580.4</ele>
   </trkpt>
   <trkpt lat="32.4764370" lon="-111.2952730">
    <ele>580.4</ele>
   </trkpt>
   <trkpt lat="32.4764780" lon="-111.2951970">
    <ele>580.4</ele>
   </trkpt>
   <trkpt lat="32.4764980" lon="-111.2951240">
    <ele>580.4</ele>
   </trkpt>
   <trkpt lat="32.4765050" lon="-111.2949810">
    <ele>580.4</ele>
   </trkpt>
   <trkpt lat="32.4764830" lon="-111.2948810">
    <ele>580.6</ele>
   </trkpt>
   <trkpt lat="32.4764870" lon="-111.2948320">
    <ele>580.4</ele>
   </trkpt>
   <trkpt lat="32.4765070" lon="-111.2947850">
    <ele>580.4</ele>
   </trkpt>
   <trkpt lat="32.4765240" lon="-111.2946730">
    <ele>580.4</ele>
   </trkpt>
   <trkpt lat="32.4764210" lon="-111.2946050">
    <ele>580.2</ele>
   </trkpt>
   <trkpt lat="32.4763650" lon="-111.2945880">
    <ele>580.0</ele>
   </trkpt>
   <trkpt lat="32.4762790" lon="-111.2945470">
    <ele>580.2</ele>
   </trkpt>
   <trkpt lat="32.4762420" lon="-111.2944830">
    <ele>580.2</ele>
   </trkpt>
   <trkpt lat="32.4762280" lon="-111.2944220">
    <ele>580.2</ele>
   </trkpt>
   <trkpt lat="32.4762200" lon="-111.2943340">
    <ele>580.8</ele>
   </trkpt>
   <trkpt lat="32.4762230" lon="-111.2942470">
    <ele>581.0</ele>
   </trkpt>
   <trkpt lat="32.4762430" lon="-111.2941550">
    <ele>581.0</ele>
   </trkpt>
   <trkpt lat="32.4763820" lon="-111.2938840">
    <ele>580.6</ele>
   </trkpt>
   <trkpt lat="32.4764120" lon="-111.2937230">
    <ele>580.4</ele>
   </trkpt>
   <trkpt lat="32.4764130" lon="-111.2936580">
    <ele>580.4</ele>
   </trkpt>
   <trkpt lat="32.4763990" lon="-111.2934630">
    <ele>580.4</ele>
   </trkpt>
   <trkpt lat="32.4763940" lon="-111.2933450">
    <ele>580.6</ele>
   </trkpt>
   <trkpt lat="32.4764080" lon="-111.2931670">
    <ele>580.6</ele>
   </trkpt>
   <trkpt lat="32.4764050" lon="-111.2929780">
    <ele>580.4</ele>
   </trkpt>
   <trkpt lat="32.4763780" lon="-111.2928860">
    <ele>580.0</ele>
   </trkpt>
   <trkpt lat="32.4763310" lon="-111.2928420">
    <ele>580.0</ele>
   </trkpt>
   <trkpt lat="32.4762630" lon="-111.2928390">
    <ele>580.0</ele>
   </trkpt>
   <trkpt lat="32.4762230" lon="-111.2928670">
    <ele>580.0</ele>
   </trkpt>
   <trkpt lat="32.4761780" lon="-111.2929080">
    <ele>580.0</ele>
   </trkpt>
   <trkpt lat="32.4761420" lon="-111.2929580">
    <ele>580.0</ele>
   </trkpt>
   <trkpt lat="32.4761190" lon="-111.2930360">
    <ele>580.2</ele>
   </trkpt>
   <trkpt lat="32.4760910" lon="-111.2932470">
    <ele>580.6</ele>
   </trkpt>
   <trkpt lat="32.4760680" lon="-111.2933480">
    <ele>580.6</ele>
   </trkpt>
   <trkpt lat="32.4760220" lon="-111.2934290">
    <ele>580.6</ele>
   </trkpt>
   <trkpt lat="32.4759570" lon="-111.2934740">
    <ele>580.6</ele>
   </trkpt>
   <trkpt lat="32.4758830" lon="-111.2934730">
    <ele>581.0</ele>
   </trkpt>
   <trkpt lat="32.4758260" lon="-111.2934340">
    <ele>580.8</ele>
   </trkpt>
   <trkpt lat="32.4757960" lon="-111.2933670">
    <ele>581.0</ele>
   </trkpt>
   <trkpt lat="32.4758010" lon="-111.2930240">
    <ele>580.8</ele>
   </trkpt>
   <trkpt lat="32.4758020" lon="-111.2927650">
    <ele>580.6</ele>
   </trkpt>
   <trkpt lat="32.4757770" lon="-111.2927140">
    <ele>580.6</ele>
   </trkpt>
   <trkpt lat="32.4757360" lon="-111.2926940">
    <ele>580.6</ele>
   </trkpt>
   <trkpt lat="32.4756870" lon="-111.2926990">
    <ele>580.6</ele>
   </trkpt>
   <trkpt lat="32.4756290" lon="-111.2927130">
    <ele>580.4</ele>
   </trkpt>
   <trkpt lat="32.4755440" lon="-111.2927570">
    <ele>580.2</ele>
   </trkpt>
   <trkpt lat="32.4755230" lon="-111.2929060">
    <ele>580.0</ele>
   </trkpt>
   <trkpt lat="32.4755250" lon="-111.2929960">
    <ele>580.0</ele>
   </trkpt>
   <trkpt lat="32.4755340" lon="-111.2930700">
    <ele>580.0</ele>
   </trkpt>
   <trkpt lat="32.4755410" lon="-111.2932490">
    <ele>580.6</ele>
   </trkpt>
   <trkpt lat="32.4755310" lon="-111.2933650">
    <ele>580.6</ele>
   </trkpt>
   <trkpt lat="32.4755020" lon="-111.2934230">
    <ele>580.0</ele>
   </trkpt>
   <trkpt lat="32.4754450" lon="-111.2934640">
    <ele>579.8</ele>
   </trkpt>
   <trkpt lat="32.4753690" lon="-111.2934780">
    <ele>579.6</ele>
   </trkpt>
   <trkpt lat="32.4752960" lon="-111.2934730">
    <ele>579.6</ele>
   </trkpt>
   <trkpt lat="32.4751860" lon="-111.2934140">
    <ele>579.6</ele>
   </trkpt>
   <trkpt lat="32.4751620" lon="-111.2933740">
    <ele>579.8</ele>
   </trkpt>
   <trkpt lat="32.4751530" lon="-111.2933250">
    <ele>580.0</ele>
   </trkpt>
   <trkpt lat="32.4751370" lon="-111.2931710">
    <ele>580.8</ele>
   </trkpt>
   <trkpt lat="32.4751320" lon="-111.2931220">
    <ele>580.8</ele>
   </trkpt>
   <trkpt lat="32.4751150" lon="-111.2930240">
    <ele>580.6</ele>
   </trkpt>
   <trkpt lat="32.4751020" lon="-111.2929690">
    <ele>580.4</ele>
   </trkpt>
   <trkpt lat="32.4750450" lon="-111.2928470">
    <ele>580.4</ele>
   </trkpt>
   <trkpt lat="32.4750030" lon="-111.2928030">
    <ele>580.4</ele>
   </trkpt>
   <trkpt lat="32.4749650" lon="-111.2927820">
    <ele>580.4</ele>
   </trkpt>
   <trkpt lat="32.4748870" lon="-111.2927510">
    <ele>580.2</ele>
   </trkpt>
   <trkpt lat="32.4746940" lon="-111.2927060">
    <ele>580.4</ele>
   </trkpt>
   <trkpt lat="32.4746360" lon="-111.2927100">
    <ele>580.4</ele>
   </trkpt>
   <trkpt lat="32.4745360" lon="-111.2927190">
    <ele>580.2</ele>
   </trkpt>
   <trkpt lat="32.4743540" lon="-111.2927350">
    <ele>579.8</ele>
   </trkpt>
   <trkpt lat="32.4741620" lon="-111.2927420">
    <ele>581.0</ele>
   </trkpt>
   <trkpt lat="32.4740900" lon="-111.2927500">
    <ele>581.0</ele>
   </trkpt>
   <trkpt lat="32.4740400" lon="-111.2927520">
    <ele>580.8</ele>
   </trkpt>
   <trkpt lat="32.4739400" lon="-111.2927880">
    <ele>579.8</ele>
   </trkpt>
   <trkpt lat="32.4738710" lon="-111.2928650">
    <ele>579.8</ele>
   </trkpt>
   <trkpt lat="32.4738540" lon="-111.2929210">
    <ele>580.0</ele>
   </trkpt>
   <trkpt lat="32.4738520" lon="-111.2929830">
    <ele>580.4</ele>
   </trkpt>
   <trkpt lat="32.4739090" lon="-111.2930910">
    <ele>580.4</ele>
   </trkpt>
   <trkpt lat="32.4740160" lon="-111.2931550">
    <ele>580.0</ele>
   </trkpt>
   <trkpt lat="32.4740880" lon="-111.2931700">
    <ele>580.0</ele>
   </trkpt>
   <trkpt lat="32.4741690" lon="-111.2931670">
    <ele>580.0</ele>
   </trkpt>
   <trkpt lat="32.4743200" lon="-111.2931840">
    <ele>580.0</ele>
   </trkpt>
   <trkpt lat="32.4744640" lon="-111.2932030">
    <ele>580.6</ele>
   </trkpt>
   <trkpt lat="32.4746020" lon="-111.2931800">
    <ele>580.8</ele>
   </trkpt>
   <trkpt lat="32.4746840" lon="-111.2931770">
    <ele>580.8</ele>
   </trkpt>
   <trkpt lat="32.4747670" lon="-111.2931900">
    <ele>580.6</ele>
   </trkpt>
   <trkpt lat="32.4748880" lon="-111.2932760">
    <ele>580.6</ele>
   </trkpt>
   <trkpt lat="32.4749540" lon="-111.2934020">
    <ele>580.4</ele>
   </trkpt>
   <trkpt lat="32.4750630" lon="-111.2936290">
    <ele>580.2</ele>
   </trkpt>
   <trkpt lat="32.4750760" lon="-111.2936900">
    <ele>580.2</ele>
   </trkpt>
   <trkpt lat="32.4750650" lon="-111.2937260">
    <ele>580.2</ele>
   </trkpt>
   <trkpt lat="32.4750380" lon="-111.2937490">
    <ele>580.2</ele>
   </trkpt>
   <trkpt lat="32.4749330" lon="-111.2937570">
    <ele>580.2</ele>
   </trkpt>
   <trkpt lat="32.4748730" lon="-111.2937300">
    <ele>580.2</ele>
   </trkpt>
   <trkpt lat="32.4748170" lon="-111.2936800">
    <ele>580.2</ele>
   </trkpt>
   <trkpt lat="32.4746710" lon="-111.2935850">
    <ele>580.2</ele>
   </trkpt>
   <trkpt lat="32.4745130" lon="-111.2935930">
    <ele>579.8</ele>
   </trkpt>
   <trkpt lat="32.4744550" lon="-111.2936060">
    <ele>579.6</ele>
   </trkpt>
   <trkpt lat="32.4744010" lon="-111.2936170">
    <ele>579.6</ele>
   </trkpt>
   <trkpt lat="32.4743570" lon="-111.2936140">
    <ele>580.0</ele>
   </trkpt>
   <trkpt lat="32.4742180" lon="-111.2935990">
    <ele>580.0</ele>
   </trkpt>
   <trkpt lat="32.4740640" lon="-111.2935980">
    <ele>580.0</ele>
   </trkpt>
   <trkpt lat="32.4739870" lon="-111.2936200">
    <ele>580.0</ele>
   </trkpt>
   <trkpt lat="32.4739220" lon="-111.2936650">
    <ele>580.0</ele>
   </trkpt>
   <trkpt lat="32.4738730" lon="-111.2937300">
    <ele>580.0</ele>
   </trkpt>
   <trkpt lat="32.4738530" lon="-111.2938150">
    <ele>580.2</ele>
   </trkpt>
   <trkpt lat="32.4738590" lon="-111.2939060">
    <ele>580.2</ele>
   </trkpt>
   <trkpt lat="32.4738990" lon="-111.2939840">
    <ele>580.2</ele>
   </trkpt>
   <trkpt lat="32.4739550" lon="-111.2940380">
    <ele>580.2</ele>
   </trkpt>
   <trkpt lat="32.4740140" lon="-111.2940580">
    <ele>580.2</ele>
   </trkpt>
   <trkpt lat="32.4741470" lon="-111.2940730">
    <ele>580.4</ele>
   </trkpt>
   <trkpt lat="32.4743660" lon="-111.2940870">
    <ele>580.6</ele>
   </trkpt>
   <trkpt lat="32.4744230" lon="-111.2940840">
    <ele>580.6</ele>
   </trkpt>
   <trkpt lat="32.4745850" lon="-111.2940840">
    <ele>580.6</ele>
   </trkpt>
   <trkpt lat="32.4747760" lon="-111.2940960">
    <ele>580.6</ele>
   </trkpt>
   <trkpt lat="32.4748190" lon="-111.2941020">
    <ele>580.4</ele>
   </trkpt>
   <trkpt lat="32.4750160" lon="-111.2941420">
    <ele>580.4</ele>
   </trkpt>
   <trkpt lat="32.4750840" lon="-111.2941430">
    <ele>580.4</ele>
   </trkpt>
   <trkpt lat="32.4751740" lon="-111.2941050">
    <ele>580.6</ele>
   </trkpt>
   <trkpt lat="32.4752470" lon="-111.2939890">
    <ele>580.8</ele>
   </trkpt>
   <trkpt lat="32.4752870" lon="-111.2939200">
    <ele>580.8</ele>
   </trkpt>
   <trkpt lat="32.4753610" lon="-111.2938150">
    <ele>580.8</ele>
   </trkpt>
   <trkpt lat="32.4754010" lon="-111.2938030">
    <ele>580.8</ele>
   </trkpt>
   <trkpt lat="32.4754640" lon="-111.2938530">
    <ele>580.8</ele>
   </trkpt>
   <trkpt lat="32.4754810" lon="-111.2938980">
    <ele>580.6</ele>
   </trkpt>
   <trkpt lat="32.4755000" lon="-111.2939530">
    <ele>580.6</ele>
   </trkpt>
   <trkpt lat="32.4755850" lon="-111.2939960">
    <ele>580.8</ele>
   </trkpt>
   <trkpt lat="32.4756470" lon="-111.2939730">
    <ele>580.6</ele>
   </trkpt>
   <trkpt lat="32.4757880" lon="-111.2938890">
    <ele>580.4</ele>
   </trkpt>
   <trkpt lat="32.4758580" lon="-111.2938700">
    <ele>580.4</ele>
   </trkpt>
   <trkpt lat="32.4759080" lon="-111.2938780">
    <ele>580.4</ele>
   </trkpt>
   <trkpt lat="32.4759340" lon="-111.2939270">
    <ele>580.4</ele>
   </trkpt>
   <trkpt lat="32.4759410" lon="-111.2939960">
    <ele>580.4</ele>
   </trkpt>
   <trkpt lat="32.4759460" lon="-111.2942880">
    <ele>581.2</ele>
   </trkpt>
   <trkpt lat="32.4759490" lon="-111.2944620">
    <ele>581.0</ele>
   </trkpt>
   <trkpt lat="32.4759630" lon="-111.2945630">
    <ele>580.8</ele>
   </trkpt>
   <trkpt lat="32.4759970" lon="-111.2946650">
    <ele>580.6</ele>
   </trkpt>
   <trkpt lat="32.4760880" lon="-111.2948670">
    <ele>580.4</ele>
   </trkpt>
   <trkpt lat="32.4760840" lon="-111.2950610">
    <ele>580.4</ele>
   </trkpt>
   <trkpt lat="32.4759780" lon="-111.2951380">
    <ele>580.4</ele>
   </trkpt>
   <trkpt lat="32.4759310" lon="-111.2951400">
    <ele>580.4</ele>
   </trkpt>
   <trkpt lat="32.4758810" lon="-111.2951200">
    <ele>580.4</ele>
   </trkpt>
   <trkpt lat="32.4758280" lon="-111.2950770">
    <ele>580.4</ele>
   </trkpt>
   <trkpt lat="32.4757040" lon="-111.2949470">
    <ele>580.2</ele>
   </trkpt>
   <trkpt lat="32.4755570" lon="-111.2947520">
    <ele>580.0</ele>
   </trkpt>
   <trkpt lat="32.4753750" lon="-111.2945970">
    <ele>580.0</ele>
   </trkpt>
   <trkpt lat="32.4752920" lon="-111.2945550">
    <ele>580.0</ele>
   </trkpt>
   <trkpt lat="32.4752010" lon="-111.2945290">
    <ele>580.0</ele>
   </trkpt>
   <trkpt lat="32.4750070" lon="-111.2945230">
    <ele>580.0</ele>
   </trkpt>
   <trkpt lat="32.4748570" lon="-111.2946070">
    <ele>580.0</ele>
   </trkpt>
   <trkpt lat="32.4748100" lon="-111.2948010">
    <ele>580.2</ele>
   </trkpt>
   <trkpt lat="32.4748040" lon="-111.2950390">
    <ele>580.4</ele>
   </trkpt>
   <trkpt lat="32.4748210" lon="-111.2951470">
    <ele>580.4</ele>
   </trkpt>
   <trkpt lat="32.4748900" lon="-111.2952070">
    <ele>580.4</ele>
   </trkpt>
   <trkpt lat="32.4749810" lon="-111.2952220">
    <ele>580.4</ele>
   </trkpt>
   <trkpt lat="32.4751930" lon="-111.2952140">
    <ele>580.6</ele>
   </trkpt>
   <trkpt lat="32.4753020" lon="-111.2952350">
    <ele>580.6</ele>
   </trkpt>
   <trkpt lat="32.4754030" lon="-111.2952850">
    <ele>580.6</ele>
   </trkpt>
   <trkpt lat="32.4755050" lon="-111.2953430">
    <ele>580.6</ele>
   </trkpt>
   <trkpt lat="32.4756170" lon="-111.2953870">
    <ele>580.6</ele>
   </trkpt>
   <trkpt lat="32.4758570" lon="-111.2954190">
    <ele>580.4</ele>
   </trkpt>
   <trkpt lat="32.4760560" lon="-111.2954150">
    <ele>580.4</ele>
   </trkpt>
   <trkpt lat="32.4760980" lon="-111.2954110">
    <ele>580.4</ele>
   </trkpt>
   <trkpt lat="32.4761570" lon="-111.2953970">
    <ele>580.2</ele>
   </trkpt>
   <trkpt lat="32.4763090" lon="-111.2953440">
    <ele>580.4</ele>
   </trkpt>
   <trkpt lat="32.4764620" lon="-111.2951750">
    <ele>580.4</ele>
   </trkpt>
   <trkpt lat="32.4765240" lon="-111.2949810">
    <ele>580.6</ele>
   </trkpt>
   <trkpt lat="32.4765300" lon="-111.2948790">
    <ele>580.4</ele>
   </trkpt>
   <trkpt lat="32.4765270" lon="-111.2947980">
    <ele>580.4</ele>
   </trkpt>
   <trkpt lat="32.4764840" lon="-111.2946610">
    <ele>580.4</ele>
   </trkpt>
   <trkpt lat="32.4763720" lon="-111.2946110">
    <ele>580.4</ele>
   </trkpt>
   <trkpt lat="32.4763250" lon="-111.2946060">
    <ele>580.4</ele>
   </trkpt>
   <trkpt lat="32.4762400" lon="-111.2945420">
    <ele>580.6</ele>
   </trkpt>
   <trkpt lat="32.4762050" lon="-111.2943890">
    <ele>581.0</ele>
   </trkpt>
   <trkpt lat="32.4762230" lon="-111.2941850">
    <ele>581.4</ele>
   </trkpt>
   <trkpt lat="32.4762520" lon="-111.2941140">
    <ele>581.4</ele>
   </trkpt>
   <trkpt lat="32.4763010" lon="-111.2940250">
    <ele>581.6</ele>
   </trkpt>
   <trkpt lat="32.4764060" lon="-111.2938320">
    <ele>581.2</ele>
   </trkpt>
   <trkpt lat="32.4764480" lon="-111.2936540">
    <ele>581.0</ele>
   </trkpt>
   <trkpt lat="32.4764420" lon="-111.2936020">
    <ele>580.8</ele>
   </trkpt>
   <trkpt lat="32.4764170" lon="-111.2933730">
    <ele>581.0</ele>
   </trkpt>
   <trkpt lat="32.4764210" lon="-111.2933050">
    <ele>581.0</ele>
   </trkpt>
   <trkpt lat="32.4764280" lon="-111.2930290">
    <ele>581.0</ele>
   </trkpt>
   <trkpt lat="32.4763550" lon="-111.2928650">
    <ele>580.4</ele>
   </trkpt>
   <trkpt lat="32.4762250" lon="-111.2928740">
    <ele>580.2</ele>
   </trkpt>
   <trkpt lat="32.4761280" lon="-111.2929970">
    <ele>580.2</ele>
   </trkpt>
   <trkpt lat="32.4760110" lon="-111.2934170">
    <ele>580.4</ele>
   </trkpt>
   <trkpt lat="32.4759010" lon="-111.2934600">
    <ele>580.6</ele>
   </trkpt>
   <trkpt lat="32.4758140" lon="-111.2933420">
    <ele>580.6</ele>
   </trkpt>
   <trkpt lat="32.4758100" lon="-111.2932480">
    <ele>580.6</ele>
   </trkpt>
   <trkpt lat="32.4758110" lon="-111.2930510">
    <ele>580.8</ele>
   </trkpt>
   <trkpt lat="32.4758110" lon="-111.2929270">
    <ele>580.8</ele>
   </trkpt>
   <trkpt lat="32.4758160" lon="-111.2928750">
    <ele>580.8</ele>
   </trkpt>
   <trkpt lat="32.4758160" lon="-111.2928090">
    <ele>580.8</ele>
   </trkpt>
   <trkpt lat="32.4757520" lon="-111.2927140">
    <ele>580.8</ele>
   </trkpt>
   <trkpt lat="32.4756300" lon="-111.2927110">
    <ele>580.4</ele>
   </trkpt>
   <trkpt lat="32.4755750" lon="-111.2927350">
    <ele>580.4</ele>
   </trkpt>
   <trkpt lat="32.4755450" lon="-111.2927680">
    <ele>580.4</ele>
   </trkpt>
   <trkpt lat="32.4755270" lon="-111.2928270">
    <ele>580.4</ele>
   </trkpt>
   <trkpt lat="32.4755190" lon="-111.2929060">
    <ele>580.4</ele>
   </trkpt>
   <trkpt lat="32.4755280" lon="-111.2930570">
    <ele>580.6</ele>
   </trkpt>
   <trkpt lat="32.4755310" lon="-111.2931670">
    <ele>580.8</ele>
   </trkpt>
   <trkpt lat="32.4755340" lon="-111.2932250">
    <ele>580.8</ele>
   </trkpt>
   <trkpt lat="32.4755390" lon="-111.2932810">
    <ele>581.0</ele>
   </trkpt>
   <trkpt lat="32.4755040" lon="-111.2934090">
    <ele>580.8</ele>
   </trkpt>
   <trkpt lat="32.4753810" lon="-111.2934580">
    <ele>580.4</ele>
   </trkpt>
   <trkpt lat="32.4752900" lon="-111.2934530">
    <ele>580.4</ele>
   </trkpt>
   <trkpt lat="32.4752360" lon="-111.2934250">
    <ele>580.4</ele>
   </trkpt>
   <trkpt lat="32.4751790" lon="-111.2933590">
    <ele>580.4</ele>
   </trkpt>
   <trkpt lat="32.4751650" lon="-111.2933140">
    <ele>580.4</ele>
   </trkpt>
   <trkpt lat="32.4751580" lon="-111.2932540">
    <ele>580.4</ele>
   </trkpt>
   <trkpt lat="32.4751430" lon="-111.2930500">
    <ele>580.6</ele>
   </trkpt>
   <trkpt lat="32.4751360" lon="-111.2929880">
    <ele>580.8</ele>
   </trkpt>
   <trkpt lat="32.4751010" lon="-111.2928750">
    <ele>580.8</ele>
   </trkpt>
   <trkpt lat="32.4750170" lon="-111.2927780">
    <ele>580.6</ele>
   </trkpt>
   <trkpt lat="32.4749280" lon="-111.2927400">
    <ele>580.4</ele>
   </trkpt>
   <trkpt lat="32.4747660" lon="-111.2926960">
    <ele>580.8</ele>
   </trkpt>
   <trkpt lat="32.4746690" lon="-111.2927020">
    <ele>580.8</ele>
   </trkpt>
   <trkpt lat="32.4745740" lon="-111.2927160">
    <ele>580.8</ele>
   </trkpt>
   <trkpt lat="32.4743800" lon="-111.2927310">
    <ele>580.6</ele>
   </trkpt>
   <trkpt lat="32.4742170" lon="-111.2927360">
    <ele>581.0</ele>
   </trkpt>
   <trkpt lat="32.4741870" lon="-111.2927330">
    <ele>581.4</ele>
   </trkpt>
   <trkpt lat="32.4740650" lon="-111.2927330">
    <ele>580.8</ele>
   </trkpt>
   <trkpt lat="32.4739670" lon="-111.2927450">
    <ele>580.6</ele>
   </trkpt>
   <trkpt lat="32.4739110" lon="-111.2927770">
    <ele>580.6</ele>
   </trkpt>
   <trkpt lat="32.4738600" lon="-111.2928350">
    <ele>580.6</ele>
   </trkpt>
   <trkpt lat="32.4738460" lon="-111.2928830">
    <ele>580.6</ele>
   </trkpt>
   <trkpt lat="32.4738420" lon="-111.2929590">
    <ele>580.8</ele>
   </trkpt>
   <trkpt lat="32.4738800" lon="-111.2930650">
    <ele>580.8</ele>
   </trkpt>
   <trkpt lat="32.4739800" lon="-111.2931340">
    <ele>580.6</ele>
   </trkpt>
   <trkpt lat="32.4740470" lon="-111.2931560">
    <ele>580.6</ele>
   </trkpt>
   <trkpt lat="32.4741220" lon="-111.2931590">
    <ele>580.6</ele>
   </trkpt>
   <trkpt lat="32.4742740" lon="-111.2931650">
    <ele>580.6</ele>
   </trkpt>
   <trkpt lat="32.4744050" lon="-111.2931950">
    <ele>580.6</ele>
   </trkpt>
   <trkpt lat="32.4744350" lon="-111.2931920">
    <ele>580.8</ele>
   </trkpt>
   <trkpt lat="32.4747290" lon="-111.2931770">
    <ele>580.8</ele>
   </trkpt>
   <trkpt lat="32.4748520" lon="-111.2932700">
    <ele>580.8</ele>
   </trkpt>
   <trkpt lat="32.4749560" lon="-111.2934730">
    <ele>580.6</ele>
   </trkpt>
   <trkpt lat="32.4750070" lon="-111.2935560">
    <ele>580.6</ele>
   </trkpt>
   <trkpt lat="32.4750480" lon="-111.2936680">
    <ele>580.4</ele>
   </trkpt>
   <trkpt lat="32.4750490" lon="-111.2937180">
    <ele>580.6</ele>
   </trkpt>
   <trkpt lat="32.4750390" lon="-111.2937430">
    <ele>580.6</ele>
   </trkpt>
   <trkpt lat="32.4750170" lon="-111.2937630">
    <ele>580.6</ele>
   </trkpt>
   <trkpt lat="32.4749700" lon="-111.2937740">
    <ele>580.8</ele>
   </trkpt>
   <trkpt lat="32.4748490" lon="-111.2937240">
    <ele>580.6</ele>
   </trkpt>
   <trkpt lat="32.4747310" lon="-111.2936260">
    <ele>580.6</ele>
   </trkpt>
   <trkpt lat="32.4746340" lon="-111.2936010">
    <ele>580.6</ele>
   </trkpt>
   <trkpt lat="32.4745710" lon="-111.2936090">
    <ele>580.4</ele>
   </trkpt>
   <trkpt lat="32.4744320" lon="-111.2936410">
    <ele>580.4</ele>
   </trkpt>
   <trkpt lat="32.4743860" lon="-111.2936480">
    <ele>580.6</ele>
   </trkpt>
   <trkpt lat="32.4742100" lon="-111.2936250">
    <ele>580.8</ele>
   </trkpt>
   <trkpt lat="32.4741280" lon="-111.2936110">
    <ele>580.8</ele>
   </trkpt>
   <trkpt lat="32.4739670" lon="-111.2936380">
    <ele>580.6</ele>
   </trkpt>
   <trkpt lat="32.4738770" lon="-111.2937600">
    <ele>580.6</ele>
   </trkpt>
   <trkpt lat="32.4738880" lon="-111.2939220">
    <ele>580.6</ele>
   </trkpt>
   <trkpt lat="32.4739970" lon="-111.2940290">
    <ele>580.6</ele>
   </trkpt>
   <trkpt lat="32.4743290" lon="-111.2940840">
    <ele>580.8</ele>
   </trkpt>
   <trkpt lat="32.4745080" lon="-111.2940930">
    <ele>580.8</ele>
   </trkpt>
   <trkpt lat="32.4745980" lon="-111.2940920">
    <ele>580.8</ele>
   </trkpt>
   <trkpt lat="32.4747460" lon="-111.2940920">
    <ele>580.8</ele>
   </trkpt>
   <trkpt lat="32.4749260" lon="-111.2941270">
    <ele>580.8</ele>
   </trkpt>
   <trkpt lat="32.4749990" lon="-111.2941360">
    <ele>580.8</ele>
   </trkpt>
   <trkpt lat="32.4750690" lon="-111.2941390">
    <ele>580.4</ele>
   </trkpt>
   <trkpt lat="32.4751660" lon="-111.2941110">
    <ele>580.4</ele>
   </trkpt>
   <trkpt lat="32.4752740" lon="-111.2939320">
    <ele>580.6</ele>
   </trkpt>
   <trkpt lat="32.4753520" lon="-111.2938110">
    <ele>580.6</ele>
   </trkpt>
   <trkpt lat="32.4753930" lon="-111.2938070">
    <ele>580.6</ele>
   </trkpt>
   <trkpt lat="32.4754510" lon="-111.2938710">
    <ele>580.4</ele>
   </trkpt>
   <trkpt lat="32.4754680" lon="-111.2939130">
    <ele>580.4</ele>
   </trkpt>
   <trkpt lat="32.4754970" lon="-111.2939610">
    <ele>580.4</ele>
   </trkpt>
   <trkpt lat="32.4755980" lon="-111.2939930">
    <ele>580.4</ele>
   </trkpt>
   <trkpt lat="32.4757910" lon="-111.2938810">
    <ele>580.2</ele>
   </trkpt>
   <trkpt lat="32.4758950" lon="-111.2938610">
    <ele>580.2</ele>
   </trkpt>
   <trkpt lat="32.4759240" lon="-111.2939070">
    <ele>580.2</ele>
   </trkpt>
   <trkpt lat="32.4759320" lon="-111.2941030">
    <ele>580.4</ele>
   </trkpt>
   <trkpt lat="32.4759320" lon="-111.2941440">
    <ele>580.6</ele>
   </trkpt>
   <trkpt lat="32.4759350" lon="-111.2944090">
    <ele>581.0</ele>
   </trkpt>
   <trkpt lat="32.4759400" lon="-111.2945050">
    <ele>581.0</ele>
   </trkpt>
   <trkpt lat="32.4759830" lon="-111.2947030">
    <ele>580.8</ele>
   </trkpt>
   <trkpt lat="32.4760600" lon="-111.2949020">
    <ele>580.2</ele>
   </trkpt>
   <trkpt lat="32.4760740" lon="-111.2949940">
    <ele>580.2</ele>
   </trkpt>
   <trkpt lat="32.4760690" lon="-111.2950700">
    <ele>580.2</ele>
   </trkpt>
   <trkpt lat="32.4760410" lon="-111.2951280">
    <ele>579.8</ele>
   </trkpt>
   <trkpt lat="32.4760060" lon="-111.2951610">
    <ele>579.8</ele>
   </trkpt>
   <trkpt lat="32.4759690" lon="-111.2951680">
    <ele>579.8</ele>
   </trkpt>
   <trkpt lat="32.4759310" lon="-111.2951570">
    <ele>579.8</ele>
   </trkpt>
   <trkpt lat="32.4758260" lon="-111.2950740">
    <ele>579.8</ele>
   </trkpt>
   <trkpt lat="32.4756430" lon="-111.2948770">
    <ele>580.0</ele>
   </trkpt>
   <trkpt lat="32.4755370" lon="-111.2947590">
    <ele>579.8</ele>
   </trkpt>
   <trkpt lat="32.4754840" lon="-111.2947100">
    <ele>580.0</ele>
   </trkpt>
   <trkpt lat="32.4754220" lon="-111.2946530">
    <ele>580.2</ele>
   </trkpt>
   <trkpt lat="32.4752570" lon="-111.2945630">
    <ele>580.2</ele>
   </trkpt>
   <trkpt lat="32.4750720" lon="-111.2945330">
    <ele>580.0</ele>
   </trkpt>
   <trkpt lat="32.4749800" lon="-111.2945420">
    <ele>579.8</ele>
   </trkpt>
   <trkpt lat="32.4749000" lon="-111.2945720">
    <ele>579.8</ele>
   </trkpt>
   <trkpt lat="32.4748490" lon="-111.2946330">
    <ele>579.8</ele>
   </trkpt>
   <trkpt lat="32.4748270" lon="-111.2947250">
    <ele>580.0</ele>
   </trkpt>
   <trkpt lat="32.4748160" lon="-111.2948320">
    <ele>580.0</ele>
   </trkpt>
   <trkpt lat="32.4748080" lon="-111.2949470">
    <ele>580.0</ele>
   </trkpt>
   <trkpt lat="32.4748510" lon="-111.2951550">
    <ele>580.2</ele>
   </trkpt>
   <trkpt lat="32.4750140" lon="-111.2952030">
    <ele>580.2</ele>
   </trkpt>
   <trkpt lat="32.4752170" lon="-111.2951950">
    <ele>580.4</ele>
   </trkpt>
   <trkpt lat="32.4753230" lon="-111.2952180">
    <ele>580.4</ele>
   </trkpt>
   <trkpt lat="32.4754210" lon="-111.2952690">
    <ele>580.4</ele>
   </trkpt>
   <trkpt lat="32.4755220" lon="-111.2953320">
    <ele>580.4</ele>
   </trkpt>
   <trkpt lat="32.4756310" lon="-111.2953780">
    <ele>580.2</ele>
   </trkpt>
   <trkpt lat="32.4758490" lon="-111.2954110">
    <ele>579.8</ele>
   </trkpt>
   <trkpt lat="32.4760880" lon="-111.2954170">
    <ele>579.8</ele>
   </trkpt>
   <trkpt lat="32.4762130" lon="-111.2954160">
    <ele>579.8</ele>
   </trkpt>
   <trkpt lat="32.4762980" lon="-111.2953950">
    <ele>580.0</ele>
   </trkpt>
   <trkpt lat="32.4763830" lon="-111.2953460">
    <ele>580.4</ele>
   </trkpt>
   <trkpt lat="32.4764510" lon="-111.2952550">
    <ele>580.2</ele>
   </trkpt>
   <trkpt lat="32.4765020" lon="-111.2951420">
    <ele>580.2</ele>
   </trkpt>
   <trkpt lat="32.4765410" lon="-111.2948830">
    <ele>580.2</ele>
   </trkpt>
   <trkpt lat="32.4765110" lon="-111.2946770">
    <ele>580.2</ele>
   </trkpt>
   <trkpt lat="32.4764580" lon="-111.2946160">
    <ele>580.0</ele>
   </trkpt>
   <trkpt lat="32.4764060" lon="-111.2945980">
    <ele>580.0</ele>
   </trkpt>
   <trkpt lat="32.4763400" lon="-111.2945980">
    <ele>579.8</ele>
   </trkpt>
   <trkpt lat="32.4762940" lon="-111.2945990">
    <ele>579.8</ele>
   </trkpt>
   <trkpt lat="32.4762080" lon="-111.2945370">
    <ele>579.8</ele>
   </trkpt>
   <trkpt lat="32.4761810" lon="-111.2943930">
    <ele>580.4</ele>
   </trkpt>
   <trkpt lat="32.4761870" lon="-111.2942490">
    <ele>581.0</ele>
   </trkpt>
   <trkpt lat="32.4762050" lon="-111.2941660">
    <ele>581.0</ele>
   </trkpt>
   <trkpt lat="32.4762460" lon="-111.2940800">
    <ele>581.0</ele>
   </trkpt>
   <trkpt lat="32.4763480" lon="-111.2939140">
    <ele>581.0</ele>
   </trkpt>
   <trkpt lat="32.4763810" lon="-111.2938400">
    <ele>581.0</ele>
   </trkpt>
   <trkpt lat="32.4764040" lon="-111.2937810">
    <ele>580.8</ele>
   </trkpt>
   <trkpt lat="32.4764170" lon="-111.2936850">
    <ele>580.6</ele>
   </trkpt>
   <trkpt lat="32.4764090" lon="-111.2933700">
    <ele>580.4</ele>
   </trkpt>
   <trkpt lat="32.4764120" lon="-111.2931140">
    <ele>580.0</ele>
   </trkpt>
   <trkpt lat="32.4764040" lon="-111.2930170">
    <ele>580.0</ele>
   </trkpt>
   <trkpt lat="32.4763780" lon="-111.2929280">
    <ele>579.6</ele>
   </trkpt>
   <trkpt lat="32.4763300" lon="-111.2928750">
    <ele>579.4</ele>
   </trkpt>
   <trkpt lat="32.4762150" lon="-111.2928670">
    <ele>579.2</ele>
   </trkpt>
   <trkpt lat="32.4761280" lon="-111.2929890">
    <ele>579.4</ele>
   </trkpt>
   <trkpt lat="32.4760770" lon="-111.2932280">
    <ele>580.0</ele>
   </trkpt>
   <trkpt lat="32.4760360" lon="-111.2933870">
    <ele>579.8</ele>
   </trkpt>
   <trkpt lat="32.4759950" lon="-111.2934400">
    <ele>579.8</ele>
   </trkpt>
   <trkpt lat="32.4759360" lon="-111.2934580">
    <ele>579.8</ele>
   </trkpt>
   <trkpt lat="32.4758900" lon="-111.2934510">
    <ele>579.6</ele>
   </trkpt>
   <trkpt lat="32.4758360" lon="-111.2934130">
    <ele>579.6</ele>
   </trkpt>
   <trkpt lat="32.4758090" lon="-111.2933570">
    <ele>579.6</ele>
   </trkpt>
   <trkpt lat="32.4758010" lon="-111.2932800">
    <ele>580.0</ele>
   </trkpt>
   <trkpt lat="32.4758080" lon="-111.2931270">
    <ele>580.6</ele>
   </trkpt>
   <trkpt lat="32.4758130" lon="-111.2930310">
    <ele>580.6</ele>
   </trkpt>
   <trkpt lat="32.4758130" lon="-111.2930080">
    <ele>580.6</ele>
   </trkpt>
   <trkpt lat="32.4758100" lon="-111.2928160">
    <ele>580.4</ele>
   </trkpt>
   <trkpt lat="32.4757640" lon="-111.2927540">
    <ele>580.2</ele>
   </trkpt>
   <trkpt lat="32.4757180" lon="-111.2927420">
    <ele>580.0</ele>
   </trkpt>
   <trkpt lat="32.4756720" lon="-111.2927370">
    <ele>579.8</ele>
   </trkpt>
   <trkpt lat="32.4756060" lon="-111.2927410">
    <ele>579.4</ele>
   </trkpt>
   <trkpt lat="32.4755730" lon="-111.2927540">
    <ele>579.2</ele>
   </trkpt>
   <trkpt lat="32.4755190" lon="-111.2928610">
    <ele>579.2</ele>
   </trkpt>
   <trkpt lat="32.4755150" lon="-111.2929390">
    <ele>579.2</ele>
   </trkpt>
   <trkpt lat="32.4755180" lon="-111.2931970">
    <ele>579.8</ele>
   </trkpt>
   <trkpt lat="32.4755160" lon="-111.2933010">
    <ele>580.2</ele>
   </trkpt>
   <trkpt lat="32.4755080" lon="-111.2934060">
    <ele>579.6</ele>
   </trkpt>
   <trkpt lat="32.4754000" lon="-111.2934730">
    <ele>579.6</ele>
   </trkpt>
   <trkpt lat="32.4753240" lon="-111.2934790">
    <ele>579.8</ele>
   </trkpt>
   <trkpt lat="32.4752080" lon="-111.2934140">
    <ele>579.6</ele>
   </trkpt>
   <trkpt lat="32.4751660" lon="-111.2932910">
    <ele>580.0</ele>
   </trkpt>
   <trkpt lat="32.4751590" lon="-111.2932330">
    <ele>580.4</ele>
   </trkpt>
   <trkpt lat="32.4751550" lon="-111.2931880">
    <ele>580.4</ele>
   </trkpt>
   <trkpt lat="32.4751410" lon="-111.2930330">
    <ele>580.6</ele>
   </trkpt>
   <trkpt lat="32.4751340" lon="-111.2929810">
    <ele>580.6</ele>
   </trkpt>
   <trkpt lat="32.4750810" lon="-111.2928550">
    <ele>580.4</ele>
   </trkpt>
   <trkpt lat="32.4750360" lon="-111.2928000">
    <ele>580.4</ele>
   </trkpt>
   <trkpt lat="32.4749350" lon="-111.2927470">
    <ele>580.2</ele>
   </trkpt>
   <trkpt lat="32.4748010" lon="-111.2927140">
    <ele>580.0</ele>
   </trkpt>
   <trkpt lat="32.4746660" lon="-111.2927110">
    <ele>579.6</ele>
   </trkpt>
   <trkpt lat="32.4745460" lon="-111.2927190">
    <ele>579.4</ele>
   </trkpt>
   <trkpt lat="32.4744950" lon="-111.2927210">
    <ele>579.2</ele>
   </trkpt>
   <trkpt lat="32.4742970" lon="-111.2927320">
    <ele>579.4</ele>
   </trkpt>
   <trkpt lat="32.4742040" lon="-111.2927350">
    <ele>580.4</ele>
   </trkpt>
   <trkpt lat="32.4741740" lon="-111.2927360">
    <ele>580.6</ele>
   </trkpt>
   <trkpt lat="32.4740200" lon="-111.2927460">
    <ele>580.0</ele>
   </trkpt>
   <trkpt lat="32.4739050" lon="-111.2927980">
    <ele>579.8</ele>
   </trkpt>
   <trkpt lat="32.4738730" lon="-111.2928370">
    <ele>580.0</ele>
   </trkpt>
   <trkpt lat="32.4738590" lon="-111.2928770">
    <ele>580.0</ele>
   </trkpt>
   <trkpt lat="32.4738660" lon="-111.2929880">
    <ele>580.4</ele>
   </trkpt>
   <trkpt lat="32.4739200" lon="-111.2930880">
    <ele>580.4</ele>
   </trkpt>
   <trkpt lat="32.4739570" lon="-111.2931270">
    <ele>580.2</ele>
   </trkpt>
   <trkpt lat="32.4740080" lon="-111.2931560">
    <ele>579.8</ele>
   </trkpt>
   <trkpt lat="32.4741450" lon="-111.2931670">
    <ele>579.8</ele>
   </trkpt>
   <trkpt lat="32.4742770" lon="-111.2931670">
    <ele>579.8</ele>
   </trkpt>
   <trkpt lat="32.4743760" lon="-111.2931990">
    <ele>580.0</ele>
   </trkpt>
   <trkpt lat="32.4746240" lon="-111.2931700">
    <ele>580.0</ele>
   </trkpt>
   <trkpt lat="32.4747140" lon="-111.2931800">
    <ele>580.0</ele>
   </trkpt>
   <trkpt lat="32.4748600" lon="-111.2932690">
    <ele>580.0</ele>
   </trkpt>
   <trkpt lat="32.4749070" lon="-111.2933220">
    <ele>580.0</ele>
   </trkpt>
   <trkpt lat="32.4749410" lon="-111.2933880">
    <ele>579.8</ele>
   </trkpt>
   <trkpt lat="32.4749750" lon="-111.2934630">
    <ele>579.8</ele>
   </trkpt>
   <trkpt lat="32.4750470" lon="-111.2935980">
    <ele>579.6</ele>
   </trkpt>
   <trkpt lat="32.4750590" lon="-111.2936670">
    <ele>579.6</ele>
   </trkpt>
   <trkpt lat="32.4750550" lon="-111.2937000">
    <ele>579.6</ele>
   </trkpt>
   <trkpt lat="32.4750350" lon="-111.2937240">
    <ele>579.8</ele>
   </trkpt>
   <trkpt lat="32.4749380" lon="-111.2937400">
    <ele>579.6</ele>
   </trkpt>
   <trkpt lat="32.4748770" lon="-111.2937220">
    <ele>579.6</ele>
   </trkpt>
   <trkpt lat="32.4748190" lon="-111.2936780">
    <ele>579.6</ele>
   </trkpt>
   <trkpt lat="32.4746730" lon="-111.2935930">
    <ele>578.8</ele>
   </trkpt>
   <trkpt lat="32.4745090" lon="-111.2936010">
    <ele>578.4</ele>
   </trkpt>
   <trkpt lat="32.4744410" lon="-111.2936050">
    <ele>578.4</ele>
   </trkpt>
   <trkpt lat="32.4742240" lon="-111.2936050">
    <ele>579.2</ele>
   </trkpt>
   <trkpt lat="32.4740960" lon="-111.2935910">
    <ele>579.0</ele>
   </trkpt>
   <trkpt lat="32.4740350" lon="-111.2935970">
    <ele>579.0</ele>
   </trkpt>
   <trkpt lat="32.4739880" lon="-111.2936190">
    <ele>579.0</ele>
   </trkpt>
   <trkpt lat="32.4739300" lon="-111.2936780">
    <ele>579.0</ele>
   </trkpt>
   <trkpt lat="32.4738960" lon="-111.2937930">
    <ele>579.4</ele>
   </trkpt>
   <trkpt lat="32.4738970" lon="-111.2938640">
    <ele>579.4</ele>
   </trkpt>
   <trkpt lat="32.4739120" lon="-111.2939280">
    <ele>579.4</ele>
   </trkpt>
   <trkpt lat="32.4739860" lon="-111.2940030">
    <ele>579.6</ele>
   </trkpt>
   <trkpt lat="32.4741430" lon="-111.2940460">
    <ele>579.8</ele>
   </trkpt>
   <trkpt lat="32.4742100" lon="-111.2940650">
    <ele>580.0</ele>
   </trkpt>
   <trkpt lat="32.4745030" lon="-111.2941100">
    <ele>579.8</ele>
   </trkpt>
   <trkpt lat="32.4746080" lon="-111.2941200">
    <ele>579.8</ele>
   </trkpt>
   <trkpt lat="32.4747660" lon="-111.2941140">
    <ele>579.8</ele>
   </trkpt>
   <trkpt lat="32.4749070" lon="-111.2941260">
    <ele>579.8</ele>
   </trkpt>
   <trkpt lat="32.4750430" lon="-111.2941380">
    <ele>579.6</ele>
   </trkpt>
   <trkpt lat="32.4751270" lon="-111.2941260">
    <ele>579.4</ele>
   </trkpt>
   <trkpt lat="32.4751960" lon="-111.2940560">
    <ele>579.4</ele>
   </trkpt>
   <trkpt lat="32.4752240" lon="-111.2940010">
    <ele>579.4</ele>
   </trkpt>
   <trkpt lat="32.4752530" lon="-111.2939510">
    <ele>579.4</ele>
   </trkpt>
   <trkpt lat="32.4753340" lon="-111.2938500">
    <ele>579.8</ele>
   </trkpt>
   <trkpt lat="32.4753970" lon="-111.2938170">
    <ele>580.0</ele>
   </trkpt>
   <trkpt lat="32.4754280" lon="-111.2938370">
    <ele>580.2</ele>
   </trkpt>
   <trkpt lat="32.4755050" lon="-111.2939660">
    <ele>580.2</ele>
   </trkpt>
   <trkpt lat="32.4755870" lon="-111.2939990">
    <ele>580.0</ele>
   </trkpt>
   <trkpt lat="32.4756450" lon="-111.2939680">
    <ele>579.8</ele>
   </trkpt>
   <trkpt lat="32.4757820" lon="-111.2938840">
    <ele>579.6</ele>
   </trkpt>
   <trkpt lat="32.4759060" lon="-111.2938710">
    <ele>579.6</ele>
   </trkpt>
   <trkpt lat="32.4759390" lon="-111.2939740">
    <ele>579.6</ele>
   </trkpt>
   <trkpt lat="32.4759450" lon="-111.2942040">
    <ele>579.8</ele>
   </trkpt>
   <trkpt lat="32.4759480" lon="-111.2944350">
    <ele>579.8</ele>
   </trkpt>
   <trkpt lat="32.4759840" lon="-111.2946330">
    <ele>579.8</ele>
   </trkpt>
   <trkpt lat="32.4760270" lon="-111.2947340">
    <ele>579.6</ele>
   </trkpt>
   <trkpt lat="32.4760740" lon="-111.2948430">
    <ele>579.6</ele>
   </trkpt>
   <trkpt lat="32.4761010" lon="-111.2950680">
    <ele>579.2</ele>
   </trkpt>
   <trkpt lat="32.4760320" lon="-111.2951920">
    <ele>579.0</ele>
   </trkpt>
   <trkpt lat="32.4759300" lon="-111.2951600">
    <ele>579.2</ele>
   </trkpt>
   <trkpt lat="32.4757450" lon="-111.2949900">
    <ele>579.2</ele>
   </trkpt>
   <trkpt lat="32.4756850" lon="-111.2949150">
    <ele>579.2</ele>
   </trkpt>
   <trkpt lat="32.4755690" lon="-111.2947640">
    <ele>579.0</ele>
   </trkpt>
   <trkpt lat="32.4753780" lon="-111.2946010">
    <ele>579.6</ele>
   </trkpt>
   <trkpt lat="32.4752900" lon="-111.2945580">
    <ele>579.6</ele>
   </trkpt>
   <trkpt lat="32.4751960" lon="-111.2945330">
    <ele>579.6</ele>
   </trkpt>
   <trkpt lat="32.4750080" lon="-111.2945300">
    <ele>579.4</ele>
   </trkpt>
   <trkpt lat="32.4748770" lon="-111.2946050">
    <ele>579.4</ele>
   </trkpt>
   <trkpt lat="32.4748380" lon="-111.2947770">
    <ele>579.4</ele>
   </trkpt>
   <trkpt lat="32.4748450" lon="-111.2951050">
    <ele>579.2</ele>
   </trkpt>
   <trkpt lat="32.4749450" lon="-111.2952190">
    <ele>579.4</ele>
   </trkpt>
   <trkpt lat="32.4752310" lon="-111.2951990">
    <ele>579.4</ele>
   </trkpt>
   <trkpt lat="32.4754420" lon="-111.2952760">
    <ele>579.6</ele>
   </trkpt>
   <trkpt lat="32.4756460" lon="-111.2953790">
    <ele>579.8</ele>
   </trkpt>
   <trkpt lat="32.4757660" lon="-111.2953980">
    <ele>579.8</ele>
   </trkpt>
   <trkpt lat="32.4760020" lon="-111.2954100">
    <ele>580.0</ele>
   </trkpt>
   <trkpt lat="32.4761410" lon="-111.2954100">
    <ele>579.8</ele>
   </trkpt>
   <trkpt lat="32.4762940" lon="-111.2953930">
    <ele>579.6</ele>
   </trkpt>
   <trkpt lat="32.4763850" lon="-111.2953540">
    <ele>579.8</ele>
   </trkpt>
   <trkpt lat="32.4764510" lon="-111.2952840">
    <ele>579.8</ele>
   </trkpt>
   <trkpt lat="32.4764960" lon="-111.2951850">
    <ele>579.8</ele>
   </trkpt>
   <trkpt lat="32.4765360" lon="-111.2950640">
    <ele>579.8</ele>
   </trkpt>
   <trkpt lat="32.4765490" lon="-111.2949330">
    <ele>579.8</ele>
   </trkpt>
   <trkpt lat="32.4765410" lon="-111.2948120">
    <ele>579.8</ele>
   </trkpt>
   <trkpt lat="32.4764530" lon="-111.2946490">
    <ele>579.4</ele>
   </trkpt>
   <trkpt lat="32.4762860" lon="-111.2945900">
    <ele>579.6</ele>
   </trkpt>
   <trkpt lat="32.4762090" lon="-111.2944690">
    <ele>579.8</ele>
   </trkpt>
   <trkpt lat="32.4762150" lon="-111.2941940">
    <ele>580.8</ele>
   </trkpt>
   <trkpt lat="32.4763010" lon="-111.2940120">
    <ele>580.8</ele>
   </trkpt>
   <trkpt lat="32.4763580" lon="-111.2939180">
    <ele>580.6</ele>
   </trkpt>
   <trkpt lat="32.4764300" lon="-111.2937540">
    <ele>580.4</ele>
   </trkpt>
   <trkpt lat="32.4764410" lon="-111.2936960">
    <ele>580.4</ele>
   </trkpt>
   <trkpt lat="32.4764440" lon="-111.2936420">
    <ele>580.4</ele>
   </trkpt>
   <trkpt lat="32.4764430" lon="-111.2935100">
    <ele>580.4</ele>
   </trkpt>
   <trkpt lat="32.4764170" lon="-111.2930870">
    <ele>580.6</ele>
   </trkpt>
   <trkpt lat="32.4763950" lon="-111.2929870">
    <ele>580.6</ele>
   </trkpt>
   <trkpt lat="32.4762930" lon="-111.2928550">
    <ele>579.8</ele>
   </trkpt>
   <trkpt lat="32.4761670" lon="-111.2928710">
    <ele>579.6</ele>
   </trkpt>
   <trkpt lat="32.4760890" lon="-111.2930000">
    <ele>579.8</ele>
   </trkpt>
   <trkpt lat="32.4760690" lon="-111.2930990">
    <ele>579.8</ele>
   </trkpt>
   <trkpt lat="32.4760420" lon="-111.2933070">
    <ele>579.6</ele>
   </trkpt>
   <trkpt lat="32.4759610" lon="-111.2934430">
    <ele>579.8</ele>
   </trkpt>
   <trkpt lat="32.4758360" lon="-111.2934010">
    <ele>580.2</ele>
   </trkpt>
   <trkpt lat="32.4758130" lon="-111.2933430">
    <ele>580.6</ele>
   </trkpt>
   <trkpt lat="32.4758110" lon="-111.2932550">
    <ele>580.8</ele>
   </trkpt>
   <trkpt lat="32.4758380" lon="-111.2929690">
    <ele>580.8</ele>
   </trkpt>
   <trkpt lat="32.4758350" lon="-111.2928770">
    <ele>580.8</ele>
   </trkpt>
   <trkpt lat="32.4758240" lon="-111.2927880">
    <ele>580.8</ele>
   </trkpt>
   <trkpt lat="32.4757950" lon="-111.2927130">
    <ele>580.6</ele>
   </trkpt>
   <trkpt lat="32.4757570" lon="-111.2926760">
    <ele>580.6</ele>
   </trkpt>
   <trkpt lat="32.4757180" lon="-111.2926670">
    <ele>580.4</ele>
   </trkpt>
   <trkpt lat="32.4756710" lon="-111.2926750">
    <ele>580.4</ele>
   </trkpt>
   <trkpt lat="32.4756240" lon="-111.2926880">
    <ele>580.4</ele>
   </trkpt>
   <trkpt lat="32.4755440" lon="-111.2927630">
    <ele>580.2</ele>
   </trkpt>
   <trkpt lat="32.4755360" lon="-111.2929150">
    <ele>580.0</ele>
   </trkpt>
   <trkpt lat="32.4755370" lon="-111.2929870">
    <ele>580.0</ele>
   </trkpt>
   <trkpt lat="32.4755320" lon="-111.2931040">
    <ele>580.2</ele>
   </trkpt>
   <trkpt lat="32.4755190" lon="-111.2932220">
    <ele>580.4</ele>
   </trkpt>
   <trkpt lat="32.4755140" lon="-111.2933360">
    <ele>580.6</ele>
   </trkpt>
   <trkpt lat="32.4755040" lon="-111.2933880">
    <ele>580.2</ele>
   </trkpt>
   <trkpt lat="32.4754640" lon="-111.2934320">
    <ele>580.4</ele>
   </trkpt>
   <trkpt lat="32.4754030" lon="-111.2934530">
    <ele>580.2</ele>
   </trkpt>
   <trkpt lat="32.4753370" lon="-111.2934500">
    <ele>580.4</ele>
   </trkpt>
   <trkpt lat="32.4752140" lon="-111.2933970">
    <ele>580.2</ele>
   </trkpt>
   <trkpt lat="32.4751560" lon="-111.2933050">
    <ele>580.6</ele>
   </trkpt>
   <trkpt lat="32.4751490" lon="-111.2931370">
    <ele>581.0</ele>
   </trkpt>
   <trkpt lat="32.4751240" lon="-111.2929810">
    <ele>581.0</ele>
   </trkpt>
   <trkpt lat="32.4750580" lon="-111.2928510">
    <ele>580.8</ele>
   </trkpt>
   <trkpt lat="32.4749540" lon="-111.2927860">
    <ele>581.0</ele>
   </trkpt>
   <trkpt lat="32.4749270" lon="-111.2927770">
    <ele>580.8</ele>
   </trkpt>
   <trkpt lat="32.4747980" lon="-111.2927340">
    <ele>580.6</ele>
   </trkpt>
   <trkpt lat="32.4747130" lon="-111.2927270">
    <ele>580.4</ele>
   </trkpt>
   <trkpt lat="32.4746120" lon="-111.2927310">
    <ele>580.2</ele>
   </trkpt>
   <trkpt lat="32.4742780" lon="-111.2927400">
    <ele>580.0</ele>
   </trkpt>
   <trkpt lat="32.4742150" lon="-111.2927380">
    <ele>580.2</ele>
   </trkpt>
   <trkpt lat="32.4741510" lon="-111.2927410">
    <ele>580.6</ele>
   </trkpt>
   <trkpt lat="32.4739720" lon="-111.2927480">
    <ele>580.0</ele>
   </trkpt>
   <trkpt lat="32.4738710" lon="-111.2928070">
    <ele>580.0</ele>
   </trkpt>
   <trkpt lat="32.4738430" lon="-111.2928570">
    <ele>580.0</ele>
   </trkpt>
   <trkpt lat="32.4738300" lon="-111.2929160">
    <ele>580.2</ele>
   </trkpt>
   <trkpt lat="32.4738540" lon="-111.2930340">
    <ele>580.2</ele>
   </trkpt>
   <trkpt lat="32.4739250" lon="-111.2931070">
    <ele>580.0</ele>
   </trkpt>
   <trkpt lat="32.4739770" lon="-111.2931320">
    <ele>579.8</ele>
   </trkpt>
   <trkpt lat="32.4740390" lon="-111.2931450">
    <ele>579.8</ele>
   </trkpt>
   <trkpt lat="32.4741960" lon="-111.2931450">
    <ele>579.6</ele>
   </trkpt>
   <trkpt lat="32.4742670" lon="-111.2931600">
    <ele>579.6</ele>
   </trkpt>
   <trkpt lat="32.4743840" lon="-111.2932000">
    <ele>579.6</ele>
   </trkpt>
   <trkpt lat="32.4744740" lon="-111.2931870">
    <ele>579.6</ele>
   </trkpt>
   <trkpt lat="32.4745330" lon="-111.2931730">
    <ele>579.6</ele>
   </trkpt>
   <trkpt lat="32.4746120" lon="-111.2931630">
    <ele>579.6</ele>
   </trkpt>
   <trkpt lat="32.4747820" lon="-111.2931920">
    <ele>579.6</ele>
   </trkpt>
   <trkpt lat="32.4748910" lon="-111.2933080">
    <ele>579.6</ele>
   </trkpt>
   <trkpt lat="32.4749250" lon="-111.2933650">
    <ele>579.4</ele>
   </trkpt>
   <trkpt lat="32.4750270" lon="-111.2935800">
    <ele>579.2</ele>
   </trkpt>
   <trkpt lat="32.4750430" lon="-111.2936550">
    <ele>579.2</ele>
   </trkpt>
   <trkpt lat="32.4750420" lon="-111.2937100">
    <ele>579.2</ele>
   </trkpt>
   <trkpt lat="32.4750240" lon="-111.2937340">
    <ele>579.4</ele>
   </trkpt>
   <trkpt lat="32.4749960" lon="-111.2937480">
    <ele>579.4</ele>
   </trkpt>
   <trkpt lat="32.4748910" lon="-111.2937450">
    <ele>579.2</ele>
   </trkpt>
   <trkpt lat="32.4747100" lon="-111.2936080">
    <ele>578.8</ele>
   </trkpt>
   <trkpt lat="32.4745860" lon="-111.2935830">
    <ele>578.4</ele>
   </trkpt>
   <trkpt lat="32.4745490" lon="-111.2935910">
    <ele>578.4</ele>
   </trkpt>
   <trkpt lat="32.4744470" lon="-111.2936050">
    <ele>579.2</ele>
   </trkpt>
   <trkpt lat="32.4743760" lon="-111.2936000">
    <ele>580.0</ele>
   </trkpt>
   <trkpt lat="32.4742930" lon="-111.2935950">
    <ele>579.8</ele>
   </trkpt>
   <trkpt lat="32.4741680" lon="-111.2935970">
    <ele>579.0</ele>
   </trkpt>
   <trkpt lat="32.4740860" lon="-111.2936050">
    <ele>579.0</ele>
   </trkpt>
   <trkpt lat="32.4740020" lon="-111.2936330">
    <ele>579.2</ele>
   </trkpt>
   <trkpt lat="32.4738840" lon="-111.2937360">
    <ele>579.0</ele>
   </trkpt>
   <trkpt lat="32.4738680" lon="-111.2938160">
    <ele>579.2</ele>
   </trkpt>
   <trkpt lat="32.4738800" lon="-111.2938980">
    <ele>579.2</ele>
   </trkpt>
   <trkpt lat="32.4739170" lon="-111.2939650">
    <ele>579.2</ele>
   </trkpt>
   <trkpt lat="32.4739810" lon="-111.2940120">
    <ele>579.4</ele>
   </trkpt>
   <trkpt lat="32.4740610" lon="-111.2940380">
    <ele>579.4</ele>
   </trkpt>
   <trkpt lat="32.4743720" lon="-111.2940690">
    <ele>579.4</ele>
   </trkpt>
   <trkpt lat="32.4744380" lon="-111.2940610">
    <ele>579.4</ele>
   </trkpt>
   <trkpt lat="32.4744960" lon="-111.2940490">
    <ele>579.4</ele>
   </trkpt>
   <trkpt lat="32.4745730" lon="-111.2940430">
    <ele>579.6</ele>
   </trkpt>
   <trkpt lat="32.4746990" lon="-111.2940590">
    <ele>579.8</ele>
   </trkpt>
   <trkpt lat="32.4748950" lon="-111.2941050">
    <ele>579.8</ele>
   </trkpt>
   <trkpt lat="32.4749660" lon="-111.2941260">
    <ele>579.6</ele>
   </trkpt>
   <trkpt lat="32.4750300" lon="-111.2941350">
    <ele>579.8</ele>
   </trkpt>
   <trkpt lat="32.4751100" lon="-111.2941240">
    <ele>579.8</ele>
   </trkpt>
   <trkpt lat="32.4751800" lon="-111.2940740">
    <ele>580.0</ele>
   </trkpt>
   <trkpt lat="32.4752140" lon="-111.2940180">
    <ele>580.0</ele>
   </trkpt>
   <trkpt lat="32.4752380" lon="-111.2939680">
    <ele>580.0</ele>
   </trkpt>
   <trkpt lat="32.4752700" lon="-111.2939150">
    <ele>580.0</ele>
   </trkpt>
   <trkpt lat="32.4753470" lon="-111.2938200">
    <ele>579.8</ele>
   </trkpt>
   <trkpt lat="32.4753770" lon="-111.2938170">
    <ele>579.8</ele>
   </trkpt>
   <trkpt lat="32.4754160" lon="-111.2938590">
    <ele>579.8</ele>
   </trkpt>
   <trkpt lat="32.4754250" lon="-111.2938850">
    <ele>579.8</ele>
   </trkpt>
   <trkpt lat="32.4755220" lon="-111.2939990">
    <ele>579.8</ele>
   </trkpt>
   <trkpt lat="32.4756450" lon="-111.2939890">
    <ele>579.6</ele>
   </trkpt>
   <trkpt lat="32.4757120" lon="-111.2939430">
    <ele>579.6</ele>
   </trkpt>
   <trkpt lat="32.4758540" lon="-111.2938600">
    <ele>579.6</ele>
   </trkpt>
   <trkpt lat="32.4759270" lon="-111.2938560">
    <ele>579.6</ele>
   </trkpt>
   <trkpt lat="32.4759570" lon="-111.2938950">
    <ele>579.6</ele>
   </trkpt>
   <trkpt lat="32.4759570" lon="-111.2939740">
    <ele>579.6</ele>
   </trkpt>
   <trkpt lat="32.4759580" lon="-111.2941170">
    <ele>579.6</ele>
   </trkpt>
   <trkpt lat="32.4759620" lon="-111.2942180">
    <ele>580.0</ele>
   </trkpt>
   <trkpt lat="32.4759630" lon="-111.2944750">
    <ele>580.0</ele>
   </trkpt>
   <trkpt lat="32.4760200" lon="-111.2946750">
    <ele>579.8</ele>
   </trkpt>
   <trkpt lat="32.4760690" lon="-111.2947800">
    <ele>579.6</ele>
   </trkpt>
   <trkpt lat="32.4761080" lon="-111.2948950">
    <ele>579.2</ele>
   </trkpt>
   <trkpt lat="32.4761230" lon="-111.2950090">
    <ele>578.8</ele>
   </trkpt>
   <trkpt lat="32.4761000" lon="-111.2950910">
    <ele>578.6</ele>
   </trkpt>
   <trkpt lat="32.4760490" lon="-111.2951380">
    <ele>578.6</ele>
   </trkpt>
   <trkpt lat="32.4760000" lon="-111.2951620">
    <ele>578.8</ele>
   </trkpt>
   <trkpt lat="32.4759030" lon="-111.2951310">
    <ele>579.0</ele>
   </trkpt>
   <trkpt lat="32.4757160" lon="-111.2949470">
    <ele>579.2</ele>
   </trkpt>
   <trkpt lat="32.4756040" lon="-111.2947840">
    <ele>579.2</ele>
   </trkpt>
   <trkpt lat="32.4755440" lon="-111.2947210">
    <ele>579.2</ele>
   </trkpt>
   <trkpt lat="32.4753440" lon="-111.2945680">
    <ele>579.2</ele>
   </trkpt>
   <trkpt lat="32.4752540" lon="-111.2945340">
    <ele>579.2</ele>
   </trkpt>
   <trkpt lat="32.4751590" lon="-111.2945160">
    <ele>579.2</ele>
   </trkpt>
   <trkpt lat="32.4750150" lon="-111.2945170">
    <ele>579.0</ele>
   </trkpt>
   <trkpt lat="32.4749200" lon="-111.2945310">
    <ele>579.0</ele>
   </trkpt>
   <trkpt lat="32.4748410" lon="-111.2946030">
    <ele>579.0</ele>
   </trkpt>
   <trkpt lat="32.4748250" lon="-111.2946770">
    <ele>579.2</ele>
   </trkpt>
   <trkpt lat="32.4748140" lon="-111.2949870">
    <ele>579.2</ele>
   </trkpt>
   <trkpt lat="32.4748270" lon="-111.2950990">
    <ele>579.2</ele>
   </trkpt>
   <trkpt lat="32.4748880" lon="-111.2951650">
    <ele>579.2</ele>
   </trkpt>
   <trkpt lat="32.4749760" lon="-111.2951870">
    <ele>579.2</ele>
   </trkpt>
   <trkpt lat="32.4750750" lon="-111.2951830">
    <ele>579.2</ele>
   </trkpt>
   <trkpt lat="32.4752850" lon="-111.2951830">
    <ele>579.2</ele>
   </trkpt>
   <trkpt lat="32.4754870" lon="-111.2952760">
    <ele>579.2</ele>
   </trkpt>
   <trkpt lat="32.4755940" lon="-111.2953270">
    <ele>579.2</ele>
   </trkpt>
   <trkpt lat="32.4758260" lon="-111.2953730">
    <ele>579.2</ele>
   </trkpt>
   <trkpt lat="32.4760850" lon="-111.2953880">
    <ele>579.4</ele>
   </trkpt>
   <trkpt lat="32.4762060" lon="-111.2953950">
    <ele>579.0</ele>
   </trkpt>
   <trkpt lat="32.4762940" lon="-111.2953690">
    <ele>579.2</ele>
   </trkpt>
   <trkpt lat="32.4763840" lon="-111.2953240">
    <ele>579.4</ele>
   </trkpt>
   <trkpt lat="32.4764500" lon="-111.2952380">
    <ele>579.2</ele>
   </trkpt>
   <trkpt lat="32.4764960" lon="-111.2951210">
    <ele>579.2</ele>
   </trkpt>
   <trkpt lat="32.4765340" lon="-111.2948750">
    <ele>579.2</ele>
   </trkpt>
   <trkpt lat="32.4764840" lon="-111.2946770">
    <ele>578.8</ele>
   </trkpt>
   <trkpt lat="32.4763580" lon="-111.2945970">
    <ele>578.8</ele>
   </trkpt>
   <trkpt lat="32.4762760" lon="-111.2945790">
    <ele>578.8</ele>
   </trkpt>
   <trkpt lat="32.4762370" lon="-111.2945410">
    <ele>578.8</ele>
   </trkpt>
   <trkpt lat="32.4762110" lon="-111.2944800">
    <ele>579.4</ele>
   </trkpt>
   <trkpt lat="32.4762000" lon="-111.2944000">
    <ele>580.0</ele>
   </trkpt>
   <trkpt lat="32.4761960" lon="-111.2943150">
    <ele>580.0</ele>
   </trkpt>
   <trkpt lat="32.4762050" lon="-111.2942240">
    <ele>580.0</ele>
   </trkpt>
   <trkpt lat="32.4762790" lon="-111.2940380">
    <ele>580.0</ele>
   </trkpt>
   <trkpt lat="32.4764140" lon="-111.2937420">
    <ele>579.4</ele>
   </trkpt>
   <trkpt lat="32.4764190" lon="-111.2936610">
    <ele>579.2</ele>
   </trkpt>
   <trkpt lat="32.4764130" lon="-111.2934640">
    <ele>579.2</ele>
   </trkpt>
   <trkpt lat="32.4764100" lon="-111.2934050">
    <ele>579.2</ele>
   </trkpt>
   <trkpt lat="32.4764090" lon="-111.2932300">
    <ele>579.6</ele>
   </trkpt>
   <trkpt lat="32.4764190" lon="-111.2930480">
    <ele>579.6</ele>
   </trkpt>
   <trkpt lat="32.4764030" lon="-111.2929450">
    <ele>579.6</ele>
   </trkpt>
   <trkpt lat="32.4763580" lon="-111.2928630">
    <ele>579.4</ele>
   </trkpt>
   <trkpt lat="32.4762960" lon="-111.2928210">
    <ele>579.2</ele>
   </trkpt>
   <trkpt lat="32.4762330" lon="-111.2928250">
    <ele>578.8</ele>
   </trkpt>
   <trkpt lat="32.4761800" lon="-111.2928700">
    <ele>578.8</ele>
   </trkpt>
   <trkpt lat="32.4761210" lon="-111.2930410">
    <ele>579.0</ele>
   </trkpt>
   <trkpt lat="32.4761010" lon="-111.2931460">
    <ele>579.0</ele>
   </trkpt>
   <trkpt lat="32.4760540" lon="-111.2933550">
    <ele>579.2</ele>
   </trkpt>
   <trkpt lat="32.4760050" lon="-111.2934290">
    <ele>579.2</ele>
   </trkpt>
   <trkpt lat="32.4759480" lon="-111.2934480">
    <ele>579.2</ele>
   </trkpt>
   <trkpt lat="32.4758700" lon="-111.2934170">
    <ele>579.2</ele>
   </trkpt>
   <trkpt lat="32.4758190" lon="-111.2932590">
    <ele>579.2</ele>
   </trkpt>
   <trkpt lat="32.4758260" lon="-111.2928390">
    <ele>579.6</ele>
   </trkpt>
   <trkpt lat="32.4758160" lon="-111.2927750">
    <ele>579.6</ele>
   </trkpt>
   <trkpt lat="32.4757810" lon="-111.2927190">
    <ele>579.6</ele>
   </trkpt>
   <trkpt lat="32.4756760" lon="-111.2926870">
    <ele>579.6</ele>
   </trkpt>
   <trkpt lat="32.4756160" lon="-111.2926970">
    <ele>579.6</ele>
   </trkpt>
   <trkpt lat="32.4755610" lon="-111.2927300">
    <ele>579.6</ele>
   </trkpt>
   <trkpt lat="32.4755280" lon="-111.2927790">
    <ele>579.4</ele>
   </trkpt>
   <trkpt lat="32.4755180" lon="-111.2928490">
    <ele>579.2</ele>
   </trkpt>
   <trkpt lat="32.4755160" lon="-111.2930220">
    <ele>579.2</ele>
   </trkpt>
   <trkpt lat="32.4755170" lon="-111.2930900">
    <ele>579.4</ele>
   </trkpt>
   <trkpt lat="32.4755160" lon="-111.2932190">
    <ele>579.2</ele>
   </trkpt>
   <trkpt lat="32.4755170" lon="-111.2932780">
    <ele>579.8</ele>
   </trkpt>
   <trkpt lat="32.4755110" lon="-111.2933930">
    <ele>579.4</ele>
   </trkpt>
   <trkpt lat="32.4754930" lon="-111.2934410">
    <ele>579.4</ele>
   </trkpt>
   <trkpt lat="32.4754290" lon="-111.2934660">
    <ele>579.4</ele>
   </trkpt>
   <trkpt lat="32.4753440" lon="-111.2934760">
    <ele>579.4</ele>
   </trkpt>
   <trkpt lat="32.4752660" lon="-111.2934560">
    <ele>579.4</ele>
   </trkpt>
   <trkpt lat="32.4751990" lon="-111.2934050">
    <ele>579.4</ele>
   </trkpt>
   <trkpt lat="32.4751510" lon="-111.2933480">
    <ele>579.4</ele>
   </trkpt>
   <trkpt lat="32.4751300" lon="-111.2932420">
    <ele>579.6</ele>
   </trkpt>
   <trkpt lat="32.4751120" lon="-111.2929900">
    <ele>579.6</ele>
   </trkpt>
   <trkpt lat="32.4751000" lon="-111.2929390">
    <ele>579.6</ele>
   </trkpt>
   <trkpt lat="32.4750740" lon="-111.2928740">
    <ele>579.6</ele>
   </trkpt>
   <trkpt lat="32.4749820" lon="-111.2927800">
    <ele>579.4</ele>
   </trkpt>
   <trkpt lat="32.4749460" lon="-111.2927620">
    <ele>579.4</ele>
   </trkpt>
   <trkpt lat="32.4748850" lon="-111.2927500">
    <ele>579.2</ele>
   </trkpt>
   <trkpt lat="32.4746890" lon="-111.2927260">
    <ele>579.4</ele>
   </trkpt>
   <trkpt lat="32.4745060" lon="-111.2927280">
    <ele>579.2</ele>
   </trkpt>
   <trkpt lat="32.4742340" lon="-111.2927270">
    <ele>579.2</ele>
   </trkpt>
   <trkpt lat="32.4741560" lon="-111.2927420">
    <ele>580.0</ele>
   </trkpt>
   <trkpt lat="32.4739700" lon="-111.2927570">
    <ele>579.2</ele>
   </trkpt>
   <trkpt lat="32.4738600" lon="-111.2928380">
    <ele>579.2</ele>
   </trkpt>
   <trkpt lat="32.4738270" lon="-111.2928870">
    <ele>579.2</ele>
   </trkpt>
   <trkpt lat="32.4738060" lon="-111.2929490">
    <ele>579.2</ele>
   </trkpt>
   <trkpt lat="32.4738440" lon="-111.2930060">
    <ele>579.2</ele>
   </trkpt>
   <trkpt lat="32.4739250" lon="-111.2930820">
    <ele>579.4</ele>
   </trkpt>
   <trkpt lat="32.4739700" lon="-111.2931090">
    <ele>579.4</ele>
   </trkpt>
   <trkpt lat="32.4740260" lon="-111.2931330">
    <ele>579.2</ele>
   </trkpt>
   <trkpt lat="32.4741790" lon="-111.2931450">
    <ele>579.4</ele>
   </trkpt>
   <trkpt lat="32.4742590" lon="-111.2931600">
    <ele>579.4</ele>
   </trkpt>
   <trkpt lat="32.4743660" lon="-111.2931980">
    <ele>579.4</ele>
   </trkpt>
   <trkpt lat="32.4745720" lon="-111.2931640">
    <ele>579.6</ele>
   </trkpt>
   <trkpt lat="32.4747420" lon="-111.2931930">
    <ele>579.6</ele>
   </trkpt>
   <trkpt lat="32.4749260" lon="-111.2933740">
    <ele>579.4</ele>
   </trkpt>
   <trkpt lat="32.4750680" lon="-111.2936630">
    <ele>579.0</ele>
   </trkpt>
   <trkpt lat="32.4750750" lon="-111.2937570">
    <ele>579.0</ele>
   </trkpt>
   <trkpt lat="32.4749780" lon="-111.2937740">
    <ele>578.8</ele>
   </trkpt>
   <trkpt lat="32.4748480" lon="-111.2937140">
    <ele>579.0</ele>
   </trkpt>
   <trkpt lat="32.4747010" lon="-111.2936130">
    <ele>579.0</ele>
   </trkpt>
   <trkpt lat="32.4746110" lon="-111.2936010">
    <ele>578.8</ele>
   </trkpt>
   <trkpt lat="32.4745190" lon="-111.2936050">
    <ele>578.8</ele>
   </trkpt>
   <trkpt lat="32.4744690" lon="-111.2936110">
    <ele>578.6</ele>
   </trkpt>
   <trkpt lat="32.4743530" lon="-111.2936160">
    <ele>578.8</ele>
   </trkpt>
   <trkpt lat="32.4741610" lon="-111.2935990">
    <ele>579.0</ele>
   </trkpt>
   <trkpt lat="32.4740770" lon="-111.2936070">
    <ele>579.0</ele>
   </trkpt>
   <trkpt lat="32.4739400" lon="-111.2936530">
    <ele>578.8</ele>
   </trkpt>
   <trkpt lat="32.4738890" lon="-111.2937000">
    <ele>578.8</ele>
   </trkpt>
   <trkpt lat="32.4738600" lon="-111.2937830">
    <ele>578.8</ele>
   </trkpt>
   <trkpt lat="32.4738650" lon="-111.2938730">
    <ele>578.6</ele>
   </trkpt>
   <trkpt lat="32.4738940" lon="-111.2939490">
    <ele>578.8</ele>
   </trkpt>
   <trkpt lat="32.4739410" lon="-111.2939970">
    <ele>578.8</ele>
   </trkpt>
   <trkpt lat="32.4739990" lon="-111.2940270">
    <ele>578.8</ele>
   </trkpt>
   <trkpt lat="32.4741390" lon="-111.2940570">
    <ele>578.8</ele>
   </trkpt>
   <trkpt lat="32.4743830" lon="-111.2940770">
    <ele>579.0</ele>
   </trkpt>
   <trkpt lat="32.4744440" lon="-111.2940750">
    <ele>579.2</ele>
   </trkpt>
   <trkpt lat="32.4745650" lon="-111.2940590">
    <ele>579.4</ele>
   </trkpt>
   <trkpt lat="32.4746840" lon="-111.2940650">
    <ele>579.6</ele>
   </trkpt>
   <trkpt lat="32.4748150" lon="-111.2940900">
    <ele>579.6</ele>
   </trkpt>
   <trkpt lat="32.4750600" lon="-111.2941520">
    <ele>579.6</ele>
   </trkpt>
   <trkpt lat="32.4751480" lon="-111.2941300">
    <ele>579.8</ele>
   </trkpt>
   <trkpt lat="32.4751830" lon="-111.2940960">
    <ele>579.8</ele>
   </trkpt>
   <trkpt lat="32.4752020" lon="-111.2940600">
    <ele>579.8</ele>
   </trkpt>
   <trkpt lat="32.4752500" lon="-111.2939740">
    <ele>579.8</ele>
   </trkpt>
   <trkpt lat="32.4753050" lon="-111.2938920">
    <ele>579.8</ele>
   </trkpt>
   <trkpt lat="32.4753700" lon="-111.2938400">
    <ele>579.8</ele>
   </trkpt>
   <trkpt lat="32.4753980" lon="-111.2938510">
    <ele>579.6</ele>
   </trkpt>
   <trkpt lat="32.4754180" lon="-111.2938720">
    <ele>579.8</ele>
   </trkpt>
   <trkpt lat="32.4754550" lon="-111.2939470">
    <ele>579.6</ele>
   </trkpt>
   <trkpt lat="32.4755140" lon="-111.2940060">
    <ele>579.6</ele>
   </trkpt>
   <trkpt lat="32.4755700" lon="-111.2940140">
    <ele>579.6</ele>
   </trkpt>
   <trkpt lat="32.4756410" lon="-111.2939980">
    <ele>579.6</ele>
   </trkpt>
   <trkpt lat="32.4757850" lon="-111.2939160">
    <ele>579.4</ele>
   </trkpt>
   <trkpt lat="32.4758550" lon="-111.2938780">
    <ele>579.4</ele>
   </trkpt>
   <trkpt lat="32.4759490" lon="-111.2939070">
    <ele>579.6</ele>
   </trkpt>
   <trkpt lat="32.4759560" lon="-111.2941720">
    <ele>579.8</ele>
   </trkpt>
   <trkpt lat="32.4759560" lon="-111.2944500">
    <ele>580.2</ele>
   </trkpt>
   <trkpt lat="32.4759670" lon="-111.2945520">
    <ele>580.2</ele>
   </trkpt>
   <trkpt lat="32.4760380" lon="-111.2947610">
    <ele>579.8</ele>
   </trkpt>
   <trkpt lat="32.4761110" lon="-111.2949850">
    <ele>579.2</ele>
   </trkpt>
   <trkpt lat="32.4761110" lon="-111.2950780">
    <ele>579.0</ele>
   </trkpt>
   <trkpt lat="32.4760860" lon="-111.2951540">
    <ele>579.2</ele>
   </trkpt>
   <trkpt lat="32.4760460" lon="-111.2951820">
    <ele>579.0</ele>
   </trkpt>
   <trkpt lat="32.4759370" lon="-111.2951430">
    <ele>579.0</ele>
   </trkpt>
   <trkpt lat="32.4758710" lon="-111.2950930">
    <ele>579.2</ele>
   </trkpt>
   <trkpt lat="32.4757340" lon="-111.2949530">
    <ele>579.0</ele>
   </trkpt>
   <trkpt lat="32.4756100" lon="-111.2947810">
    <ele>579.0</ele>
   </trkpt>
   <trkpt lat="32.4755560" lon="-111.2947250">
    <ele>579.0</ele>
   </trkpt>
   <trkpt lat="32.4753750" lon="-111.2945800">
    <ele>579.2</ele>
   </trkpt>
   <trkpt lat="32.4751970" lon="-111.2945240">
    <ele>579.0</ele>
   </trkpt>
   <trkpt lat="32.4750990" lon="-111.2945170">
    <ele>579.0</ele>
   </trkpt>
   <trkpt lat="32.4750030" lon="-111.2945270">
    <ele>579.0</ele>
   </trkpt>
   <trkpt lat="32.4748230" lon="-111.2946270">
    <ele>579.0</ele>
   </trkpt>
   <trkpt lat="32.4747670" lon="-111.2948250">
    <ele>579.2</ele>
   </trkpt>
   <trkpt lat="32.4747740" lon="-111.2950570">
    <ele>579.2</ele>
   </trkpt>
   <trkpt lat="32.4748140" lon="-111.2951380">
    <ele>579.2</ele>
   </trkpt>
   <trkpt lat="32.4748860" lon="-111.2951850">
    <ele>579.4</ele>
   </trkpt>
   <trkpt lat="32.4749780" lon="-111.2951950">
    <ele>579.4</ele>
   </trkpt>
   <trkpt lat="32.4751850" lon="-111.2951870">
    <ele>579.6</ele>
   </trkpt>
   <trkpt lat="32.4752940" lon="-111.2952160">
    <ele>579.6</ele>
   </trkpt>
   <trkpt lat="32.4753980" lon="-111.2952720">
    <ele>579.6</ele>
   </trkpt>
   <trkpt lat="32.4756200" lon="-111.2953800">
    <ele>579.6</ele>
   </trkpt>
   <trkpt lat="32.4758620" lon="-111.2954190">
    <ele>579.4</ele>
   </trkpt>
   <trkpt lat="32.4759660" lon="-111.2954200">
    <ele>579.4</ele>
   </trkpt>
   <trkpt lat="32.4761970" lon="-111.2954180">
    <ele>579.2</ele>
   </trkpt>
   <trkpt lat="32.4762750" lon="-111.2954020">
    <ele>579.2</ele>
   </trkpt>
   <trkpt lat="32.4764340" lon="-111.2953130">
    <ele>579.2</ele>
   </trkpt>
   <trkpt lat="32.4765320" lon="-111.2951170">
    <ele>579.2</ele>
   </trkpt>
   <trkpt lat="32.4765460" lon="-111.2947630">
    <ele>579.0</ele>
   </trkpt>
   <trkpt lat="32.4764470" lon="-111.2946370">
    <ele>578.8</ele>
   </trkpt>
   <trkpt lat="32.4763280" lon="-111.2946200">
    <ele>579.0</ele>
   </trkpt>
   <trkpt lat="32.4762850" lon="-111.2946000">
    <ele>579.0</ele>
   </trkpt>
   <trkpt lat="32.4762440" lon="-111.2945580">
    <ele>579.0</ele>
   </trkpt>
   <trkpt lat="32.4762010" lon="-111.2944130">
    <ele>579.2</ele>
   </trkpt>
   <trkpt lat="32.4762100" lon="-111.2942390">
    <ele>579.6</ele>
   </trkpt>
   <trkpt lat="32.4762360" lon="-111.2941480">
    <ele>579.8</ele>
   </trkpt>
   <trkpt lat="32.4762800" lon="-111.2940620">
    <ele>579.8</ele>
   </trkpt>
   <trkpt lat="32.4763820" lon="-111.2938650">
    <ele>579.8</ele>
   </trkpt>
   <trkpt lat="32.4764200" lon="-111.2936790">
    <ele>579.0</ele>
   </trkpt>
   <trkpt lat="32.4764230" lon="-111.2936120">
    <ele>579.0</ele>
   </trkpt>
   <trkpt lat="32.4764210" lon="-111.2935050">
    <ele>578.8</ele>
   </trkpt>
   <trkpt lat="32.4764200" lon="-111.2934530">
    <ele>579.0</ele>
   </trkpt>
   <trkpt lat="32.4764200" lon="-111.2932140">
    <ele>579.4</ele>
   </trkpt>
   <trkpt lat="32.4764180" lon="-111.2930220">
    <ele>579.2</ele>
   </trkpt>
   <trkpt lat="32.4763910" lon="-111.2929230">
    <ele>579.2</ele>
   </trkpt>
   <trkpt lat="32.4763500" lon="-111.2928540">
    <ele>579.0</ele>
   </trkpt>
   <trkpt lat="32.4763000" lon="-111.2928320">
    <ele>578.8</ele>
   </trkpt>
   <trkpt lat="32.4762320" lon="-111.2928490">
    <ele>578.8</ele>
   </trkpt>
   <trkpt lat="32.4761710" lon="-111.2929120">
    <ele>578.8</ele>
   </trkpt>
   <trkpt lat="32.4761130" lon="-111.2929990">
    <ele>579.0</ele>
   </trkpt>
   <trkpt lat="32.4760760" lon="-111.2931950">
    <ele>579.2</ele>
   </trkpt>
   <trkpt lat="32.4760590" lon="-111.2933020">
    <ele>579.2</ele>
   </trkpt>
   <trkpt lat="32.4760170" lon="-111.2933860">
    <ele>579.4</ele>
   </trkpt>
   <trkpt lat="32.4759520" lon="-111.2934310">
    <ele>579.6</ele>
   </trkpt>
   <trkpt lat="32.4758190" lon="-111.2934040">
    <ele>579.6</ele>
   </trkpt>
   <trkpt lat="32.4757810" lon="-111.2932430">
    <ele>579.6</ele>
   </trkpt>
   <trkpt lat="32.4758000" lon="-111.2929460">
    <ele>579.6</ele>
   </trkpt>
   <trkpt lat="32.4757980" lon="-111.2927940">
    <ele>579.4</ele>
   </trkpt>
   <trkpt lat="32.4757710" lon="-111.2927400">
    <ele>579.2</ele>
   </trkpt>
   <trkpt lat="32.4756790" lon="-111.2927130">
    <ele>579.2</ele>
   </trkpt>
   <trkpt lat="32.4756190" lon="-111.2927180">
    <ele>579.2</ele>
   </trkpt>
   <trkpt lat="32.4755630" lon="-111.2927430">
    <ele>579.2</ele>
   </trkpt>
   <trkpt lat="32.4755230" lon="-111.2927970">
    <ele>579.0</ele>
   </trkpt>
   <trkpt lat="32.4755040" lon="-111.2928740">
    <ele>579.0</ele>
   </trkpt>
   <trkpt lat="32.4755030" lon="-111.2930650">
    <ele>579.0</ele>
   </trkpt>
   <trkpt lat="32.4755060" lon="-111.2931440">
    <ele>579.2</ele>
   </trkpt>
   <trkpt lat="32.4755020" lon="-111.2932690">
    <ele>579.6</ele>
   </trkpt>
   <trkpt lat="32.4754990" lon="-111.2933360">
    <ele>579.6</ele>
   </trkpt>
   <trkpt lat="32.4754960" lon="-111.2934020">
    <ele>579.6</ele>
   </trkpt>
   <trkpt lat="32.4754210" lon="-111.2934930">
    <ele>579.8</ele>
   </trkpt>
   <trkpt lat="32.4752810" lon="-111.2934900">
    <ele>579.6</ele>
   </trkpt>
   <trkpt lat="32.4752060" lon="-111.2934560">
    <ele>579.6</ele>
   </trkpt>
   <trkpt lat="32.4751150" lon="-111.2933610">
    <ele>579.8</ele>
   </trkpt>
   <trkpt lat="32.4751160" lon="-111.2933110">
    <ele>579.8</ele>
   </trkpt>
   <trkpt lat="32.4751240" lon="-111.2932590">
    <ele>579.8</ele>
   </trkpt>
   <trkpt lat="32.4751170" lon="-111.2930640">
    <ele>580.0</ele>
   </trkpt>
   <trkpt lat="32.4750940" lon="-111.2929600">
    <ele>579.8</ele>
   </trkpt>
   <trkpt lat="32.4750330" lon="-111.2928320">
    <ele>579.6</ele>
   </trkpt>
   <trkpt lat="32.4749410" lon="-111.2927610">
    <ele>579.0</ele>
   </trkpt>
   <trkpt lat="32.4749120" lon="-111.2927460">
    <ele>578.8</ele>
   </trkpt>
   <trkpt lat="32.4747890" lon="-111.2927070">
    <ele>579.2</ele>
   </trkpt>
   <trkpt lat="32.4745630" lon="-111.2927100">
    <ele>579.0</ele>
   </trkpt>
   <trkpt lat="32.4744470" lon="-111.2927100">
    <ele>579.0</ele>
   </trkpt>
   <trkpt lat="32.4742550" lon="-111.2927180">
    <ele>579.0</ele>
   </trkpt>
   <trkpt lat="32.4741770" lon="-111.2927150">
    <ele>580.0</ele>
   </trkpt>
   <trkpt lat="32.4739870" lon="-111.2927330">
    <ele>579.4</ele>
   </trkpt>
   <trkpt lat="32.4738780" lon="-111.2927980">
    <ele>579.4</ele>
   </trkpt>
   <trkpt lat="32.4738500" lon="-111.2928420">
    <ele>579.6</ele>
   </trkpt>
   <trkpt lat="32.4738340" lon="-111.2928910">
    <ele>580.2</ele>
   </trkpt>
   <trkpt lat="32.4738410" lon="-111.2929990">
    <ele>580.2</ele>
   </trkpt>
   <trkpt lat="32.4738920" lon="-111.2930840">
    <ele>580.0</ele>
   </trkpt>
   <trkpt lat="32.4739290" lon="-111.2931100">
    <ele>579.8</ele>
   </trkpt>
   <trkpt lat="32.4739830" lon="-111.2931350">
    <ele>579.6</ele>
   </trkpt>
   <trkpt lat="32.4741120" lon="-111.2931530">
    <ele>579.6</ele>
   </trkpt>
   <trkpt lat="32.4741770" lon="-111.2931510">
    <ele>579.6</ele>
   </trkpt>
   <trkpt lat="32.4742950" lon="-111.2931680">
    <ele>579.6</ele>
   </trkpt>
   <trkpt lat="32.4744010" lon="-111.2931920">
    <ele>579.6</ele>
   </trkpt>
   <trkpt lat="32.4745020" lon="-111.2931790">
    <ele>579.8</ele>
   </trkpt>
   <trkpt lat="32.4745820" lon="-111.2931620">
    <ele>579.8</ele>
   </trkpt>
   <trkpt lat="32.4746690" lon="-111.2931620">
    <ele>579.6</ele>
   </trkpt>
   <trkpt lat="32.4747550" lon="-111.2931930">
    <ele>579.6</ele>
   </trkpt>
   <trkpt lat="32.4748250" lon="-111.2932390">
    <ele>579.6</ele>
   </trkpt>
   <trkpt lat="32.4749010" lon="-111.2933480">
    <ele>579.6</ele>
   </trkpt>
   <trkpt lat="32.4749280" lon="-111.2934060">
    <ele>579.6</ele>
   </trkpt>
   <trkpt lat="32.4750060" lon="-111.2935630">
    <ele>579.6</ele>
   </trkpt>
   <trkpt lat="32.4750230" lon="-111.2936890">
    <ele>579.6</ele>
   </trkpt>
   <trkpt lat="32.4749900" lon="-111.2937570">
    <ele>579.8</ele>
   </trkpt>
   <trkpt lat="32.4749510" lon="-111.2937660">
    <ele>579.8</ele>
   </trkpt>
   <trkpt lat="32.4748990" lon="-111.2937550">
    <ele>579.8</ele>
   </trkpt>
   <trkpt lat="32.4748500" lon="-111.2937170">
    <ele>579.8</ele>
   </trkpt>
   <trkpt lat="32.4747650" lon="-111.2936040">
    <ele>579.8</ele>
   </trkpt>
   <trkpt lat="32.4746910" lon="-111.2935710">
    <ele>579.8</ele>
   </trkpt>
   <trkpt lat="32.4745860" lon="-111.2935780">
    <ele>579.8</ele>
   </trkpt>
   <trkpt lat="32.4743580" lon="-111.2936330">
    <ele>579.6</ele>
   </trkpt>
   <trkpt lat="32.4742300" lon="-111.2936160">
    <ele>579.4</ele>
   </trkpt>
   <trkpt lat="32.4740740" lon="-111.2936090">
    <ele>579.4</ele>
   </trkpt>
   <trkpt lat="32.4739930" lon="-111.2936270">
    <ele>579.6</ele>
   </trkpt>
   <trkpt lat="32.4739270" lon="-111.2936640">
    <ele>579.4</ele>
   </trkpt>
   <trkpt lat="32.4738380" lon="-111.2937870">
    <ele>579.4</ele>
   </trkpt>
   <trkpt lat="32.4738520" lon="-111.2938230">
    <ele>579.6</ele>
   </trkpt>
   <trkpt lat="32.4738650" lon="-111.2938590">
    <ele>579.6</ele>
   </trkpt>
   <trkpt lat="32.4738970" lon="-111.2939200">
    <ele>579.8</ele>
   </trkpt>
   <trkpt lat="32.4739310" lon="-111.2939630">
    <ele>579.8</ele>
   </trkpt>
   <trkpt lat="32.4740260" lon="-111.2940150">
    <ele>579.8</ele>
   </trkpt>
   <trkpt lat="32.4742660" lon="-111.2940820">
    <ele>580.0</ele>
   </trkpt>
   <trkpt lat="32.4743420" lon="-111.2940940">
    <ele>580.0</ele>
   </trkpt>
   <trkpt lat="32.4744730" lon="-111.2940730">
    <ele>580.2</ele>
   </trkpt>
   <trkpt lat="32.4745270" lon="-111.2940690">
    <ele>580.2</ele>
   </trkpt>
   <trkpt lat="32.4746010" lon="-111.2940750">
    <ele>580.2</ele>
   </trkpt>
   <trkpt lat="32.4748230" lon="-111.2941000">
    <ele>580.2</ele>
   </trkpt>
   <trkpt lat="32.4750280" lon="-111.2941550">
    <ele>580.2</ele>
   </trkpt>
   <trkpt lat="32.4751450" lon="-111.2941550">
    <ele>580.2</ele>
   </trkpt>
   <trkpt lat="32.4751780" lon="-111.2941370">
    <ele>580.2</ele>
   </trkpt>
   <trkpt lat="32.4752150" lon="-111.2940950">
    <ele>580.2</ele>
   </trkpt>
   <trkpt lat="32.4752880" lon="-111.2939660">
    <ele>580.4</ele>
   </trkpt>
   <trkpt lat="32.4753750" lon="-111.2938440">
    <ele>580.0</ele>
   </trkpt>
   <trkpt lat="32.4754130" lon="-111.2938360">
    <ele>580.0</ele>
   </trkpt>
   <trkpt lat="32.4754720" lon="-111.2939220">
    <ele>580.2</ele>
   </trkpt>
   <trkpt lat="32.4755200" lon="-111.2940130">
    <ele>580.2</ele>
   </trkpt>
   <trkpt lat="32.4755810" lon="-111.2940240">
    <ele>580.0</ele>
   </trkpt>
   <trkpt lat="32.4757210" lon="-111.2939460">
    <ele>580.0</ele>
   </trkpt>
   <trkpt lat="32.4757850" lon="-111.2938980">
    <ele>580.0</ele>
   </trkpt>
   <trkpt lat="32.4758460" lon="-111.2938650">
    <ele>580.0</ele>
   </trkpt>
   <trkpt lat="32.4759060" lon="-111.2938610">
    <ele>580.0</ele>
   </trkpt>
   <trkpt lat="32.4759460" lon="-111.2938960">
    <ele>580.2</ele>
   </trkpt>
   <trkpt lat="32.4759510" lon="-111.2939660">
    <ele>580.2</ele>
   </trkpt>
   <trkpt lat="32.4759420" lon="-111.2942260">
    <ele>580.4</ele>
   </trkpt>
   <trkpt lat="32.4759480" lon="-111.2944950">
    <ele>580.4</ele>
   </trkpt>
   <trkpt lat="32.4760150" lon="-111.2947080">
    <ele>580.2</ele>
   </trkpt>
   <trkpt lat="32.4760650" lon="-111.2948180">
    <ele>580.0</ele>
   </trkpt>
   <trkpt lat="32.4761080" lon="-111.2949340">
    <ele>579.8</ele>
   </trkpt>
   <trkpt lat="32.4761210" lon="-111.2951370">
    <ele>579.8</ele>
   </trkpt>
   <trkpt lat="32.4760310" lon="-111.2951780">
    <ele>579.8</ele>
   </trkpt>
   <trkpt lat="32.4759660" lon="-111.2951610">
    <ele>579.8</ele>
   </trkpt>
   <trkpt lat="32.4758360" lon="-111.2950660">
    <ele>579.8</ele>
   </trkpt>
   <trkpt lat="32.4756730" lon="-111.2948810">
    <ele>579.6</ele>
   </trkpt>
   <trkpt lat="32.4756400" lon="-111.2948370">
    <ele>579.6</ele>
   </trkpt>
   <trkpt lat="32.4756010" lon="-111.2947920">
    <ele>579.6</ele>
   </trkpt>
   <trkpt lat="32.4754470" lon="-111.2946420">
    <ele>579.8</ele>
   </trkpt>
   <trkpt lat="32.4753720" lon="-111.2945900">
    <ele>579.8</ele>
   </trkpt>
   <trkpt lat="32.4751940" lon="-111.2945310">
    <ele>579.8</ele>
   </trkpt>
   <trkpt lat="32.4749510" lon="-111.2945510">
    <ele>580.0</ele>
   </trkpt>
   <trkpt lat="32.4748580" lon="-111.2946450">
    <ele>579.8</ele>
   </trkpt>
   <trkpt lat="32.4748390" lon="-111.2947470">
    <ele>579.8</ele>
   </trkpt>
   <trkpt lat="32.4748270" lon="-111.2950440">
    <ele>579.8</ele>
   </trkpt>
   <trkpt lat="32.4748500" lon="-111.2951330">
    <ele>579.8</ele>
   </trkpt>
   <trkpt lat="32.4748950" lon="-111.2951950">
    <ele>579.8</ele>
   </trkpt>
   <trkpt lat="32.4749770" lon="-111.2952040">
    <ele>579.8</ele>
   </trkpt>
   <trkpt lat="32.4751510" lon="-111.2951940">
    <ele>580.0</ele>
   </trkpt>
   <trkpt lat="32.4753190" lon="-111.2952020">
    <ele>580.0</ele>
   </trkpt>
   <trkpt lat="32.4755740" lon="-111.2953500">
    <ele>580.0</ele>
   </trkpt>
   <trkpt lat="32.4757860" lon="-111.2953950">
    <ele>580.0</ele>
   </trkpt>
   <trkpt lat="32.4758900" lon="-111.2954010">
    <ele>580.0</ele>
   </trkpt>
   <trkpt lat="32.4760970" lon="-111.2954050">
    <ele>580.0</ele>
   </trkpt>
   <trkpt lat="32.4761590" lon="-111.2954090">
    <ele>579.8</ele>
   </trkpt>
   <trkpt lat="32.4763210" lon="-111.2953870">
    <ele>580.0</ele>
   </trkpt>
   <trkpt lat="32.4764640" lon="-111.2952510">
    <ele>579.8</ele>
   </trkpt>
   <trkpt lat="32.4765370" lon="-111.2950220">
    <ele>579.8</ele>
   </trkpt>
   <trkpt lat="32.4765440" lon="-111.2948990">
    <ele>579.8</ele>
   </trkpt>
   <trkpt lat="32.4765400" lon="-111.2947900">
    <ele>579.8</ele>
   </trkpt>
   <trkpt lat="32.4765170" lon="-111.2947040">
    <ele>579.8</ele>
   </trkpt>
   <trkpt lat="32.4764670" lon="-111.2946400">
    <ele>579.8</ele>
   </trkpt>
   <trkpt lat="32.4764030" lon="-111.2946070">
    <ele>579.8</ele>
   </trkpt>
   <trkpt lat="32.4763470" lon="-111.2946010">
    <ele>579.8</ele>
   </trkpt>
   <trkpt lat="32.4762570" lon="-111.2945750">
    <ele>580.0</ele>
   </trkpt>
   <trkpt lat="32.4762000" lon="-111.2944500">
    <ele>580.2</ele>
   </trkpt>
   <trkpt lat="32.4761930" lon="-111.2942810">
    <ele>580.4</ele>
   </trkpt>
   <trkpt lat="32.4762110" lon="-111.2941880">
    <ele>580.4</ele>
   </trkpt>
   <trkpt lat="32.4762510" lon="-111.2940950">
    <ele>580.4</ele>
   </trkpt>
   <trkpt lat="32.4763580" lon="-111.2939010">
    <ele>580.2</ele>
   </trkpt>
   <trkpt lat="32.4764020" lon="-111.2937370">
    <ele>580.2</ele>
   </trkpt>
   <trkpt lat="32.4764030" lon="-111.2936670">
    <ele>580.2</ele>
   </trkpt>
   <trkpt lat="32.4763970" lon="-111.2935040">
    <ele>580.2</ele>
   </trkpt>
   <trkpt lat="32.4764030" lon="-111.2931500">
    <ele>580.4</ele>
   </trkpt>
   <trkpt lat="32.4763990" lon="-111.2930470">
    <ele>580.4</ele>
   </trkpt>
   <trkpt lat="32.4763370" lon="-111.2928740">
    <ele>580.2</ele>
   </trkpt>
   <trkpt lat="32.4762130" lon="-111.2928600">
    <ele>580.2</ele>
   </trkpt>
   <trkpt lat="32.4761430" lon="-111.2929070">
    <ele>580.2</ele>
   </trkpt>
   <trkpt lat="32.4760850" lon="-111.2929930">
    <ele>580.2</ele>
   </trkpt>
   <trkpt lat="32.4760670" lon="-111.2930920">
    <ele>580.4</ele>
   </trkpt>
   <trkpt lat="32.4760460" lon="-111.2932910">
    <ele>580.4</ele>
   </trkpt>
   <trkpt lat="32.4759680" lon="-111.2934400">
    <ele>580.6</ele>
   </trkpt>
   <trkpt lat="32.4758440" lon="-111.2934560">
    <ele>580.6</ele>
   </trkpt>
   <trkpt lat="32.4757960" lon="-111.2934210">
    <ele>580.6</ele>
   </trkpt>
   <trkpt lat="32.4757730" lon="-111.2932740">
    <ele>580.6</ele>
   </trkpt>
   <trkpt lat="32.4757950" lon="-111.2929950">
    <ele>580.6</ele>
   </trkpt>
   <trkpt lat="32.4757840" lon="-111.2928010">
    <ele>580.6</ele>
   </trkpt>
   <trkpt lat="32.4757650" lon="-111.2927550">
    <ele>580.8</ele>
   </trkpt>
   <trkpt lat="32.4757310" lon="-111.2927290">
    <ele>580.8</ele>
   </trkpt>
   <trkpt lat="32.4757030" lon="-111.2927310">
    <ele>580.8</ele>
   </trkpt>
   <trkpt lat="32.4755800" lon="-111.2927560">
    <ele>580.6</ele>
   </trkpt>
   <trkpt lat="32.4755340" lon="-111.2928270">
    <ele>580.6</ele>
   </trkpt>
   <trkpt lat="32.4755220" lon="-111.2928960">
    <ele>580.6</ele>
   </trkpt>
   <trkpt lat="32.4755200" lon="-111.2929740">
    <ele>580.6</ele>
   </trkpt>
   <trkpt lat="32.4755200" lon="-111.2931130">
    <ele>580.6</ele>
   </trkpt>
   <trkpt lat="32.4755230" lon="-111.2931580">
    <ele>580.6</ele>
   </trkpt>
   <trkpt lat="32.4755180" lon="-111.2933060">
    <ele>580.8</ele>
   </trkpt>
   <trkpt lat="32.4755080" lon="-111.2934170">
    <ele>580.6</ele>
   </trkpt>
   <trkpt lat="32.4754420" lon="-111.2934930">
    <ele>580.4</ele>
   </trkpt>
   <trkpt lat="32.4753900" lon="-111.2935090">
    <ele>580.4</ele>
   </trkpt>
   <trkpt lat="32.4753130" lon="-111.2935070">
    <ele>580.4</ele>
   </trkpt>
   <trkpt lat="32.4752120" lon="-111.2934480">
    <ele>580.4</ele>
   </trkpt>
   <trkpt lat="32.4751660" lon="-111.2933640">
    <ele>580.4</ele>
   </trkpt>
   <trkpt lat="32.4751560" lon="-111.2933020">
    <ele>580.4</ele>
   </trkpt>
   <trkpt lat="32.4751480" lon="-111.2931970">
    <ele>580.4</ele>
   </trkpt>
   <trkpt lat="32.4751360" lon="-111.2930740">
    <ele>580.4</ele>
   </trkpt>
   <trkpt lat="32.4751320" lon="-111.2930280">
    <ele>580.6</ele>
   </trkpt>
   <trkpt lat="32.4750950" lon="-111.2929140">
    <ele>580.8</ele>
   </trkpt>
   <trkpt lat="32.4749970" lon="-111.2928170">
    <ele>581.0</ele>
   </trkpt>
   <trkpt lat="32.4748990" lon="-111.2927690">
    <ele>581.0</ele>
   </trkpt>
   <trkpt lat="32.4747070" lon="-111.2927290">
    <ele>580.6</ele>
   </trkpt>
   <trkpt lat="32.4745840" lon="-111.2927350">
    <ele>580.4</ele>
   </trkpt>
   <trkpt lat="32.4745370" lon="-111.2927430">
    <ele>580.4</ele>
   </trkpt>
   <trkpt lat="32.4742210" lon="-111.2927530">
    <ele>580.4</ele>
   </trkpt>
   <trkpt lat="32.4741330" lon="-111.2927530">
    <ele>581.0</ele>
   </trkpt>
   <trkpt lat="32.4740290" lon="-111.2927670">
    <ele>580.0</ele>
   </trkpt>
   <trkpt lat="32.4739790" lon="-111.2927930">
    <ele>580.0</ele>
   </trkpt>
   <trkpt lat="32.4739450" lon="-111.2928300">
    <ele>579.8</ele>
   </trkpt>
   <trkpt lat="32.4739160" lon="-111.2928690">
    <ele>579.8</ele>
   </trkpt>
   <trkpt lat="32.4738930" lon="-111.2929580">
    <ele>579.8</ele>
   </trkpt>
   <trkpt lat="32.4739070" lon="-111.2930360">
    <ele>580.2</ele>
   </trkpt>
   <trkpt lat="32.4739290" lon="-111.2930620">
    <ele>580.6</ele>
   </trkpt>
   <trkpt lat="32.4739950" lon="-111.2931140">
    <ele>580.8</ele>
   </trkpt>
   <trkpt lat="32.4740470" lon="-111.2931400">
    <ele>581.0</ele>
   </trkpt>
   <trkpt lat="32.4741130" lon="-111.2931530">
    <ele>581.0</ele>
   </trkpt>
   <trkpt lat="32.4741870" lon="-111.2931520">
    <ele>581.0</ele>
   </trkpt>
   <trkpt lat="32.4743180" lon="-111.2931720">
    <ele>581.0</ele>
   </trkpt>
   <trkpt lat="32.4744390" lon="-111.2932090">
    <ele>581.0</ele>
   </trkpt>
   <trkpt lat="32.4745350" lon="-111.2931910">
    <ele>581.0</ele>
   </trkpt>
   <trkpt lat="32.4746850" lon="-111.2931930">
    <ele>580.6</ele>
   </trkpt>
   <trkpt lat="32.4747590" lon="-111.2932070">
    <ele>580.6</ele>
   </trkpt>
   <trkpt lat="32.4748650" lon="-111.2932860">
    <ele>580.6</ele>
   </trkpt>
   <trkpt lat="32.4749570" lon="-111.2934720">
    <ele>580.2</ele>
   </trkpt>
   <trkpt lat="32.4750230" lon="-111.2936000">
    <ele>580.0</ele>
   </trkpt>
   <trkpt lat="32.4750420" lon="-111.2937020">
    <ele>580.0</ele>
   </trkpt>
   <trkpt lat="32.4750110" lon="-111.2937590">
    <ele>580.2</ele>
   </trkpt>
   <trkpt lat="32.4749030" lon="-111.2937640">
    <ele>580.0</ele>
   </trkpt>
   <trkpt lat="32.4748430" lon="-111.2937270">
    <ele>580.0</ele>
   </trkpt>
   <trkpt lat="32.4747820" lon="-111.2936690">
    <ele>580.0</ele>
   </trkpt>
   <trkpt lat="32.4747140" lon="-111.2936190">
    <ele>579.8</ele>
   </trkpt>
   <trkpt lat="32.4746410" lon="-111.2936020">
    <ele>579.6</ele>
   </trkpt>
   <trkpt lat="32.4745120" lon="-111.2936220">
    <ele>579.6</ele>
   </trkpt>
   <trkpt lat="32.4744680" lon="-111.2936250">
    <ele>579.6</ele>
   </trkpt>
   <trkpt lat="32.4743670" lon="-111.2936460">
    <ele>580.0</ele>
   </trkpt>
   <trkpt lat="32.4742760" lon="-111.2936330">
    <ele>579.6</ele>
   </trkpt>
   <trkpt lat="32.4741420" lon="-111.2936250">
    <ele>579.6</ele>
   </trkpt>
   <trkpt lat="32.4740680" lon="-111.2936280">
    <ele>579.6</ele>
   </trkpt>
   <trkpt lat="32.4739640" lon="-111.2936760">
    <ele>579.6</ele>
   </trkpt>
   <trkpt lat="32.4739020" lon="-111.2937690">
    <ele>579.6</ele>
   </trkpt>
   <trkpt lat="32.4738900" lon="-111.2938370">
    <ele>579.6</ele>
   </trkpt>
   <trkpt lat="32.4738950" lon="-111.2938990">
    <ele>579.6</ele>
   </trkpt>
   <trkpt lat="32.4739230" lon="-111.2939520">
    <ele>579.6</ele>
   </trkpt>
   <trkpt lat="32.4739640" lon="-111.2939930">
    <ele>579.8</ele>
   </trkpt>
   <trkpt lat="32.4740770" lon="-111.2940470">
    <ele>580.0</ele>
   </trkpt>
   <trkpt lat="32.4743760" lon="-111.2940720">
    <ele>580.2</ele>
   </trkpt>
   <trkpt lat="32.4744940" lon="-111.2940610">
    <ele>580.4</ele>
   </trkpt>
   <trkpt lat="32.4745330" lon="-111.2940550">
    <ele>580.6</ele>
   </trkpt>
   <trkpt lat="32.4746250" lon="-111.2940610">
    <ele>580.8</ele>
   </trkpt>
   <trkpt lat="32.4747990" lon="-111.2940870">
    <ele>580.6</ele>
   </trkpt>
   <trkpt lat="32.4748440" lon="-111.2940970">
    <ele>580.6</ele>
   </trkpt>
   <trkpt lat="32.4749730" lon="-111.2941360">
    <ele>580.4</ele>
   </trkpt>
   <trkpt lat="32.4750390" lon="-111.2941500">
    <ele>580.4</ele>
   </trkpt>
   <trkpt lat="32.4751420" lon="-111.2941460">
    <ele>580.4</ele>
   </trkpt>
   <trkpt lat="32.4752160" lon="-111.2940740">
    <ele>580.6</ele>
   </trkpt>
   <trkpt lat="32.4752490" lon="-111.2940060">
    <ele>580.6</ele>
   </trkpt>
   <trkpt lat="32.4752840" lon="-111.2939490">
    <ele>580.6</ele>
   </trkpt>
   <trkpt lat="32.4753340" lon="-111.2938740">
    <ele>580.6</ele>
   </trkpt>
   <trkpt lat="32.4753990" lon="-111.2938160">
    <ele>580.6</ele>
   </trkpt>
   <trkpt lat="32.4754330" lon="-111.2938180">
    <ele>580.6</ele>
   </trkpt>
   <trkpt lat="32.4754660" lon="-111.2939020">
    <ele>580.4</ele>
   </trkpt>
   <trkpt lat="32.4755330" lon="-111.2940100">
    <ele>580.2</ele>
   </trkpt>
   <trkpt lat="32.4755820" lon="-111.2940150">
    <ele>580.2</ele>
   </trkpt>
   <trkpt lat="32.4757150" lon="-111.2939100">
    <ele>580.2</ele>
   </trkpt>
   <trkpt lat="32.4758080" lon="-111.2938520">
    <ele>580.2</ele>
   </trkpt>
   <trkpt lat="32.4759050" lon="-111.2938630">
    <ele>580.2</ele>
   </trkpt>
   <trkpt lat="32.4759520" lon="-111.2939680">
    <ele>580.2</ele>
   </trkpt>
   <trkpt lat="32.4759540" lon="-111.2940320">
    <ele>580.2</ele>
   </trkpt>
   <trkpt lat="32.4759600" lon="-111.2942080">
    <ele>580.8</ele>
   </trkpt>
   <trkpt lat="32.4759590" lon="-111.2942760">
    <ele>580.8</ele>
   </trkpt>
   <trkpt lat="32.4759610" lon="-111.2944450">
    <ele>580.8</ele>
   </trkpt>
   <trkpt lat="32.4759720" lon="-111.2945370">
    <ele>580.8</ele>
   </trkpt>
   <trkpt lat="32.4760410" lon="-111.2947190">
    <ele>580.4</ele>
   </trkpt>
   <trkpt lat="32.4760820" lon="-111.2948110">
    <ele>580.0</ele>
   </trkpt>
   <trkpt lat="32.4761230" lon="-111.2949900">
    <ele>579.8</ele>
   </trkpt>
   <trkpt lat="32.4760940" lon="-111.2951350">
    <ele>579.8</ele>
   </trkpt>
   <trkpt lat="32.4760600" lon="-111.2951770">
    <ele>579.8</ele>
   </trkpt>
   <trkpt lat="32.4760260" lon="-111.2951900">
    <ele>580.0</ele>
   </trkpt>
   <trkpt lat="32.4759800" lon="-111.2951820">
    <ele>580.0</ele>
   </trkpt>
   <trkpt lat="32.4759180" lon="-111.2951460">
    <ele>580.0</ele>
   </trkpt>
   <trkpt lat="32.4758610" lon="-111.2950990">
    <ele>580.0</ele>
   </trkpt>
   <trkpt lat="32.4756700" lon="-111.2948990">
    <ele>579.8</ele>
   </trkpt>
   <trkpt lat="32.4756350" lon="-111.2948580">
    <ele>579.6</ele>
   </trkpt>
   <trkpt lat="32.4756020" lon="-111.2948100">
    <ele>579.6</ele>
   </trkpt>
   <trkpt lat="32.4755440" lon="-111.2947380">
    <ele>579.6</ele>
   </trkpt>
   <trkpt lat="32.4754300" lon="-111.2946400">
    <ele>579.6</ele>
   </trkpt>
   <trkpt lat="32.4752900" lon="-111.2945680">
    <ele>579.6</ele>
   </trkpt>
   <trkpt lat="32.4751160" lon="-111.2945370">
    <ele>579.4</ele>
   </trkpt>
   <trkpt lat="32.4750130" lon="-111.2945390">
    <ele>579.2</ele>
   </trkpt>
   <trkpt lat="32.4749400" lon="-111.2945620">
    <ele>579.2</ele>
   </trkpt>
   <trkpt lat="32.4748470" lon="-111.2946380">
    <ele>579.4</ele>
   </trkpt>
   <trkpt lat="32.4748170" lon="-111.2948160">
    <ele>579.8</ele>
   </trkpt>
   <trkpt lat="32.4748190" lon="-111.2950150">
    <ele>580.0</ele>
   </trkpt>
   <trkpt lat="32.4748310" lon="-111.2950960">
    <ele>580.0</ele>
   </trkpt>
   <trkpt lat="32.4748520" lon="-111.2951540">
    <ele>580.0</ele>
   </trkpt>
   <trkpt lat="32.4748890" lon="-111.2952200">
    <ele>580.0</ele>
   </trkpt>
   <trkpt lat="32.4749820" lon="-111.2954340">
    <ele>580.4</ele>
   </trkpt>
   <trkpt lat="32.4750010" lon="-111.2954940">
    <ele>581.0</ele>
   </trkpt>
   <trkpt lat="32.4750530" lon="-111.2955290">
    <ele>581.0</ele>
   </trkpt>
   <trkpt lat="32.4752410" lon="-111.2955400">
    <ele>580.8</ele>
   </trkpt>
   <trkpt lat="32.4754670" lon="-111.2955270">
    <ele>580.6</ele>
   </trkpt>
   <trkpt lat="32.4755700" lon="-111.2955380">
    <ele>580.6</ele>
   </trkpt>
   <trkpt lat="32.4755980" lon="-111.2955760">
    <ele>580.8</ele>
   </trkpt>
   <trkpt lat="32.4756070" lon="-111.2956020">
    <ele>581.0</ele>
   </trkpt>
   <trkpt lat="32.4755940" lon="-111.2956450">
    <ele>581.0</ele>
   </trkpt>
   <trkpt lat="32.4755070" lon="-111.2957050">
    <ele>580.4</ele>
   </trkpt>
   <trkpt lat="32.4755010" lon="-111.2957380">
    <ele>580.4</ele>
   </trkpt>
   <trkpt lat="32.4755220" lon="-111.2958040">
    <ele>580.2</ele>
   </trkpt>
   <trkpt lat="32.4756710" lon="-111.2960320">
    <ele>580.6</ele>
   </trkpt>
   <trkpt lat="32.4757620" lon="-111.2962410">
    <ele>580.8</ele>
   </trkpt>
   <trkpt lat="32.4756920" lon="-111.2964300">
    <ele>580.6</ele>
   </trkpt>
   <trkpt lat="32.4755250" lon="-111.2964780">
    <ele>580.6</ele>
   </trkpt>
   <trkpt lat="32.4752850" lon="-111.2965560">
    <ele>580.2</ele>
   </trkpt>
   <trkpt lat="32.4752730" lon="-111.2965730">
    <ele>580.0</ele>
   </trkpt>
   <trkpt lat="32.4752570" lon="-111.2966320">
    <ele>579.8</ele>
   </trkpt>
   <trkpt lat="32.4752640" lon="-111.2966590">
    <ele>579.8</ele>
   </trkpt>
   <trkpt lat="32.4752710" lon="-111.2966690">
    <ele>580.8</ele>
   </trkpt>
   <trkpt lat="32.4752710" lon="-111.2966690">
    <ele>580.8</ele>
   </trkpt>
   <trkpt lat="32.4752710" lon="-111.2966690">
    <ele>580.8</ele>
   </trkpt>
   <trkpt lat="32.4752710" lon="-111.2966690">
    <ele>580.8</ele>
   </trkpt>
   <trkpt lat="32.4752710" lon="-111.2966690">
    <ele>580.8</ele>
   </trkpt>
   <trkpt lat="32.4752850" lon="-111.2966850">
    <ele>580.8</ele>
   </trkpt>
   <trkpt lat="32.4752910" lon="-111.2966930">
    <ele>580.8</ele>
   </trkpt>
   <trkpt lat="32.4752910" lon="-111.2966930">
    <ele>580.8</ele>
   </trkpt>
   <trkpt lat="32.4752910" lon="-111.2966930">
    <ele>580.8</ele>
   </trkpt>
   <trkpt lat="32.4752910" lon="-111.2966930">
    <ele>580.8</ele>
   </trkpt>
   <trkpt lat="32.4752910" lon="-111.2966930">
    <ele>580.8</ele>
   </trkpt>
   <trkpt lat="32.4752910" lon="-111.2966930">
    <ele>580.8</ele>
   </trkpt>
   <trkpt lat="32.4752910" lon="-111.2966930">
    <ele>580.8</ele>
   </trkpt>
   <trkpt lat="32.4752910" lon="-111.2966930">
    <ele>580.8</ele>
   </trkpt>
   <trkpt lat="32.4752910" lon="-111.2966930">
    <ele>580.8</ele>
   </trkpt>
   <trkpt lat="32.4752910" lon="-111.2966930">
    <ele>580.8</ele>
   </trkpt>
   <trkpt lat="32.4752910" lon="-111.2966930">
    <ele>580.8</ele>
   </trkpt>
   <trkpt lat="32.4752910" lon="-111.2966930">
    <ele>580.8</ele>
   </trkpt>
   <trkpt lat="32.4752910" lon="-111.2966930">
    <ele>580.8</ele>
   </trkpt>
   <trkpt lat="32.4752910" lon="-111.2966930">
    <ele>580.8</ele>
   </trkpt>
   <trkpt lat="32.4752910" lon="-111.2966930">
    <ele>580.8</ele>
   </trkpt>
   <trkpt lat="32.4752910" lon="-111.2966930">
    <ele>580.8</ele>
   </trkpt>
   <trkpt lat="32.4752910" lon="-111.2966930">
    <ele>580.8</ele>
   </trkpt>
   <trkpt lat="32.4752910" lon="-111.2966930">
    <ele>580.8</ele>
   </trkpt>
   <trkpt lat="32.4752910" lon="-111.2966930">
    <ele>580.8</ele>
   </trkpt>
   <trkpt lat="32.4752910" lon="-111.2966930">
    <ele>580.8</ele>
   </trkpt>
   <trkpt lat="32.4752910" lon="-111.2966930">
    <ele>583.2</ele>
   </trkpt>
   <trkpt lat="32.4752910" lon="-111.2966930">
    <ele>581.8</ele>
   </trkpt>
   <trkpt lat="32.4752910" lon="-111.2966930">
    <ele>581.6</ele>
   </trkpt>
   <trkpt lat="32.4752910" lon="-111.2966930">
    <ele>580.8</ele>
   </trkpt>
   <trkpt lat="32.4752910" lon="-111.2966930">
    <ele>581.0</ele>
   </trkpt>
   <trkpt lat="32.4752910" lon="-111.2966930">
    <ele>580.4</ele>
   </trkpt>
   <trkpt lat="32.4752910" lon="-111.2966930">
    <ele>580.4</ele>
   </trkpt>
   <trkpt lat="32.4752910" lon="-111.2966930">
    <ele>580.4</ele>
   </trkpt>
   <trkpt lat="32.4752910" lon="-111.2966930">
    <ele>580.4</ele>
   </trkpt>
   <trkpt lat="32.4752910" lon="-111.2966930">
    <ele>580.4</ele>
   </trkpt>
   <trkpt lat="32.4752910" lon="-111.2966930">
    <ele>580.4</ele>
   </trkpt>
   <trkpt lat="32.4752910" lon="-111.2966930">
    <ele>580.4</ele>
   </trkpt>
   <trkpt lat="32.4752910" lon="-111.2966930">
    <ele>580.4</ele>
   </trkpt>
   <trkpt lat="32.4752910" lon="-111.2966930">
    <ele>580.4</ele>
   </trkpt>
   <trkpt lat="32.4752910" lon="-111.2966930">
    <ele>580.4</ele>
   </trkpt>
   <trkpt lat="32.4752910" lon="-111.2966910">
    <ele>580.4</ele>
   </trkpt>
   <trkpt lat="32.4752830" lon="-111.2966770">
    <ele>580.4</ele>
   </trkpt>
   <trkpt lat="32.4752410" lon="-111.2966260">
    <ele>580.4</ele>
   </trkpt>
   <trkpt lat="32.4752260" lon="-111.2966120">
    <ele>580.4</ele>
   </trkpt>
   <trkpt lat="32.4752440" lon="-111.2966000">
    <ele>580.4</ele>
   </trkpt>
   <trkpt lat="32.4752770" lon="-111.2965770">
    <ele>580.4</ele>
   </trkpt>
   <trkpt lat="32.4754370" lon="-111.2965170">
    <ele>581.0</ele>
   </trkpt>
   <trkpt lat="32.4756620" lon="-111.2964160">
    <ele>581.0</ele>
   </trkpt>
   <trkpt lat="32.4757390" lon="-111.2963110">
    <ele>580.8</ele>
   </trkpt>
   <trkpt lat="32.4757450" lon="-111.2962040">
    <ele>581.2</ele>
   </trkpt>
   <trkpt lat="32.4756550" lon="-111.2960320">
    <ele>581.4</ele>
   </trkpt>
   <trkpt lat="32.4755470" lon="-111.2958410">
    <ele>581.6</ele>
   </trkpt>
   <trkpt lat="32.4755060" lon="-111.2957580">
    <ele>582.0</ele>
   </trkpt>
   <trkpt lat="32.4755140" lon="-111.2956740">
    <ele>582.0</ele>
   </trkpt>
   <trkpt lat="32.4755760" lon="-111.2956090">
    <ele>582.2</ele>
   </trkpt>
   <trkpt lat="32.4755800" lon="-111.2955890">
    <ele>582.2</ele>
   </trkpt>
   <trkpt lat="32.4755650" lon="-111.2955280">
    <ele>582.2</ele>
   </trkpt>
   <trkpt lat="32.4754710" lon="-111.2955160">
    <ele>581.6</ele>
   </trkpt>
   <trkpt lat="32.4752500" lon="-111.2955280">
    <ele>581.4</ele>
   </trkpt>
   <trkpt lat="32.4750260" lon="-111.2955080">
    <ele>581.8</ele>
   </trkpt>
   <trkpt lat="32.4750210" lon="-111.2954880">
    <ele>581.8</ele>
   </trkpt>
   <trkpt lat="32.4750420" lon="-111.2954460">
    <ele>581.6</ele>
   </trkpt>
   <trkpt lat="32.4750560" lon="-111.2954420">
    <ele>581.6</ele>
   </trkpt>
   <trkpt lat="32.4750630" lon="-111.2954430">
    <ele>581.6</ele>
   </trkpt>
   <trkpt lat="32.4750630" lon="-111.2954430">
    <ele>581.2</ele>
   </trkpt>
   <trkpt lat="32.4751240" lon="-111.2954310">
    <ele>581.2</ele>
   </trkpt>
   <trkpt lat="32.4752080" lon="-111.2954080">
    <ele>581.0</ele>
   </trkpt>
   <trkpt lat="32.4752640" lon="-111.2953630">
    <ele>581.0</ele>
   </trkpt>
   <trkpt lat="32.4752770" lon="-111.2953260">
    <ele>580.8</ele>
   </trkpt>
   <trkpt lat="32.4752850" lon="-111.2952830">
    <ele>580.6</ele>
   </trkpt>
   <trkpt lat="32.4753330" lon="-111.2951970">
    <ele>580.8</ele>
   </trkpt>
   <trkpt lat="32.4754420" lon="-111.2952260">
    <ele>580.8</ele>
   </trkpt>
   <trkpt lat="32.4755740" lon="-111.2953220">
    <ele>580.8</ele>
   </trkpt>
   <trkpt lat="32.4756330" lon="-111.2953440">
    <ele>580.8</ele>
   </trkpt>
   <trkpt lat="32.4756880" lon="-111.2953530">
    <ele>580.8</ele>
   </trkpt>
   <trkpt lat="32.4758220" lon="-111.2953530">
    <ele>580.8</ele>
   </trkpt>
   <trkpt lat="32.4758750" lon="-111.2953260">
    <ele>581.0</ele>
   </trkpt>
   <trkpt lat="32.4759660" lon="-111.2953110">
    <ele>581.2</ele>
   </trkpt>
   <trkpt lat="32.4760300" lon="-111.2953110">
    <ele>581.2</ele>
   </trkpt>
   <trkpt lat="32.4762480" lon="-111.2953200">
    <ele>581.2</ele>
   </trkpt>
   <trkpt lat="32.4762790" lon="-111.2953290">
    <ele>581.0</ele>
   </trkpt>
   <trkpt lat="32.4763290" lon="-111.2953580">
    <ele>581.0</ele>
   </trkpt>
   <trkpt lat="32.4763550" lon="-111.2953500">
    <ele>581.0</ele>
   </trkpt>
   <trkpt lat="32.4763850" lon="-111.2953190">
    <ele>581.0</ele>
   </trkpt>
   <trkpt lat="32.4764540" lon="-111.2951870">
    <ele>580.8</ele>
   </trkpt>
   <trkpt lat="32.4764950" lon="-111.2950060">
    <ele>581.0</ele>
   </trkpt>
   <trkpt lat="32.4765030" lon="-111.2949220">
    <ele>581.0</ele>
   </trkpt>
   <trkpt lat="32.4765050" lon="-111.2948010">
    <ele>580.8</ele>
   </trkpt>
   <trkpt lat="32.4764900" lon="-111.2947510">
    <ele>580.8</ele>
   </trkpt>
   <trkpt lat="32.4764540" lon="-111.2947000">
    <ele>580.8</ele>
   </trkpt>
   <trkpt lat="32.4763470" lon="-111.2946220">
    <ele>580.6</ele>
   </trkpt>
   <trkpt lat="32.4762310" lon="-111.2945760">
    <ele>580.8</ele>
   </trkpt>
   <trkpt lat="32.4761810" lon="-111.2944570">
    <ele>581.0</ele>
   </trkpt>
   <trkpt lat="32.4761650" lon="-111.2943300">
    <ele>581.4</ele>
   </trkpt>
   <trkpt lat="32.4761780" lon="-111.2941740">
    <ele>581.6</ele>
   </trkpt>
   <trkpt lat="32.4762080" lon="-111.2940900">
    <ele>581.6</ele>
   </trkpt>
   <trkpt lat="32.4763560" lon="-111.2938370">
    <ele>581.0</ele>
   </trkpt>
   <trkpt lat="32.4763850" lon="-111.2937570">
    <ele>581.0</ele>
   </trkpt>
   <trkpt lat="32.4764000" lon="-111.2936900">
    <ele>580.8</ele>
   </trkpt>
   <trkpt lat="32.4763950" lon="-111.2935820">
    <ele>580.6</ele>
   </trkpt>
   <trkpt lat="32.4763850" lon="-111.2933160">
    <ele>581.0</ele>
   </trkpt>
   <trkpt lat="32.4763930" lon="-111.2930320">
    <ele>581.0</ele>
   </trkpt>
   <trkpt lat="32.4763420" lon="-111.2928840">
    <ele>580.8</ele>
   </trkpt>
   <trkpt lat="32.4762890" lon="-111.2928640">
    <ele>580.6</ele>
   </trkpt>
   <trkpt lat="32.4762290" lon="-111.2928750">
    <ele>580.6</ele>
   </trkpt>
   <trkpt lat="32.4761740" lon="-111.2929140">
    <ele>580.6</ele>
   </trkpt>
   <trkpt lat="32.4761310" lon="-111.2929890">
    <ele>580.6</ele>
   </trkpt>
   <trkpt lat="32.4761020" lon="-111.2930800">
    <ele>580.8</ele>
   </trkpt>
   <trkpt lat="32.4760380" lon="-111.2933720">
    <ele>580.8</ele>
   </trkpt>
   <trkpt lat="32.4759810" lon="-111.2934380">
    <ele>580.8</ele>
   </trkpt>
   <trkpt lat="32.4758440" lon="-111.2934170">
    <ele>580.8</ele>
   </trkpt>
   <trkpt lat="32.4757860" lon="-111.2932610">
    <ele>580.8</ele>
   </trkpt>
   <trkpt lat="32.4758090" lon="-111.2930510">
    <ele>580.6</ele>
   </trkpt>
   <trkpt lat="32.4758140" lon="-111.2929970">
    <ele>580.8</ele>
   </trkpt>
   <trkpt lat="32.4758150" lon="-111.2928510">
    <ele>581.2</ele>
   </trkpt>
   <trkpt lat="32.4758100" lon="-111.2928000">
    <ele>581.2</ele>
   </trkpt>
   <trkpt lat="32.4757650" lon="-111.2927200">
    <ele>581.2</ele>
   </trkpt>
   <trkpt lat="32.4756740" lon="-111.2927140">
    <ele>580.6</ele>
   </trkpt>
   <trkpt lat="32.4756260" lon="-111.2927220">
    <ele>580.4</ele>
   </trkpt>
   <trkpt lat="32.4755800" lon="-111.2927450">
    <ele>580.4</ele>
   </trkpt>
   <trkpt lat="32.4755200" lon="-111.2928590">
    <ele>580.2</ele>
   </trkpt>
   <trkpt lat="32.4755180" lon="-111.2930340">
    <ele>580.4</ele>
   </trkpt>
   <trkpt lat="32.4755210" lon="-111.2930930">
    <ele>580.6</ele>
   </trkpt>
   <trkpt lat="32.4755190" lon="-111.2932100">
    <ele>580.6</ele>
   </trkpt>
   <trkpt lat="32.4755040" lon="-111.2933730">
    <ele>580.4</ele>
   </trkpt>
   <trkpt lat="32.4753900" lon="-111.2934430">
    <ele>580.2</ele>
   </trkpt>
   <trkpt lat="32.4752360" lon="-111.2934240">
    <ele>580.2</ele>
   </trkpt>
   <trkpt lat="32.4751950" lon="-111.2933840">
    <ele>580.2</ele>
   </trkpt>
   <trkpt lat="32.4751730" lon="-111.2933260">
    <ele>580.2</ele>
   </trkpt>
   <trkpt lat="32.4751600" lon="-111.2932000">
    <ele>580.6</ele>
   </trkpt>
   <trkpt lat="32.4751320" lon="-111.2930130">
    <ele>580.8</ele>
   </trkpt>
   <trkpt lat="32.4750940" lon="-111.2929010">
    <ele>580.6</ele>
   </trkpt>
   <trkpt lat="32.4750540" lon="-111.2928410">
    <ele>580.6</ele>
   </trkpt>
   <trkpt lat="32.4750000" lon="-111.2928020">
    <ele>580.6</ele>
   </trkpt>
   <trkpt lat="32.4749180" lon="-111.2927680">
    <ele>580.4</ele>
   </trkpt>
   <trkpt lat="32.4747660" lon="-111.2927360">
    <ele>580.6</ele>
   </trkpt>
   <trkpt lat="32.4746420" lon="-111.2927280">
    <ele>580.6</ele>
   </trkpt>
   <trkpt lat="32.4743190" lon="-111.2927320">
    <ele>580.6</ele>
   </trkpt>
   <trkpt lat="32.4741890" lon="-111.2927320">
    <ele>581.2</ele>
   </trkpt>
   <trkpt lat="32.4740730" lon="-111.2927380">
    <ele>581.2</ele>
   </trkpt>
   <trkpt lat="32.4740090" lon="-111.2927570">
    <ele>580.6</ele>
   </trkpt>
   <trkpt lat="32.4739120" lon="-111.2928130">
    <ele>580.4</ele>
   </trkpt>
   <trkpt lat="32.4738900" lon="-111.2928480">
    <ele>580.4</ele>
   </trkpt>
   <trkpt lat="32.4738690" lon="-111.2929260">
    <ele>580.4</ele>
   </trkpt>
   <trkpt lat="32.4738890" lon="-111.2930080">
    <ele>580.4</ele>
   </trkpt>
   <trkpt lat="32.4740210" lon="-111.2931310">
    <ele>580.6</ele>
   </trkpt>
   <trkpt lat="32.4742540" lon="-111.2931630">
    <ele>580.8</ele>
   </trkpt>
   <trkpt lat="32.4743850" lon="-111.2932000">
    <ele>580.8</ele>
   </trkpt>
   <trkpt lat="32.4744350" lon="-111.2932040">
    <ele>580.8</ele>
   </trkpt>
   <trkpt lat="32.4747140" lon="-111.2931840">
    <ele>580.6</ele>
   </trkpt>
   <trkpt lat="32.4748610" lon="-111.2932570">
    <ele>580.6</ele>
   </trkpt>
   <trkpt lat="32.4748980" lon="-111.2933060">
    <ele>580.6</ele>
   </trkpt>
   <trkpt lat="32.4749360" lon="-111.2933740">
    <ele>580.6</ele>
   </trkpt>
   <trkpt lat="32.4750270" lon="-111.2935420">
    <ele>580.6</ele>
   </trkpt>
   <trkpt lat="32.4750400" lon="-111.2936780">
    <ele>580.4</ele>
   </trkpt>
   <trkpt lat="32.4749860" lon="-111.2937480">
    <ele>580.4</ele>
   </trkpt>
   <trkpt lat="32.4748740" lon="-111.2937330">
    <ele>580.4</ele>
   </trkpt>
   <trkpt lat="32.4748100" lon="-111.2936870">
    <ele>580.4</ele>
   </trkpt>
   <trkpt lat="32.4747380" lon="-111.2936320">
    <ele>580.4</ele>
   </trkpt>
   <trkpt lat="32.4745550" lon="-111.2935970">
    <ele>580.2</ele>
   </trkpt>
   <trkpt lat="32.4744720" lon="-111.2936090">
    <ele>580.0</ele>
   </trkpt>
   <trkpt lat="32.4743530" lon="-111.2936220">
    <ele>580.4</ele>
   </trkpt>
   <trkpt lat="32.4741240" lon="-111.2936140">
    <ele>580.2</ele>
   </trkpt>
   <trkpt lat="32.4740400" lon="-111.2936190">
    <ele>580.2</ele>
   </trkpt>
   <trkpt lat="32.4739100" lon="-111.2936760">
    <ele>580.0</ele>
   </trkpt>
   <trkpt lat="32.4738500" lon="-111.2937950">
    <ele>580.0</ele>
   </trkpt>
   <trkpt lat="32.4738480" lon="-111.2938680">
    <ele>580.0</ele>
   </trkpt>
   <trkpt lat="32.4738700" lon="-111.2939340">
    <ele>580.0</ele>
   </trkpt>
   <trkpt lat="32.4739470" lon="-111.2940240">
    <ele>580.2</ele>
   </trkpt>
   <trkpt lat="32.4740680" lon="-111.2940690">
    <ele>580.2</ele>
   </trkpt>
   <trkpt lat="32.4741320" lon="-111.2940780">
    <ele>580.4</ele>
   </trkpt>
   <trkpt lat="32.4744310" lon="-111.2940840">
    <ele>580.4</ele>
   </trkpt>
   <trkpt lat="32.4745680" lon="-111.2940890">
    <ele>580.6</ele>
   </trkpt>
   <trkpt lat="32.4747610" lon="-111.2941000">
    <ele>580.6</ele>
   </trkpt>
   <trkpt lat="32.4747970" lon="-111.2941020">
    <ele>580.6</ele>
   </trkpt>
   <trkpt lat="32.4750310" lon="-111.2941410">
    <ele>580.6</ele>
   </trkpt>
   <trkpt lat="32.4751360" lon="-111.2941310">
    <ele>580.8</ele>
   </trkpt>
   <trkpt lat="32.4751710" lon="-111.2941050">
    <ele>580.8</ele>
   </trkpt>
   <trkpt lat="32.4752080" lon="-111.2940550">
    <ele>580.8</ele>
   </trkpt>
   <trkpt lat="32.4752890" lon="-111.2939250">
    <ele>581.0</ele>
   </trkpt>
   <trkpt lat="32.4753200" lon="-111.2938790">
    <ele>581.0</ele>
   </trkpt>
   <trkpt lat="32.4754070" lon="-111.2938130">
    <ele>581.0</ele>
   </trkpt>
   <trkpt lat="32.4754760" lon="-111.2938570">
    <ele>580.8</ele>
   </trkpt>
   <trkpt lat="32.4755280" lon="-111.2939810">
    <ele>580.8</ele>
   </trkpt>
   <trkpt lat="32.4756060" lon="-111.2940230">
    <ele>580.6</ele>
   </trkpt>
   <trkpt lat="32.4756650" lon="-111.2939880">
    <ele>580.6</ele>
   </trkpt>
   <trkpt lat="32.4758080" lon="-111.2939080">
    <ele>580.6</ele>
   </trkpt>
   <trkpt lat="32.4758710" lon="-111.2938970">
    <ele>580.6</ele>
   </trkpt>
   <trkpt lat="32.4759250" lon="-111.2939120">
    <ele>580.6</ele>
   </trkpt>
   <trkpt lat="32.4759440" lon="-111.2939680">
    <ele>580.6</ele>
   </trkpt>
   <trkpt lat="32.4759470" lon="-111.2941420">
    <ele>580.8</ele>
   </trkpt>
   <trkpt lat="32.4759620" lon="-111.2942550">
    <ele>580.8</ele>
   </trkpt>
   <trkpt lat="32.4759680" lon="-111.2944320">
    <ele>580.8</ele>
   </trkpt>
   <trkpt lat="32.4759830" lon="-111.2945380">
    <ele>580.8</ele>
   </trkpt>
   <trkpt lat="32.4760580" lon="-111.2947530">
    <ele>580.6</ele>
   </trkpt>
   <trkpt lat="32.4761110" lon="-111.2949650">
    <ele>580.4</ele>
   </trkpt>
   <trkpt lat="32.4760410" lon="-111.2951180">
    <ele>580.2</ele>
   </trkpt>
   <trkpt lat="32.4759650" lon="-111.2951390">
    <ele>580.2</ele>
   </trkpt>
   <trkpt lat="32.4758560" lon="-111.2950830">
    <ele>580.6</ele>
   </trkpt>
   <trkpt lat="32.4757950" lon="-111.2950300">
    <ele>580.6</ele>
   </trkpt>
   <trkpt lat="32.4756090" lon="-111.2948370">
    <ele>580.2</ele>
   </trkpt>
   <trkpt lat="32.4755590" lon="-111.2947820">
    <ele>580.2</ele>
   </trkpt>
   <trkpt lat="32.4755120" lon="-111.2947300">
    <ele>580.0</ele>
   </trkpt>
   <trkpt lat="32.4754030" lon="-111.2946320">
    <ele>580.0</ele>
   </trkpt>
   <trkpt lat="32.4753310" lon="-111.2945810">
    <ele>580.2</ele>
   </trkpt>
   <trkpt lat="32.4751570" lon="-111.2945150">
    <ele>580.2</ele>
   </trkpt>
   <trkpt lat="32.4749650" lon="-111.2945250">
    <ele>580.4</ele>
   </trkpt>
   <trkpt lat="32.4748850" lon="-111.2945730">
    <ele>580.4</ele>
   </trkpt>
   <trkpt lat="32.4748280" lon="-111.2946380">
    <ele>580.4</ele>
   </trkpt>
   <trkpt lat="32.4748010" lon="-111.2947210">
    <ele>580.4</ele>
   </trkpt>
   <trkpt lat="32.4747900" lon="-111.2948210">
    <ele>580.4</ele>
   </trkpt>
   <trkpt lat="32.4747960" lon="-111.2950460">
    <ele>580.6</ele>
   </trkpt>
   <trkpt lat="32.4749040" lon="-111.2952020">
    <ele>580.6</ele>
   </trkpt>
   <trkpt lat="32.4750780" lon="-111.2952210">
    <ele>580.8</ele>
   </trkpt>
   <trkpt lat="32.4753000" lon="-111.2952270">
    <ele>580.8</ele>
   </trkpt>
   <trkpt lat="32.4754070" lon="-111.2952700">
    <ele>580.8</ele>
   </trkpt>
   <trkpt lat="32.4756150" lon="-111.2953620">
    <ele>580.8</ele>
   </trkpt>
   <trkpt lat="32.4757310" lon="-111.2953800">
    <ele>580.8</ele>
   </trkpt>
   <trkpt lat="32.4760580" lon="-111.2954030">
    <ele>580.8</ele>
   </trkpt>
   <trkpt lat="32.4761150" lon="-111.2954150">
    <ele>580.8</ele>
   </trkpt>
   <trkpt lat="32.4761690" lon="-111.2954160">
    <ele>580.8</ele>
   </trkpt>
   <trkpt lat="32.4763320" lon="-111.2953760">
    <ele>580.8</ele>
   </trkpt>
   <trkpt lat="32.4764610" lon="-111.2952190">
    <ele>580.8</ele>
   </trkpt>
   <trkpt lat="32.4765390" lon="-111.2950140">
    <ele>580.8</ele>
   </trkpt>
   <trkpt lat="32.4765420" lon="-111.2949180">
    <ele>580.8</ele>
   </trkpt>
   <trkpt lat="32.4765330" lon="-111.2948490">
    <ele>580.8</ele>
   </trkpt>
   <trkpt lat="32.4765190" lon="-111.2947940">
    <ele>580.8</ele>
   </trkpt>
   <trkpt lat="32.4764970" lon="-111.2947440">
    <ele>580.8</ele>
   </trkpt>
   <trkpt lat="32.4763900" lon="-111.2946470">
    <ele>580.8</ele>
   </trkpt>
   <trkpt lat="32.4761990" lon="-111.2945200">
    <ele>580.8</ele>
   </trkpt>
   <trkpt lat="32.4761740" lon="-111.2944490">
    <ele>581.0</ele>
   </trkpt>
   <trkpt lat="32.4761670" lon="-111.2943690">
    <ele>581.2</ele>
   </trkpt>
   <trkpt lat="32.4761880" lon="-111.2941800">
    <ele>581.6</ele>
   </trkpt>
   <trkpt lat="32.4762750" lon="-111.2939870">
    <ele>581.6</ele>
   </trkpt>
   <trkpt lat="32.4763280" lon="-111.2938840">
    <ele>581.4</ele>
   </trkpt>
   <trkpt lat="32.4763640" lon="-111.2937810">
    <ele>581.2</ele>
   </trkpt>
   <trkpt lat="32.4763780" lon="-111.2936270">
    <ele>580.8</ele>
   </trkpt>
   <trkpt lat="32.4763850" lon="-111.2934710">
    <ele>581.0</ele>
   </trkpt>
   <trkpt lat="32.4763870" lon="-111.2934200">
    <ele>581.2</ele>
   </trkpt>
   <trkpt lat="32.4764060" lon="-111.2931770">
    <ele>581.2</ele>
   </trkpt>
   <trkpt lat="32.4764080" lon="-111.2930710">
    <ele>581.2</ele>
   </trkpt>
   <trkpt lat="32.4763650" lon="-111.2928930">
    <ele>581.0</ele>
   </trkpt>
   <trkpt lat="32.4762600" lon="-111.2928310">
    <ele>580.8</ele>
   </trkpt>
   <trkpt lat="32.4761520" lon="-111.2929200">
    <ele>580.8</ele>
   </trkpt>
   <trkpt lat="32.4760800" lon="-111.2931770">
    <ele>581.2</ele>
   </trkpt>
   <trkpt lat="32.4760530" lon="-111.2933540">
    <ele>581.2</ele>
   </trkpt>
   <trkpt lat="32.4760110" lon="-111.2934190">
    <ele>581.2</ele>
   </trkpt>
   <trkpt lat="32.4759480" lon="-111.2934420">
    <ele>581.2</ele>
   </trkpt>
   <trkpt lat="32.4758760" lon="-111.2934230">
    <ele>581.2</ele>
   </trkpt>
   <trkpt lat="32.4758250" lon="-111.2933700">
    <ele>581.2</ele>
   </trkpt>
   <trkpt lat="32.4758100" lon="-111.2932890">
    <ele>581.2</ele>
   </trkpt>
   <trkpt lat="32.4758040" lon="-111.2929500">
    <ele>581.2</ele>
   </trkpt>
   <trkpt lat="32.4757930" lon="-111.2927940">
    <ele>581.2</ele>
   </trkpt>
   <trkpt lat="32.4757650" lon="-111.2927480">
    <ele>581.2</ele>
   </trkpt>
   <trkpt lat="32.4756820" lon="-111.2927270">
    <ele>581.4</ele>
   </trkpt>
   <trkpt lat="32.4756380" lon="-111.2927280">
    <ele>581.4</ele>
   </trkpt>
   <trkpt lat="32.4755970" lon="-111.2927370">
    <ele>581.4</ele>
   </trkpt>
   <trkpt lat="32.4755300" lon="-111.2928080">
    <ele>581.4</ele>
   </trkpt>
   <trkpt lat="32.4755210" lon="-111.2930500">
    <ele>581.4</ele>
   </trkpt>
   <trkpt lat="32.4755270" lon="-111.2932400">
    <ele>581.6</ele>
   </trkpt>
   <trkpt lat="32.4755220" lon="-111.2933030">
    <ele>581.8</ele>
   </trkpt>
   <trkpt lat="32.4754970" lon="-111.2934060">
    <ele>581.8</ele>
   </trkpt>
   <trkpt lat="32.4754510" lon="-111.2934530">
    <ele>581.8</ele>
   </trkpt>
   <trkpt lat="32.4753800" lon="-111.2934730">
    <ele>581.8</ele>
   </trkpt>
   <trkpt lat="32.4752970" lon="-111.2934610">
    <ele>581.8</ele>
   </trkpt>
   <trkpt lat="32.4752260" lon="-111.2934360">
    <ele>581.8</ele>
   </trkpt>
   <trkpt lat="32.4751830" lon="-111.2933940">
    <ele>581.8</ele>
   </trkpt>
   <trkpt lat="32.4751590" lon="-111.2933320">
    <ele>581.8</ele>
   </trkpt>
   <trkpt lat="32.4751440" lon="-111.2932010">
    <ele>581.8</ele>
   </trkpt>
   <trkpt lat="32.4751240" lon="-111.2930440">
    <ele>581.8</ele>
   </trkpt>
   <trkpt lat="32.4751130" lon="-111.2929950">
    <ele>581.8</ele>
   </trkpt>
   <trkpt lat="32.4750920" lon="-111.2929300">
    <ele>581.8</ele>
   </trkpt>
   <trkpt lat="32.4750010" lon="-111.2928270">
    <ele>581.6</ele>
   </trkpt>
   <trkpt lat="32.4748950" lon="-111.2927860">
    <ele>581.4</ele>
   </trkpt>
   <trkpt lat="32.4748200" lon="-111.2927610">
    <ele>581.4</ele>
   </trkpt>
   <trkpt lat="32.4746760" lon="-111.2927430">
    <ele>581.2</ele>
   </trkpt>
   <trkpt lat="32.4746180" lon="-111.2927420">
    <ele>581.2</ele>
   </trkpt>
   <trkpt lat="32.4744560" lon="-111.2927450">
    <ele>581.0</ele>
   </trkpt>
   <trkpt lat="32.4742440" lon="-111.2927360">
    <ele>581.0</ele>
   </trkpt>
   <trkpt lat="32.4741760" lon="-111.2927360">
    <ele>581.2</ele>
   </trkpt>
   <trkpt lat="32.4740660" lon="-111.2927460">
    <ele>581.2</ele>
   </trkpt>
   <trkpt lat="32.4739550" lon="-111.2927960">
    <ele>580.4</ele>
   </trkpt>
   <trkpt lat="32.4738820" lon="-111.2928610">
    <ele>580.4</ele>
   </trkpt>
   <trkpt lat="32.4738690" lon="-111.2928930">
    <ele>580.4</ele>
   </trkpt>
   <trkpt lat="32.4738790" lon="-111.2930000">
    <ele>580.4</ele>
   </trkpt>
   <trkpt lat="32.4739010" lon="-111.2930250">
    <ele>580.4</ele>
   </trkpt>
   <trkpt lat="32.4740190" lon="-111.2931090">
    <ele>580.4</ele>
   </trkpt>
   <trkpt lat="32.4740860" lon="-111.2931330">
    <ele>580.6</ele>
   </trkpt>
   <trkpt lat="32.4741630" lon="-111.2931400">
    <ele>580.6</ele>
   </trkpt>
   <trkpt lat="32.4743140" lon="-111.2931680">
    <ele>580.6</ele>
   </trkpt>
   <trkpt lat="32.4744610" lon="-111.2931960">
    <ele>580.8</ele>
   </trkpt>
   <trkpt lat="32.4746730" lon="-111.2931760">
    <ele>580.8</ele>
   </trkpt>
   <trkpt lat="32.4747610" lon="-111.2931940">
    <ele>580.8</ele>
   </trkpt>
   <trkpt lat="32.4748330" lon="-111.2932310">
    <ele>580.8</ele>
   </trkpt>
   <trkpt lat="32.4749020" lon="-111.2933290">
    <ele>580.6</ele>
   </trkpt>
   <trkpt lat="32.4749900" lon="-111.2935940">
    <ele>580.8</ele>
   </trkpt>
   <trkpt lat="32.4750030" lon="-111.2936540">
    <ele>580.8</ele>
   </trkpt>
   <trkpt lat="32.4749630" lon="-111.2937430">
    <ele>580.8</ele>
   </trkpt>
   <trkpt lat="32.4749060" lon="-111.2937510">
    <ele>580.8</ele>
   </trkpt>
   <trkpt lat="32.4748400" lon="-111.2937200">
    <ele>580.6</ele>
   </trkpt>
   <trkpt lat="32.4746890" lon="-111.2936220">
    <ele>580.6</ele>
   </trkpt>
   <trkpt lat="32.4745980" lon="-111.2936100">
    <ele>580.6</ele>
   </trkpt>
   <trkpt lat="32.4744190" lon="-111.2936030">
    <ele>580.2</ele>
   </trkpt>
   <trkpt lat="32.4742500" lon="-111.2936010">
    <ele>580.6</ele>
   </trkpt>
   <trkpt lat="32.4740860" lon="-111.2936170">
    <ele>580.2</ele>
   </trkpt>
   <trkpt lat="32.4739560" lon="-111.2936790">
    <ele>580.4</ele>
   </trkpt>
   <trkpt lat="32.4739260" lon="-111.2937210">
    <ele>580.2</ele>
   </trkpt>
   <trkpt lat="32.4739050" lon="-111.2937720">
    <ele>580.2</ele>
   </trkpt>
   <trkpt lat="32.4738990" lon="-111.2939090">
    <ele>580.2</ele>
   </trkpt>
   <trkpt lat="32.4739600" lon="-111.2940070">
    <ele>580.4</ele>
   </trkpt>
   <trkpt lat="32.4740070" lon="-111.2940360">
    <ele>580.4</ele>
   </trkpt>
   <trkpt lat="32.4740590" lon="-111.2940490">
    <ele>580.4</ele>
   </trkpt>
   <trkpt lat="32.4742410" lon="-111.2940760">
    <ele>580.4</ele>
   </trkpt>
   <trkpt lat="32.4744970" lon="-111.2941040">
    <ele>580.6</ele>
   </trkpt>
   <trkpt lat="32.4745580" lon="-111.2941070">
    <ele>580.4</ele>
   </trkpt>
   <trkpt lat="32.4747580" lon="-111.2941190">
    <ele>580.4</ele>
   </trkpt>
   <trkpt lat="32.4749480" lon="-111.2941370">
    <ele>580.2</ele>
   </trkpt>
   <trkpt lat="32.4750660" lon="-111.2941420">
    <ele>580.2</ele>
   </trkpt>
   <trkpt lat="32.4751330" lon="-111.2941120">
    <ele>580.4</ele>
   </trkpt>
   <trkpt lat="32.4752320" lon="-111.2939480">
    <ele>580.4</ele>
   </trkpt>
   <trkpt lat="32.4753620" lon="-111.2938140">
    <ele>580.4</ele>
   </trkpt>
   <trkpt lat="32.4754430" lon="-111.2938310">
    <ele>580.6</ele>
   </trkpt>
   <trkpt lat="32.4754630" lon="-111.2938590">
    <ele>580.4</ele>
   </trkpt>
   <trkpt lat="32.4755740" lon="-111.2939800">
    <ele>580.2</ele>
   </trkpt>
   <trkpt lat="32.4757550" lon="-111.2938860">
    <ele>580.0</ele>
   </trkpt>
   <trkpt lat="32.4758120" lon="-111.2938620">
    <ele>580.0</ele>
   </trkpt>
   <trkpt lat="32.4759110" lon="-111.2938820">
    <ele>580.0</ele>
   </trkpt>
   <trkpt lat="32.4759430" lon="-111.2939230">
    <ele>580.0</ele>
   </trkpt>
   <trkpt lat="32.4759380" lon="-111.2939860">
    <ele>580.0</ele>
   </trkpt>
   <trkpt lat="32.4759140" lon="-111.2941020">
    <ele>580.2</ele>
   </trkpt>
   <trkpt lat="32.4759200" lon="-111.2941990">
    <ele>580.4</ele>
   </trkpt>
   <trkpt lat="32.4759270" lon="-111.2942700">
    <ele>580.4</ele>
   </trkpt>
   <trkpt lat="32.4759300" lon="-111.2944580">
    <ele>580.4</ele>
   </trkpt>
   <trkpt lat="32.4759450" lon="-111.2945680">
    <ele>580.4</ele>
   </trkpt>
   <trkpt lat="32.4760190" lon="-111.2947830">
    <ele>579.8</ele>
   </trkpt>
   <trkpt lat="32.4760740" lon="-111.2949730">
    <ele>579.4</ele>
   </trkpt>
   <trkpt lat="32.4760560" lon="-111.2950460">
    <ele>579.4</ele>
   </trkpt>
   <trkpt lat="32.4760230" lon="-111.2951000">
    <ele>579.4</ele>
   </trkpt>
   <trkpt lat="32.4759480" lon="-111.2951340">
    <ele>579.4</ele>
   </trkpt>
   <trkpt lat="32.4758350" lon="-111.2950670">
    <ele>579.6</ele>
   </trkpt>
   <trkpt lat="32.4757700" lon="-111.2950070">
    <ele>579.6</ele>
   </trkpt>
   <trkpt lat="32.4756420" lon="-111.2948610">
    <ele>579.6</ele>
   </trkpt>
   <trkpt lat="32.4755960" lon="-111.2947980">
    <ele>579.8</ele>
   </trkpt>
   <trkpt lat="32.4753240" lon="-111.2945560">
    <ele>579.8</ele>
   </trkpt>
   <trkpt lat="32.4751500" lon="-111.2945090">
    <ele>580.0</ele>
   </trkpt>
   <trkpt lat="32.4750530" lon="-111.2945080">
    <ele>580.0</ele>
   </trkpt>
   <trkpt lat="32.4749630" lon="-111.2945290">
    <ele>579.8</ele>
   </trkpt>
   <trkpt lat="32.4748880" lon="-111.2945720">
    <ele>579.8</ele>
   </trkpt>
   <trkpt lat="32.4748380" lon="-111.2946380">
    <ele>580.0</ele>
   </trkpt>
   <trkpt lat="32.4748150" lon="-111.2947220">
    <ele>579.8</ele>
   </trkpt>
   <trkpt lat="32.4748060" lon="-111.2950370">
    <ele>579.8</ele>
   </trkpt>
   <trkpt lat="32.4748460" lon="-111.2951250">
    <ele>579.8</ele>
   </trkpt>
   <trkpt lat="32.4749780" lon="-111.2952220">
    <ele>579.8</ele>
   </trkpt>
   <trkpt lat="32.4750800" lon="-111.2952140">
    <ele>579.8</ele>
   </trkpt>
   <trkpt lat="32.4751860" lon="-111.2952100">
    <ele>579.8</ele>
   </trkpt>
   <trkpt lat="32.4754000" lon="-111.2952680">
    <ele>580.0</ele>
   </trkpt>
   <trkpt lat="32.4756060" lon="-111.2953650">
    <ele>580.0</ele>
   </trkpt>
   <trkpt lat="32.4757140" lon="-111.2953840">
    <ele>579.8</ele>
   </trkpt>
   <trkpt lat="32.4760340" lon="-111.2953930">
    <ele>579.8</ele>
   </trkpt>
   <trkpt lat="32.4760830" lon="-111.2953970">
    <ele>579.8</ele>
   </trkpt>
   <trkpt lat="32.4762850" lon="-111.2953930">
    <ele>579.8</ele>
   </trkpt>
   <trkpt lat="32.4763680" lon="-111.2953480">
    <ele>579.8</ele>
   </trkpt>
   <trkpt lat="32.4764400" lon="-111.2952690">
    <ele>579.8</ele>
   </trkpt>
   <trkpt lat="32.4765230" lon="-111.2950580">
    <ele>579.8</ele>
   </trkpt>
   <trkpt lat="32.4765390" lon="-111.2948120">
    <ele>580.0</ele>
   </trkpt>
   <trkpt lat="32.4764720" lon="-111.2947000">
    <ele>580.0</ele>
   </trkpt>
   <trkpt lat="32.4764050" lon="-111.2946700">
    <ele>580.0</ele>
   </trkpt>
   <trkpt lat="32.4763420" lon="-111.2946610">
    <ele>579.8</ele>
   </trkpt>
   <trkpt lat="32.4762590" lon="-111.2946150">
    <ele>579.8</ele>
   </trkpt>
   <trkpt lat="32.4761960" lon="-111.2944900">
    <ele>580.2</ele>
   </trkpt>
   <trkpt lat="32.4761880" lon="-111.2943990">
    <ele>580.4</ele>
   </trkpt>
   <trkpt lat="32.4761920" lon="-111.2943070">
    <ele>580.6</ele>
   </trkpt>
   <trkpt lat="32.4762450" lon="-111.2941280">
    <ele>580.8</ele>
   </trkpt>
   <trkpt lat="32.4763440" lon="-111.2939440">
    <ele>580.6</ele>
   </trkpt>
   <trkpt lat="32.4763830" lon="-111.2938410">
    <ele>580.6</ele>
   </trkpt>
   <trkpt lat="32.4764040" lon="-111.2937470">
    <ele>580.4</ele>
   </trkpt>
   <trkpt lat="32.4764080" lon="-111.2936160">
    <ele>580.2</ele>
   </trkpt>
   <trkpt lat="32.4763980" lon="-111.2934460">
    <ele>580.4</ele>
   </trkpt>
   <trkpt lat="32.4764110" lon="-111.2931800">
    <ele>580.4</ele>
   </trkpt>
   <trkpt lat="32.4764180" lon="-111.2930730">
    <ele>580.4</ele>
   </trkpt>
   <trkpt lat="32.4763600" lon="-111.2928960">
    <ele>580.2</ele>
   </trkpt>
   <trkpt lat="32.4762130" lon="-111.2928610">
    <ele>579.8</ele>
   </trkpt>
   <trkpt lat="32.4760930" lon="-111.2929570">
    <ele>579.8</ele>
   </trkpt>
   <trkpt lat="32.4760380" lon="-111.2932300">
    <ele>580.0</ele>
   </trkpt>
   <trkpt lat="32.4759870" lon="-111.2934070">
    <ele>580.2</ele>
   </trkpt>
   <trkpt lat="32.4759260" lon="-111.2934390">
    <ele>580.2</ele>
   </trkpt>
   <trkpt lat="32.4758030" lon="-111.2933630">
    <ele>580.0</ele>
   </trkpt>
   <trkpt lat="32.4757940" lon="-111.2932010">
    <ele>580.2</ele>
   </trkpt>
   <trkpt lat="32.4757990" lon="-111.2930060">
    <ele>580.4</ele>
   </trkpt>
   <trkpt lat="32.4757920" lon="-111.2929130">
    <ele>580.4</ele>
   </trkpt>
   <trkpt lat="32.4757950" lon="-111.2928070">
    <ele>580.4</ele>
   </trkpt>
   <trkpt lat="32.4757200" lon="-111.2927500">
    <ele>580.2</ele>
   </trkpt>
   <trkpt lat="32.4756740" lon="-111.2927440">
    <ele>580.0</ele>
   </trkpt>
   <trkpt lat="32.4755860" lon="-111.2927600">
    <ele>580.0</ele>
   </trkpt>
   <trkpt lat="32.4755450" lon="-111.2927890">
    <ele>580.0</ele>
   </trkpt>
   <trkpt lat="32.4755190" lon="-111.2928440">
    <ele>580.0</ele>
   </trkpt>
   <trkpt lat="32.4755060" lon="-111.2930100">
    <ele>580.0</ele>
   </trkpt>
   <trkpt lat="32.4755090" lon="-111.2930910">
    <ele>580.0</ele>
   </trkpt>
   <trkpt lat="32.4755090" lon="-111.2932230">
    <ele>580.0</ele>
   </trkpt>
   <trkpt lat="32.4755130" lon="-111.2932740">
    <ele>580.0</ele>
   </trkpt>
   <trkpt lat="32.4755090" lon="-111.2933750">
    <ele>580.2</ele>
   </trkpt>
   <trkpt lat="32.4754830" lon="-111.2934210">
    <ele>580.2</ele>
   </trkpt>
   <trkpt lat="32.4754330" lon="-111.2934610">
    <ele>580.2</ele>
   </trkpt>
   <trkpt lat="32.4753600" lon="-111.2934800">
    <ele>580.0</ele>
   </trkpt>
   <trkpt lat="32.4752840" lon="-111.2934760">
    <ele>580.0</ele>
   </trkpt>
   <trkpt lat="32.4751790" lon="-111.2934200">
    <ele>580.0</ele>
   </trkpt>
   <trkpt lat="32.4751520" lon="-111.2933220">
    <ele>580.2</ele>
   </trkpt>
   <trkpt lat="32.4751470" lon="-111.2932620">
    <ele>580.2</ele>
   </trkpt>
   <trkpt lat="32.4751410" lon="-111.2932120">
    <ele>580.2</ele>
   </trkpt>
   <trkpt lat="32.4751130" lon="-111.2930310">
    <ele>580.4</ele>
   </trkpt>
   <trkpt lat="32.4750960" lon="-111.2929690">
    <ele>580.4</ele>
   </trkpt>
   <trkpt lat="32.4750160" lon="-111.2928670">
    <ele>580.4</ele>
   </trkpt>
   <trkpt lat="32.4749170" lon="-111.2928090">
    <ele>580.4</ele>
   </trkpt>
   <trkpt lat="32.4747320" lon="-111.2927650">
    <ele>580.4</ele>
   </trkpt>
   <trkpt lat="32.4746730" lon="-111.2927600">
    <ele>580.2</ele>
   </trkpt>
   <trkpt lat="32.4745120" lon="-111.2927630">
    <ele>580.2</ele>
   </trkpt>
   <trkpt lat="32.4742360" lon="-111.2927500">
    <ele>580.4</ele>
   </trkpt>
   <trkpt lat="32.4741690" lon="-111.2927500">
    <ele>581.0</ele>
   </trkpt>
   <trkpt lat="32.4740210" lon="-111.2927610">
    <ele>580.2</ele>
   </trkpt>
   <trkpt lat="32.4739080" lon="-111.2928600">
    <ele>580.0</ele>
   </trkpt>
   <trkpt lat="32.4738730" lon="-111.2929670">
    <ele>580.2</ele>
   </trkpt>
   <trkpt lat="32.4738990" lon="-111.2930140">
    <ele>580.4</ele>
   </trkpt>
   <trkpt lat="32.4739720" lon="-111.2930750">
    <ele>580.6</ele>
   </trkpt>
   <trkpt lat="32.4740110" lon="-111.2931020">
    <ele>580.6</ele>
   </trkpt>
   <trkpt lat="32.4741490" lon="-111.2931210">
    <ele>580.6</ele>
   </trkpt>
   <trkpt lat="32.4742270" lon="-111.2931250">
    <ele>580.6</ele>
   </trkpt>
   <trkpt lat="32.4743630" lon="-111.2931700">
    <ele>580.4</ele>
   </trkpt>
   <trkpt lat="32.4744530" lon="-111.2931820">
    <ele>580.4</ele>
   </trkpt>
   <trkpt lat="32.4745050" lon="-111.2931750">
    <ele>580.4</ele>
   </trkpt>
   <trkpt lat="32.4746550" lon="-111.2931650">
    <ele>580.2</ele>
   </trkpt>
   <trkpt lat="32.4747410" lon="-111.2931820">
    <ele>580.2</ele>
   </trkpt>
   <trkpt lat="32.4748200" lon="-111.2932290">
    <ele>580.2</ele>
   </trkpt>
   <trkpt lat="32.4749170" lon="-111.2933470">
    <ele>580.0</ele>
   </trkpt>
   <trkpt lat="32.4750400" lon="-111.2935740">
    <ele>579.8</ele>
   </trkpt>
   <trkpt lat="32.4750610" lon="-111.2936350">
    <ele>579.8</ele>
   </trkpt>
   <trkpt lat="32.4750660" lon="-111.2936750">
    <ele>579.8</ele>
   </trkpt>
   <trkpt lat="32.4750490" lon="-111.2937150">
    <ele>579.8</ele>
   </trkpt>
   <trkpt lat="32.4749600" lon="-111.2937430">
    <ele>580.0</ele>
   </trkpt>
   <trkpt lat="32.4748890" lon="-111.2937270">
    <ele>580.0</ele>
   </trkpt>
   <trkpt lat="32.4748200" lon="-111.2936840">
    <ele>580.0</ele>
   </trkpt>
   <trkpt lat="32.4746620" lon="-111.2936040">
    <ele>579.8</ele>
   </trkpt>
   <trkpt lat="32.4744350" lon="-111.2935900">
    <ele>579.6</ele>
   </trkpt>
   <trkpt lat="32.4742010" lon="-111.2935770">
    <ele>580.0</ele>
   </trkpt>
   <trkpt lat="32.4741150" lon="-111.2935800">
    <ele>579.8</ele>
   </trkpt>
   <trkpt lat="32.4739590" lon="-111.2936200">
    <ele>580.0</ele>
   </trkpt>
   <trkpt lat="32.4738850" lon="-111.2937180">
    <ele>579.8</ele>
   </trkpt>
   <trkpt lat="32.4738640" lon="-111.2937970">
    <ele>579.8</ele>
   </trkpt>
   <trkpt lat="32.4738610" lon="-111.2938850">
    <ele>579.8</ele>
   </trkpt>
   <trkpt lat="32.4739060" lon="-111.2939950">
    <ele>579.8</ele>
   </trkpt>
   <trkpt lat="32.4739950" lon="-111.2940540">
    <ele>579.8</ele>
   </trkpt>
   <trkpt lat="32.4740500" lon="-111.2940670">
    <ele>580.0</ele>
   </trkpt>
   <trkpt lat="32.4741060" lon="-111.2940740">
    <ele>580.0</ele>
   </trkpt>
   <trkpt lat="32.4743750" lon="-111.2941070">
    <ele>580.0</ele>
   </trkpt>
   <trkpt lat="32.4745590" lon="-111.2941060">
    <ele>580.2</ele>
   </trkpt>
   <trkpt lat="32.4748220" lon="-111.2941150">
    <ele>580.2</ele>
   </trkpt>
   <trkpt lat="32.4750240" lon="-111.2941380">
    <ele>580.0</ele>
   </trkpt>
   <trkpt lat="32.4751170" lon="-111.2941310">
    <ele>579.8</ele>
   </trkpt>
   <trkpt lat="32.4751520" lon="-111.2941060">
    <ele>579.8</ele>
   </trkpt>
   <trkpt lat="32.4751930" lon="-111.2940560">
    <ele>579.8</ele>
   </trkpt>
   <trkpt lat="32.4752800" lon="-111.2939250">
    <ele>580.0</ele>
   </trkpt>
   <trkpt lat="32.4753610" lon="-111.2938380">
    <ele>580.0</ele>
   </trkpt>
   <trkpt lat="32.4754040" lon="-111.2938130">
    <ele>580.0</ele>
   </trkpt>
   <trkpt lat="32.4754340" lon="-111.2938160">
    <ele>580.2</ele>
   </trkpt>
   <trkpt lat="32.4754490" lon="-111.2938340">
    <ele>580.2</ele>
   </trkpt>
   <trkpt lat="32.4755530" lon="-111.2939940">
    <ele>579.8</ele>
   </trkpt>
   <trkpt lat="32.4756740" lon="-111.2939330">
    <ele>579.6</ele>
   </trkpt>
   <trkpt lat="32.4758170" lon="-111.2938610">
    <ele>579.6</ele>
   </trkpt>
   <trkpt lat="32.4759060" lon="-111.2938780">
    <ele>579.6</ele>
   </trkpt>
   <trkpt lat="32.4759340" lon="-111.2939920">
    <ele>579.6</ele>
   </trkpt>
   <trkpt lat="32.4759310" lon="-111.2940610">
    <ele>579.6</ele>
   </trkpt>
   <trkpt lat="32.4759230" lon="-111.2941580">
    <ele>579.8</ele>
   </trkpt>
   <trkpt lat="32.4759310" lon="-111.2942980">
    <ele>580.0</ele>
   </trkpt>
   <trkpt lat="32.4759640" lon="-111.2946040">
    <ele>579.6</ele>
   </trkpt>
   <trkpt lat="32.4760510" lon="-111.2948140">
    <ele>578.8</ele>
   </trkpt>
   <trkpt lat="32.4760910" lon="-111.2949180">
    <ele>578.6</ele>
   </trkpt>
   <trkpt lat="32.4760880" lon="-111.2951100">
    <ele>578.4</ele>
   </trkpt>
   <trkpt lat="32.4760040" lon="-111.2951570">
    <ele>578.4</ele>
   </trkpt>
   <trkpt lat="32.4758970" lon="-111.2951100">
    <ele>578.4</ele>
   </trkpt>
   <trkpt lat="32.4758320" lon="-111.2950580">
    <ele>578.4</ele>
   </trkpt>
   <trkpt lat="32.4756550" lon="-111.2948590">
    <ele>578.2</ele>
   </trkpt>
   <trkpt lat="32.4756190" lon="-111.2948110">
    <ele>578.2</ele>
   </trkpt>
   <trkpt lat="32.4755860" lon="-111.2947660">
    <ele>578.2</ele>
   </trkpt>
   <trkpt lat="32.4755210" lon="-111.2946830">
    <ele>578.4</ele>
   </trkpt>
   <trkpt lat="32.4754680" lon="-111.2946350">
    <ele>578.4</ele>
   </trkpt>
   <trkpt lat="32.4754010" lon="-111.2945880">
    <ele>578.4</ele>
   </trkpt>
   <trkpt lat="32.4752350" lon="-111.2945280">
    <ele>578.6</ele>
   </trkpt>
   <trkpt lat="32.4749700" lon="-111.2945220">
    <ele>578.6</ele>
   </trkpt>
   <trkpt lat="32.4748420" lon="-111.2946120">
    <ele>578.4</ele>
   </trkpt>
   <trkpt lat="32.4748140" lon="-111.2946900">
    <ele>578.4</ele>
   </trkpt>
   <trkpt lat="32.4747980" lon="-111.2947830">
    <ele>578.4</ele>
   </trkpt>
   <trkpt lat="32.4747970" lon="-111.2950100">
    <ele>578.6</ele>
   </trkpt>
   <trkpt lat="32.4748940" lon="-111.2951650">
    <ele>578.8</ele>
   </trkpt>
   <trkpt lat="32.4750650" lon="-111.2952000">
    <ele>579.0</ele>
   </trkpt>
   <trkpt lat="32.4751700" lon="-111.2951960">
    <ele>579.0</ele>
   </trkpt>
   <trkpt lat="32.4752780" lon="-111.2952160">
    <ele>579.0</ele>
   </trkpt>
   <trkpt lat="32.4753780" lon="-111.2952610">
    <ele>579.0</ele>
   </trkpt>
   <trkpt lat="32.4755820" lon="-111.2953600">
    <ele>579.0</ele>
   </trkpt>
   <trkpt lat="32.4758290" lon="-111.2953880">
    <ele>578.8</ele>
   </trkpt>
   <trkpt lat="32.4760670" lon="-111.2953850">
    <ele>578.8</ele>
   </trkpt>
   <trkpt lat="32.4762600" lon="-111.2953760">
    <ele>578.6</ele>
   </trkpt>
   <trkpt lat="32.4763420" lon="-111.2953370">
    <ele>578.8</ele>
   </trkpt>
   <trkpt lat="32.4764100" lon="-111.2952610">
    <ele>578.6</ele>
   </trkpt>
   <trkpt lat="32.4764600" lon="-111.2951630">
    <ele>578.6</ele>
   </trkpt>
   <trkpt lat="32.4764920" lon="-111.2950560">
    <ele>578.6</ele>
   </trkpt>
   <trkpt lat="32.4765150" lon="-111.2948970">
    <ele>578.8</ele>
   </trkpt>
   <trkpt lat="32.4765100" lon="-111.2948460">
    <ele>578.8</ele>
   </trkpt>
   <trkpt lat="32.4764640" lon="-111.2947220">
    <ele>578.8</ele>
   </trkpt>
   <trkpt lat="32.4763320" lon="-111.2946170">
    <ele>579.0</ele>
   </trkpt>
   <trkpt lat="32.4762470" lon="-111.2945580">
    <ele>579.2</ele>
   </trkpt>
   <trkpt lat="32.4762140" lon="-111.2944890">
    <ele>579.2</ele>
   </trkpt>
   <trkpt lat="32.4761970" lon="-111.2944020">
    <ele>579.2</ele>
   </trkpt>
   <trkpt lat="32.4762010" lon="-111.2942200">
    <ele>579.4</ele>
   </trkpt>
   <trkpt lat="32.4762300" lon="-111.2941290">
    <ele>579.4</ele>
   </trkpt>
   <trkpt lat="32.4762770" lon="-111.2940400">
    <ele>579.4</ele>
   </trkpt>
   <trkpt lat="32.4763300" lon="-111.2939500">
    <ele>579.4</ele>
   </trkpt>
   <trkpt lat="32.4763710" lon="-111.2938560">
    <ele>579.2</ele>
   </trkpt>
   <trkpt lat="32.4763990" lon="-111.2937090">
    <ele>579.0</ele>
   </trkpt>
   <trkpt lat="32.4764010" lon="-111.2936550">
    <ele>578.8</ele>
   </trkpt>
   <trkpt lat="32.4763950" lon="-111.2935320">
    <ele>578.6</ele>
   </trkpt>
   <trkpt lat="32.4763890" lon="-111.2933840">
    <ele>578.6</ele>
   </trkpt>
   <trkpt lat="32.4763870" lon="-111.2933110">
    <ele>578.6</ele>
   </trkpt>
   <trkpt lat="32.4763980" lon="-111.2930150">
    <ele>578.6</ele>
   </trkpt>
   <trkpt lat="32.4763230" lon="-111.2928910">
    <ele>578.4</ele>
   </trkpt>
   <trkpt lat="32.4762020" lon="-111.2928950">
    <ele>578.4</ele>
   </trkpt>
   <trkpt lat="32.4761250" lon="-111.2930060">
    <ele>578.4</ele>
   </trkpt>
   <trkpt lat="32.4760720" lon="-111.2932650">
    <ele>578.4</ele>
   </trkpt>
   <trkpt lat="32.4760490" lon="-111.2933560">
    <ele>578.4</ele>
   </trkpt>
   <trkpt lat="32.4759540" lon="-111.2934640">
    <ele>578.6</ele>
   </trkpt>
   <trkpt lat="32.4758200" lon="-111.2934020">
    <ele>578.6</ele>
   </trkpt>
   <trkpt lat="32.4758020" lon="-111.2932810">
    <ele>578.8</ele>
   </trkpt>
   <trkpt lat="32.4758210" lon="-111.2929680">
    <ele>579.0</ele>
   </trkpt>
   <trkpt lat="32.4758200" lon="-111.2929090">
    <ele>579.0</ele>
   </trkpt>
   <trkpt lat="32.4758120" lon="-111.2928430">
    <ele>579.0</ele>
   </trkpt>
   <trkpt lat="32.4757420" lon="-111.2927500">
    <ele>579.0</ele>
   </trkpt>
   <trkpt lat="32.4756500" lon="-111.2927340">
    <ele>579.0</ele>
   </trkpt>
   <trkpt lat="32.4756060" lon="-111.2927390">
    <ele>578.8</ele>
   </trkpt>
   <trkpt lat="32.4755690" lon="-111.2927590">
    <ele>578.8</ele>
   </trkpt>
   <trkpt lat="32.4755230" lon="-111.2928600">
    <ele>578.6</ele>
   </trkpt>
   <trkpt lat="32.4755150" lon="-111.2930350">
    <ele>578.8</ele>
   </trkpt>
   <trkpt lat="32.4755150" lon="-111.2931020">
    <ele>578.8</ele>
   </trkpt>
   <trkpt lat="32.4755190" lon="-111.2931560">
    <ele>578.8</ele>
   </trkpt>
   <trkpt lat="32.4755180" lon="-111.2932850">
    <ele>578.8</ele>
   </trkpt>
   <trkpt lat="32.4755140" lon="-111.2933460">
    <ele>579.2</ele>
   </trkpt>
   <trkpt lat="32.4754810" lon="-111.2934500">
    <ele>579.2</ele>
   </trkpt>
   <trkpt lat="32.4754280" lon="-111.2934880">
    <ele>579.2</ele>
   </trkpt>
   <trkpt lat="32.4753610" lon="-111.2935100">
    <ele>579.2</ele>
   </trkpt>
   <trkpt lat="32.4752850" lon="-111.2935030">
    <ele>579.2</ele>
   </trkpt>
   <trkpt lat="32.4752170" lon="-111.2934790">
    <ele>579.2</ele>
   </trkpt>
   <trkpt lat="32.4751530" lon="-111.2933840">
    <ele>579.2</ele>
   </trkpt>
   <trkpt lat="32.4751410" lon="-111.2933160">
    <ele>579.4</ele>
   </trkpt>
   <trkpt lat="32.4751270" lon="-111.2931570">
    <ele>579.6</ele>
   </trkpt>
   <trkpt lat="32.4750550" lon="-111.2929350">
    <ele>579.4</ele>
   </trkpt>
   <trkpt lat="32.4749670" lon="-111.2928550">
    <ele>579.4</ele>
   </trkpt>
   <trkpt lat="32.4749340" lon="-111.2928310">
    <ele>579.4</ele>
   </trkpt>
   <trkpt lat="32.4747750" lon="-111.2927780">
    <ele>579.6</ele>
   </trkpt>
   <trkpt lat="32.4746250" lon="-111.2927590">
    <ele>579.6</ele>
   </trkpt>
   <trkpt lat="32.4745760" lon="-111.2927600">
    <ele>579.6</ele>
   </trkpt>
   <trkpt lat="32.4742570" lon="-111.2927490">
    <ele>579.6</ele>
   </trkpt>
   <trkpt lat="32.4742060" lon="-111.2927440">
    <ele>580.0</ele>
   </trkpt>
   <trkpt lat="32.4741470" lon="-111.2927430">
    <ele>580.4</ele>
   </trkpt>
   <trkpt lat="32.4740130" lon="-111.2927600">
    <ele>580.2</ele>
   </trkpt>
   <trkpt lat="32.4739560" lon="-111.2927850">
    <ele>580.0</ele>
   </trkpt>
   <trkpt lat="32.4739170" lon="-111.2928220">
    <ele>579.8</ele>
   </trkpt>
   <trkpt lat="32.4738750" lon="-111.2928930">
    <ele>579.8</ele>
   </trkpt>
   <trkpt lat="32.4738670" lon="-111.2929480">
    <ele>580.0</ele>
   </trkpt>
   <trkpt lat="32.4738740" lon="-111.2929770">
    <ele>580.0</ele>
   </trkpt>
   <trkpt lat="32.4739230" lon="-111.2930630">
    <ele>580.0</ele>
   </trkpt>
   <trkpt lat="32.4740040" lon="-111.2931110">
    <ele>580.0</ele>
   </trkpt>
   <trkpt lat="32.4741090" lon="-111.2931340">
    <ele>580.0</ele>
   </trkpt>
   <trkpt lat="32.4741450" lon="-111.2931360">
    <ele>580.0</ele>
   </trkpt>
   <trkpt lat="32.4741690" lon="-111.2931370">
    <ele>580.4</ele>
   </trkpt>
   <trkpt lat="32.4742530" lon="-111.2931410">
    <ele>580.4</ele>
   </trkpt>
   <trkpt lat="32.4743670" lon="-111.2931940">
    <ele>580.4</ele>
   </trkpt>
   <trkpt lat="32.4745890" lon="-111.2931780">
    <ele>580.2</ele>
   </trkpt>
   <trkpt lat="32.4746820" lon="-111.2931880">
    <ele>580.2</ele>
   </trkpt>
   <trkpt lat="32.4748410" lon="-111.2932680">
    <ele>580.0</ele>
   </trkpt>
   <trkpt lat="32.4749270" lon="-111.2933900">
    <ele>580.0</ele>
   </trkpt>
   <trkpt lat="32.4750210" lon="-111.2935870">
    <ele>580.0</ele>
   </trkpt>
   <trkpt lat="32.4750300" lon="-111.2936120">
    <ele>579.8</ele>
   </trkpt>
   <trkpt lat="32.4750400" lon="-111.2936610">
    <ele>579.8</ele>
   </trkpt>
   <trkpt lat="32.4749870" lon="-111.2937140">
    <ele>580.0</ele>
   </trkpt>
   <trkpt lat="32.4748640" lon="-111.2937070">
    <ele>580.2</ele>
   </trkpt>
   <trkpt lat="32.4747300" lon="-111.2936020">
    <ele>580.2</ele>
   </trkpt>
   <trkpt lat="32.4746450" lon="-111.2935720">
    <ele>579.8</ele>
   </trkpt>
   <trkpt lat="32.4744100" lon="-111.2935610">
    <ele>579.6</ele>
   </trkpt>
   <trkpt lat="32.4742630" lon="-111.2935520">
    <ele>580.4</ele>
   </trkpt>
   <trkpt lat="32.4741210" lon="-111.2935620">
    <ele>579.8</ele>
   </trkpt>
   <trkpt lat="32.4740390" lon="-111.2935860">
    <ele>579.8</ele>
   </trkpt>
   <trkpt lat="32.4739280" lon="-111.2936710">
    <ele>579.8</ele>
   </trkpt>
   <trkpt lat="32.4738880" lon="-111.2938250">
    <ele>579.6</ele>
   </trkpt>
   <trkpt lat="32.4739240" lon="-111.2939650">
    <ele>579.8</ele>
   </trkpt>
   <trkpt lat="32.4739650" lon="-111.2940130">
    <ele>580.0</ele>
   </trkpt>
   <trkpt lat="32.4740180" lon="-111.2940400">
    <ele>580.0</ele>
   </trkpt>
   <trkpt lat="32.4741360" lon="-111.2940670">
    <ele>580.6</ele>
   </trkpt>
   <trkpt lat="32.4742040" lon="-111.2940840">
    <ele>580.6</ele>
   </trkpt>
   <trkpt lat="32.4743620" lon="-111.2941180">
    <ele>580.6</ele>
   </trkpt>
   <trkpt lat="32.4745230" lon="-111.2941260">
    <ele>580.6</ele>
   </trkpt>
   <trkpt lat="32.4746990" lon="-111.2941180">
    <ele>580.6</ele>
   </trkpt>
   <trkpt lat="32.4749540" lon="-111.2941360">
    <ele>580.6</ele>
   </trkpt>
   <trkpt lat="32.4750850" lon="-111.2941420">
    <ele>580.6</ele>
   </trkpt>
   <trkpt lat="32.4751560" lon="-111.2941020">
    <ele>580.4</ele>
   </trkpt>
   <trkpt lat="32.4752410" lon="-111.2939540">
    <ele>580.4</ele>
   </trkpt>
   <trkpt lat="32.4752670" lon="-111.2939160">
    <ele>580.4</ele>
   </trkpt>
   <trkpt lat="32.4753620" lon="-111.2938130">
    <ele>580.6</ele>
   </trkpt>
   <trkpt lat="32.4754030" lon="-111.2938030">
    <ele>580.6</ele>
   </trkpt>
   <trkpt lat="32.4754330" lon="-111.2938160">
    <ele>580.6</ele>
   </trkpt>
   <trkpt lat="32.4754470" lon="-111.2938440">
    <ele>580.6</ele>
   </trkpt>
   <trkpt lat="32.4754780" lon="-111.2939200">
    <ele>580.6</ele>
   </trkpt>
   <trkpt lat="32.4755090" lon="-111.2939650">
    <ele>580.6</ele>
   </trkpt>
   <trkpt lat="32.4755850" lon="-111.2940150">
    <ele>580.2</ele>
   </trkpt>
   <trkpt lat="32.4757020" lon="-111.2939410">
    <ele>580.2</ele>
   </trkpt>
   <trkpt lat="32.4757560" lon="-111.2939050">
    <ele>580.0</ele>
   </trkpt>
   <trkpt lat="32.4758620" lon="-111.2938890">
    <ele>580.2</ele>
   </trkpt>
   <trkpt lat="32.4759100" lon="-111.2939910">
    <ele>580.0</ele>
   </trkpt>
   <trkpt lat="32.4759180" lon="-111.2940620">
    <ele>580.2</ele>
   </trkpt>
   <trkpt lat="32.4759250" lon="-111.2942170">
    <ele>580.4</ele>
   </trkpt>
   <trkpt lat="32.4759370" lon="-111.2945570">
    <ele>580.2</ele>
   </trkpt>
   <trkpt lat="32.4760040" lon="-111.2947680">
    <ele>580.0</ele>
   </trkpt>
   <trkpt lat="32.4760500" lon="-111.2948650">
    <ele>579.8</ele>
   </trkpt>
   <trkpt lat="32.4760820" lon="-111.2949640">
    <ele>579.8</ele>
   </trkpt>
   <trkpt lat="32.4760820" lon="-111.2950580">
    <ele>579.8</ele>
   </trkpt>
   <trkpt lat="32.4760550" lon="-111.2951290">
    <ele>579.8</ele>
   </trkpt>
   <trkpt lat="32.4760150" lon="-111.2951560">
    <ele>579.8</ele>
   </trkpt>
   <trkpt lat="32.4759730" lon="-111.2951600">
    <ele>580.0</ele>
   </trkpt>
   <trkpt lat="32.4758630" lon="-111.2951070">
    <ele>579.8</ele>
   </trkpt>
   <trkpt lat="32.4756600" lon="-111.2949100">
    <ele>579.8</ele>
   </trkpt>
   <trkpt lat="32.4755270" lon="-111.2947570">
    <ele>579.6</ele>
   </trkpt>
   <trkpt lat="32.4753490" lon="-111.2946030">
    <ele>579.6</ele>
   </trkpt>
   <trkpt lat="32.4751710" lon="-111.2945350">
    <ele>579.6</ele>
   </trkpt>
   <trkpt lat="32.4750740" lon="-111.2945310">
    <ele>579.6</ele>
   </trkpt>
   <trkpt lat="32.4749020" lon="-111.2945610">
    <ele>579.4</ele>
   </trkpt>
   <trkpt lat="32.4748400" lon="-111.2946060">
    <ele>579.4</ele>
   </trkpt>
   <trkpt lat="32.4748100" lon="-111.2946770">
    <ele>579.4</ele>
   </trkpt>
   <trkpt lat="32.4748010" lon="-111.2947660">
    <ele>579.4</ele>
   </trkpt>
   <trkpt lat="32.4747980" lon="-111.2949790">
    <ele>579.4</ele>
   </trkpt>
   <trkpt lat="32.4748140" lon="-111.2950860">
    <ele>579.6</ele>
   </trkpt>
   <trkpt lat="32.4748500" lon="-111.2951760">
    <ele>579.6</ele>
   </trkpt>
   <trkpt lat="32.4749800" lon="-111.2952730">
    <ele>579.8</ele>
   </trkpt>
   <trkpt lat="32.4752140" lon="-111.2952460">
    <ele>579.8</ele>
   </trkpt>
   <trkpt lat="32.4754380" lon="-111.2953250">
    <ele>579.8</ele>
   </trkpt>
   <trkpt lat="32.4755430" lon="-111.2953720">
    <ele>579.8</ele>
   </trkpt>
   <trkpt lat="32.4756540" lon="-111.2953960">
    <ele>579.8</ele>
   </trkpt>
   <trkpt lat="32.4758890" lon="-111.2954110">
    <ele>579.8</ele>
   </trkpt>
   <trkpt lat="32.4759850" lon="-111.2954210">
    <ele>579.8</ele>
   </trkpt>
   <trkpt lat="32.4760440" lon="-111.2954250">
    <ele>580.0</ele>
   </trkpt>
   <trkpt lat="32.4762420" lon="-111.2954090">
    <ele>579.8</ele>
   </trkpt>
   <trkpt lat="32.4763950" lon="-111.2952940">
    <ele>579.8</ele>
   </trkpt>
   <trkpt lat="32.4764960" lon="-111.2950760">
    <ele>579.6</ele>
   </trkpt>
   <trkpt lat="32.4765160" lon="-111.2949580">
    <ele>579.4</ele>
   </trkpt>
   <trkpt lat="32.4765170" lon="-111.2948230">
    <ele>579.4</ele>
   </trkpt>
   <trkpt lat="32.4764800" lon="-111.2947130">
    <ele>579.4</ele>
   </trkpt>
   <trkpt lat="32.4764170" lon="-111.2946610">
    <ele>579.2</ele>
   </trkpt>
   <trkpt lat="32.4763510" lon="-111.2946350">
    <ele>579.2</ele>
   </trkpt>
   <trkpt lat="32.4762380" lon="-111.2945770">
    <ele>579.2</ele>
   </trkpt>
   <trkpt lat="32.4762040" lon="-111.2945310">
    <ele>579.4</ele>
   </trkpt>
   <trkpt lat="32.4761680" lon="-111.2943810">
    <ele>579.6</ele>
   </trkpt>
   <trkpt lat="32.4761990" lon="-111.2941860">
    <ele>579.6</ele>
   </trkpt>
   <trkpt lat="32.4762410" lon="-111.2940860">
    <ele>579.6</ele>
   </trkpt>
   <trkpt lat="32.4763390" lon="-111.2938790">
    <ele>579.4</ele>
   </trkpt>
   <trkpt lat="32.4763630" lon="-111.2937900">
    <ele>579.0</ele>
   </trkpt>
   <trkpt lat="32.4763860" lon="-111.2935920">
    <ele>579.0</ele>
   </trkpt>
   <trkpt lat="32.4763910" lon="-111.2933200">
    <ele>579.4</ele>
   </trkpt>
   <trkpt lat="32.4764010" lon="-111.2930250">
    <ele>579.2</ele>
   </trkpt>
   <trkpt lat="32.4763300" lon="-111.2928760">
    <ele>579.0</ele>
   </trkpt>
   <trkpt lat="32.4762120" lon="-111.2928540">
    <ele>579.0</ele>
   </trkpt>
   <trkpt lat="32.4761630" lon="-111.2928980">
    <ele>579.0</ele>
   </trkpt>
   <trkpt lat="32.4761320" lon="-111.2929640">
    <ele>579.0</ele>
   </trkpt>
   <trkpt lat="32.4761000" lon="-111.2930480">
    <ele>579.0</ele>
   </trkpt>
   <trkpt lat="32.4760520" lon="-111.2932180">
    <ele>579.0</ele>
   </trkpt>
   <trkpt lat="32.4760420" lon="-111.2933020">
    <ele>579.0</ele>
   </trkpt>
   <trkpt lat="32.4760190" lon="-111.2933830">
    <ele>579.0</ele>
   </trkpt>
   <trkpt lat="32.4759740" lon="-111.2934380">
    <ele>579.0</ele>
   </trkpt>
   <trkpt lat="32.4759130" lon="-111.2934650">
    <ele>579.0</ele>
   </trkpt>
   <trkpt lat="32.4758130" lon="-111.2934400">
    <ele>579.0</ele>
   </trkpt>
   <trkpt lat="32.4757940" lon="-111.2933090">
    <ele>579.0</ele>
   </trkpt>
   <trkpt lat="32.4758050" lon="-111.2930470">
    <ele>579.0</ele>
   </trkpt>
   <trkpt lat="32.4758050" lon="-111.2929400">
    <ele>579.0</ele>
   </trkpt>
   <trkpt lat="32.4757950" lon="-111.2928300">
    <ele>579.0</ele>
   </trkpt>
   <trkpt lat="32.4757700" lon="-111.2927810">
    <ele>579.2</ele>
   </trkpt>
   <trkpt lat="32.4757270" lon="-111.2927510">
    <ele>579.2</ele>
   </trkpt>
   <trkpt lat="32.4756430" lon="-111.2927390">
    <ele>579.0</ele>
   </trkpt>
   <trkpt lat="32.4755510" lon="-111.2927730">
    <ele>578.8</ele>
   </trkpt>
   <trkpt lat="32.4755290" lon="-111.2928170">
    <ele>578.8</ele>
   </trkpt>
   <trkpt lat="32.4755210" lon="-111.2928760">
    <ele>578.8</ele>
   </trkpt>
   <trkpt lat="32.4755250" lon="-111.2930000">
    <ele>578.6</ele>
   </trkpt>
   <trkpt lat="32.4755330" lon="-111.2930660">
    <ele>578.6</ele>
   </trkpt>
   <trkpt lat="32.4755110" lon="-111.2933790">
    <ele>579.4</ele>
   </trkpt>
   <trkpt lat="32.4754260" lon="-111.2934640">
    <ele>579.2</ele>
   </trkpt>
   <trkpt lat="32.4753530" lon="-111.2934750">
    <ele>579.4</ele>
   </trkpt>
   <trkpt lat="32.4752800" lon="-111.2934660">
    <ele>579.4</ele>
   </trkpt>
   <trkpt lat="32.4751810" lon="-111.2934150">
    <ele>579.4</ele>
   </trkpt>
   <trkpt lat="32.4751510" lon="-111.2933110">
    <ele>579.6</ele>
   </trkpt>
   <trkpt lat="32.4751400" lon="-111.2932480">
    <ele>579.8</ele>
   </trkpt>
   <trkpt lat="32.4750700" lon="-111.2929590">
    <ele>579.6</ele>
   </trkpt>
   <trkpt lat="32.4749830" lon="-111.2928510">
    <ele>579.4</ele>
   </trkpt>
   <trkpt lat="32.4748810" lon="-111.2928040">
    <ele>579.4</ele>
   </trkpt>
   <trkpt lat="32.4746140" lon="-111.2927570">
    <ele>579.0</ele>
   </trkpt>
   <trkpt lat="32.4742990" lon="-111.2927570">
    <ele>578.8</ele>
   </trkpt>
   <trkpt lat="32.4741710" lon="-111.2927560">
    <ele>579.6</ele>
   </trkpt>
   <trkpt lat="32.4740600" lon="-111.2927760">
    <ele>579.4</ele>
   </trkpt>
   <trkpt lat="32.4739410" lon="-111.2928140">
    <ele>578.6</ele>
   </trkpt>
   <trkpt lat="32.4738760" lon="-111.2929080">
    <ele>578.2</ele>
   </trkpt>
   <trkpt lat="32.4738880" lon="-111.2930520">
    <ele>578.2</ele>
   </trkpt>
   <trkpt lat="32.4739380" lon="-111.2931100">
    <ele>578.2</ele>
   </trkpt>
   <trkpt lat="32.4740400" lon="-111.2931530">
    <ele>578.6</ele>
   </trkpt>
   <trkpt lat="32.4742720" lon="-111.2931800">
    <ele>578.6</ele>
   </trkpt>
   <trkpt lat="32.4743770" lon="-111.2932110">
    <ele>578.6</ele>
   </trkpt>
   <trkpt lat="32.4744080" lon="-111.2932080">
    <ele>578.6</ele>
   </trkpt>
   <trkpt lat="32.4745800" lon="-111.2931820">
    <ele>578.6</ele>
   </trkpt>
   <trkpt lat="32.4747510" lon="-111.2932080">
    <ele>578.6</ele>
   </trkpt>
   <trkpt lat="32.4748260" lon="-111.2932460">
    <ele>578.6</ele>
   </trkpt>
   <trkpt lat="32.4749310" lon="-111.2933410">
    <ele>578.6</ele>
   </trkpt>
   <trkpt lat="32.4749710" lon="-111.2934110">
    <ele>578.8</ele>
   </trkpt>
   <trkpt lat="32.4750450" lon="-111.2935530">
    <ele>578.8</ele>
   </trkpt>
   <trkpt lat="32.4750570" lon="-111.2936100">
    <ele>578.6</ele>
   </trkpt>
   <trkpt lat="32.4750430" lon="-111.2936800">
    <ele>578.8</ele>
   </trkpt>
   <trkpt lat="32.4749430" lon="-111.2937160">
    <ele>578.8</ele>
   </trkpt>
   <trkpt lat="32.4748720" lon="-111.2937030">
    <ele>578.8</ele>
   </trkpt>
   <trkpt lat="32.4748020" lon="-111.2936580">
    <ele>578.8</ele>
   </trkpt>
   <trkpt lat="32.4746410" lon="-111.2935690">
    <ele>578.6</ele>
   </trkpt>
   <trkpt lat="32.4744910" lon="-111.2935640">
    <ele>578.4</ele>
   </trkpt>
   <trkpt lat="32.4744460" lon="-111.2935640">
    <ele>578.2</ele>
   </trkpt>
   <trkpt lat="32.4743370" lon="-111.2935570">
    <ele>578.4</ele>
   </trkpt>
   <trkpt lat="32.4742140" lon="-111.2935590">
    <ele>578.2</ele>
   </trkpt>
   <trkpt lat="32.4741300" lon="-111.2935610">
    <ele>578.2</ele>
   </trkpt>
   <trkpt lat="32.4739860" lon="-111.2936090">
    <ele>578.2</ele>
   </trkpt>
   <trkpt lat="32.4739110" lon="-111.2937010">
    <ele>578.2</ele>
   </trkpt>
   <trkpt lat="32.4738950" lon="-111.2937690">
    <ele>578.2</ele>
   </trkpt>
   <trkpt lat="32.4738910" lon="-111.2938480">
    <ele>578.4</ele>
   </trkpt>
   <trkpt lat="32.4739380" lon="-111.2939720">
    <ele>578.4</ele>
   </trkpt>
   <trkpt lat="32.4740320" lon="-111.2940360">
    <ele>578.6</ele>
   </trkpt>
   <trkpt lat="32.4740850" lon="-111.2940440">
    <ele>578.6</ele>
   </trkpt>
   <trkpt lat="32.4743100" lon="-111.2940640">
    <ele>578.6</ele>
   </trkpt>
   <trkpt lat="32.4743510" lon="-111.2940790">
    <ele>578.8</ele>
   </trkpt>
   <trkpt lat="32.4744610" lon="-111.2941140">
    <ele>578.6</ele>
   </trkpt>
   <trkpt lat="32.4745400" lon="-111.2941270">
    <ele>578.6</ele>
   </trkpt>
   <trkpt lat="32.4745730" lon="-111.2941350">
    <ele>578.6</ele>
   </trkpt>
   <trkpt lat="32.4746390" lon="-111.2941420">
    <ele>578.6</ele>
   </trkpt>
   <trkpt lat="32.4748300" lon="-111.2941260">
    <ele>578.6</ele>
   </trkpt>
   <trkpt lat="32.4750140" lon="-111.2941290">
    <ele>578.6</ele>
   </trkpt>
   <trkpt lat="32.4751370" lon="-111.2941130">
    <ele>578.6</ele>
   </trkpt>
   <trkpt lat="32.4751720" lon="-111.2940730">
    <ele>578.6</ele>
   </trkpt>
   <trkpt lat="32.4752490" lon="-111.2939460">
    <ele>578.6</ele>
   </trkpt>
   <trkpt lat="32.4752880" lon="-111.2938920">
    <ele>578.6</ele>
   </trkpt>
   <trkpt lat="32.4753510" lon="-111.2938050">
    <ele>578.6</ele>
   </trkpt>
   <trkpt lat="32.4754170" lon="-111.2938260">
    <ele>578.6</ele>
   </trkpt>
   <trkpt lat="32.4754800" lon="-111.2939480">
    <ele>578.8</ele>
   </trkpt>
   <trkpt lat="32.4755660" lon="-111.2939830">
    <ele>578.8</ele>
   </trkpt>
   <trkpt lat="32.4756180" lon="-111.2939630">
    <ele>578.6</ele>
   </trkpt>
   <trkpt lat="32.4757530" lon="-111.2938700">
    <ele>578.6</ele>
   </trkpt>
   <trkpt lat="32.4759020" lon="-111.2938270">
    <ele>578.6</ele>
   </trkpt>
   <trkpt lat="32.4759470" lon="-111.2938610">
    <ele>578.6</ele>
   </trkpt>
   <trkpt lat="32.4759640" lon="-111.2939230">
    <ele>578.6</ele>
   </trkpt>
   <trkpt lat="32.4759680" lon="-111.2940000">
    <ele>578.6</ele>
   </trkpt>
   <trkpt lat="32.4759650" lon="-111.2940760">
    <ele>578.6</ele>
   </trkpt>
   <trkpt lat="32.4759620" lon="-111.2941670">
    <ele>578.6</ele>
   </trkpt>
   <trkpt lat="32.4759650" lon="-111.2942970">
    <ele>578.8</ele>
   </trkpt>
   <trkpt lat="32.4759700" lon="-111.2944790">
    <ele>578.8</ele>
   </trkpt>
   <trkpt lat="32.4760310" lon="-111.2946960">
    <ele>578.6</ele>
   </trkpt>
   <trkpt lat="32.4760720" lon="-111.2948070">
    <ele>578.4</ele>
   </trkpt>
   <trkpt lat="32.4761050" lon="-111.2949140">
    <ele>578.0</ele>
   </trkpt>
   <trkpt lat="32.4761040" lon="-111.2950110">
    <ele>578.0</ele>
   </trkpt>
   <trkpt lat="32.4760630" lon="-111.2951570">
    <ele>578.0</ele>
   </trkpt>
   <trkpt lat="32.4760220" lon="-111.2951720">
    <ele>578.0</ele>
   </trkpt>
   <trkpt lat="32.4759050" lon="-111.2951370">
    <ele>578.2</ele>
   </trkpt>
   <trkpt lat="32.4758360" lon="-111.2950900">
    <ele>578.4</ele>
   </trkpt>
   <trkpt lat="32.4757660" lon="-111.2950190">
    <ele>578.4</ele>
   </trkpt>
   <trkpt lat="32.4756490" lon="-111.2948640">
    <ele>578.4</ele>
   </trkpt>
   <trkpt lat="32.4755640" lon="-111.2947480">
    <ele>578.4</ele>
   </trkpt>
   <trkpt lat="32.4755060" lon="-111.2947020">
    <ele>578.4</ele>
   </trkpt>
   <trkpt lat="32.4753550" lon="-111.2945910">
    <ele>578.2</ele>
   </trkpt>
   <trkpt lat="32.4752630" lon="-111.2945490">
    <ele>578.2</ele>
   </trkpt>
   <trkpt lat="32.4751660" lon="-111.2945270">
    <ele>578.2</ele>
   </trkpt>
   <trkpt lat="32.4749750" lon="-111.2945300">
    <ele>578.2</ele>
   </trkpt>
   <trkpt lat="32.4748620" lon="-111.2946490">
    <ele>578.0</ele>
   </trkpt>
   <trkpt lat="32.4748250" lon="-111.2949540">
    <ele>578.2</ele>
   </trkpt>
   <trkpt lat="32.4748670" lon="-111.2951710">
    <ele>578.2</ele>
   </trkpt>
   <trkpt lat="32.4750000" lon="-111.2952560">
    <ele>578.6</ele>
   </trkpt>
   <trkpt lat="32.4750900" lon="-111.2952580">
    <ele>578.6</ele>
   </trkpt>
   <trkpt lat="32.4752990" lon="-111.2952490">
    <ele>578.6</ele>
   </trkpt>
   <trkpt lat="32.4756120" lon="-111.2953810">
    <ele>578.6</ele>
   </trkpt>
   <trkpt lat="32.4759570" lon="-111.2954080">
    <ele>578.6</ele>
   </trkpt>
   <trkpt lat="32.4760850" lon="-111.2954080">
    <ele>578.6</ele>
   </trkpt>
   <trkpt lat="32.4761390" lon="-111.2954070">
    <ele>578.4</ele>
   </trkpt>
   <trkpt lat="32.4762950" lon="-111.2953750">
    <ele>578.6</ele>
   </trkpt>
   <trkpt lat="32.4763670" lon="-111.2953150">
    <ele>578.6</ele>
   </trkpt>
   <trkpt lat="32.4764250" lon="-111.2952220">
    <ele>578.4</ele>
   </trkpt>
   <trkpt lat="32.4764880" lon="-111.2949940">
    <ele>578.4</ele>
   </trkpt>
   <trkpt lat="32.4765010" lon="-111.2947700">
    <ele>578.4</ele>
   </trkpt>
   <trkpt lat="32.4764320" lon="-111.2946540">
    <ele>578.2</ele>
   </trkpt>
   <trkpt lat="32.4763730" lon="-111.2946180">
    <ele>578.2</ele>
   </trkpt>
   <trkpt lat="32.4762350" lon="-111.2945460">
    <ele>578.4</ele>
   </trkpt>
   <trkpt lat="32.4761720" lon="-111.2944070">
    <ele>578.6</ele>
   </trkpt>
   <trkpt lat="32.4761880" lon="-111.2942040">
    <ele>578.8</ele>
   </trkpt>
   <trkpt lat="32.4762250" lon="-111.2941030">
    <ele>578.8</ele>
   </trkpt>
   <trkpt lat="32.4762790" lon="-111.2940040">
    <ele>578.8</ele>
   </trkpt>
   <trkpt lat="32.4763700" lon="-111.2938040">
    <ele>578.8</ele>
   </trkpt>
   <trkpt lat="32.4763850" lon="-111.2936570">
    <ele>578.6</ele>
   </trkpt>
   <trkpt lat="32.4763740" lon="-111.2933790">
    <ele>578.6</ele>
   </trkpt>
   <trkpt lat="32.4763900" lon="-111.2931100">
    <ele>578.6</ele>
   </trkpt>
   <trkpt lat="32.4763860" lon="-111.2930120">
    <ele>578.4</ele>
   </trkpt>
   <trkpt lat="32.4763070" lon="-111.2928820">
    <ele>578.2</ele>
   </trkpt>
   <trkpt lat="32.4761850" lon="-111.2928850">
    <ele>578.0</ele>
   </trkpt>
   <trkpt lat="32.4760940" lon="-111.2929890">
    <ele>578.2</ele>
   </trkpt>
   <trkpt lat="32.4760390" lon="-111.2932830">
    <ele>578.4</ele>
   </trkpt>
   <trkpt lat="32.4760140" lon="-111.2933810">
    <ele>578.4</ele>
   </trkpt>
   <trkpt lat="32.4759670" lon="-111.2934380">
    <ele>578.6</ele>
   </trkpt>
   <trkpt lat="32.4758310" lon="-111.2934120">
    <ele>578.6</ele>
   </trkpt>
   <trkpt lat="32.4757790" lon="-111.2933570">
    <ele>578.6</ele>
   </trkpt>
   <trkpt lat="32.4757620" lon="-111.2932790">
    <ele>578.6</ele>
   </trkpt>
   <trkpt lat="32.4757690" lon="-111.2929190">
    <ele>578.2</ele>
   </trkpt>
   <trkpt lat="32.4757660" lon="-111.2928100">
    <ele>578.2</ele>
   </trkpt>
   <trkpt lat="32.4757090" lon="-111.2927320">
    <ele>578.2</ele>
   </trkpt>
   <trkpt lat="32.4755930" lon="-111.2927320">
    <ele>578.2</ele>
   </trkpt>
   <trkpt lat="32.4755600" lon="-111.2927540">
    <ele>578.2</ele>
   </trkpt>
   <trkpt lat="32.4755220" lon="-111.2928690">
    <ele>578.2</ele>
   </trkpt>
   <trkpt lat="32.4755140" lon="-111.2930490">
    <ele>578.0</ele>
   </trkpt>
   <trkpt lat="32.4755050" lon="-111.2931200">
    <ele>578.0</ele>
   </trkpt>
   <trkpt lat="32.4755030" lon="-111.2932460">
    <ele>578.2</ele>
   </trkpt>
   <trkpt lat="32.4754990" lon="-111.2933570">
    <ele>578.2</ele>
   </trkpt>
   <trkpt lat="32.4754590" lon="-111.2934520">
    <ele>578.2</ele>
   </trkpt>
   <trkpt lat="32.4754000" lon="-111.2934820">
    <ele>578.2</ele>
   </trkpt>
   <trkpt lat="32.4753230" lon="-111.2934910">
    <ele>578.4</ele>
   </trkpt>
   <trkpt lat="32.4751810" lon="-111.2934560">
    <ele>578.4</ele>
   </trkpt>
   <trkpt lat="32.4751190" lon="-111.2933650">
    <ele>578.6</ele>
   </trkpt>
   <trkpt lat="32.4751000" lon="-111.2931940">
    <ele>578.6</ele>
   </trkpt>
   <trkpt lat="32.4750680" lon="-111.2929820">
    <ele>578.6</ele>
   </trkpt>
   <trkpt lat="32.4750320" lon="-111.2929170">
    <ele>578.6</ele>
   </trkpt>
   <trkpt lat="32.4749810" lon="-111.2928730">
    <ele>578.6</ele>
   </trkpt>
   <trkpt lat="32.4749180" lon="-111.2928290">
    <ele>578.4</ele>
   </trkpt>
   <trkpt lat="32.4747230" lon="-111.2927610">
    <ele>578.6</ele>
   </trkpt>
   <trkpt lat="32.4745190" lon="-111.2927520">
    <ele>578.4</ele>
   </trkpt>
   <trkpt lat="32.4742470" lon="-111.2927520">
    <ele>578.2</ele>
   </trkpt>
   <trkpt lat="32.4741820" lon="-111.2927510">
    <ele>579.2</ele>
   </trkpt>
   <trkpt lat="32.4740190" lon="-111.2927480">
    <ele>578.4</ele>
   </trkpt>
   <trkpt lat="32.4739590" lon="-111.2927600">
    <ele>578.2</ele>
   </trkpt>
   <trkpt lat="32.4739150" lon="-111.2927920">
    <ele>578.2</ele>
   </trkpt>
   <trkpt lat="32.4738610" lon="-111.2928750">
    <ele>578.2</ele>
   </trkpt>
   <trkpt lat="32.4738440" lon="-111.2929790">
    <ele>578.4</ele>
   </trkpt>
   <trkpt lat="32.4738580" lon="-111.2930280">
    <ele>578.4</ele>
   </trkpt>
   <trkpt lat="32.4738810" lon="-111.2930690">
    <ele>578.4</ele>
   </trkpt>
   <trkpt lat="32.4739510" lon="-111.2931350">
    <ele>578.4</ele>
   </trkpt>
   <trkpt lat="32.4740810" lon="-111.2931540">
    <ele>578.4</ele>
   </trkpt>
   <trkpt lat="32.4741630" lon="-111.2931530">
    <ele>578.4</ele>
   </trkpt>
   <trkpt lat="32.4742480" lon="-111.2931630">
    <ele>578.4</ele>
   </trkpt>
   <trkpt lat="32.4743820" lon="-111.2931980">
    <ele>578.4</ele>
   </trkpt>
   <trkpt lat="32.4744340" lon="-111.2932000">
    <ele>578.4</ele>
   </trkpt>
   <trkpt lat="32.4746180" lon="-111.2931740">
    <ele>578.4</ele>
   </trkpt>
   <trkpt lat="32.4747030" lon="-111.2931730">
    <ele>578.4</ele>
   </trkpt>
   <trkpt lat="32.4748580" lon="-111.2932520">
    <ele>578.4</ele>
   </trkpt>
   <trkpt lat="32.4749280" lon="-111.2933600">
    <ele>578.2</ele>
   </trkpt>
   <trkpt lat="32.4749690" lon="-111.2934360">
    <ele>578.0</ele>
   </trkpt>
   <trkpt lat="32.4750850" lon="-111.2936460">
    <ele>577.6</ele>
   </trkpt>
   <trkpt lat="32.4750920" lon="-111.2937040">
    <ele>577.6</ele>
   </trkpt>
   <trkpt lat="32.4750440" lon="-111.2937440">
    <ele>577.6</ele>
   </trkpt>
   <trkpt lat="32.4749860" lon="-111.2937580">
    <ele>578.0</ele>
   </trkpt>
   <trkpt lat="32.4749210" lon="-111.2937420">
    <ele>578.2</ele>
   </trkpt>
   <trkpt lat="32.4748480" lon="-111.2936910">
    <ele>578.2</ele>
   </trkpt>
   <trkpt lat="32.4747640" lon="-111.2936340">
    <ele>578.2</ele>
   </trkpt>
   <trkpt lat="32.4746690" lon="-111.2935990">
    <ele>578.2</ele>
   </trkpt>
   <trkpt lat="32.4745800" lon="-111.2935940">
    <ele>578.2</ele>
   </trkpt>
   <trkpt lat="32.4744530" lon="-111.2935960">
    <ele>577.8</ele>
   </trkpt>
   <trkpt lat="32.4743330" lon="-111.2935790">
    <ele>577.8</ele>
   </trkpt>
   <trkpt lat="32.4741700" lon="-111.2935790">
    <ele>578.0</ele>
   </trkpt>
   <trkpt lat="32.4740810" lon="-111.2935920">
    <ele>577.8</ele>
   </trkpt>
   <trkpt lat="32.4739490" lon="-111.2936830">
    <ele>578.0</ele>
   </trkpt>
   <trkpt lat="32.4739020" lon="-111.2938240">
    <ele>577.8</ele>
   </trkpt>
   <trkpt lat="32.4739270" lon="-111.2939690">
    <ele>578.0</ele>
   </trkpt>
   <trkpt lat="32.4739660" lon="-111.2940110">
    <ele>578.2</ele>
   </trkpt>
   <trkpt lat="32.4740840" lon="-111.2940640">
    <ele>578.4</ele>
   </trkpt>
   <trkpt lat="32.4742750" lon="-111.2940960">
    <ele>578.6</ele>
   </trkpt>
   <trkpt lat="32.4745550" lon="-111.2940890">
    <ele>578.4</ele>
   </trkpt>
   <trkpt lat="32.4747000" lon="-111.2940960">
    <ele>578.4</ele>
   </trkpt>
   <trkpt lat="32.4748500" lon="-111.2941060">
    <ele>578.6</ele>
   </trkpt>
   <trkpt lat="32.4749830" lon="-111.2941410">
    <ele>578.4</ele>
   </trkpt>
   <trkpt lat="32.4751100" lon="-111.2941430">
    <ele>578.4</ele>
   </trkpt>
   <trkpt lat="32.4751490" lon="-111.2941230">
    <ele>578.4</ele>
   </trkpt>
   <trkpt lat="32.4751800" lon="-111.2940800">
    <ele>578.4</ele>
   </trkpt>
   <trkpt lat="32.4752570" lon="-111.2939470">
    <ele>578.4</ele>
   </trkpt>
   <trkpt lat="32.4753300" lon="-111.2938520">
    <ele>578.4</ele>
   </trkpt>
   <trkpt lat="32.4753630" lon="-111.2938200">
    <ele>578.4</ele>
   </trkpt>
   <trkpt lat="32.4753920" lon="-111.2938290">
    <ele>578.6</ele>
   </trkpt>
   <trkpt lat="32.4754110" lon="-111.2938540">
    <ele>578.6</ele>
   </trkpt>
   <trkpt lat="32.4754720" lon="-111.2939710">
    <ele>578.4</ele>
   </trkpt>
   <trkpt lat="32.4755790" lon="-111.2940090">
    <ele>578.4</ele>
   </trkpt>
   <trkpt lat="32.4756490" lon="-111.2939780">
    <ele>578.4</ele>
   </trkpt>
   <trkpt lat="32.4757200" lon="-111.2939230">
    <ele>578.4</ele>
   </trkpt>
   <trkpt lat="32.4758520" lon="-111.2938520">
    <ele>578.4</ele>
   </trkpt>
   <trkpt lat="32.4759340" lon="-111.2939050">
    <ele>578.4</ele>
   </trkpt>
   <trkpt lat="32.4759300" lon="-111.2940590">
    <ele>578.4</ele>
   </trkpt>
   <trkpt lat="32.4759190" lon="-111.2941130">
    <ele>578.4</ele>
   </trkpt>
   <trkpt lat="32.4759200" lon="-111.2941560">
    <ele>578.4</ele>
   </trkpt>
   <trkpt lat="32.4759260" lon="-111.2942870">
    <ele>578.4</ele>
   </trkpt>
   <trkpt lat="32.4759360" lon="-111.2944780">
    <ele>578.4</ele>
   </trkpt>
   <trkpt lat="32.4759580" lon="-111.2945840">
    <ele>578.4</ele>
   </trkpt>
   <trkpt lat="32.4759970" lon="-111.2946880">
    <ele>578.2</ele>
   </trkpt>
   <trkpt lat="32.4760800" lon="-111.2949080">
    <ele>578.0</ele>
   </trkpt>
   <trkpt lat="32.4760760" lon="-111.2951090">
    <ele>578.0</ele>
   </trkpt>
   <trkpt lat="32.4759990" lon="-111.2951740">
    <ele>578.0</ele>
   </trkpt>
   <trkpt lat="32.4758960" lon="-111.2951340">
    <ele>578.2</ele>
   </trkpt>
   <trkpt lat="32.4758310" lon="-111.2950840">
    <ele>578.4</ele>
   </trkpt>
   <trkpt lat="32.4757620" lon="-111.2950150">
    <ele>578.4</ele>
   </trkpt>
   <trkpt lat="32.4756470" lon="-111.2948680">
    <ele>578.2</ele>
   </trkpt>
   <trkpt lat="32.4755550" lon="-111.2947570">
    <ele>578.2</ele>
   </trkpt>
   <trkpt lat="32.4755050" lon="-111.2947130">
    <ele>578.4</ele>
   </trkpt>
   <trkpt lat="32.4753690" lon="-111.2945990">
    <ele>578.2</ele>
   </trkpt>
   <trkpt lat="32.4752770" lon="-111.2945600">
    <ele>578.4</ele>
   </trkpt>
   <trkpt lat="32.4751780" lon="-111.2945390">
    <ele>578.4</ele>
   </trkpt>
   <trkpt lat="32.4749690" lon="-111.2945370">
    <ele>578.4</ele>
   </trkpt>
   <trkpt lat="32.4748400" lon="-111.2946440">
    <ele>578.4</ele>
   </trkpt>
   <trkpt lat="32.4748120" lon="-111.2948480">
    <ele>578.4</ele>
   </trkpt>
   <trkpt lat="32.4748140" lon="-111.2950720">
    <ele>578.8</ele>
   </trkpt>
   <trkpt lat="32.4748510" lon="-111.2951570">
    <ele>578.8</ele>
   </trkpt>
   <trkpt lat="32.4749140" lon="-111.2952040">
    <ele>578.8</ele>
   </trkpt>
   <trkpt lat="32.4749960" lon="-111.2952230">
    <ele>578.8</ele>
   </trkpt>
   <trkpt lat="32.4750900" lon="-111.2952220">
    <ele>578.8</ele>
   </trkpt>
   <trkpt lat="32.4753000" lon="-111.2952200">
    <ele>578.8</ele>
   </trkpt>
   <trkpt lat="32.4756200" lon="-111.2953470">
    <ele>578.8</ele>
   </trkpt>
   <trkpt lat="32.4759540" lon="-111.2953830">
    <ele>578.6</ele>
   </trkpt>
   <trkpt lat="32.4761680" lon="-111.2953740">
    <ele>578.6</ele>
   </trkpt>
   <trkpt lat="32.4763380" lon="-111.2953330">
    <ele>578.6</ele>
   </trkpt>
   <trkpt lat="32.4764140" lon="-111.2952720">
    <ele>578.6</ele>
   </trkpt>
   <trkpt lat="32.4764790" lon="-111.2951930">
    <ele>578.6</ele>
   </trkpt>
   <trkpt lat="32.4765460" lon="-111.2949930">
    <ele>578.6</ele>
   </trkpt>
   <trkpt lat="32.4765420" lon="-111.2948320">
    <ele>578.6</ele>
   </trkpt>
   <trkpt lat="32.4765240" lon="-111.2947650">
    <ele>578.6</ele>
   </trkpt>
   <trkpt lat="32.4764830" lon="-111.2946990">
    <ele>578.6</ele>
   </trkpt>
   <trkpt lat="32.4764220" lon="-111.2946530">
    <ele>578.6</ele>
   </trkpt>
   <trkpt lat="32.4763640" lon="-111.2946420">
    <ele>578.6</ele>
   </trkpt>
   <trkpt lat="32.4763130" lon="-111.2946290">
    <ele>578.8</ele>
   </trkpt>
   <trkpt lat="32.4762610" lon="-111.2945960">
    <ele>578.8</ele>
   </trkpt>
   <trkpt lat="32.4761910" lon="-111.2944510">
    <ele>578.8</ele>
   </trkpt>
   <trkpt lat="32.4762020" lon="-111.2942480">
    <ele>578.8</ele>
   </trkpt>
   <trkpt lat="32.4762270" lon="-111.2941470">
    <ele>578.8</ele>
   </trkpt>
   <trkpt lat="32.4762510" lon="-111.2940840">
    <ele>579.0</ele>
   </trkpt>
   <trkpt lat="32.4762600" lon="-111.2940690">
    <ele>579.2</ele>
   </trkpt>
   <trkpt lat="32.4762820" lon="-111.2940340">
    <ele>579.2</ele>
   </trkpt>
   <trkpt lat="32.4763690" lon="-111.2938870">
    <ele>579.0</ele>
   </trkpt>
   <trkpt lat="32.4763760" lon="-111.2938330">
    <ele>579.0</ele>
   </trkpt>
   <trkpt lat="32.4763840" lon="-111.2937290">
    <ele>578.8</ele>
   </trkpt>
   <trkpt lat="32.4763850" lon="-111.2936820">
    <ele>578.8</ele>
   </trkpt>
   <trkpt lat="32.4763740" lon="-111.2936000">
    <ele>578.8</ele>
   </trkpt>
   <trkpt lat="32.4763830" lon="-111.2934590">
    <ele>578.8</ele>
   </trkpt>
   <trkpt lat="32.4764000" lon="-111.2931800">
    <ele>578.8</ele>
   </trkpt>
   <trkpt lat="32.4764040" lon="-111.2930740">
    <ele>578.8</ele>
   </trkpt>
   <trkpt lat="32.4763420" lon="-111.2928990">
    <ele>578.8</ele>
   </trkpt>
   <trkpt lat="32.4762440" lon="-111.2928650">
    <ele>578.8</ele>
   </trkpt>
   <trkpt lat="32.4761960" lon="-111.2928830">
    <ele>578.8</ele>
   </trkpt>
   <trkpt lat="32.4761090" lon="-111.2930080">
    <ele>578.8</ele>
   </trkpt>
   <trkpt lat="32.4760510" lon="-111.2932790">
    <ele>578.8</ele>
   </trkpt>
   <trkpt lat="32.4760060" lon="-111.2934540">
    <ele>579.0</ele>
   </trkpt>
   <trkpt lat="32.4759480" lon="-111.2934820">
    <ele>579.0</ele>
   </trkpt>
   <trkpt lat="32.4758270" lon="-111.2934090">
    <ele>578.8</ele>
   </trkpt>
   <trkpt lat="32.4757870" lon="-111.2932640">
    <ele>578.8</ele>
   </trkpt>
   <trkpt lat="32.4757910" lon="-111.2931830">
    <ele>578.8</ele>
   </trkpt>
   <trkpt lat="32.4758030" lon="-111.2930530">
    <ele>578.6</ele>
   </trkpt>
   <trkpt lat="32.4758080" lon="-111.2929500">
    <ele>578.6</ele>
   </trkpt>
   <trkpt lat="32.4757920" lon="-111.2928440">
    <ele>578.6</ele>
   </trkpt>
   <trkpt lat="32.4757180" lon="-111.2927710">
    <ele>578.6</ele>
   </trkpt>
   <trkpt lat="32.4756200" lon="-111.2927520">
    <ele>578.6</ele>
   </trkpt>
   <trkpt lat="32.4755770" lon="-111.2927500">
    <ele>578.6</ele>
   </trkpt>
   <trkpt lat="32.4755180" lon="-111.2927950">
    <ele>578.6</ele>
   </trkpt>
   <trkpt lat="32.4754990" lon="-111.2928510">
    <ele>578.6</ele>
   </trkpt>
   <trkpt lat="32.4754890" lon="-111.2929980">
    <ele>578.6</ele>
   </trkpt>
   <trkpt lat="32.4754850" lon="-111.2930640">
    <ele>578.6</ele>
   </trkpt>
   <trkpt lat="32.4754800" lon="-111.2931590">
    <ele>578.4</ele>
   </trkpt>
   <trkpt lat="32.4754940" lon="-111.2933040">
    <ele>578.8</ele>
   </trkpt>
   <trkpt lat="32.4754850" lon="-111.2933970">
    <ele>578.6</ele>
   </trkpt>
   <trkpt lat="32.4753990" lon="-111.2934570">
    <ele>578.6</ele>
   </trkpt>
   <trkpt lat="32.4752630" lon="-111.2934450">
    <ele>578.4</ele>
   </trkpt>
   <trkpt lat="32.4752100" lon="-111.2934200">
    <ele>578.4</ele>
   </trkpt>
   <trkpt lat="32.4751730" lon="-111.2933900">
    <ele>578.6</ele>
   </trkpt>
   <trkpt lat="32.4751530" lon="-111.2933530">
    <ele>578.6</ele>
   </trkpt>
   <trkpt lat="32.4751430" lon="-111.2932920">
    <ele>578.6</ele>
   </trkpt>
   <trkpt lat="32.4751150" lon="-111.2930370">
    <ele>578.4</ele>
   </trkpt>
   <trkpt lat="32.4750870" lon="-111.2929380">
    <ele>578.4</ele>
   </trkpt>
   <trkpt lat="32.4750090" lon="-111.2928230">
    <ele>578.4</ele>
   </trkpt>
   <trkpt lat="32.4749210" lon="-111.2927640">
    <ele>578.4</ele>
   </trkpt>
   <trkpt lat="32.4747260" lon="-111.2927430">
    <ele>578.4</ele>
   </trkpt>
   <trkpt lat="32.4746170" lon="-111.2927320">
    <ele>578.2</ele>
   </trkpt>
   <trkpt lat="32.4745680" lon="-111.2927310">
    <ele>578.2</ele>
   </trkpt>
   <trkpt lat="32.4743090" lon="-111.2927350">
    <ele>578.0</ele>
   </trkpt>
   <trkpt lat="32.4742470" lon="-111.2927350">
    <ele>578.2</ele>
   </trkpt>
   <trkpt lat="32.4741810" lon="-111.2927360">
    <ele>578.8</ele>
   </trkpt>
   <trkpt lat="32.4740620" lon="-111.2927480">
    <ele>578.6</ele>
   </trkpt>
   <trkpt lat="32.4739440" lon="-111.2927800">
    <ele>578.2</ele>
   </trkpt>
   <trkpt lat="32.4738540" lon="-111.2928590">
    <ele>578.2</ele>
   </trkpt>
   <trkpt lat="32.4738360" lon="-111.2929010">
    <ele>578.2</ele>
   </trkpt>
   <trkpt lat="32.4738320" lon="-111.2929840">
    <ele>578.2</ele>
   </trkpt>
   <trkpt lat="32.4738460" lon="-111.2930250">
    <ele>578.2</ele>
   </trkpt>
   <trkpt lat="32.4738880" lon="-111.2930900">
    <ele>578.2</ele>
   </trkpt>
   <trkpt lat="32.4739880" lon="-111.2931330">
    <ele>578.2</ele>
   </trkpt>
   <trkpt lat="32.4742310" lon="-111.2931530">
    <ele>578.2</ele>
   </trkpt>
   <trkpt lat="32.4743660" lon="-111.2931940">
    <ele>578.2</ele>
   </trkpt>
   <trkpt lat="32.4744140" lon="-111.2931990">
    <ele>578.4</ele>
   </trkpt>
   <trkpt lat="32.4744620" lon="-111.2931970">
    <ele>578.4</ele>
   </trkpt>
   <trkpt lat="32.4746770" lon="-111.2931850">
    <ele>578.4</ele>
   </trkpt>
   <trkpt lat="32.4747630" lon="-111.2931990">
    <ele>578.4</ele>
   </trkpt>
   <trkpt lat="32.4748440" lon="-111.2932460">
    <ele>578.4</ele>
   </trkpt>
   <trkpt lat="32.4748940" lon="-111.2932960">
    <ele>578.4</ele>
   </trkpt>
   <trkpt lat="32.4749690" lon="-111.2934320">
    <ele>578.2</ele>
   </trkpt>
   <trkpt lat="32.4750410" lon="-111.2935970">
    <ele>578.0</ele>
   </trkpt>
   <trkpt lat="32.4750600" lon="-111.2936550">
    <ele>577.8</ele>
   </trkpt>
   <trkpt lat="32.4750620" lon="-111.2936910">
    <ele>577.8</ele>
   </trkpt>
   <trkpt lat="32.4750330" lon="-111.2937540">
    <ele>577.8</ele>
   </trkpt>
   <trkpt lat="32.4749830" lon="-111.2937660">
    <ele>578.0</ele>
   </trkpt>
   <trkpt lat="32.4749170" lon="-111.2937570">
    <ele>578.2</ele>
   </trkpt>
   <trkpt lat="32.4748600" lon="-111.2937270">
    <ele>578.2</ele>
   </trkpt>
   <trkpt lat="32.4748150" lon="-111.2936830">
    <ele>578.2</ele>
   </trkpt>
   <trkpt lat="32.4747230" lon="-111.2936040">
    <ele>578.2</ele>
   </trkpt>
   <trkpt lat="32.4746880" lon="-111.2935880">
    <ele>578.0</ele>
   </trkpt>
   <trkpt lat="32.4745840" lon="-111.2935950">
    <ele>577.8</ele>
   </trkpt>
   <trkpt lat="32.4744830" lon="-111.2936040">
    <ele>579.4</ele>
   </trkpt>
   <trkpt lat="32.4743760" lon="-111.2935970">
    <ele>579.2</ele>
   </trkpt>
   <trkpt lat="32.4742050" lon="-111.2935970">
    <ele>578.0</ele>
   </trkpt>
   <trkpt lat="32.4741230" lon="-111.2936040">
    <ele>577.6</ele>
   </trkpt>
   <trkpt lat="32.4740470" lon="-111.2936220">
    <ele>577.6</ele>
   </trkpt>
   <trkpt lat="32.4739440" lon="-111.2936960">
    <ele>577.6</ele>
   </trkpt>
   <trkpt lat="32.4739070" lon="-111.2938320">
    <ele>577.6</ele>
   </trkpt>
   <trkpt lat="32.4739110" lon="-111.2939000">
    <ele>577.6</ele>
   </trkpt>
   <trkpt lat="32.4739310" lon="-111.2939560">
    <ele>577.6</ele>
   </trkpt>
   <trkpt lat="32.4740060" lon="-111.2940310">
    <ele>577.6</ele>
   </trkpt>
   <trkpt lat="32.4741090" lon="-111.2940660">
    <ele>577.6</ele>
   </trkpt>
   <trkpt lat="32.4742310" lon="-111.2940950">
    <ele>577.8</ele>
   </trkpt>
   <trkpt lat="32.4743080" lon="-111.2941080">
    <ele>578.0</ele>
   </trkpt>
   <trkpt lat="32.4744620" lon="-111.2941220">
    <ele>578.0</ele>
   </trkpt>
   <trkpt lat="32.4745370" lon="-111.2941190">
    <ele>578.0</ele>
   </trkpt>
   <trkpt lat="32.4747380" lon="-111.2941020">
    <ele>577.8</ele>
   </trkpt>
   <trkpt lat="32.4749540" lon="-111.2941230">
    <ele>577.8</ele>
   </trkpt>
   <trkpt lat="32.4750930" lon="-111.2941300">
    <ele>578.0</ele>
   </trkpt>
   <trkpt lat="32.4751670" lon="-111.2940900">
    <ele>577.8</ele>
   </trkpt>
   <trkpt lat="32.4752600" lon="-111.2939030">
    <ele>577.8</ele>
   </trkpt>
   <trkpt lat="32.4752830" lon="-111.2938560">
    <ele>578.0</ele>
   </trkpt>
   <trkpt lat="32.4753590" lon="-111.2938100">
    <ele>577.8</ele>
   </trkpt>
   <trkpt lat="32.4754260" lon="-111.2938480">
    <ele>578.0</ele>
   </trkpt>
   <trkpt lat="32.4754400" lon="-111.2938720">
    <ele>578.0</ele>
   </trkpt>
   <trkpt lat="32.4755070" lon="-111.2939860">
    <ele>578.2</ele>
   </trkpt>
   <trkpt lat="32.4756070" lon="-111.2940040">
    <ele>578.2</ele>
   </trkpt>
   <trkpt lat="32.4756700" lon="-111.2939660">
    <ele>578.2</ele>
   </trkpt>
   <trkpt lat="32.4758120" lon="-111.2938700">
    <ele>578.0</ele>
   </trkpt>
   <trkpt lat="32.4758780" lon="-111.2938520">
    <ele>577.8</ele>
   </trkpt>
   <trkpt lat="32.4759290" lon="-111.2938710">
    <ele>577.8</ele>
   </trkpt>
   <trkpt lat="32.4759510" lon="-111.2939260">
    <ele>577.8</ele>
   </trkpt>
   <trkpt lat="32.4759530" lon="-111.2940670">
    <ele>577.8</ele>
   </trkpt>
   <trkpt lat="32.4759430" lon="-111.2941120">
    <ele>577.8</ele>
   </trkpt>
   <trkpt lat="32.4759460" lon="-111.2941530">
    <ele>577.8</ele>
   </trkpt>
   <trkpt lat="32.4759490" lon="-111.2942790">
    <ele>578.0</ele>
   </trkpt>
   <trkpt lat="32.4759460" lon="-111.2943670">
    <ele>578.0</ele>
   </trkpt>
   <trkpt lat="32.4759490" lon="-111.2944710">
    <ele>578.0</ele>
   </trkpt>
   <trkpt lat="32.4760120" lon="-111.2946910">
    <ele>577.8</ele>
   </trkpt>
   <trkpt lat="32.4761000" lon="-111.2949100">
    <ele>577.6</ele>
   </trkpt>
   <trkpt lat="32.4761080" lon="-111.2950110">
    <ele>577.6</ele>
   </trkpt>
   <trkpt lat="32.4760890" lon="-111.2950940">
    <ele>577.6</ele>
   </trkpt>
   <trkpt lat="32.4760520" lon="-111.2951480">
    <ele>577.6</ele>
   </trkpt>
   <trkpt lat="32.4759960" lon="-111.2951570">
    <ele>577.8</ele>
   </trkpt>
   <trkpt lat="32.4759320" lon="-111.2951340">
    <ele>577.8</ele>
   </trkpt>
   <trkpt lat="32.4758600" lon="-111.2950800">
    <ele>577.8</ele>
   </trkpt>
   <trkpt lat="32.4757130" lon="-111.2949380">
    <ele>577.8</ele>
   </trkpt>
   <trkpt lat="32.4756620" lon="-111.2948690">
    <ele>577.8</ele>
   </trkpt>
   <trkpt lat="32.4756270" lon="-111.2948110">
    <ele>577.6</ele>
   </trkpt>
   <trkpt lat="32.4755900" lon="-111.2947610">
    <ele>577.8</ele>
   </trkpt>
   <trkpt lat="32.4754300" lon="-111.2946220">
    <ele>577.8</ele>
   </trkpt>
   <trkpt lat="32.4753510" lon="-111.2945690">
    <ele>577.8</ele>
   </trkpt>
   <trkpt lat="32.4751610" lon="-111.2945030">
    <ele>577.8</ele>
   </trkpt>
   <trkpt lat="32.4749630" lon="-111.2945140">
    <ele>577.8</ele>
   </trkpt>
   <trkpt lat="32.4748800" lon="-111.2945620">
    <ele>577.8</ele>
   </trkpt>
   <trkpt lat="32.4748320" lon="-111.2946360">
    <ele>577.8</ele>
   </trkpt>
   <trkpt lat="32.4748130" lon="-111.2947370">
    <ele>577.8</ele>
   </trkpt>
   <trkpt lat="32.4748040" lon="-111.2949710">
    <ele>577.6</ele>
   </trkpt>
   <trkpt lat="32.4748210" lon="-111.2950850">
    <ele>577.8</ele>
   </trkpt>
   <trkpt lat="32.4748710" lon="-111.2951690">
    <ele>578.0</ele>
   </trkpt>
   <trkpt lat="32.4749560" lon="-111.2952040">
    <ele>578.0</ele>
   </trkpt>
   <trkpt lat="32.4752800" lon="-111.2951790">
    <ele>578.0</ele>
   </trkpt>
   <trkpt lat="32.4753820" lon="-111.2951970">
    <ele>578.0</ele>
   </trkpt>
   <trkpt lat="32.4754810" lon="-111.2952470">
    <ele>578.0</ele>
   </trkpt>
   <trkpt lat="32.4756910" lon="-111.2953340">
    <ele>578.0</ele>
   </trkpt>
   <trkpt lat="32.4760300" lon="-111.2953630">
    <ele>578.0</ele>
   </trkpt>
   <trkpt lat="32.4760910" lon="-111.2953560">
    <ele>578.0</ele>
   </trkpt>
   <trkpt lat="32.4761450" lon="-111.2953570">
    <ele>578.0</ele>
   </trkpt>
   <trkpt lat="32.4762820" lon="-111.2953460">
    <ele>577.8</ele>
   </trkpt>
   <trkpt lat="32.4764380" lon="-111.2952530">
    <ele>577.8</ele>
   </trkpt>
   <trkpt lat="32.4765200" lon="-111.2950470">
    <ele>577.6</ele>
   </trkpt>
   <trkpt lat="32.4765380" lon="-111.2949420">
    <ele>577.6</ele>
   </trkpt>
   <trkpt lat="32.4765450" lon="-111.2948640">
    <ele>577.8</ele>
   </trkpt>
   <trkpt lat="32.4765470" lon="-111.2948070">
    <ele>577.8</ele>
   </trkpt>
   <trkpt lat="32.4765340" lon="-111.2947490">
    <ele>577.8</ele>
   </trkpt>
   <trkpt lat="32.4764330" lon="-111.2946340">
    <ele>577.8</ele>
   </trkpt>
   <trkpt lat="32.4763300" lon="-111.2945870">
    <ele>577.8</ele>
   </trkpt>
   <trkpt lat="32.4762850" lon="-111.2945730">
    <ele>577.8</ele>
   </trkpt>
   <trkpt lat="32.4762450" lon="-111.2945420">
    <ele>577.8</ele>
   </trkpt>
   <trkpt lat="32.4762020" lon="-111.2943930">
    <ele>578.2</ele>
   </trkpt>
   <trkpt lat="32.4762430" lon="-111.2941270">
    <ele>578.2</ele>
   </trkpt>
   <trkpt lat="32.4763840" lon="-111.2938480">
    <ele>578.0</ele>
   </trkpt>
   <trkpt lat="32.4764250" lon="-111.2936040">
    <ele>577.8</ele>
   </trkpt>
   <trkpt lat="32.4764100" lon="-111.2933850">
    <ele>578.0</ele>
   </trkpt>
   <trkpt lat="32.4764090" lon="-111.2930330">
    <ele>578.0</ele>
   </trkpt>
   <trkpt lat="32.4763550" lon="-111.2928520">
    <ele>578.0</ele>
   </trkpt>
   <trkpt lat="32.4762890" lon="-111.2928260">
    <ele>577.8</ele>
   </trkpt>
   <trkpt lat="32.4761620" lon="-111.2928640">
    <ele>577.8</ele>
   </trkpt>
   <trkpt lat="32.4760960" lon="-111.2930160">
    <ele>578.0</ele>
   </trkpt>
   <trkpt lat="32.4760570" lon="-111.2932120">
    <ele>578.0</ele>
   </trkpt>
   <trkpt lat="32.4760150" lon="-111.2933890">
    <ele>578.0</ele>
   </trkpt>
   <trkpt lat="32.4758920" lon="-111.2934420">
    <ele>578.2</ele>
   </trkpt>
   <trkpt lat="32.4757870" lon="-111.2933410">
    <ele>578.2</ele>
   </trkpt>
   <trkpt lat="32.4757820" lon="-111.2931690">
    <ele>578.2</ele>
   </trkpt>
   <trkpt lat="32.4757820" lon="-111.2929270">
    <ele>578.0</ele>
   </trkpt>
   <trkpt lat="32.4757760" lon="-111.2927810">
    <ele>578.0</ele>
   </trkpt>
   <trkpt lat="32.4757450" lon="-111.2927390">
    <ele>578.0</ele>
   </trkpt>
   <trkpt lat="32.4756620" lon="-111.2927200">
    <ele>578.0</ele>
   </trkpt>
   <trkpt lat="32.4756220" lon="-111.2927250">
    <ele>578.0</ele>
   </trkpt>
   <trkpt lat="32.4755840" lon="-111.2927360">
    <ele>578.0</ele>
   </trkpt>
   <trkpt lat="32.4755270" lon="-111.2928340">
    <ele>578.0</ele>
   </trkpt>
   <trkpt lat="32.4754980" lon="-111.2930800">
    <ele>578.0</ele>
   </trkpt>
   <trkpt lat="32.4754980" lon="-111.2932030">
    <ele>578.2</ele>
   </trkpt>
   <trkpt lat="32.4754940" lon="-111.2932610">
    <ele>578.2</ele>
   </trkpt>
   <trkpt lat="32.4754690" lon="-111.2934340">
    <ele>578.2</ele>
   </trkpt>
   <trkpt lat="32.4754200" lon="-111.2934670">
    <ele>578.0</ele>
   </trkpt>
   <trkpt lat="32.4752050" lon="-111.2934710">
    <ele>577.8</ele>
   </trkpt>
   <trkpt lat="32.4751470" lon="-111.2934610">
    <ele>577.8</ele>
   </trkpt>
   <trkpt lat="32.4751270" lon="-111.2934250">
    <ele>577.8</ele>
   </trkpt>
   <trkpt lat="32.4751220" lon="-111.2932370">
    <ele>578.0</ele>
   </trkpt>
   <trkpt lat="32.4750980" lon="-111.2930410">
    <ele>578.2</ele>
   </trkpt>
   <trkpt lat="32.4750600" lon="-111.2929170">
    <ele>578.0</ele>
   </trkpt>
   <trkpt lat="32.4750180" lon="-111.2928600">
    <ele>578.2</ele>
   </trkpt>
   <trkpt lat="32.4749720" lon="-111.2928260">
    <ele>578.2</ele>
   </trkpt>
   <trkpt lat="32.4749020" lon="-111.2927910">
    <ele>578.0</ele>
   </trkpt>
   <trkpt lat="32.4746820" lon="-111.2927410">
    <ele>578.2</ele>
   </trkpt>
   <trkpt lat="32.4746250" lon="-111.2927380">
    <ele>578.2</ele>
   </trkpt>
   <trkpt lat="32.4745350" lon="-111.2927430">
    <ele>578.0</ele>
   </trkpt>
   <trkpt lat="32.4744810" lon="-111.2927390">
    <ele>577.8</ele>
   </trkpt>
   <trkpt lat="32.4742600" lon="-111.2927360">
    <ele>577.8</ele>
   </trkpt>
   <trkpt lat="32.4741400" lon="-111.2927320">
    <ele>579.2</ele>
   </trkpt>
   <trkpt lat="32.4739850" lon="-111.2927440">
    <ele>578.0</ele>
   </trkpt>
   <trkpt lat="32.4739320" lon="-111.2927710">
    <ele>577.8</ele>
   </trkpt>
   <trkpt lat="32.4738910" lon="-111.2928110">
    <ele>577.8</ele>
   </trkpt>
   <trkpt lat="32.4738520" lon="-111.2928740">
    <ele>577.8</ele>
   </trkpt>
   <trkpt lat="32.4738540" lon="-111.2930050">
    <ele>578.0</ele>
   </trkpt>
   <trkpt lat="32.4739560" lon="-111.2931190">
    <ele>578.2</ele>
   </trkpt>
   <trkpt lat="32.4740160" lon="-111.2931330">
    <ele>578.2</ele>
   </trkpt>
   <trkpt lat="32.4741710" lon="-111.2931480">
    <ele>578.2</ele>
   </trkpt>
   <trkpt lat="32.4743870" lon="-111.2932030">
    <ele>578.2</ele>
   </trkpt>
   <trkpt lat="32.4744790" lon="-111.2932040">
    <ele>578.0</ele>
   </trkpt>
   <trkpt lat="32.4745380" lon="-111.2931910">
    <ele>578.0</ele>
   </trkpt>
   <trkpt lat="32.4746890" lon="-111.2931800">
    <ele>578.0</ele>
   </trkpt>
   <trkpt lat="32.4747660" lon="-111.2931940">
    <ele>578.0</ele>
   </trkpt>
   <trkpt lat="32.4748370" lon="-111.2932270">
    <ele>578.0</ele>
   </trkpt>
   <trkpt lat="32.4748810" lon="-111.2932740">
    <ele>578.0</ele>
   </trkpt>
   <trkpt lat="32.4750310" lon="-111.2935800">
    <ele>577.6</ele>
   </trkpt>
   <trkpt lat="32.4750540" lon="-111.2936440">
    <ele>577.6</ele>
   </trkpt>
   <trkpt lat="32.4750620" lon="-111.2936820">
    <ele>577.6</ele>
   </trkpt>
   <trkpt lat="32.4750620" lon="-111.2937110">
    <ele>577.6</ele>
   </trkpt>
   <trkpt lat="32.4750450" lon="-111.2937390">
    <ele>577.8</ele>
   </trkpt>
   <trkpt lat="32.4749440" lon="-111.2937630">
    <ele>578.0</ele>
   </trkpt>
   <trkpt lat="32.4748150" lon="-111.2936740">
    <ele>578.0</ele>
   </trkpt>
   <trkpt lat="32.4746490" lon="-111.2935990">
    <ele>578.0</ele>
   </trkpt>
   <trkpt lat="32.4744960" lon="-111.2935950">
    <ele>578.0</ele>
   </trkpt>
   <trkpt lat="32.4743960" lon="-111.2935940">
    <ele>577.8</ele>
   </trkpt>
   <trkpt lat="32.4742720" lon="-111.2935810">
    <ele>578.0</ele>
   </trkpt>
   <trkpt lat="32.4742020" lon="-111.2935830">
    <ele>577.8</ele>
   </trkpt>
   <trkpt lat="32.4740360" lon="-111.2936000">
    <ele>577.6</ele>
   </trkpt>
   <trkpt lat="32.4739650" lon="-111.2936200">
    <ele>577.6</ele>
   </trkpt>
   <trkpt lat="32.4739170" lon="-111.2936670">
    <ele>577.6</ele>
   </trkpt>
   <trkpt lat="32.4738880" lon="-111.2937250">
    <ele>577.6</ele>
   </trkpt>
   <trkpt lat="32.4738730" lon="-111.2937950">
    <ele>577.8</ele>
   </trkpt>
   <trkpt lat="32.4738920" lon="-111.2939480">
    <ele>577.8</ele>
   </trkpt>
   <trkpt lat="32.4739740" lon="-111.2940310">
    <ele>578.0</ele>
   </trkpt>
   <trkpt lat="32.4740270" lon="-111.2940480">
    <ele>578.0</ele>
   </trkpt>
   <trkpt lat="32.4743550" lon="-111.2940740">
    <ele>578.4</ele>
   </trkpt>
   <trkpt lat="32.4744830" lon="-111.2940720">
    <ele>578.4</ele>
   </trkpt>
   <trkpt lat="32.4745590" lon="-111.2940740">
    <ele>578.6</ele>
   </trkpt>
   <trkpt lat="32.4747650" lon="-111.2940780">
    <ele>578.4</ele>
   </trkpt>
   <trkpt lat="32.4750100" lon="-111.2941230">
    <ele>578.4</ele>
   </trkpt>
   <trkpt lat="32.4750730" lon="-111.2941260">
    <ele>578.4</ele>
   </trkpt>
   <trkpt lat="32.4751490" lon="-111.2940980">
    <ele>578.2</ele>
   </trkpt>
   <trkpt lat="32.4752090" lon="-111.2939850">
    <ele>578.0</ele>
   </trkpt>
   <trkpt lat="32.4752420" lon="-111.2939180">
    <ele>578.0</ele>
   </trkpt>
   <trkpt lat="32.4752750" lon="-111.2938760">
    <ele>578.2</ele>
   </trkpt>
   <trkpt lat="32.4753360" lon="-111.2938240">
    <ele>578.0</ele>
   </trkpt>
   <trkpt lat="32.4753780" lon="-111.2938090">
    <ele>578.0</ele>
   </trkpt>
   <trkpt lat="32.4754260" lon="-111.2938390">
    <ele>578.2</ele>
   </trkpt>
   <trkpt lat="32.4754780" lon="-111.2939500">
    <ele>578.2</ele>
   </trkpt>
   <trkpt lat="32.4755570" lon="-111.2939880">
    <ele>578.2</ele>
   </trkpt>
   <trkpt lat="32.4756070" lon="-111.2939720">
    <ele>577.8</ele>
   </trkpt>
   <trkpt lat="32.4757340" lon="-111.2938900">
    <ele>577.8</ele>
   </trkpt>
   <trkpt lat="32.4757970" lon="-111.2938640">
    <ele>577.8</ele>
   </trkpt>
   <trkpt lat="32.4758540" lon="-111.2938610">
    <ele>577.8</ele>
   </trkpt>
   <trkpt lat="32.4759010" lon="-111.2938840">
    <ele>577.8</ele>
   </trkpt>
   <trkpt lat="32.4759250" lon="-111.2939360">
    <ele>577.8</ele>
   </trkpt>
   <trkpt lat="32.4759350" lon="-111.2940070">
    <ele>577.8</ele>
   </trkpt>
   <trkpt lat="32.4759380" lon="-111.2940690">
    <ele>577.8</ele>
   </trkpt>
   <trkpt lat="32.4759310" lon="-111.2941550">
    <ele>578.0</ele>
   </trkpt>
   <trkpt lat="32.4759470" lon="-111.2944600">
    <ele>578.0</ele>
   </trkpt>
   <trkpt lat="32.4760080" lon="-111.2946490">
    <ele>577.8</ele>
   </trkpt>
   <trkpt lat="32.4760600" lon="-111.2947380">
    <ele>577.6</ele>
   </trkpt>
   <trkpt lat="32.4761040" lon="-111.2948360">
    <ele>577.6</ele>
   </trkpt>
   <trkpt lat="32.4761210" lon="-111.2950430">
    <ele>577.6</ele>
   </trkpt>
   <trkpt lat="32.4760260" lon="-111.2951480">
    <ele>577.6</ele>
   </trkpt>
   <trkpt lat="32.4759110" lon="-111.2951490">
    <ele>577.6</ele>
   </trkpt>
   <trkpt lat="32.4758530" lon="-111.2951090">
    <ele>577.6</ele>
   </trkpt>
   <trkpt lat="32.4757950" lon="-111.2950510">
    <ele>577.6</ele>
   </trkpt>
   <trkpt lat="32.4756700" lon="-111.2948990">
    <ele>577.4</ele>
   </trkpt>
   <trkpt lat="32.4756260" lon="-111.2948310">
    <ele>577.4</ele>
   </trkpt>
   <trkpt lat="32.4755420" lon="-111.2947290">
    <ele>577.2</ele>
   </trkpt>
   <trkpt lat="32.4753730" lon="-111.2945780">
    <ele>577.4</ele>
   </trkpt>
   <trkpt lat="32.4752920" lon="-111.2945360">
    <ele>577.4</ele>
   </trkpt>
   <trkpt lat="32.4752030" lon="-111.2945080">
    <ele>577.4</ele>
   </trkpt>
   <trkpt lat="32.4750090" lon="-111.2945050">
    <ele>577.2</ele>
   </trkpt>
   <trkpt lat="32.4749200" lon="-111.2945170">
    <ele>577.0</ele>
   </trkpt>
   <trkpt lat="32.4748590" lon="-111.2945660">
    <ele>577.0</ele>
   </trkpt>
   <trkpt lat="32.4748180" lon="-111.2946380">
    <ele>577.0</ele>
   </trkpt>
   <trkpt lat="32.4748010" lon="-111.2947240">
    <ele>577.0</ele>
   </trkpt>
   <trkpt lat="32.4748010" lon="-111.2950420">
    <ele>577.0</ele>
   </trkpt>
   <trkpt lat="32.4748360" lon="-111.2951250">
    <ele>577.0</ele>
   </trkpt>
   <trkpt lat="32.4749000" lon="-111.2951690">
    <ele>577.2</ele>
   </trkpt>
   <trkpt lat="32.4749870" lon="-111.2951850">
    <ele>577.2</ele>
   </trkpt>
   <trkpt lat="32.4752940" lon="-111.2952020">
    <ele>577.4</ele>
   </trkpt>
   <trkpt lat="32.4756020" lon="-111.2953480">
    <ele>577.4</ele>
   </trkpt>
   <trkpt lat="32.4757150" lon="-111.2953750">
    <ele>577.4</ele>
   </trkpt>
   <trkpt lat="32.4760130" lon="-111.2953870">
    <ele>577.4</ele>
   </trkpt>
   <trkpt lat="32.4760640" lon="-111.2953900">
    <ele>577.4</ele>
   </trkpt>
   <trkpt lat="32.4761120" lon="-111.2953900">
    <ele>577.4</ele>
   </trkpt>
   <trkpt lat="32.4762540" lon="-111.2953840">
    <ele>577.2</ele>
   </trkpt>
   <trkpt lat="32.4764000" lon="-111.2953010">
    <ele>577.4</ele>
   </trkpt>
   <trkpt lat="32.4764490" lon="-111.2952160">
    <ele>577.4</ele>
   </trkpt>
   <trkpt lat="32.4764800" lon="-111.2951130">
    <ele>577.4</ele>
   </trkpt>
   <trkpt lat="32.4764960" lon="-111.2949380">
    <ele>577.6</ele>
   </trkpt>
   <trkpt lat="32.4764990" lon="-111.2948320">
    <ele>577.6</ele>
   </trkpt>
   <trkpt lat="32.4764860" lon="-111.2947740">
    <ele>577.4</ele>
   </trkpt>
   <trkpt lat="32.4764550" lon="-111.2947110">
    <ele>577.2</ele>
   </trkpt>
   <trkpt lat="32.4763950" lon="-111.2946630">
    <ele>577.2</ele>
   </trkpt>
   <trkpt lat="32.4763400" lon="-111.2946370">
    <ele>577.2</ele>
   </trkpt>
   <trkpt lat="32.4762670" lon="-111.2946180">
    <ele>577.4</ele>
   </trkpt>
   <trkpt lat="32.4762000" lon="-111.2945660">
    <ele>577.6</ele>
   </trkpt>
   <trkpt lat="32.4761770" lon="-111.2944940">
    <ele>577.6</ele>
   </trkpt>
   <trkpt lat="32.4761630" lon="-111.2944030">
    <ele>577.8</ele>
   </trkpt>
   <trkpt lat="32.4761680" lon="-111.2942160">
    <ele>577.8</ele>
   </trkpt>
   <trkpt lat="32.4762390" lon="-111.2940460">
    <ele>577.6</ele>
   </trkpt>
   <trkpt lat="32.4762900" lon="-111.2939630">
    <ele>577.4</ele>
   </trkpt>
   <trkpt lat="32.4763370" lon="-111.2938850">
    <ele>577.4</ele>
   </trkpt>
   <trkpt lat="32.4763680" lon="-111.2938240">
    <ele>577.4</ele>
   </trkpt>
   <trkpt lat="32.4763820" lon="-111.2937610">
    <ele>577.2</ele>
   </trkpt>
   <trkpt lat="32.4764020" lon="-111.2935840">
    <ele>577.2</ele>
   </trkpt>
   <trkpt lat="32.4764010" lon="-111.2934840">
    <ele>577.2</ele>
   </trkpt>
   <trkpt lat="32.4764110" lon="-111.2932320">
    <ele>577.4</ele>
   </trkpt>
   <trkpt lat="32.4764120" lon="-111.2930290">
    <ele>577.4</ele>
   </trkpt>
   <trkpt lat="32.4763880" lon="-111.2929470">
    <ele>577.4</ele>
   </trkpt>
   <trkpt lat="32.4763440" lon="-111.2928920">
    <ele>577.4</ele>
   </trkpt>
   <trkpt lat="32.4762830" lon="-111.2928590">
    <ele>577.4</ele>
   </trkpt>
   <trkpt lat="32.4762180" lon="-111.2928480">
    <ele>577.2</ele>
   </trkpt>
   <trkpt lat="32.4761110" lon="-111.2929150">
    <ele>577.2</ele>
   </trkpt>
   <trkpt lat="32.4760400" lon="-111.2931340">
    <ele>577.4</ele>
   </trkpt>
   <trkpt lat="32.4759960" lon="-111.2933780">
    <ele>577.4</ele>
   </trkpt>
   <trkpt lat="32.4759550" lon="-111.2934210">
    <ele>577.4</ele>
   </trkpt>
   <trkpt lat="32.4759040" lon="-111.2934420">
    <ele>577.4</ele>
   </trkpt>
   <trkpt lat="32.4758610" lon="-111.2934200">
    <ele>577.6</ele>
   </trkpt>
   <trkpt lat="32.4757870" lon="-111.2932850">
    <ele>577.6</ele>
   </trkpt>
   <trkpt lat="32.4757890" lon="-111.2932060">
    <ele>577.6</ele>
   </trkpt>
   <trkpt lat="32.4757970" lon="-111.2929890">
    <ele>577.6</ele>
   </trkpt>
   <trkpt lat="32.4757660" lon="-111.2927700">
    <ele>577.4</ele>
   </trkpt>
   <trkpt lat="32.4757080" lon="-111.2927360">
    <ele>577.4</ele>
   </trkpt>
   <trkpt lat="32.4756870" lon="-111.2927340">
    <ele>577.4</ele>
   </trkpt>
   <trkpt lat="32.4756430" lon="-111.2927400">
    <ele>577.4</ele>
   </trkpt>
   <trkpt lat="32.4756370" lon="-111.2927420">
    <ele>577.4</ele>
   </trkpt>
   <trkpt lat="32.4755920" lon="-111.2927520">
    <ele>577.4</ele>
   </trkpt>
   <trkpt lat="32.4755640" lon="-111.2927670">
    <ele>577.6</ele>
   </trkpt>
   <trkpt lat="32.4755400" lon="-111.2928000">
    <ele>577.6</ele>
   </trkpt>
   <trkpt lat="32.4755160" lon="-111.2929130">
    <ele>577.6</ele>
   </trkpt>
   <trkpt lat="32.4755090" lon="-111.2930620">
    <ele>577.4</ele>
   </trkpt>
   <trkpt lat="32.4755080" lon="-111.2931170">
    <ele>577.4</ele>
   </trkpt>
   <trkpt lat="32.4755200" lon="-111.2931750">
    <ele>577.4</ele>
   </trkpt>
   <trkpt lat="32.4755310" lon="-111.2932780">
    <ele>578.0</ele>
   </trkpt>
   <trkpt lat="32.4755260" lon="-111.2933290">
    <ele>577.8</ele>
   </trkpt>
   <trkpt lat="32.4755150" lon="-111.2933800">
    <ele>577.6</ele>
   </trkpt>
   <trkpt lat="32.4754080" lon="-111.2934600">
    <ele>577.4</ele>
   </trkpt>
   <trkpt lat="32.4752560" lon="-111.2934530">
    <ele>577.6</ele>
   </trkpt>
   <trkpt lat="32.4751920" lon="-111.2934280">
    <ele>577.4</ele>
   </trkpt>
   <trkpt lat="32.4751560" lon="-111.2933900">
    <ele>577.4</ele>
   </trkpt>
   <trkpt lat="32.4751400" lon="-111.2933350">
    <ele>577.6</ele>
   </trkpt>
   <trkpt lat="32.4751050" lon="-111.2930060">
    <ele>578.0</ele>
   </trkpt>
   <trkpt lat="32.4750850" lon="-111.2929420">
    <ele>577.8</ele>
   </trkpt>
   <trkpt lat="32.4749980" lon="-111.2928270">
    <ele>577.8</ele>
   </trkpt>
   <trkpt lat="32.4748940" lon="-111.2927640">
    <ele>577.6</ele>
   </trkpt>
   <trkpt lat="32.4747080" lon="-111.2927150">
    <ele>577.6</ele>
   </trkpt>
   <trkpt lat="32.4746540" lon="-111.2927180">
    <ele>577.6</ele>
   </trkpt>
   <trkpt lat="32.4744200" lon="-111.2927340">
    <ele>577.4</ele>
   </trkpt>
   <trkpt lat="32.4743440" lon="-111.2927350">
    <ele>577.4</ele>
   </trkpt>
   <trkpt lat="32.4741860" lon="-111.2927350">
    <ele>578.4</ele>
   </trkpt>
   <trkpt lat="32.4741590" lon="-111.2927370">
    <ele>578.4</ele>
   </trkpt>
   <trkpt lat="32.4740340" lon="-111.2927540">
    <ele>578.0</ele>
   </trkpt>
   <trkpt lat="32.4739740" lon="-111.2927710">
    <ele>577.4</ele>
   </trkpt>
   <trkpt lat="32.4739290" lon="-111.2928040">
    <ele>577.4</ele>
   </trkpt>
   <trkpt lat="32.4739010" lon="-111.2928390">
    <ele>577.2</ele>
   </trkpt>
   <trkpt lat="32.4738760" lon="-111.2929490">
    <ele>577.0</ele>
   </trkpt>
   <trkpt lat="32.4739220" lon="-111.2930910">
    <ele>577.2</ele>
   </trkpt>
   <trkpt lat="32.4739600" lon="-111.2931180">
    <ele>577.2</ele>
   </trkpt>
   <trkpt lat="32.4740130" lon="-111.2931330">
    <ele>577.4</ele>
   </trkpt>
   <trkpt lat="32.4741580" lon="-111.2931490">
    <ele>577.4</ele>
   </trkpt>
   <trkpt lat="32.4742950" lon="-111.2931610">
    <ele>577.4</ele>
   </trkpt>
   <trkpt lat="32.4743800" lon="-111.2931910">
    <ele>577.4</ele>
   </trkpt>
   <trkpt lat="32.4746030" lon="-111.2931870">
    <ele>577.8</ele>
   </trkpt>
   <trkpt lat="32.4747690" lon="-111.2931980">
    <ele>577.6</ele>
   </trkpt>
   <trkpt lat="32.4748460" lon="-111.2932190">
    <ele>577.8</ele>
   </trkpt>
   <trkpt lat="32.4748900" lon="-111.2932520">
    <ele>577.8</ele>
   </trkpt>
   <trkpt lat="32.4749140" lon="-111.2933060">
    <ele>577.8</ele>
   </trkpt>
   <trkpt lat="32.4750010" lon="-111.2935220">
    <ele>577.4</ele>
   </trkpt>
   <trkpt lat="32.4750260" lon="-111.2936110">
    <ele>577.2</ele>
   </trkpt>
   <trkpt lat="32.4750330" lon="-111.2936770">
    <ele>577.2</ele>
   </trkpt>
   <trkpt lat="32.4750280" lon="-111.2937000">
    <ele>577.2</ele>
   </trkpt>
   <trkpt lat="32.4749180" lon="-111.2937300">
    <ele>577.4</ele>
   </trkpt>
   <trkpt lat="32.4747850" lon="-111.2936650">
    <ele>577.6</ele>
   </trkpt>
   <trkpt lat="32.4746220" lon="-111.2935850">
    <ele>577.6</ele>
   </trkpt>
   <trkpt lat="32.4744620" lon="-111.2935820">
    <ele>577.4</ele>
   </trkpt>
   <trkpt lat="32.4744110" lon="-111.2935770">
    <ele>577.2</ele>
   </trkpt>
   <trkpt lat="32.4742540" lon="-111.2935700">
    <ele>577.6</ele>
   </trkpt>
   <trkpt lat="32.4741070" lon="-111.2935720">
    <ele>577.4</ele>
   </trkpt>
   <trkpt lat="32.4739720" lon="-111.2936170">
    <ele>577.4</ele>
   </trkpt>
   <trkpt lat="32.4739300" lon="-111.2936600">
    <ele>577.2</ele>
   </trkpt>
   <trkpt lat="32.4739000" lon="-111.2937180">
    <ele>577.0</ele>
   </trkpt>
   <trkpt lat="32.4738820" lon="-111.2938780">
    <ele>577.2</ele>
   </trkpt>
   <trkpt lat="32.4739290" lon="-111.2940000">
    <ele>577.2</ele>
   </trkpt>
   <trkpt lat="32.4739770" lon="-111.2940400">
    <ele>577.4</ele>
   </trkpt>
   <trkpt lat="32.4740320" lon="-111.2940630">
    <ele>577.6</ele>
   </trkpt>
   <trkpt lat="32.4741670" lon="-111.2940890">
    <ele>577.6</ele>
   </trkpt>
   <trkpt lat="32.4744140" lon="-111.2941380">
    <ele>577.6</ele>
   </trkpt>
   <trkpt lat="32.4744670" lon="-111.2941430">
    <ele>577.6</ele>
   </trkpt>
   <trkpt lat="32.4745060" lon="-111.2941420">
    <ele>577.8</ele>
   </trkpt>
   <trkpt lat="32.4746720" lon="-111.2941110">
    <ele>577.8</ele>
   </trkpt>
   <trkpt lat="32.4748500" lon="-111.2941100">
    <ele>577.8</ele>
   </trkpt>
   <trkpt lat="32.4750670" lon="-111.2941370">
    <ele>577.8</ele>
   </trkpt>
   <trkpt lat="32.4751580" lon="-111.2941170">
    <ele>577.8</ele>
   </trkpt>
   <trkpt lat="32.4751830" lon="-111.2940810">
    <ele>577.8</ele>
   </trkpt>
   <trkpt lat="32.4752110" lon="-111.2940210">
    <ele>577.8</ele>
   </trkpt>
   <trkpt lat="32.4752370" lon="-111.2939600">
    <ele>577.8</ele>
   </trkpt>
   <trkpt lat="32.4752610" lon="-111.2939150">
    <ele>577.8</ele>
   </trkpt>
   <trkpt lat="32.4753600" lon="-111.2938240">
    <ele>577.8</ele>
   </trkpt>
   <trkpt lat="32.4753880" lon="-111.2938240">
    <ele>578.0</ele>
   </trkpt>
   <trkpt lat="32.4754130" lon="-111.2938410">
    <ele>578.0</ele>
   </trkpt>
   <trkpt lat="32.4754490" lon="-111.2939180">
    <ele>577.8</ele>
   </trkpt>
   <trkpt lat="32.4755150" lon="-111.2939860">
    <ele>577.8</ele>
   </trkpt>
   <trkpt lat="32.4755620" lon="-111.2940060">
    <ele>577.8</ele>
   </trkpt>
   <trkpt lat="32.4756130" lon="-111.2939980">
    <ele>577.8</ele>
   </trkpt>
   <trkpt lat="32.4757390" lon="-111.2939060">
    <ele>577.6</ele>
   </trkpt>
   <trkpt lat="32.4757980" lon="-111.2938740">
    <ele>577.6</ele>
   </trkpt>
   <trkpt lat="32.4758950" lon="-111.2939090">
    <ele>577.6</ele>
   </trkpt>
   <trkpt lat="32.4759170" lon="-111.2941000">
    <ele>577.6</ele>
   </trkpt>
   <trkpt lat="32.4759230" lon="-111.2942290">
    <ele>577.8</ele>
   </trkpt>
   <trkpt lat="32.4759260" lon="-111.2944480">
    <ele>577.8</ele>
   </trkpt>
   <trkpt lat="32.4759920" lon="-111.2946200">
    <ele>577.8</ele>
   </trkpt>
   <trkpt lat="32.4760430" lon="-111.2947070">
    <ele>577.8</ele>
   </trkpt>
   <trkpt lat="32.4760900" lon="-111.2948050">
    <ele>577.8</ele>
   </trkpt>
   <trkpt lat="32.4761150" lon="-111.2950200">
    <ele>577.6</ele>
   </trkpt>
   <trkpt lat="32.4760320" lon="-111.2951290">
    <ele>577.6</ele>
   </trkpt>
   <trkpt lat="32.4759090" lon="-111.2951170">
    <ele>577.6</ele>
   </trkpt>
   <trkpt lat="32.4758450" lon="-111.2950750">
    <ele>577.8</ele>
   </trkpt>
   <trkpt lat="32.4757820" lon="-111.2950100">
    <ele>577.6</ele>
   </trkpt>
   <trkpt lat="32.4756610" lon="-111.2948520">
    <ele>577.6</ele>
   </trkpt>
   <trkpt lat="32.4756140" lon="-111.2947900">
    <ele>577.4</ele>
   </trkpt>
   <trkpt lat="32.4755220" lon="-111.2946930">
    <ele>577.4</ele>
   </trkpt>
   <trkpt lat="32.4754110" lon="-111.2945970">
    <ele>577.4</ele>
   </trkpt>
   <trkpt lat="32.4753340" lon="-111.2945460">
    <ele>577.6</ele>
   </trkpt>
   <trkpt lat="32.4752450" lon="-111.2945080">
    <ele>577.6</ele>
   </trkpt>
   <trkpt lat="32.4750440" lon="-111.2944850">
    <ele>577.4</ele>
   </trkpt>
   <trkpt lat="32.4748690" lon="-111.2945140">
    <ele>577.2</ele>
   </trkpt>
   <trkpt lat="32.4748270" lon="-111.2945860">
    <ele>577.2</ele>
   </trkpt>
   <trkpt lat="32.4748000" lon="-111.2948920">
    <ele>577.4</ele>
   </trkpt>
   <trkpt lat="32.4748160" lon="-111.2951060">
    <ele>577.4</ele>
   </trkpt>
   <trkpt lat="32.4748390" lon="-111.2951420">
    <ele>577.4</ele>
   </trkpt>
   <trkpt lat="32.4748620" lon="-111.2951780">
    <ele>577.4</ele>
   </trkpt>
   <trkpt lat="32.4749440" lon="-111.2951990">
    <ele>577.6</ele>
   </trkpt>
   <trkpt lat="32.4752600" lon="-111.2952040">
    <ele>577.6</ele>
   </trkpt>
   <trkpt lat="32.4753720" lon="-111.2952370">
    <ele>577.6</ele>
   </trkpt>
   <trkpt lat="32.4754750" lon="-111.2952880">
    <ele>577.6</ele>
   </trkpt>
   <trkpt lat="32.4756830" lon="-111.2953690">
    <ele>577.4</ele>
   </trkpt>
   <trkpt lat="32.4760910" lon="-111.2953860">
    <ele>577.4</ele>
   </trkpt>
   <trkpt lat="32.4763000" lon="-111.2953670">
    <ele>577.4</ele>
   </trkpt>
   <trkpt lat="32.4764380" lon="-111.2952400">
    <ele>577.4</ele>
   </trkpt>
   <trkpt lat="32.4764780" lon="-111.2951290">
    <ele>577.2</ele>
   </trkpt>
   <trkpt lat="32.4765040" lon="-111.2950170">
    <ele>577.4</ele>
   </trkpt>
   <trkpt lat="32.4765210" lon="-111.2948510">
    <ele>577.4</ele>
   </trkpt>
   <trkpt lat="32.4765180" lon="-111.2947910">
    <ele>577.4</ele>
   </trkpt>
   <trkpt lat="32.4764520" lon="-111.2946690">
    <ele>577.4</ele>
   </trkpt>
   <trkpt lat="32.4762850" lon="-111.2945850">
    <ele>577.4</ele>
   </trkpt>
   <trkpt lat="32.4762430" lon="-111.2945660">
    <ele>577.4</ele>
   </trkpt>
   <trkpt lat="32.4761900" lon="-111.2944370">
    <ele>577.6</ele>
   </trkpt>
   <trkpt lat="32.4761900" lon="-111.2942460">
    <ele>577.8</ele>
   </trkpt>
   <trkpt lat="32.4762130" lon="-111.2941470">
    <ele>577.8</ele>
   </trkpt>
   <trkpt lat="32.4762590" lon="-111.2940490">
    <ele>577.8</ele>
   </trkpt>
   <trkpt lat="32.4763610" lon="-111.2938430">
    <ele>577.6</ele>
   </trkpt>
   <trkpt lat="32.4764010" lon="-111.2936600">
    <ele>577.2</ele>
   </trkpt>
   <trkpt lat="32.4764070" lon="-111.2936060">
    <ele>577.2</ele>
   </trkpt>
   <trkpt lat="32.4764080" lon="-111.2935590">
    <ele>577.2</ele>
   </trkpt>
   <trkpt lat="32.4764000" lon="-111.2934700">
    <ele>577.2</ele>
   </trkpt>
   <trkpt lat="32.4763970" lon="-111.2934190">
    <ele>577.4</ele>
   </trkpt>
   <trkpt lat="32.4763980" lon="-111.2931390">
    <ele>577.6</ele>
   </trkpt>
   <trkpt lat="32.4763660" lon="-111.2929530">
    <ele>577.6</ele>
   </trkpt>
   <trkpt lat="32.4763340" lon="-111.2928710">
    <ele>577.6</ele>
   </trkpt>
   <trkpt lat="32.4762020" lon="-111.2928320">
    <ele>577.2</ele>
   </trkpt>
   <trkpt lat="32.4760990" lon="-111.2929190">
    <ele>577.2</ele>
   </trkpt>
   <trkpt lat="32.4760540" lon="-111.2930700">
    <ele>577.2</ele>
   </trkpt>
   <trkpt lat="32.4760290" lon="-111.2931980">
    <ele>577.2</ele>
   </trkpt>
   <trkpt lat="32.4760200" lon="-111.2932500">
    <ele>577.4</ele>
   </trkpt>
   <trkpt lat="32.4759670" lon="-111.2933940">
    <ele>577.6</ele>
   </trkpt>
   <trkpt lat="32.4757990" lon="-111.2933820">
    <ele>577.6</ele>
   </trkpt>
   <trkpt lat="32.4757600" lon="-111.2933240">
    <ele>577.8</ele>
   </trkpt>
   <trkpt lat="32.4757480" lon="-111.2932370">
    <ele>577.8</ele>
   </trkpt>
   <trkpt lat="32.4757530" lon="-111.2931570">
    <ele>577.8</ele>
   </trkpt>
   <trkpt lat="32.4757700" lon="-111.2929760">
    <ele>577.8</ele>
   </trkpt>
   <trkpt lat="32.4757750" lon="-111.2928270">
    <ele>577.6</ele>
   </trkpt>
   <trkpt lat="32.4757520" lon="-111.2927430">
    <ele>577.6</ele>
   </trkpt>
   <trkpt lat="32.4757440" lon="-111.2927190">
    <ele>577.6</ele>
   </trkpt>
   <trkpt lat="32.4757130" lon="-111.2926850">
    <ele>577.8</ele>
   </trkpt>
   <trkpt lat="32.4757020" lon="-111.2926850">
    <ele>578.2</ele>
   </trkpt>
   <trkpt lat="32.4756920" lon="-111.2926860">
    <ele>578.4</ele>
   </trkpt>
   <trkpt lat="32.4756810" lon="-111.2926860">
    <ele>578.4</ele>
   </trkpt>
   <trkpt lat="32.4756700" lon="-111.2926860">
    <ele>578.0</ele>
   </trkpt>
   <trkpt lat="32.4756600" lon="-111.2926860">
    <ele>578.0</ele>
   </trkpt>
   <trkpt lat="32.4755200" lon="-111.2927330">
    <ele>577.8</ele>
   </trkpt>
   <trkpt lat="32.4754970" lon="-111.2927800">
    <ele>577.6</ele>
   </trkpt>
   <trkpt lat="32.4754860" lon="-111.2928520">
    <ele>577.6</ele>
   </trkpt>
   <trkpt lat="32.4754810" lon="-111.2930280">
    <ele>577.4</ele>
   </trkpt>
   <trkpt lat="32.4754760" lon="-111.2932310">
    <ele>577.4</ele>
   </trkpt>
   <trkpt lat="32.4754780" lon="-111.2933510">
    <ele>577.6</ele>
   </trkpt>
   <trkpt lat="32.4754760" lon="-111.2934100">
    <ele>577.2</ele>
   </trkpt>
   <trkpt lat="32.4754420" lon="-111.2934580">
    <ele>577.4</ele>
   </trkpt>
   <trkpt lat="32.4753130" lon="-111.2934900">
    <ele>577.4</ele>
   </trkpt>
   <trkpt lat="32.4752390" lon="-111.2934750">
    <ele>577.4</ele>
   </trkpt>
   <trkpt lat="32.4751810" lon="-111.2934380">
    <ele>577.4</ele>
   </trkpt>
   <trkpt lat="32.4751480" lon="-111.2933870">
    <ele>577.4</ele>
   </trkpt>
   <trkpt lat="32.4751330" lon="-111.2933180">
    <ele>577.6</ele>
   </trkpt>
   <trkpt lat="32.4751140" lon="-111.2931270">
    <ele>577.6</ele>
   </trkpt>
   <trkpt lat="32.4750770" lon="-111.2929530">
    <ele>577.6</ele>
   </trkpt>
   <trkpt lat="32.4750190" lon="-111.2928660">
    <ele>577.4</ele>
   </trkpt>
   <trkpt lat="32.4750000" lon="-111.2928510">
    <ele>577.4</ele>
   </trkpt>
   <trkpt lat="32.4749210" lon="-111.2927880">
    <ele>577.4</ele>
   </trkpt>
   <trkpt lat="32.4746920" lon="-111.2927250">
    <ele>577.6</ele>
   </trkpt>
   <trkpt lat="32.4743610" lon="-111.2927390">
    <ele>577.2</ele>
   </trkpt>
   <trkpt lat="32.4741640" lon="-111.2927280">
    <ele>578.2</ele>
   </trkpt>
   <trkpt lat="32.4739830" lon="-111.2927470">
    <ele>577.4</ele>
   </trkpt>
   <trkpt lat="32.4739220" lon="-111.2927610">
    <ele>577.4</ele>
   </trkpt>
   <trkpt lat="32.4738480" lon="-111.2928210">
    <ele>577.4</ele>
   </trkpt>
   <trkpt lat="32.4738250" lon="-111.2929130">
    <ele>577.6</ele>
   </trkpt>
   <trkpt lat="32.4738350" lon="-111.2929620">
    <ele>577.6</ele>
   </trkpt>
   <trkpt lat="32.4738530" lon="-111.2930100">
    <ele>577.8</ele>
   </trkpt>
   <trkpt lat="32.4739130" lon="-111.2930790">
    <ele>577.8</ele>
   </trkpt>
   <trkpt lat="32.4739980" lon="-111.2931080">
    <ele>577.8</ele>
   </trkpt>
   <trkpt lat="32.4740360" lon="-111.2931120">
    <ele>577.6</ele>
   </trkpt>
   <trkpt lat="32.4741870" lon="-111.2931270">
    <ele>577.6</ele>
   </trkpt>
   <trkpt lat="32.4742590" lon="-111.2931380">
    <ele>577.6</ele>
   </trkpt>
   <trkpt lat="32.4743820" lon="-111.2931730">
    <ele>577.6</ele>
   </trkpt>
   <trkpt lat="32.4745310" lon="-111.2931580">
    <ele>577.6</ele>
   </trkpt>
   <trkpt lat="32.4746930" lon="-111.2931560">
    <ele>577.6</ele>
   </trkpt>
   <trkpt lat="32.4747600" lon="-111.2931970">
    <ele>577.6</ele>
   </trkpt>
   <trkpt lat="32.4748260" lon="-111.2932390">
    <ele>577.6</ele>
   </trkpt>
   <trkpt lat="32.4748560" lon="-111.2932910">
    <ele>577.6</ele>
   </trkpt>
   <trkpt lat="32.4750010" lon="-111.2935590">
    <ele>577.6</ele>
   </trkpt>
   <trkpt lat="32.4750220" lon="-111.2936230">
    <ele>577.4</ele>
   </trkpt>
   <trkpt lat="32.4750190" lon="-111.2937030">
    <ele>577.4</ele>
   </trkpt>
   <trkpt lat="32.4749600" lon="-111.2937400">
    <ele>577.6</ele>
   </trkpt>
   <trkpt lat="32.4749000" lon="-111.2937280">
    <ele>577.8</ele>
   </trkpt>
   <trkpt lat="32.4748390" lon="-111.2937160">
    <ele>577.8</ele>
   </trkpt>
   <trkpt lat="32.4747320" lon="-111.2936390">
    <ele>577.8</ele>
   </trkpt>
   <trkpt lat="32.4746910" lon="-111.2936190">
    <ele>577.8</ele>
   </trkpt>
   <trkpt lat="32.4746090" lon="-111.2935810">
    <ele>577.6</ele>
   </trkpt>
   <trkpt lat="32.4744540" lon="-111.2935700">
    <ele>577.0</ele>
   </trkpt>
   <trkpt lat="32.4743980" lon="-111.2935650">
    <ele>577.0</ele>
   </trkpt>
   <trkpt lat="32.4742840" lon="-111.2935570">
    <ele>577.2</ele>
   </trkpt>
   <trkpt lat="32.4740550" lon="-111.2935720">
    <ele>577.0</ele>
   </trkpt>
   <trkpt lat="32.4739760" lon="-111.2935950">
    <ele>577.2</ele>
   </trkpt>
   <trkpt lat="32.4739010" lon="-111.2936640">
    <ele>577.2</ele>
   </trkpt>
   <trkpt lat="32.4738820" lon="-111.2936910">
    <ele>577.2</ele>
   </trkpt>
   <trkpt lat="32.4738640" lon="-111.2937660">
    <ele>577.0</ele>
   </trkpt>
   <trkpt lat="32.4738690" lon="-111.2938490">
    <ele>577.0</ele>
   </trkpt>
   <trkpt lat="32.4739260" lon="-111.2939750">
    <ele>577.2</ele>
   </trkpt>
   <trkpt lat="32.4740340" lon="-111.2940410">
    <ele>577.2</ele>
   </trkpt>
   <trkpt lat="32.4740970" lon="-111.2940580">
    <ele>577.2</ele>
   </trkpt>
   <trkpt lat="32.4743790" lon="-111.2940810">
    <ele>577.6</ele>
   </trkpt>
   <trkpt lat="32.4744440" lon="-111.2940820">
    <ele>577.6</ele>
   </trkpt>
   <trkpt lat="32.4745670" lon="-111.2940850">
    <ele>577.6</ele>
   </trkpt>
   <trkpt lat="32.4747430" lon="-111.2940930">
    <ele>577.8</ele>
   </trkpt>
   <trkpt lat="32.4748230" lon="-111.2941030">
    <ele>577.8</ele>
   </trkpt>
   <trkpt lat="32.4749510" lon="-111.2941240">
    <ele>577.8</ele>
   </trkpt>
   <trkpt lat="32.4750880" lon="-111.2941310">
    <ele>577.8</ele>
   </trkpt>
   <trkpt lat="32.4751610" lon="-111.2940840">
    <ele>577.6</ele>
   </trkpt>
   <trkpt lat="32.4752470" lon="-111.2938880">
    <ele>577.4</ele>
   </trkpt>
   <trkpt lat="32.4752700" lon="-111.2938430">
    <ele>577.6</ele>
   </trkpt>
   <trkpt lat="32.4753300" lon="-111.2937910">
    <ele>577.6</ele>
   </trkpt>
   <trkpt lat="32.4753660" lon="-111.2937800">
    <ele>577.6</ele>
   </trkpt>
   <trkpt lat="32.4754230" lon="-111.2938190">
    <ele>577.8</ele>
   </trkpt>
   <trkpt lat="32.4754640" lon="-111.2939050">
    <ele>577.8</ele>
   </trkpt>
   <trkpt lat="32.4755370" lon="-111.2939750">
    <ele>577.6</ele>
   </trkpt>
   <trkpt lat="32.4756550" lon="-111.2939270">
    <ele>577.4</ele>
   </trkpt>
   <trkpt lat="32.4757220" lon="-111.2938850">
    <ele>577.4</ele>
   </trkpt>
   <trkpt lat="32.4758400" lon="-111.2938630">
    <ele>577.4</ele>
   </trkpt>
   <trkpt lat="32.4758920" lon="-111.2938720">
    <ele>577.4</ele>
   </trkpt>
   <trkpt lat="32.4759140" lon="-111.2940330">
    <ele>577.4</ele>
   </trkpt>
   <trkpt lat="32.4759180" lon="-111.2941010">
    <ele>577.4</ele>
   </trkpt>
   <trkpt lat="32.4759260" lon="-111.2941830">
    <ele>577.8</ele>
   </trkpt>
   <trkpt lat="32.4759350" lon="-111.2943220">
    <ele>577.8</ele>
   </trkpt>
   <trkpt lat="32.4759390" lon="-111.2944020">
    <ele>577.8</ele>
   </trkpt>
   <trkpt lat="32.4759510" lon="-111.2945000">
    <ele>578.0</ele>
   </trkpt>
   <trkpt lat="32.4760140" lon="-111.2947110">
    <ele>577.8</ele>
   </trkpt>
   <trkpt lat="32.4760940" lon="-111.2949300">
    <ele>577.4</ele>
   </trkpt>
   <trkpt lat="32.4761020" lon="-111.2950610">
    <ele>577.4</ele>
   </trkpt>
   <trkpt lat="32.4760950" lon="-111.2950950">
    <ele>577.4</ele>
   </trkpt>
   <trkpt lat="32.4760230" lon="-111.2951550">
    <ele>577.4</ele>
   </trkpt>
   <trkpt lat="32.4759640" lon="-111.2951470">
    <ele>577.6</ele>
   </trkpt>
   <trkpt lat="32.4758190" lon="-111.2950220">
    <ele>577.6</ele>
   </trkpt>
   <trkpt lat="32.4757450" lon="-111.2949510">
    <ele>577.6</ele>
   </trkpt>
   <trkpt lat="32.4756870" lon="-111.2948790">
    <ele>577.4</ele>
   </trkpt>
   <trkpt lat="32.4756050" lon="-111.2947700">
    <ele>577.2</ele>
   </trkpt>
   <trkpt lat="32.4754310" lon="-111.2946200">
    <ele>577.0</ele>
   </trkpt>
   <trkpt lat="32.4753510" lon="-111.2945730">
    <ele>577.0</ele>
   </trkpt>
   <trkpt lat="32.4752500" lon="-111.2945520">
    <ele>577.0</ele>
   </trkpt>
   <trkpt lat="32.4750490" lon="-111.2945110">
    <ele>576.8</ele>
   </trkpt>
   <trkpt lat="32.4749210" lon="-111.2945520">
    <ele>576.8</ele>
   </trkpt>
   <trkpt lat="32.4748840" lon="-111.2945780">
    <ele>576.8</ele>
   </trkpt>
   <trkpt lat="32.4748290" lon="-111.2946530">
    <ele>576.8</ele>
   </trkpt>
   <trkpt lat="32.4748080" lon="-111.2947460">
    <ele>577.0</ele>
   </trkpt>
   <trkpt lat="32.4748220" lon="-111.2950690">
    <ele>577.2</ele>
   </trkpt>
   <trkpt lat="32.4749540" lon="-111.2951740">
    <ele>577.2</ele>
   </trkpt>
   <trkpt lat="32.4750340" lon="-111.2952000">
    <ele>577.2</ele>
   </trkpt>
   <trkpt lat="32.4752230" lon="-111.2951620">
    <ele>577.2</ele>
   </trkpt>
   <trkpt lat="32.4753130" lon="-111.2951680">
    <ele>577.2</ele>
   </trkpt>
   <trkpt lat="32.4753900" lon="-111.2952030">
    <ele>577.2</ele>
   </trkpt>
   <trkpt lat="32.4755210" lon="-111.2953050">
    <ele>577.2</ele>
   </trkpt>
   <trkpt lat="32.4757830" lon="-111.2953870">
    <ele>577.2</ele>
   </trkpt>
   <trkpt lat="32.4757830" lon="-111.2953870">
    <ele>577.2</ele>
   </trkpt>
   <trkpt lat="32.4760590" lon="-111.2954070">
    <ele>577.2</ele>
   </trkpt>
   <trkpt lat="32.4761640" lon="-111.2954060">
    <ele>577.2</ele>
   </trkpt>
   <trkpt lat="32.4763020" lon="-111.2953970">
    <ele>576.8</ele>
   </trkpt>
   <trkpt lat="32.4763610" lon="-111.2953790">
    <ele>576.8</ele>
   </trkpt>
   <trkpt lat="32.4764310" lon="-111.2952940">
    <ele>576.8</ele>
   </trkpt>
   <trkpt lat="32.4764560" lon="-111.2952400">
    <ele>576.8</ele>
   </trkpt>
   <trkpt lat="32.4764920" lon="-111.2951230">
    <ele>577.0</ele>
   </trkpt>
   <trkpt lat="32.4765040" lon="-111.2950550">
    <ele>577.0</ele>
   </trkpt>
   <trkpt lat="32.4765200" lon="-111.2949040">
    <ele>577.0</ele>
   </trkpt>
   <trkpt lat="32.4764990" lon="-111.2947490">
    <ele>576.8</ele>
   </trkpt>
   <trkpt lat="32.4764160" lon="-111.2946510">
    <ele>576.8</ele>
   </trkpt>
   <trkpt lat="32.4764160" lon="-111.2946510">
    <ele>576.8</ele>
   </trkpt>
   <trkpt lat="32.4763590" lon="-111.2946420">
    <ele>576.8</ele>
   </trkpt>
   <trkpt lat="32.4762730" lon="-111.2946240">
    <ele>577.0</ele>
   </trkpt>
   <trkpt lat="32.4761810" lon="-111.2945480">
    <ele>577.2</ele>
   </trkpt>
   <trkpt lat="32.4761630" lon="-111.2944870">
    <ele>577.2</ele>
   </trkpt>
   <trkpt lat="32.4761700" lon="-111.2943850">
    <ele>577.4</ele>
   </trkpt>
   <trkpt lat="32.4761850" lon="-111.2941810">
    <ele>577.4</ele>
   </trkpt>
   <trkpt lat="32.4761850" lon="-111.2941810">
    <ele>577.2</ele>
   </trkpt>
   <trkpt lat="32.4762740" lon="-111.2940250">
    <ele>577.2</ele>
   </trkpt>
   <trkpt lat="32.4763490" lon="-111.2938660">
    <ele>577.0</ele>
   </trkpt>
   <trkpt lat="32.4763650" lon="-111.2937470">
    <ele>577.0</ele>
   </trkpt>
   <trkpt lat="32.4763650" lon="-111.2937470">
    <ele>577.0</ele>
   </trkpt>
   <trkpt lat="32.4763670" lon="-111.2936380">
    <ele>577.0</ele>
   </trkpt>
   <trkpt lat="32.4763680" lon="-111.2935850">
    <ele>577.0</ele>
   </trkpt>
   <trkpt lat="32.4763680" lon="-111.2934740">
    <ele>577.0</ele>
   </trkpt>
   <trkpt lat="32.4763690" lon="-111.2933510">
    <ele>577.0</ele>
   </trkpt>
   <trkpt lat="32.4763900" lon="-111.2931780">
    <ele>577.0</ele>
   </trkpt>
   <trkpt lat="32.4763930" lon="-111.2930760">
    <ele>576.8</ele>
   </trkpt>
   <trkpt lat="32.4763530" lon="-111.2928940">
    <ele>576.8</ele>
   </trkpt>
   <trkpt lat="32.4762220" lon="-111.2928480">
    <ele>576.6</ele>
   </trkpt>
   <trkpt lat="32.4762220" lon="-111.2928480">
    <ele>576.6</ele>
   </trkpt>
   <trkpt lat="32.4761550" lon="-111.2928870">
    <ele>576.6</ele>
   </trkpt>
   <trkpt lat="32.4760700" lon="-111.2930240">
    <ele>576.6</ele>
   </trkpt>
   <trkpt lat="32.4760290" lon="-111.2932160">
    <ele>576.8</ele>
   </trkpt>
   <trkpt lat="32.4759890" lon="-111.2933910">
    <ele>577.0</ele>
   </trkpt>
   <trkpt lat="32.4758400" lon="-111.2934250">
    <ele>577.2</ele>
   </trkpt>
   <trkpt lat="32.4758050" lon="-111.2933900">
    <ele>577.0</ele>
   </trkpt>
   <trkpt lat="32.4757830" lon="-111.2932630">
    <ele>577.0</ele>
   </trkpt>
   <trkpt lat="32.4757850" lon="-111.2931910">
    <ele>577.2</ele>
   </trkpt>
   <trkpt lat="32.4757800" lon="-111.2928020">
    <ele>577.0</ele>
   </trkpt>
   <trkpt lat="32.4757520" lon="-111.2927450">
    <ele>576.8</ele>
   </trkpt>
   <trkpt lat="32.4757110" lon="-111.2927110">
    <ele>576.8</ele>
   </trkpt>
   <trkpt lat="32.4756710" lon="-111.2926970">
    <ele>576.8</ele>
   </trkpt>
   <trkpt lat="32.4756280" lon="-111.2926970">
    <ele>576.8</ele>
   </trkpt>
   <trkpt lat="32.4755010" lon="-111.2927760">
    <ele>576.8</ele>
   </trkpt>
   <trkpt lat="32.4754880" lon="-111.2928560">
    <ele>576.8</ele>
   </trkpt>
   <trkpt lat="32.4755220" lon="-111.2930920">
    <ele>576.8</ele>
   </trkpt>
   <trkpt lat="32.4755320" lon="-111.2932780">
    <ele>576.6</ele>
   </trkpt>
   <trkpt lat="32.4755050" lon="-111.2933870">
    <ele>576.6</ele>
   </trkpt>
   <trkpt lat="32.4753800" lon="-111.2934560">
    <ele>576.6</ele>
   </trkpt>
   <trkpt lat="32.4752260" lon="-111.2934220">
    <ele>576.6</ele>
   </trkpt>
   <trkpt lat="32.4751530" lon="-111.2933230">
    <ele>576.8</ele>
   </trkpt>
   <trkpt lat="32.4751370" lon="-111.2931890">
    <ele>577.0</ele>
   </trkpt>
   <trkpt lat="32.4751030" lon="-111.2929790">
    <ele>577.2</ele>
   </trkpt>
   <trkpt lat="32.4750570" lon="-111.2928590">
    <ele>577.2</ele>
   </trkpt>
   <trkpt lat="32.4750160" lon="-111.2928070">
    <ele>577.2</ele>
   </trkpt>
   <trkpt lat="32.4749260" lon="-111.2927300">
    <ele>577.2</ele>
   </trkpt>
   <trkpt lat="32.4747600" lon="-111.2926830">
    <ele>577.4</ele>
   </trkpt>
   <trkpt lat="32.4747140" lon="-111.2926810">
    <ele>577.2</ele>
   </trkpt>
   <trkpt lat="32.4745520" lon="-111.2927140">
    <ele>577.0</ele>
   </trkpt>
   <trkpt lat="32.4744260" lon="-111.2927240">
    <ele>576.8</ele>
   </trkpt>
   <trkpt lat="32.4743520" lon="-111.2927130">
    <ele>576.8</ele>
   </trkpt>
   <trkpt lat="32.4742950" lon="-111.2927060">
    <ele>577.0</ele>
   </trkpt>
   <trkpt lat="32.4742420" lon="-111.2927090">
    <ele>577.6</ele>
   </trkpt>
   <trkpt lat="32.4741850" lon="-111.2927150">
    <ele>578.2</ele>
   </trkpt>
   <trkpt lat="32.4741060" lon="-111.2927130">
    <ele>578.2</ele>
   </trkpt>
   <trkpt lat="32.4740550" lon="-111.2927180">
    <ele>577.0</ele>
   </trkpt>
   <trkpt lat="32.4739420" lon="-111.2927610">
    <ele>577.0</ele>
   </trkpt>
   <trkpt lat="32.4739420" lon="-111.2927610">
    <ele>576.8</ele>
   </trkpt>
   <trkpt lat="32.4739030" lon="-111.2927990">
    <ele>576.8</ele>
   </trkpt>
   <trkpt lat="32.4738560" lon="-111.2929330">
    <ele>577.0</ele>
   </trkpt>
   <trkpt lat="32.4738560" lon="-111.2929330">
    <ele>577.0</ele>
   </trkpt>
   <trkpt lat="32.4738840" lon="-111.2930360">
    <ele>577.2</ele>
   </trkpt>
   <trkpt lat="32.4739500" lon="-111.2931110">
    <ele>577.4</ele>
   </trkpt>
   <trkpt lat="32.4741540" lon="-111.2931670">
    <ele>577.2</ele>
   </trkpt>
   <trkpt lat="32.4742350" lon="-111.2931740">
    <ele>577.2</ele>
   </trkpt>
   <trkpt lat="32.4744080" lon="-111.2931920">
    <ele>577.0</ele>
   </trkpt>
   <trkpt lat="32.4744490" lon="-111.2931960">
    <ele>577.0</ele>
   </trkpt>
   <trkpt lat="32.4744960" lon="-111.2931910">
    <ele>577.0</ele>
   </trkpt>
   <trkpt lat="32.4746370" lon="-111.2931670">
    <ele>577.0</ele>
   </trkpt>
   <trkpt lat="32.4747230" lon="-111.2931720">
    <ele>576.8</ele>
   </trkpt>
   <trkpt lat="32.4748910" lon="-111.2932920">
    <ele>577.0</ele>
   </trkpt>
   <trkpt lat="32.4750330" lon="-111.2935720">
    <ele>576.8</ele>
   </trkpt>
   <trkpt lat="32.4750330" lon="-111.2935720">
    <ele>576.8</ele>
   </trkpt>
   <trkpt lat="32.4750480" lon="-111.2936650">
    <ele>576.8</ele>
   </trkpt>
   <trkpt lat="32.4749960" lon="-111.2937200">
    <ele>576.8</ele>
   </trkpt>
   <trkpt lat="32.4749350" lon="-111.2937190">
    <ele>576.8</ele>
   </trkpt>
   <trkpt lat="32.4748690" lon="-111.2936980">
    <ele>577.0</ele>
   </trkpt>
   <trkpt lat="32.4747320" lon="-111.2935970">
    <ele>577.0</ele>
   </trkpt>
   <trkpt lat="32.4746460" lon="-111.2935760">
    <ele>577.0</ele>
   </trkpt>
   <trkpt lat="32.4744960" lon="-111.2935810">
    <ele>577.0</ele>
   </trkpt>
   <trkpt lat="32.4744430" lon="-111.2935780">
    <ele>576.4</ele>
   </trkpt>
   <trkpt lat="32.4742640" lon="-111.2935650">
    <ele>576.4</ele>
   </trkpt>
   <trkpt lat="32.4741810" lon="-111.2935670">
    <ele>576.0</ele>
   </trkpt>
   <trkpt lat="32.4740180" lon="-111.2936030">
    <ele>576.0</ele>
   </trkpt>
   <trkpt lat="32.4740180" lon="-111.2936030">
    <ele>576.0</ele>
   </trkpt>
   <trkpt lat="32.4739640" lon="-111.2936490">
    <ele>576.0</ele>
   </trkpt>
   <trkpt lat="32.4738930" lon="-111.2937740">
    <ele>576.0</ele>
   </trkpt>
   <trkpt lat="32.4739130" lon="-111.2939270">
    <ele>576.4</ele>
   </trkpt>
   <trkpt lat="32.4739130" lon="-111.2939270">
    <ele>576.4</ele>
   </trkpt>
   <trkpt lat="32.4739930" lon="-111.2940130">
    <ele>576.6</ele>
   </trkpt>
   <trkpt lat="32.4739930" lon="-111.2940130">
    <ele>576.6</ele>
   </trkpt>
   <trkpt lat="32.4740450" lon="-111.2940370">
    <ele>576.6</ele>
   </trkpt>
   <trkpt lat="32.4741630" lon="-111.2940570">
    <ele>576.6</ele>
   </trkpt>
   <trkpt lat="32.4743880" lon="-111.2940840">
    <ele>576.6</ele>
   </trkpt>
   <trkpt lat="32.4744510" lon="-111.2940840">
    <ele>576.6</ele>
   </trkpt>
   <trkpt lat="32.4745070" lon="-111.2940790">
    <ele>576.8</ele>
   </trkpt>
   <trkpt lat="32.4746140" lon="-111.2940790">
    <ele>577.0</ele>
   </trkpt>
   <trkpt lat="32.4746760" lon="-111.2940800">
    <ele>577.0</ele>
   </trkpt>
   <trkpt lat="32.4748450" lon="-111.2940960">
    <ele>577.2</ele>
   </trkpt>
   <trkpt lat="32.4749140" lon="-111.2941090">
    <ele>577.2</ele>
   </trkpt>
   <trkpt lat="32.4749900" lon="-111.2941210">
    <ele>577.2</ele>
   </trkpt>
   <trkpt lat="32.4751960" lon="-111.2940760">
    <ele>576.8</ele>
   </trkpt>
   <trkpt lat="32.4753070" lon="-111.2939000">
    <ele>576.8</ele>
   </trkpt>
   <trkpt lat="32.4753760" lon="-111.2938240">
    <ele>576.8</ele>
   </trkpt>
   <trkpt lat="32.4754510" lon="-111.2938260">
    <ele>577.0</ele>
   </trkpt>
   <trkpt lat="32.4754830" lon="-111.2939200">
    <ele>577.2</ele>
   </trkpt>
   <trkpt lat="32.4754830" lon="-111.2939200">
    <ele>577.0</ele>
   </trkpt>
   <trkpt lat="32.4755010" lon="-111.2939790">
    <ele>577.0</ele>
   </trkpt>
   <trkpt lat="32.4755810" lon="-111.2940230">
    <ele>576.6</ele>
   </trkpt>
   <trkpt lat="32.4757610" lon="-111.2939090">
    <ele>576.4</ele>
   </trkpt>
   <trkpt lat="32.4758150" lon="-111.2938860">
    <ele>576.4</ele>
   </trkpt>
   <trkpt lat="32.4759050" lon="-111.2939220">
    <ele>576.4</ele>
   </trkpt>
   <trkpt lat="32.4759180" lon="-111.2940690">
    <ele>576.4</ele>
   </trkpt>
   <trkpt lat="32.4759150" lon="-111.2941290">
    <ele>576.6</ele>
   </trkpt>
   <trkpt lat="32.4759320" lon="-111.2942770">
    <ele>577.0</ele>
   </trkpt>
   <trkpt lat="32.4759320" lon="-111.2942770">
    <ele>577.0</ele>
   </trkpt>
   <trkpt lat="32.4759420" lon="-111.2944430">
    <ele>577.2</ele>
   </trkpt>
   <trkpt lat="32.4759880" lon="-111.2946510">
    <ele>577.2</ele>
   </trkpt>
   <trkpt lat="32.4761200" lon="-111.2950480">
    <ele>576.6</ele>
   </trkpt>
   <trkpt lat="32.4761200" lon="-111.2950480">
    <ele>576.6</ele>
   </trkpt>
   <trkpt lat="32.4760410" lon="-111.2951390">
    <ele>576.6</ele>
   </trkpt>
   <trkpt lat="32.4759580" lon="-111.2951490">
    <ele>576.8</ele>
   </trkpt>
   <trkpt lat="32.4758230" lon="-111.2950190">
    <ele>576.8</ele>
   </trkpt>
   <trkpt lat="32.4757530" lon="-111.2949360">
    <ele>576.8</ele>
   </trkpt>
   <trkpt lat="32.4755960" lon="-111.2947620">
    <ele>576.6</ele>
   </trkpt>
   <trkpt lat="32.4754670" lon="-111.2946050">
    <ele>576.6</ele>
   </trkpt>
   <trkpt lat="32.4754120" lon="-111.2945670">
    <ele>576.4</ele>
   </trkpt>
   <trkpt lat="32.4752810" lon="-111.2945210">
    <ele>576.4</ele>
   </trkpt>
   <trkpt lat="32.4751300" lon="-111.2945080">
    <ele>576.4</ele>
   </trkpt>
   <trkpt lat="32.4749920" lon="-111.2945160">
    <ele>576.2</ele>
   </trkpt>
   <trkpt lat="32.4748170" lon="-111.2946300">
    <ele>576.4</ele>
   </trkpt>
   <trkpt lat="32.4748090" lon="-111.2947010">
    <ele>576.4</ele>
   </trkpt>
   <trkpt lat="32.4747970" lon="-111.2949850">
    <ele>576.4</ele>
   </trkpt>
   <trkpt lat="32.4748220" lon="-111.2950860">
    <ele>576.6</ele>
   </trkpt>
   <trkpt lat="32.4748740" lon="-111.2951670">
    <ele>576.6</ele>
   </trkpt>
   <trkpt lat="32.4750370" lon="-111.2952200">
    <ele>576.6</ele>
   </trkpt>
   <trkpt lat="32.4750370" lon="-111.2952200">
    <ele>576.6</ele>
   </trkpt>
   <trkpt lat="32.4752490" lon="-111.2952150">
    <ele>576.6</ele>
   </trkpt>
   <trkpt lat="32.4753520" lon="-111.2952420">
    <ele>576.6</ele>
   </trkpt>
   <trkpt lat="32.4755560" lon="-111.2953400">
    <ele>576.6</ele>
   </trkpt>
   <trkpt lat="32.4757740" lon="-111.2953900">
    <ele>576.6</ele>
   </trkpt>
   <trkpt lat="32.4760700" lon="-111.2953910">
    <ele>576.6</ele>
   </trkpt>
   <trkpt lat="32.4761180" lon="-111.2953800">
    <ele>576.4</ele>
   </trkpt>
   <trkpt lat="32.4763400" lon="-111.2953520">
    <ele>576.2</ele>
   </trkpt>
   <trkpt lat="32.4764500" lon="-111.2952250">
    <ele>576.2</ele>
   </trkpt>
   <trkpt lat="32.4764840" lon="-111.2951050">
    <ele>576.2</ele>
   </trkpt>
   <trkpt lat="32.4764890" lon="-111.2950530">
    <ele>576.2</ele>
   </trkpt>
   <trkpt lat="32.4764840" lon="-111.2949990">
    <ele>576.2</ele>
   </trkpt>
   <trkpt lat="32.4764550" lon="-111.2949020">
    <ele>576.4</ele>
   </trkpt>
   <trkpt lat="32.4764590" lon="-111.2948250">
    <ele>576.6</ele>
   </trkpt>
   <trkpt lat="32.4764720" lon="-111.2947910">
    <ele>576.6</ele>
   </trkpt>
   <trkpt lat="32.4764640" lon="-111.2946920">
    <ele>576.6</ele>
   </trkpt>
   <trkpt lat="32.4764210" lon="-111.2946550">
    <ele>576.4</ele>
   </trkpt>
   <trkpt lat="32.4763130" lon="-111.2945930">
    <ele>576.4</ele>
   </trkpt>
   <trkpt lat="32.4762130" lon="-111.2945240">
    <ele>576.6</ele>
   </trkpt>
   <trkpt lat="32.4761810" lon="-111.2943660">
    <ele>576.8</ele>
   </trkpt>
   <trkpt lat="32.4761780" lon="-111.2942760">
    <ele>577.0</ele>
   </trkpt>
   <trkpt lat="32.4761920" lon="-111.2941850">
    <ele>577.2</ele>
   </trkpt>
   <trkpt lat="32.4762340" lon="-111.2940950">
    <ele>577.2</ele>
   </trkpt>
   <trkpt lat="32.4763790" lon="-111.2937810">
    <ele>576.8</ele>
   </trkpt>
   <trkpt lat="32.4764140" lon="-111.2936110">
    <ele>576.6</ele>
   </trkpt>
   <trkpt lat="32.4764070" lon="-111.2935560">
    <ele>576.6</ele>
   </trkpt>
   <trkpt lat="32.4764050" lon="-111.2935060">
    <ele>576.4</ele>
   </trkpt>
   <trkpt lat="32.4764040" lon="-111.2933960">
    <ele>576.6</ele>
   </trkpt>
   <trkpt lat="32.4764110" lon="-111.2932500">
    <ele>576.8</ele>
   </trkpt>
   <trkpt lat="32.4764170" lon="-111.2930530">
    <ele>576.8</ele>
   </trkpt>
   <trkpt lat="32.4764030" lon="-111.2929460">
    <ele>576.8</ele>
   </trkpt>
   <trkpt lat="32.4763700" lon="-111.2928570">
    <ele>576.8</ele>
   </trkpt>
   <trkpt lat="32.4763190" lon="-111.2928040">
    <ele>576.8</ele>
   </trkpt>
   <trkpt lat="32.4762550" lon="-111.2927980">
    <ele>576.4</ele>
   </trkpt>
   <trkpt lat="32.4762190" lon="-111.2928380">
    <ele>576.4</ele>
   </trkpt>
   <trkpt lat="32.4761840" lon="-111.2928770">
    <ele>576.4</ele>
   </trkpt>
   <trkpt lat="32.4761120" lon="-111.2929560">
    <ele>576.4</ele>
   </trkpt>
   <trkpt lat="32.4760250" lon="-111.2933860">
    <ele>576.8</ele>
   </trkpt>
   <trkpt lat="32.4758860" lon="-111.2933810">
    <ele>576.8</ele>
   </trkpt>
   <trkpt lat="32.4758320" lon="-111.2933240">
    <ele>577.0</ele>
   </trkpt>
   <trkpt lat="32.4758080" lon="-111.2932470">
    <ele>576.8</ele>
   </trkpt>
   <trkpt lat="32.4758080" lon="-111.2931690">
    <ele>576.8</ele>
   </trkpt>
   <trkpt lat="32.4758130" lon="-111.2929980">
    <ele>576.6</ele>
   </trkpt>
   <trkpt lat="32.4758130" lon="-111.2928570">
    <ele>576.4</ele>
   </trkpt>
   <trkpt lat="32.4757870" lon="-111.2927430">
    <ele>576.6</ele>
   </trkpt>
   <trkpt lat="32.4757060" lon="-111.2926990">
    <ele>576.6</ele>
   </trkpt>
   <trkpt lat="32.4755860" lon="-111.2927230">
    <ele>576.8</ele>
   </trkpt>
   <trkpt lat="32.4755500" lon="-111.2927700">
    <ele>576.6</ele>
   </trkpt>
   <trkpt lat="32.4755090" lon="-111.2929330">
    <ele>576.6</ele>
   </trkpt>
   <trkpt lat="32.4755040" lon="-111.2930260">
    <ele>576.6</ele>
   </trkpt>
   <trkpt lat="32.4755080" lon="-111.2930930">
    <ele>576.6</ele>
   </trkpt>
   <trkpt lat="32.4755210" lon="-111.2931980">
    <ele>576.6</ele>
   </trkpt>
   <trkpt lat="32.4755250" lon="-111.2932620">
    <ele>576.6</ele>
   </trkpt>
   <trkpt lat="32.4754900" lon="-111.2934350">
    <ele>576.8</ele>
   </trkpt>
   <trkpt lat="32.4753640" lon="-111.2934690">
    <ele>576.8</ele>
   </trkpt>
   <trkpt lat="32.4752890" lon="-111.2934550">
    <ele>576.8</ele>
   </trkpt>
   <trkpt lat="32.4751950" lon="-111.2933840">
    <ele>576.8</ele>
   </trkpt>
   <trkpt lat="32.4751630" lon="-111.2932580">
    <ele>576.8</ele>
   </trkpt>
   <trkpt lat="32.4751590" lon="-111.2932000">
    <ele>576.8</ele>
   </trkpt>
   <trkpt lat="32.4751570" lon="-111.2931470">
    <ele>576.8</ele>
   </trkpt>
   <trkpt lat="32.4751230" lon="-111.2929760">
    <ele>576.8</ele>
   </trkpt>
   <trkpt lat="32.4750960" lon="-111.2929060">
    <ele>576.8</ele>
   </trkpt>
   <trkpt lat="32.4750020" lon="-111.2928070">
    <ele>576.6</ele>
   </trkpt>
   <trkpt lat="32.4749320" lon="-111.2927690">
    <ele>576.4</ele>
   </trkpt>
   <trkpt lat="32.4747560" lon="-111.2927260">
    <ele>576.6</ele>
   </trkpt>
   <trkpt lat="32.4746550" lon="-111.2927120">
    <ele>576.6</ele>
   </trkpt>
   <trkpt lat="32.4745700" lon="-111.2927190">
    <ele>576.4</ele>
   </trkpt>
   <trkpt lat="32.4743840" lon="-111.2927250">
    <ele>576.0</ele>
   </trkpt>
   <trkpt lat="32.4743090" lon="-111.2927250">
    <ele>576.0</ele>
   </trkpt>
   <trkpt lat="32.4742120" lon="-111.2927220">
    <ele>577.2</ele>
   </trkpt>
   <trkpt lat="32.4740720" lon="-111.2927210">
    <ele>577.0</ele>
   </trkpt>
   <trkpt lat="32.4739620" lon="-111.2927700">
    <ele>576.0</ele>
   </trkpt>
   <trkpt lat="32.4739250" lon="-111.2928110">
    <ele>576.0</ele>
   </trkpt>
   <trkpt lat="32.4738830" lon="-111.2928740">
    <ele>576.0</ele>
   </trkpt>
   <trkpt lat="32.4738850" lon="-111.2929080">
    <ele>576.0</ele>
   </trkpt>
   <trkpt lat="32.4738870" lon="-111.2929430">
    <ele>576.0</ele>
   </trkpt>
   <trkpt lat="32.4739090" lon="-111.2930140">
    <ele>576.2</ele>
   </trkpt>
   <trkpt lat="32.4740420" lon="-111.2931140">
    <ele>576.4</ele>
   </trkpt>
   <trkpt lat="32.4742680" lon="-111.2931430">
    <ele>576.6</ele>
   </trkpt>
   <trkpt lat="32.4743940" lon="-111.2931790">
    <ele>576.8</ele>
   </trkpt>
   <trkpt lat="32.4744330" lon="-111.2931850">
    <ele>576.8</ele>
   </trkpt>
   <trkpt lat="32.4745490" lon="-111.2931780">
    <ele>576.6</ele>
   </trkpt>
   <trkpt lat="32.4746280" lon="-111.2931640">
    <ele>576.6</ele>
   </trkpt>
   <trkpt lat="32.4747140" lon="-111.2931670">
    <ele>576.6</ele>
   </trkpt>
   <trkpt lat="32.4748530" lon="-111.2932420">
    <ele>576.4</ele>
   </trkpt>
   <trkpt lat="32.4749220" lon="-111.2933400">
    <ele>576.6</ele>
   </trkpt>
   <trkpt lat="32.4750350" lon="-111.2935730">
    <ele>576.6</ele>
   </trkpt>
   <trkpt lat="32.4750500" lon="-111.2936700">
    <ele>576.6</ele>
   </trkpt>
   <trkpt lat="32.4749960" lon="-111.2937180">
    <ele>576.8</ele>
   </trkpt>
   <trkpt lat="32.4749330" lon="-111.2937190">
    <ele>576.8</ele>
   </trkpt>
   <trkpt lat="32.4748610" lon="-111.2936920">
    <ele>576.8</ele>
   </trkpt>
   <trkpt lat="32.4747930" lon="-111.2936390">
    <ele>576.8</ele>
   </trkpt>
   <trkpt lat="32.4746240" lon="-111.2935560">
    <ele>576.8</ele>
   </trkpt>
   <trkpt lat="32.4744680" lon="-111.2935380">
    <ele>576.6</ele>
   </trkpt>
   <trkpt lat="32.4743540" lon="-111.2935330">
    <ele>576.2</ele>
   </trkpt>
   <trkpt lat="32.4740610" lon="-111.2935700">
    <ele>576.2</ele>
   </trkpt>
   <trkpt lat="32.4739310" lon="-111.2936420">
    <ele>576.0</ele>
   </trkpt>
   <trkpt lat="32.4738660" lon="-111.2937730">
    <ele>576.0</ele>
   </trkpt>
   <trkpt lat="32.4738630" lon="-111.2938500">
    <ele>575.8</ele>
   </trkpt>
   <trkpt lat="32.4738850" lon="-111.2939140">
    <ele>575.8</ele>
   </trkpt>
   <trkpt lat="32.4739700" lon="-111.2940010">
    <ele>576.0</ele>
   </trkpt>
   <trkpt lat="32.4742300" lon="-111.2940720">
    <ele>576.4</ele>
   </trkpt>
   <trkpt lat="32.4743050" lon="-111.2940890">
    <ele>576.4</ele>
   </trkpt>
   <trkpt lat="32.4743750" lon="-111.2941000">
    <ele>576.4</ele>
   </trkpt>
   <trkpt lat="32.4744940" lon="-111.2940950">
    <ele>576.4</ele>
   </trkpt>
   <trkpt lat="32.4745980" lon="-111.2940880">
    <ele>576.6</ele>
   </trkpt>
   <trkpt lat="32.4748210" lon="-111.2941040">
    <ele>576.8</ele>
   </trkpt>
   <trkpt lat="32.4750630" lon="-111.2941280">
    <ele>576.8</ele>
   </trkpt>
   <trkpt lat="32.4751170" lon="-111.2941240">
    <ele>576.8</ele>
   </trkpt>
   <trkpt lat="32.4751850" lon="-111.2940710">
    <ele>576.8</ele>
   </trkpt>
   <trkpt lat="32.4752740" lon="-111.2938730">
    <ele>576.6</ele>
   </trkpt>
   <trkpt lat="32.4753380" lon="-111.2937920">
    <ele>576.6</ele>
   </trkpt>
   <trkpt lat="32.4753850" lon="-111.2937720">
    <ele>576.6</ele>
   </trkpt>
   <trkpt lat="32.4754230" lon="-111.2937750">
    <ele>576.6</ele>
   </trkpt>
   <trkpt lat="32.4754490" lon="-111.2938050">
    <ele>576.8</ele>
   </trkpt>
   <trkpt lat="32.4755070" lon="-111.2939470">
    <ele>576.8</ele>
   </trkpt>
   <trkpt lat="32.4755500" lon="-111.2939660">
    <ele>576.8</ele>
   </trkpt>
   <trkpt lat="32.4756570" lon="-111.2939260">
    <ele>576.2</ele>
   </trkpt>
   <trkpt lat="32.4757190" lon="-111.2938870">
    <ele>576.2</ele>
   </trkpt>
   <trkpt lat="32.4757790" lon="-111.2938560">
    <ele>576.0</ele>
   </trkpt>
   <trkpt lat="32.4759030" lon="-111.2938490">
    <ele>576.0</ele>
   </trkpt>
   <trkpt lat="32.4759410" lon="-111.2939840">
    <ele>576.0</ele>
   </trkpt>
   <trkpt lat="32.4759440" lon="-111.2942070">
    <ele>576.2</ele>
   </trkpt>
   <trkpt lat="32.4759510" lon="-111.2944390">
    <ele>576.4</ele>
   </trkpt>
   <trkpt lat="32.4759680" lon="-111.2945380">
    <ele>576.4</ele>
   </trkpt>
   <trkpt lat="32.4760430" lon="-111.2947480">
    <ele>576.4</ele>
   </trkpt>
   <trkpt lat="32.4760850" lon="-111.2948600">
    <ele>576.4</ele>
   </trkpt>
   <trkpt lat="32.4761060" lon="-111.2950620">
    <ele>576.0</ele>
   </trkpt>
   <trkpt lat="32.4760840" lon="-111.2951340">
    <ele>576.0</ele>
   </trkpt>
   <trkpt lat="32.4760400" lon="-111.2951620">
    <ele>576.0</ele>
   </trkpt>
   <trkpt lat="32.4759120" lon="-111.2950910">
    <ele>576.0</ele>
   </trkpt>
   <trkpt lat="32.4756970" lon="-111.2948790">
    <ele>576.2</ele>
   </trkpt>
   <trkpt lat="32.4755390" lon="-111.2946820">
    <ele>576.2</ele>
   </trkpt>
   <trkpt lat="32.4754810" lon="-111.2946270">
    <ele>576.2</ele>
   </trkpt>
   <trkpt lat="32.4753390" lon="-111.2945350">
    <ele>576.2</ele>
   </trkpt>
   <trkpt lat="32.4751030" lon="-111.2944830">
    <ele>576.4</ele>
   </trkpt>
   <trkpt lat="32.4749650" lon="-111.2944970">
    <ele>576.0</ele>
   </trkpt>
   <trkpt lat="32.4748980" lon="-111.2945270">
    <ele>576.0</ele>
   </trkpt>
   <trkpt lat="32.4748490" lon="-111.2945820">
    <ele>575.8</ele>
   </trkpt>
   <trkpt lat="32.4748240" lon="-111.2946480">
    <ele>575.8</ele>
   </trkpt>
   <trkpt lat="32.4748170" lon="-111.2947170">
    <ele>575.8</ele>
   </trkpt>
   <trkpt lat="32.4748150" lon="-111.2949650">
    <ele>575.8</ele>
   </trkpt>
   <trkpt lat="32.4748200" lon="-111.2950540">
    <ele>576.0</ele>
   </trkpt>
   <trkpt lat="32.4748840" lon="-111.2951690">
    <ele>576.0</ele>
   </trkpt>
   <trkpt lat="32.4751150" lon="-111.2951660">
    <ele>576.2</ele>
   </trkpt>
   <trkpt lat="32.4752310" lon="-111.2951730">
    <ele>576.2</ele>
   </trkpt>
   <trkpt lat="32.4753290" lon="-111.2952080">
    <ele>576.2</ele>
   </trkpt>
   <trkpt lat="32.4755270" lon="-111.2953180">
    <ele>576.2</ele>
   </trkpt>
   <trkpt lat="32.4757510" lon="-111.2953800">
    <ele>576.2</ele>
   </trkpt>
   <trkpt lat="32.4761190" lon="-111.2953900">
    <ele>576.0</ele>
   </trkpt>
   <trkpt lat="32.4762050" lon="-111.2953890">
    <ele>575.6</ele>
   </trkpt>
   <trkpt lat="32.4762850" lon="-111.2953730">
    <ele>575.6</ele>
   </trkpt>
   <trkpt lat="32.4763550" lon="-111.2953300">
    <ele>575.8</ele>
   </trkpt>
   <trkpt lat="32.4764220" lon="-111.2952580">
    <ele>575.8</ele>
   </trkpt>
   <trkpt lat="32.4764730" lon="-111.2951660">
    <ele>575.8</ele>
   </trkpt>
   <trkpt lat="32.4765030" lon="-111.2950590">
    <ele>575.8</ele>
   </trkpt>
   <trkpt lat="32.4765110" lon="-111.2949650">
    <ele>575.8</ele>
   </trkpt>
   <trkpt lat="32.4765030" lon="-111.2948360">
    <ele>576.0</ele>
   </trkpt>
   <trkpt lat="32.4764510" lon="-111.2947080">
    <ele>575.6</ele>
   </trkpt>
   <trkpt lat="32.4763960" lon="-111.2946610">
    <ele>575.6</ele>
   </trkpt>
   <trkpt lat="32.4763020" lon="-111.2946150">
    <ele>575.6</ele>
   </trkpt>
   <trkpt lat="32.4762230" lon="-111.2945540">
    <ele>575.6</ele>
   </trkpt>
   <trkpt lat="32.4761760" lon="-111.2944050">
    <ele>575.8</ele>
   </trkpt>
   <trkpt lat="32.4761950" lon="-111.2942170">
    <ele>576.4</ele>
   </trkpt>
   <trkpt lat="32.4762320" lon="-111.2941200">
    <ele>576.4</ele>
   </trkpt>
   <trkpt lat="32.4763410" lon="-111.2939210">
    <ele>576.2</ele>
   </trkpt>
   <trkpt lat="32.4763770" lon="-111.2938170">
    <ele>576.0</ele>
   </trkpt>
   <trkpt lat="32.4763990" lon="-111.2936460">
    <ele>575.6</ele>
   </trkpt>
   <trkpt lat="32.4763990" lon="-111.2935780">
    <ele>575.6</ele>
   </trkpt>
   <trkpt lat="32.4763980" lon="-111.2932820">
    <ele>575.8</ele>
   </trkpt>
   <trkpt lat="32.4764090" lon="-111.2930860">
    <ele>576.0</ele>
   </trkpt>
   <trkpt lat="32.4764000" lon="-111.2929790">
    <ele>576.0</ele>
   </trkpt>
   <trkpt lat="32.4763750" lon="-111.2928870">
    <ele>576.0</ele>
   </trkpt>
   <trkpt lat="32.4763340" lon="-111.2928220">
    <ele>576.0</ele>
   </trkpt>
   <trkpt lat="32.4762740" lon="-111.2927970">
    <ele>575.8</ele>
   </trkpt>
   <trkpt lat="32.4762080" lon="-111.2928140">
    <ele>575.6</ele>
   </trkpt>
   <trkpt lat="32.4761560" lon="-111.2928770">
    <ele>575.6</ele>
   </trkpt>
   <trkpt lat="32.4761410" lon="-111.2929460">
    <ele>575.6</ele>
   </trkpt>
   <trkpt lat="32.4761270" lon="-111.2930160">
    <ele>575.4</ele>
   </trkpt>
   <trkpt lat="32.4760970" lon="-111.2931540">
    <ele>575.4</ele>
   </trkpt>
   <trkpt lat="32.4760710" lon="-111.2933250">
    <ele>575.8</ele>
   </trkpt>
   <trkpt lat="32.4760380" lon="-111.2933790">
    <ele>576.0</ele>
   </trkpt>
   <trkpt lat="32.4759860" lon="-111.2934300">
    <ele>576.2</ele>
   </trkpt>
   <trkpt lat="32.4758600" lon="-111.2934480">
    <ele>576.4</ele>
   </trkpt>
   <trkpt lat="32.4757970" lon="-111.2933030">
    <ele>576.4</ele>
   </trkpt>
   <trkpt lat="32.4758200" lon="-111.2931860">
    <ele>576.2</ele>
   </trkpt>
   <trkpt lat="32.4758280" lon="-111.2931270">
    <ele>576.2</ele>
   </trkpt>
   <trkpt lat="32.4758370" lon="-111.2930120">
    <ele>575.8</ele>
   </trkpt>
   <trkpt lat="32.4758050" lon="-111.2928130">
    <ele>575.4</ele>
   </trkpt>
   <trkpt lat="32.4757270" lon="-111.2927240">
    <ele>575.6</ele>
   </trkpt>
   <trkpt lat="32.4756450" lon="-111.2927160">
    <ele>575.8</ele>
   </trkpt>
   <trkpt lat="32.4756100" lon="-111.2927230">
    <ele>575.8</ele>
   </trkpt>
   <trkpt lat="32.4755780" lon="-111.2927470">
    <ele>575.8</ele>
   </trkpt>
   <trkpt lat="32.4755240" lon="-111.2928700">
    <ele>575.6</ele>
   </trkpt>
   <trkpt lat="32.4755030" lon="-111.2931070">
    <ele>575.6</ele>
   </trkpt>
   <trkpt lat="32.4755070" lon="-111.2931610">
    <ele>575.6</ele>
   </trkpt>
   <trkpt lat="32.4755240" lon="-111.2933420">
    <ele>576.4</ele>
   </trkpt>
   <trkpt lat="32.4755170" lon="-111.2934010">
    <ele>576.4</ele>
   </trkpt>
   <trkpt lat="32.4754310" lon="-111.2934860">
    <ele>576.0</ele>
   </trkpt>
   <trkpt lat="32.4752870" lon="-111.2934920">
    <ele>576.0</ele>
   </trkpt>
   <trkpt lat="32.4752260" lon="-111.2934580">
    <ele>576.0</ele>
   </trkpt>
   <trkpt lat="32.4751800" lon="-111.2934130">
    <ele>576.0</ele>
   </trkpt>
   <trkpt lat="32.4751550" lon="-111.2933490">
    <ele>576.0</ele>
   </trkpt>
   <trkpt lat="32.4751380" lon="-111.2932210">
    <ele>576.2</ele>
   </trkpt>
   <trkpt lat="32.4751320" lon="-111.2931100">
    <ele>576.2</ele>
   </trkpt>
   <trkpt lat="32.4751270" lon="-111.2930650">
    <ele>576.4</ele>
   </trkpt>
   <trkpt lat="32.4750790" lon="-111.2929350">
    <ele>576.2</ele>
   </trkpt>
   <trkpt lat="32.4750330" lon="-111.2928770">
    <ele>576.2</ele>
   </trkpt>
   <trkpt lat="32.4749910" lon="-111.2928450">
    <ele>576.0</ele>
   </trkpt>
   <trkpt lat="32.4749250" lon="-111.2928080">
    <ele>576.0</ele>
   </trkpt>
   <trkpt lat="32.4746770" lon="-111.2927420">
    <ele>576.2</ele>
   </trkpt>
   <trkpt lat="32.4745250" lon="-111.2927480">
    <ele>575.8</ele>
   </trkpt>
   <trkpt lat="32.4743990" lon="-111.2927430">
    <ele>575.6</ele>
   </trkpt>
   <trkpt lat="32.4742160" lon="-111.2927340">
    <ele>576.0</ele>
   </trkpt>
   <trkpt lat="32.4740730" lon="-111.2927290">
    <ele>577.0</ele>
   </trkpt>
   <trkpt lat="32.4740210" lon="-111.2927410">
    <ele>577.0</ele>
   </trkpt>
   <trkpt lat="32.4739680" lon="-111.2927750">
    <ele>575.4</ele>
   </trkpt>
   <trkpt lat="32.4738950" lon="-111.2928490">
    <ele>575.4</ele>
   </trkpt>
   <trkpt lat="32.4738760" lon="-111.2929180">
    <ele>575.4</ele>
   </trkpt>
   <trkpt lat="32.4738870" lon="-111.2929930">
    <ele>575.4</ele>
   </trkpt>
   <trkpt lat="32.4739270" lon="-111.2930630">
    <ele>575.4</ele>
   </trkpt>
   <trkpt lat="32.4740060" lon="-111.2931200">
    <ele>575.4</ele>
   </trkpt>
   <trkpt lat="32.4740690" lon="-111.2931400">
    <ele>575.4</ele>
   </trkpt>
   <trkpt lat="32.4741410" lon="-111.2931500">
    <ele>575.4</ele>
   </trkpt>
   <trkpt lat="32.4742940" lon="-111.2931680">
    <ele>575.6</ele>
   </trkpt>
   <trkpt lat="32.4744060" lon="-111.2932040">
    <ele>575.8</ele>
   </trkpt>
   <trkpt lat="32.4744970" lon="-111.2931930">
    <ele>576.0</ele>
   </trkpt>
   <trkpt lat="32.4746380" lon="-111.2931770">
    <ele>576.0</ele>
   </trkpt>
   <trkpt lat="32.4747280" lon="-111.2931920">
    <ele>576.0</ele>
   </trkpt>
   <trkpt lat="32.4748120" lon="-111.2932250">
    <ele>575.8</ele>
   </trkpt>
   <trkpt lat="32.4749050" lon="-111.2933070">
    <ele>576.0</ele>
   </trkpt>
   <trkpt lat="32.4749730" lon="-111.2934410">
    <ele>576.2</ele>
   </trkpt>
   <trkpt lat="32.4750460" lon="-111.2935810">
    <ele>576.2</ele>
   </trkpt>
   <trkpt lat="32.4750650" lon="-111.2936290">
    <ele>576.2</ele>
   </trkpt>
   <trkpt lat="32.4750570" lon="-111.2936960">
    <ele>575.8</ele>
   </trkpt>
   <trkpt lat="32.4749750" lon="-111.2937420">
    <ele>576.0</ele>
   </trkpt>
   <trkpt lat="32.4749240" lon="-111.2937340">
    <ele>576.0</ele>
   </trkpt>
   <trkpt lat="32.4748580" lon="-111.2937060">
    <ele>576.0</ele>
   </trkpt>
   <trkpt lat="32.4746950" lon="-111.2935980">
    <ele>576.0</ele>
   </trkpt>
   <trkpt lat="32.4744470" lon="-111.2935720">
    <ele>575.6</ele>
   </trkpt>
   <trkpt lat="32.4742910" lon="-111.2935660">
    <ele>575.6</ele>
   </trkpt>
   <trkpt lat="32.4741460" lon="-111.2935700">
    <ele>575.8</ele>
   </trkpt>
   <trkpt lat="32.4740660" lon="-111.2935880">
    <ele>575.6</ele>
   </trkpt>
   <trkpt lat="32.4739460" lon="-111.2936470">
    <ele>575.6</ele>
   </trkpt>
   <trkpt lat="32.4739070" lon="-111.2936970">
    <ele>575.6</ele>
   </trkpt>
   <trkpt lat="32.4738850" lon="-111.2937700">
    <ele>575.6</ele>
   </trkpt>
   <trkpt lat="32.4738820" lon="-111.2938510">
    <ele>575.6</ele>
   </trkpt>
   <trkpt lat="32.4738980" lon="-111.2939170">
    <ele>575.6</ele>
   </trkpt>
   <trkpt lat="32.4739760" lon="-111.2940090">
    <ele>575.8</ele>
   </trkpt>
   <trkpt lat="32.4741580" lon="-111.2940620">
    <ele>575.6</ele>
   </trkpt>
   <trkpt lat="32.4743660" lon="-111.2941010">
    <ele>575.8</ele>
   </trkpt>
   <trkpt lat="32.4744370" lon="-111.2941010">
    <ele>575.8</ele>
   </trkpt>
   <trkpt lat="32.4745730" lon="-111.2940990">
    <ele>576.2</ele>
   </trkpt>
   <trkpt lat="32.4747170" lon="-111.2941000">
    <ele>576.2</ele>
   </trkpt>
   <trkpt lat="32.4747880" lon="-111.2941070">
    <ele>576.2</ele>
   </trkpt>
   <trkpt lat="32.4750250" lon="-111.2941410">
    <ele>576.2</ele>
   </trkpt>
   <trkpt lat="32.4751170" lon="-111.2940950">
    <ele>576.2</ele>
   </trkpt>
   <trkpt lat="32.4751960" lon="-111.2940680">
    <ele>576.0</ele>
   </trkpt>
   <trkpt lat="32.4752240" lon="-111.2940150">
    <ele>575.8</ele>
   </trkpt>
   <trkpt lat="32.4752810" lon="-111.2938910">
    <ele>575.8</ele>
   </trkpt>
   <trkpt lat="32.4753120" lon="-111.2938600">
    <ele>575.8</ele>
   </trkpt>
   <trkpt lat="32.4753940" lon="-111.2938140">
    <ele>575.8</ele>
   </trkpt>
   <trkpt lat="32.4754300" lon="-111.2938330">
    <ele>576.0</ele>
   </trkpt>
   <trkpt lat="32.4754840" lon="-111.2939410">
    <ele>576.4</ele>
   </trkpt>
   <trkpt lat="32.4755070" lon="-111.2939860">
    <ele>576.2</ele>
   </trkpt>
   <trkpt lat="32.4755990" lon="-111.2940160">
    <ele>576.2</ele>
   </trkpt>
   <trkpt lat="32.4756980" lon="-111.2939690">
    <ele>576.2</ele>
   </trkpt>
   <trkpt lat="32.4757820" lon="-111.2939000">
    <ele>576.0</ele>
   </trkpt>
   <trkpt lat="32.4758270" lon="-111.2938720">
    <ele>576.0</ele>
   </trkpt>
   <trkpt lat="32.4759210" lon="-111.2938780">
    <ele>576.0</ele>
   </trkpt>
   <trkpt lat="32.4759610" lon="-111.2940000">
    <ele>576.2</ele>
   </trkpt>
   <trkpt lat="32.4759700" lon="-111.2941840">
    <ele>576.6</ele>
   </trkpt>
   <trkpt lat="32.4759740" lon="-111.2942450">
    <ele>576.6</ele>
   </trkpt>
   <trkpt lat="32.4759790" lon="-111.2944040">
    <ele>577.0</ele>
   </trkpt>
   <trkpt lat="32.4759890" lon="-111.2945040">
    <ele>577.0</ele>
   </trkpt>
   <trkpt lat="32.4760580" lon="-111.2947090">
    <ele>577.0</ele>
   </trkpt>
   <trkpt lat="32.4761290" lon="-111.2949250">
    <ele>576.2</ele>
   </trkpt>
   <trkpt lat="32.4761310" lon="-111.2950180">
    <ele>576.2</ele>
   </trkpt>
   <trkpt lat="32.4761120" lon="-111.2950880">
    <ele>576.2</ele>
   </trkpt>
   <trkpt lat="32.4760640" lon="-111.2951320">
    <ele>576.2</ele>
   </trkpt>
   <trkpt lat="32.4759320" lon="-111.2951090">
    <ele>576.2</ele>
   </trkpt>
   <trkpt lat="32.4757110" lon="-111.2949140">
    <ele>576.2</ele>
   </trkpt>
   <trkpt lat="32.4756600" lon="-111.2948430">
    <ele>576.0</ele>
   </trkpt>
   <trkpt lat="32.4756250" lon="-111.2947830">
    <ele>576.0</ele>
   </trkpt>
   <trkpt lat="32.4755820" lon="-111.2947340">
    <ele>576.0</ele>
   </trkpt>
   <trkpt lat="32.4754160" lon="-111.2945920">
    <ele>576.2</ele>
   </trkpt>
   <trkpt lat="32.4752360" lon="-111.2945150">
    <ele>576.2</ele>
   </trkpt>
   <trkpt lat="32.4751750" lon="-111.2945250">
    <ele>576.2</ele>
   </trkpt>
   <trkpt lat="32.4751140" lon="-111.2945350">
    <ele>576.2</ele>
   </trkpt>
   <trkpt lat="32.4748690" lon="-111.2945750">
    <ele>576.0</ele>
   </trkpt>
   <trkpt lat="32.4748210" lon="-111.2947420">
    <ele>575.8</ele>
   </trkpt>
   <trkpt lat="32.4748080" lon="-111.2949480">
    <ele>575.8</ele>
   </trkpt>
   <trkpt lat="32.4748590" lon="-111.2951290">
    <ele>576.2</ele>
   </trkpt>
   <trkpt lat="32.4750150" lon="-111.2952070">
    <ele>576.4</ele>
   </trkpt>
   <trkpt lat="32.4752180" lon="-111.2952010">
    <ele>576.6</ele>
   </trkpt>
   <trkpt lat="32.4753200" lon="-111.2952230">
    <ele>576.6</ele>
   </trkpt>
   <trkpt lat="32.4754150" lon="-111.2952710">
    <ele>576.6</ele>
   </trkpt>
   <trkpt lat="32.4756140" lon="-111.2953840">
    <ele>576.6</ele>
   </trkpt>
   <trkpt lat="32.4758390" lon="-111.2954090">
    <ele>576.4</ele>
   </trkpt>
   <trkpt lat="32.4759510" lon="-111.2954060">
    <ele>576.2</ele>
   </trkpt>
   <trkpt lat="32.4761130" lon="-111.2954010">
    <ele>576.6</ele>
   </trkpt>
   <trkpt lat="32.4761660" lon="-111.2953980">
    <ele>576.2</ele>
   </trkpt>
   <trkpt lat="32.4763200" lon="-111.2953600">
    <ele>576.0</ele>
   </trkpt>
   <trkpt lat="32.4763940" lon="-111.2953110">
    <ele>576.0</ele>
   </trkpt>
   <trkpt lat="32.4764470" lon="-111.2952310">
    <ele>576.2</ele>
   </trkpt>
   <trkpt lat="32.4764890" lon="-111.2951370">
    <ele>576.2</ele>
   </trkpt>
   <trkpt lat="32.4765080" lon="-111.2950300">
    <ele>576.2</ele>
   </trkpt>
   <trkpt lat="32.4765170" lon="-111.2948560">
    <ele>576.2</ele>
   </trkpt>
   <trkpt lat="32.4764920" lon="-111.2947310">
    <ele>576.2</ele>
   </trkpt>
   <trkpt lat="32.4764520" lon="-111.2946690">
    <ele>576.2</ele>
   </trkpt>
   <trkpt lat="32.4763920" lon="-111.2946250">
    <ele>576.2</ele>
   </trkpt>
   <trkpt lat="32.4763000" lon="-111.2945870">
    <ele>576.2</ele>
   </trkpt>
   <trkpt lat="32.4762510" lon="-111.2945580">
    <ele>576.4</ele>
   </trkpt>
   <trkpt lat="32.4761900" lon="-111.2944260">
    <ele>576.4</ele>
   </trkpt>
   <trkpt lat="32.4761910" lon="-111.2942390">
    <ele>576.4</ele>
   </trkpt>
   <trkpt lat="32.4762190" lon="-111.2941380">
    <ele>576.4</ele>
   </trkpt>
   <trkpt lat="32.4763260" lon="-111.2939380">
    <ele>576.4</ele>
   </trkpt>
   <trkpt lat="32.4764000" lon="-111.2937430">
    <ele>576.4</ele>
   </trkpt>
   <trkpt lat="32.4764090" lon="-111.2936090">
    <ele>576.2</ele>
   </trkpt>
   <trkpt lat="32.4764060" lon="-111.2935650">
    <ele>576.0</ele>
   </trkpt>
   <trkpt lat="32.4764010" lon="-111.2934710">
    <ele>576.0</ele>
   </trkpt>
   <trkpt lat="32.4764070" lon="-111.2931990">
    <ele>576.4</ele>
   </trkpt>
   <trkpt lat="32.4764030" lon="-111.2929920">
    <ele>576.4</ele>
   </trkpt>
   <trkpt lat="32.4763730" lon="-111.2928960">
    <ele>576.4</ele>
   </trkpt>
   <trkpt lat="32.4763280" lon="-111.2928320">
    <ele>576.4</ele>
   </trkpt>
   <trkpt lat="32.4762680" lon="-111.2928030">
    <ele>576.2</ele>
   </trkpt>
   <trkpt lat="32.4762040" lon="-111.2928120">
    <ele>576.0</ele>
   </trkpt>
   <trkpt lat="32.4761520" lon="-111.2928620">
    <ele>576.0</ele>
   </trkpt>
   <trkpt lat="32.4761150" lon="-111.2929510">
    <ele>576.0</ele>
   </trkpt>
   <trkpt lat="32.4760870" lon="-111.2931480">
    <ele>576.2</ele>
   </trkpt>
   <trkpt lat="32.4760650" lon="-111.2933460">
    <ele>576.6</ele>
   </trkpt>
   <trkpt lat="32.4760110" lon="-111.2934170">
    <ele>576.6</ele>
   </trkpt>
   <trkpt lat="32.4758590" lon="-111.2934290">
    <ele>576.8</ele>
   </trkpt>
   <trkpt lat="32.4758010" lon="-111.2932820">
    <ele>576.8</ele>
   </trkpt>
   <trkpt lat="32.4758080" lon="-111.2930800">
    <ele>576.6</ele>
   </trkpt>
   <trkpt lat="32.4758090" lon="-111.2930280">
    <ele>576.4</ele>
   </trkpt>
   <trkpt lat="32.4758110" lon="-111.2929780">
    <ele>576.4</ele>
   </trkpt>
   <trkpt lat="32.4757980" lon="-111.2927730">
    <ele>576.6</ele>
   </trkpt>
   <trkpt lat="32.4757260" lon="-111.2927120">
    <ele>576.6</ele>
   </trkpt>
   <trkpt lat="32.4756350" lon="-111.2927240">
    <ele>576.6</ele>
   </trkpt>
   <trkpt lat="32.4756010" lon="-111.2927390">
    <ele>576.6</ele>
   </trkpt>
   <trkpt lat="32.4755380" lon="-111.2928370">
    <ele>576.6</ele>
   </trkpt>
   <trkpt lat="32.4755140" lon="-111.2930820">
    <ele>576.6</ele>
   </trkpt>
   <trkpt lat="32.4755060" lon="-111.2931500">
    <ele>576.6</ele>
   </trkpt>
   <trkpt lat="32.4755100" lon="-111.2932720">
    <ele>576.6</ele>
   </trkpt>
   <trkpt lat="32.4755060" lon="-111.2933940">
    <ele>576.8</ele>
   </trkpt>
   <trkpt lat="32.4754290" lon="-111.2934930">
    <ele>576.6</ele>
   </trkpt>
   <trkpt lat="32.4752780" lon="-111.2934740">
    <ele>576.6</ele>
   </trkpt>
   <trkpt lat="32.4751730" lon="-111.2933960">
    <ele>576.6</ele>
   </trkpt>
   <trkpt lat="32.4751450" lon="-111.2933370">
    <ele>576.6</ele>
   </trkpt>
   <trkpt lat="32.4751280" lon="-111.2932130">
    <ele>576.8</ele>
   </trkpt>
   <trkpt lat="32.4751190" lon="-111.2931050">
    <ele>577.0</ele>
   </trkpt>
   <trkpt lat="32.4751150" lon="-111.2930600">
    <ele>577.0</ele>
   </trkpt>
   <trkpt lat="32.4750700" lon="-111.2929320">
    <ele>577.0</ele>
   </trkpt>
   <trkpt lat="32.4750240" lon="-111.2928700">
    <ele>577.0</ele>
   </trkpt>
   <trkpt lat="32.4749740" lon="-111.2928290">
    <ele>577.0</ele>
   </trkpt>
   <trkpt lat="32.4749350" lon="-111.2928020">
    <ele>577.2</ele>
   </trkpt>
   <trkpt lat="32.4749000" lon="-111.2927880">
    <ele>577.0</ele>
   </trkpt>
   <trkpt lat="32.4748000" lon="-111.2927560">
    <ele>577.0</ele>
   </trkpt>
   <trkpt lat="32.4747630" lon="-111.2927480">
    <ele>577.0</ele>
   </trkpt>
   <trkpt lat="32.4746010" lon="-111.2927350">
    <ele>576.6</ele>
   </trkpt>
   <trkpt lat="32.4745480" lon="-111.2927390">
    <ele>576.6</ele>
   </trkpt>
   <trkpt lat="32.4742280" lon="-111.2927400">
    <ele>576.6</ele>
   </trkpt>
   <trkpt lat="32.4741630" lon="-111.2927470">
    <ele>577.8</ele>
   </trkpt>
   <trkpt lat="32.4740430" lon="-111.2927440">
    <ele>577.8</ele>
   </trkpt>
   <trkpt lat="32.4740190" lon="-111.2927600">
    <ele>577.2</ele>
   </trkpt>
   <trkpt lat="32.4739950" lon="-111.2927750">
    <ele>576.4</ele>
   </trkpt>
   <trkpt lat="32.4738990" lon="-111.2928370">
    <ele>576.2</ele>
   </trkpt>
   <trkpt lat="32.4738740" lon="-111.2928960">
    <ele>576.2</ele>
   </trkpt>
   <trkpt lat="32.4738730" lon="-111.2929290">
    <ele>576.2</ele>
   </trkpt>
   <trkpt lat="32.4738890" lon="-111.2929900">
    <ele>576.2</ele>
   </trkpt>
   <trkpt lat="32.4739210" lon="-111.2930390">
    <ele>576.4</ele>
   </trkpt>
   <trkpt lat="32.4740480" lon="-111.2931280">
    <ele>576.4</ele>
   </trkpt>
   <trkpt lat="32.4741510" lon="-111.2931380">
    <ele>576.6</ele>
   </trkpt>
   <trkpt lat="32.4742770" lon="-111.2931430">
    <ele>576.8</ele>
   </trkpt>
   <trkpt lat="32.4744450" lon="-111.2931860">
    <ele>576.6</ele>
   </trkpt>
   <trkpt lat="32.4746560" lon="-111.2931850">
    <ele>576.6</ele>
   </trkpt>
   <trkpt lat="32.4747460" lon="-111.2931960">
    <ele>576.6</ele>
   </trkpt>
   <trkpt lat="32.4748720" lon="-111.2932730">
    <ele>576.6</ele>
   </trkpt>
   <trkpt lat="32.4750220" lon="-111.2935630">
    <ele>576.6</ele>
   </trkpt>
   <trkpt lat="32.4750360" lon="-111.2936120">
    <ele>576.6</ele>
   </trkpt>
   <trkpt lat="32.4750330" lon="-111.2936760">
    <ele>576.4</ele>
   </trkpt>
   <trkpt lat="32.4750130" lon="-111.2937030">
    <ele>576.6</ele>
   </trkpt>
   <trkpt lat="32.4749190" lon="-111.2937570">
    <ele>576.6</ele>
   </trkpt>
   <trkpt lat="32.4748570" lon="-111.2937460">
    <ele>576.6</ele>
   </trkpt>
   <trkpt lat="32.4748060" lon="-111.2937110">
    <ele>576.8</ele>
   </trkpt>
   <trkpt lat="32.4747300" lon="-111.2936090">
    <ele>576.8</ele>
   </trkpt>
   <trkpt lat="32.4746050" lon="-111.2935700">
    <ele>576.6</ele>
   </trkpt>
   <trkpt lat="32.4744740" lon="-111.2936180">
    <ele>576.6</ele>
   </trkpt>
   <trkpt lat="32.4743370" lon="-111.2936240">
    <ele>576.8</ele>
   </trkpt>
   <trkpt lat="32.4742920" lon="-111.2936160">
    <ele>577.0</ele>
   </trkpt>
   <trkpt lat="32.4740670" lon="-111.2936130">
    <ele>576.2</ele>
   </trkpt>
   <trkpt lat="32.4739290" lon="-111.2936650">
    <ele>576.2</ele>
   </trkpt>
   <trkpt lat="32.4738550" lon="-111.2937840">
    <ele>576.0</ele>
   </trkpt>
   <trkpt lat="32.4738410" lon="-111.2938580">
    <ele>576.2</ele>
   </trkpt>
   <trkpt lat="32.4738540" lon="-111.2939260">
    <ele>576.2</ele>
   </trkpt>
   <trkpt lat="32.4738880" lon="-111.2939790">
    <ele>576.2</ele>
   </trkpt>
   <trkpt lat="32.4739410" lon="-111.2940130">
    <ele>576.4</ele>
   </trkpt>
   <trkpt lat="32.4740610" lon="-111.2940540">
    <ele>576.4</ele>
   </trkpt>
   <trkpt lat="32.4744230" lon="-111.2940760">
    <ele>576.8</ele>
   </trkpt>
   <trkpt lat="32.4746030" lon="-111.2940770">
    <ele>576.6</ele>
   </trkpt>
   <trkpt lat="32.4748490" lon="-111.2940980">
    <ele>577.0</ele>
   </trkpt>
   <trkpt lat="32.4750660" lon="-111.2941400">
    <ele>577.2</ele>
   </trkpt>
   <trkpt lat="32.4751880" lon="-111.2940900">
    <ele>577.4</ele>
   </trkpt>
   <trkpt lat="32.4752410" lon="-111.2939570">
    <ele>577.2</ele>
   </trkpt>
   <trkpt lat="32.4752720" lon="-111.2938850">
    <ele>577.2</ele>
   </trkpt>
   <trkpt lat="32.4752980" lon="-111.2938350">
    <ele>577.4</ele>
   </trkpt>
   <trkpt lat="32.4753730" lon="-111.2937830">
    <ele>577.2</ele>
   </trkpt>
   <trkpt lat="32.4754470" lon="-111.2938130">
    <ele>577.2</ele>
   </trkpt>
   <trkpt lat="32.4754650" lon="-111.2938500">
    <ele>577.2</ele>
   </trkpt>
   <trkpt lat="32.4755100" lon="-111.2939440">
    <ele>577.2</ele>
   </trkpt>
   <trkpt lat="32.4755490" lon="-111.2939790">
    <ele>577.2</ele>
   </trkpt>
   <trkpt lat="32.4755990" lon="-111.2939800">
    <ele>577.2</ele>
   </trkpt>
   <trkpt lat="32.4756600" lon="-111.2939480">
    <ele>577.2</ele>
   </trkpt>
   <trkpt lat="32.4757260" lon="-111.2939060">
    <ele>577.2</ele>
   </trkpt>
   <trkpt lat="32.4758480" lon="-111.2938460">
    <ele>577.2</ele>
   </trkpt>
   <trkpt lat="32.4759480" lon="-111.2938830">
    <ele>577.4</ele>
   </trkpt>
   <trkpt lat="32.4759620" lon="-111.2940250">
    <ele>577.2</ele>
   </trkpt>
   <trkpt lat="32.4759580" lon="-111.2940920">
    <ele>577.4</ele>
   </trkpt>
   <trkpt lat="32.4759650" lon="-111.2942410">
    <ele>577.2</ele>
   </trkpt>
   <trkpt lat="32.4759800" lon="-111.2945170">
    <ele>577.2</ele>
   </trkpt>
   <trkpt lat="32.4760680" lon="-111.2947040">
    <ele>577.2</ele>
   </trkpt>
   <trkpt lat="32.4761440" lon="-111.2948970">
    <ele>577.2</ele>
   </trkpt>
   <trkpt lat="32.4760580" lon="-111.2951590">
    <ele>577.2</ele>
   </trkpt>
   <trkpt lat="32.4759030" lon="-111.2951150">
    <ele>577.2</ele>
   </trkpt>
   <trkpt lat="32.4756760" lon="-111.2948940">
    <ele>577.2</ele>
   </trkpt>
   <trkpt lat="32.4756210" lon="-111.2948210">
    <ele>577.2</ele>
   </trkpt>
   <trkpt lat="32.4754570" lon="-111.2946590">
    <ele>577.2</ele>
   </trkpt>
   <trkpt lat="32.4753880" lon="-111.2946070">
    <ele>577.0</ele>
   </trkpt>
   <trkpt lat="32.4752180" lon="-111.2945300">
    <ele>576.8</ele>
   </trkpt>
   <trkpt lat="32.4749220" lon="-111.2945360">
    <ele>576.8</ele>
   </trkpt>
   <trkpt lat="32.4747910" lon="-111.2947500">
    <ele>576.8</ele>
   </trkpt>
   <trkpt lat="32.4747910" lon="-111.2949670">
    <ele>577.0</ele>
   </trkpt>
   <trkpt lat="32.4748070" lon="-111.2950760">
    <ele>577.0</ele>
   </trkpt>
   <trkpt lat="32.4749080" lon="-111.2951210">
    <ele>577.0</ele>
   </trkpt>
   <trkpt lat="32.4751110" lon="-111.2952120">
    <ele>577.2</ele>
   </trkpt>
   <trkpt lat="32.4752180" lon="-111.2952130">
    <ele>577.2</ele>
   </trkpt>
   <trkpt lat="32.4753280" lon="-111.2952370">
    <ele>577.2</ele>
   </trkpt>
   <trkpt lat="32.4755260" lon="-111.2953390">
    <ele>577.2</ele>
   </trkpt>
   <trkpt lat="32.4756260" lon="-111.2953800">
    <ele>577.4</ele>
   </trkpt>
   <trkpt lat="32.4758520" lon="-111.2954050">
    <ele>577.4</ele>
   </trkpt>
   <trkpt lat="32.4761160" lon="-111.2954080">
    <ele>577.4</ele>
   </trkpt>
   <trkpt lat="32.4761730" lon="-111.2954050">
    <ele>577.4</ele>
   </trkpt>
   <trkpt lat="32.4763180" lon="-111.2953690">
    <ele>577.0</ele>
   </trkpt>
   <trkpt lat="32.4763910" lon="-111.2953130">
    <ele>577.0</ele>
   </trkpt>
   <trkpt lat="32.4764430" lon="-111.2952290">
    <ele>577.0</ele>
   </trkpt>
   <trkpt lat="32.4765180" lon="-111.2950230">
    <ele>576.8</ele>
   </trkpt>
   <trkpt lat="32.4765340" lon="-111.2947850">
    <ele>577.0</ele>
   </trkpt>
   <trkpt lat="32.4764840" lon="-111.2946520">
    <ele>577.0</ele>
   </trkpt>
   <trkpt lat="32.4764350" lon="-111.2946150">
    <ele>577.2</ele>
   </trkpt>
   <trkpt lat="32.4763320" lon="-111.2945850">
    <ele>577.2</ele>
   </trkpt>
   <trkpt lat="32.4762610" lon="-111.2945770">
    <ele>577.4</ele>
   </trkpt>
   <trkpt lat="32.4762010" lon="-111.2944740">
    <ele>577.2</ele>
   </trkpt>
   <trkpt lat="32.4762200" lon="-111.2942050">
    <ele>577.4</ele>
   </trkpt>
   <trkpt lat="32.4763390" lon="-111.2939350">
    <ele>577.6</ele>
   </trkpt>
   <trkpt lat="32.4763810" lon="-111.2938410">
    <ele>577.6</ele>
   </trkpt>
   <trkpt lat="32.4764250" lon="-111.2936810">
    <ele>577.2</ele>
   </trkpt>
   <trkpt lat="32.4764240" lon="-111.2935240">
    <ele>577.0</ele>
   </trkpt>
   <trkpt lat="32.4764130" lon="-111.2932200">
    <ele>577.4</ele>
   </trkpt>
   <trkpt lat="32.4764120" lon="-111.2930130">
    <ele>577.2</ele>
   </trkpt>
   <trkpt lat="32.4763830" lon="-111.2929100">
    <ele>577.2</ele>
   </trkpt>
   <trkpt lat="32.4763400" lon="-111.2928340">
    <ele>577.2</ele>
   </trkpt>
   <trkpt lat="32.4762800" lon="-111.2928050">
    <ele>577.2</ele>
   </trkpt>
   <trkpt lat="32.4761660" lon="-111.2928610">
    <ele>577.0</ele>
   </trkpt>
   <trkpt lat="32.4760850" lon="-111.2931100">
    <ele>577.0</ele>
   </trkpt>
   <trkpt lat="32.4760650" lon="-111.2933130">
    <ele>577.4</ele>
   </trkpt>
   <trkpt lat="32.4760200" lon="-111.2933280">
    <ele>577.6</ele>
   </trkpt>
   <trkpt lat="32.4759740" lon="-111.2933420">
    <ele>577.6</ele>
   </trkpt>
   <trkpt lat="32.4757920" lon="-111.2934000">
    <ele>577.6</ele>
   </trkpt>
   <trkpt lat="32.4757530" lon="-111.2933260">
    <ele>577.8</ele>
   </trkpt>
   <trkpt lat="32.4757500" lon="-111.2932410">
    <ele>577.6</ele>
   </trkpt>
   <trkpt lat="32.4757640" lon="-111.2931640">
    <ele>577.6</ele>
   </trkpt>
   <trkpt lat="32.4757730" lon="-111.2930960">
    <ele>577.6</ele>
   </trkpt>
   <trkpt lat="32.4757810" lon="-111.2929750">
    <ele>577.4</ele>
   </trkpt>
   <trkpt lat="32.4757930" lon="-111.2928130">
    <ele>577.4</ele>
   </trkpt>
   <trkpt lat="32.4757730" lon="-111.2927560">
    <ele>577.4</ele>
   </trkpt>
   <trkpt lat="32.4757390" lon="-111.2927210">
    <ele>577.4</ele>
   </trkpt>
   <trkpt lat="32.4756990" lon="-111.2927050">
    <ele>577.4</ele>
   </trkpt>
   <trkpt lat="32.4755920" lon="-111.2927320">
    <ele>577.6</ele>
   </trkpt>
   <trkpt lat="32.4755560" lon="-111.2927750">
    <ele>577.4</ele>
   </trkpt>
   <trkpt lat="32.4755240" lon="-111.2928390">
    <ele>577.4</ele>
   </trkpt>
   <trkpt lat="32.4755090" lon="-111.2929220">
    <ele>577.4</ele>
   </trkpt>
   <trkpt lat="32.4754960" lon="-111.2930860">
    <ele>577.4</ele>
   </trkpt>
   <trkpt lat="32.4754980" lon="-111.2932960">
    <ele>577.2</ele>
   </trkpt>
   <trkpt lat="32.4755030" lon="-111.2933680">
    <ele>577.4</ele>
   </trkpt>
   <trkpt lat="32.4754570" lon="-111.2934730">
    <ele>577.4</ele>
   </trkpt>
   <trkpt lat="32.4753070" lon="-111.2934870">
    <ele>577.6</ele>
   </trkpt>
   <trkpt lat="32.4752270" lon="-111.2934700">
    <ele>577.6</ele>
   </trkpt>
   <trkpt lat="32.4751660" lon="-111.2934380">
    <ele>577.6</ele>
   </trkpt>
   <trkpt lat="32.4751360" lon="-111.2933930">
    <ele>577.6</ele>
   </trkpt>
   <trkpt lat="32.4751390" lon="-111.2932040">
    <ele>577.8</ele>
   </trkpt>
   <trkpt lat="32.4751390" lon="-111.2931540">
    <ele>577.8</ele>
   </trkpt>
   <trkpt lat="32.4751140" lon="-111.2929920">
    <ele>577.8</ele>
   </trkpt>
   <trkpt lat="32.4750950" lon="-111.2929280">
    <ele>577.8</ele>
   </trkpt>
   <trkpt lat="32.4750120" lon="-111.2928140">
    <ele>577.6</ele>
   </trkpt>
   <trkpt lat="32.4748990" lon="-111.2927560">
    <ele>577.6</ele>
   </trkpt>
   <trkpt lat="32.4746860" lon="-111.2927140">
    <ele>577.8</ele>
   </trkpt>
   <trkpt lat="32.4746340" lon="-111.2927170">
    <ele>577.8</ele>
   </trkpt>
   <trkpt lat="32.4745870" lon="-111.2927220">
    <ele>577.6</ele>
   </trkpt>
   <trkpt lat="32.4744180" lon="-111.2927240">
    <ele>577.4</ele>
   </trkpt>
   <trkpt lat="32.4742200" lon="-111.2927230">
    <ele>577.4</ele>
   </trkpt>
   <trkpt lat="32.4741270" lon="-111.2927210">
    <ele>578.0</ele>
   </trkpt>
   <trkpt lat="32.4740820" lon="-111.2927220">
    <ele>578.0</ele>
   </trkpt>
   <trkpt lat="32.4739650" lon="-111.2927680">
    <ele>577.4</ele>
   </trkpt>
   <trkpt lat="32.4738920" lon="-111.2928760">
    <ele>577.0</ele>
   </trkpt>
   <trkpt lat="32.4738920" lon="-111.2929970">
    <ele>577.0</ele>
   </trkpt>
   <trkpt lat="32.4739090" lon="-111.2930310">
    <ele>577.0</ele>
   </trkpt>
   <trkpt lat="32.4740130" lon="-111.2931200">
    <ele>577.2</ele>
   </trkpt>
   <trkpt lat="32.4740720" lon="-111.2931430">
    <ele>577.2</ele>
   </trkpt>
   <trkpt lat="32.4741370" lon="-111.2931480">
    <ele>577.4</ele>
   </trkpt>
   <trkpt lat="32.4742680" lon="-111.2931440">
    <ele>577.6</ele>
   </trkpt>
   <trkpt lat="32.4743110" lon="-111.2931520">
    <ele>577.6</ele>
   </trkpt>
   <trkpt lat="32.4743500" lon="-111.2931720">
    <ele>577.6</ele>
   </trkpt>
   <trkpt lat="32.4745170" lon="-111.2931790">
    <ele>577.6</ele>
   </trkpt>
   <trkpt lat="32.4746820" lon="-111.2931760">
    <ele>578.0</ele>
   </trkpt>
   <trkpt lat="32.4747700" lon="-111.2931970">
    <ele>577.8</ele>
   </trkpt>
   <trkpt lat="32.4748910" lon="-111.2932810">
    <ele>577.6</ele>
   </trkpt>
   <trkpt lat="32.4749240" lon="-111.2933430">
    <ele>577.6</ele>
   </trkpt>
   <trkpt lat="32.4750230" lon="-111.2935540">
    <ele>577.8</ele>
   </trkpt>
   <trkpt lat="32.4750310" lon="-111.2935990">
    <ele>577.8</ele>
   </trkpt>
   <trkpt lat="32.4750260" lon="-111.2936510">
    <ele>577.4</ele>
   </trkpt>
   <trkpt lat="32.4750240" lon="-111.2936610">
    <ele>577.6</ele>
   </trkpt>
   <trkpt lat="32.4749510" lon="-111.2937160">
    <ele>577.6</ele>
   </trkpt>
   <trkpt lat="32.4748300" lon="-111.2936920">
    <ele>577.8</ele>
   </trkpt>
   <trkpt lat="32.4747700" lon="-111.2936380">
    <ele>577.8</ele>
   </trkpt>
   <trkpt lat="32.4747000" lon="-111.2935860">
    <ele>577.8</ele>
   </trkpt>
   <trkpt lat="32.4746150" lon="-111.2935670">
    <ele>577.8</ele>
   </trkpt>
   <trkpt lat="32.4744580" lon="-111.2935710">
    <ele>577.6</ele>
   </trkpt>
   <trkpt lat="32.4743300" lon="-111.2935700">
    <ele>577.2</ele>
   </trkpt>
   <trkpt lat="32.4742740" lon="-111.2935710">
    <ele>577.4</ele>
   </trkpt>
   <trkpt lat="32.4740370" lon="-111.2935990">
    <ele>577.2</ele>
   </trkpt>
   <trkpt lat="32.4739080" lon="-111.2936730">
    <ele>577.2</ele>
   </trkpt>
   <trkpt lat="32.4738710" lon="-111.2937310">
    <ele>577.2</ele>
   </trkpt>
   <trkpt lat="32.4738570" lon="-111.2938070">
    <ele>577.2</ele>
   </trkpt>
   <trkpt lat="32.4738700" lon="-111.2938870">
    <ele>577.2</ele>
   </trkpt>
   <trkpt lat="32.4738990" lon="-111.2939550">
    <ele>577.2</ele>
   </trkpt>
   <trkpt lat="32.4739930" lon="-111.2940420">
    <ele>577.4</ele>
   </trkpt>
   <trkpt lat="32.4742490" lon="-111.2940950">
    <ele>577.6</ele>
   </trkpt>
   <trkpt lat="32.4743280" lon="-111.2941040">
    <ele>577.6</ele>
   </trkpt>
   <trkpt lat="32.4744490" lon="-111.2940930">
    <ele>577.6</ele>
   </trkpt>
   <trkpt lat="32.4745780" lon="-111.2940920">
    <ele>577.8</ele>
   </trkpt>
   <trkpt lat="32.4748340" lon="-111.2941130">
    <ele>578.0</ele>
   </trkpt>
   <trkpt lat="32.4750380" lon="-111.2941200">
    <ele>578.0</ele>
   </trkpt>
   <trkpt lat="32.4751320" lon="-111.2940850">
    <ele>577.8</ele>
   </trkpt>
   <trkpt lat="32.4751750" lon="-111.2940790">
    <ele>577.6</ele>
   </trkpt>
   <trkpt lat="32.4752080" lon="-111.2940420">
    <ele>577.6</ele>
   </trkpt>
   <trkpt lat="32.4752370" lon="-111.2939760">
    <ele>577.6</ele>
   </trkpt>
   <trkpt lat="32.4752720" lon="-111.2939090">
    <ele>577.6</ele>
   </trkpt>
   <trkpt lat="32.4753510" lon="-111.2938130">
    <ele>577.6</ele>
   </trkpt>
   <trkpt lat="32.4753930" lon="-111.2937900">
    <ele>577.6</ele>
   </trkpt>
   <trkpt lat="32.4754320" lon="-111.2938020">
    <ele>577.8</ele>
   </trkpt>
   <trkpt lat="32.4754570" lon="-111.2938380">
    <ele>577.8</ele>
   </trkpt>
   <trkpt lat="32.4754880" lon="-111.2939310">
    <ele>577.8</ele>
   </trkpt>
   <trkpt lat="32.4755240" lon="-111.2939710">
    <ele>577.8</ele>
   </trkpt>
   <trkpt lat="32.4755720" lon="-111.2939880">
    <ele>577.6</ele>
   </trkpt>
   <trkpt lat="32.4756840" lon="-111.2939290">
    <ele>577.4</ele>
   </trkpt>
   <trkpt lat="32.4758100" lon="-111.2938520">
    <ele>577.4</ele>
   </trkpt>
   <trkpt lat="32.4759280" lon="-111.2938590">
    <ele>577.4</ele>
   </trkpt>
   <trkpt lat="32.4759570" lon="-111.2939950">
    <ele>577.4</ele>
   </trkpt>
   <trkpt lat="32.4759630" lon="-111.2941420">
    <ele>577.4</ele>
   </trkpt>
   <trkpt lat="32.4759690" lon="-111.2943870">
    <ele>577.6</ele>
   </trkpt>
   <trkpt lat="32.4760200" lon="-111.2945880">
    <ele>577.6</ele>
   </trkpt>
   <trkpt lat="32.4760760" lon="-111.2946770">
    <ele>577.6</ele>
   </trkpt>
   <trkpt lat="32.4761260" lon="-111.2947730">
    <ele>577.4</ele>
   </trkpt>
   <trkpt lat="32.4761510" lon="-111.2948860">
    <ele>577.4</ele>
   </trkpt>
   <trkpt lat="32.4761500" lon="-111.2950010">
    <ele>577.4</ele>
   </trkpt>
   <trkpt lat="32.4761180" lon="-111.2950900">
    <ele>577.4</ele>
   </trkpt>
   <trkpt lat="32.4759810" lon="-111.2951350">
    <ele>577.4</ele>
   </trkpt>
   <trkpt lat="32.4758350" lon="-111.2950400">
    <ele>577.6</ele>
   </trkpt>
   <trkpt lat="32.4757580" lon="-111.2949650">
    <ele>577.8</ele>
   </trkpt>
   <trkpt lat="32.4756860" lon="-111.2948820">
    <ele>577.8</ele>
   </trkpt>
   <trkpt lat="32.4755240" lon="-111.2946950">
    <ele>577.6</ele>
   </trkpt>
   <trkpt lat="32.4753380" lon="-111.2945570">
    <ele>577.6</ele>
   </trkpt>
   <trkpt lat="32.4752510" lon="-111.2945250">
    <ele>577.4</ele>
   </trkpt>
   <trkpt lat="32.4751570" lon="-111.2945090">
    <ele>577.6</ele>
   </trkpt>
   <trkpt lat="32.4749590" lon="-111.2945230">
    <ele>577.4</ele>
   </trkpt>
   <trkpt lat="32.4748280" lon="-111.2946120">
    <ele>577.4</ele>
   </trkpt>
   <trkpt lat="32.4748140" lon="-111.2947830">
    <ele>577.4</ele>
   </trkpt>
   <trkpt lat="32.4748310" lon="-111.2950950">
    <ele>577.6</ele>
   </trkpt>
   <trkpt lat="32.4748660" lon="-111.2951720">
    <ele>577.6</ele>
   </trkpt>
   <trkpt lat="32.4749260" lon="-111.2952130">
    <ele>577.6</ele>
   </trkpt>
   <trkpt lat="32.4750090" lon="-111.2952170">
    <ele>577.6</ele>
   </trkpt>
   <trkpt lat="32.4752020" lon="-111.2952060">
    <ele>577.6</ele>
   </trkpt>
   <trkpt lat="32.4753050" lon="-111.2952270">
    <ele>577.8</ele>
   </trkpt>
   <trkpt lat="32.4754060" lon="-111.2952660">
    <ele>577.8</ele>
   </trkpt>
   <trkpt lat="32.4755860" lon="-111.2953710">
    <ele>577.8</ele>
   </trkpt>
   <trkpt lat="32.4757910" lon="-111.2954100">
    <ele>577.8</ele>
   </trkpt>
   <trkpt lat="32.4759060" lon="-111.2954140">
    <ele>577.8</ele>
   </trkpt>
   <trkpt lat="32.4760750" lon="-111.2954200">
    <ele>577.8</ele>
   </trkpt>
   <trkpt lat="32.4761200" lon="-111.2954180">
    <ele>577.8</ele>
   </trkpt>
   <trkpt lat="32.4761640" lon="-111.2954160">
    <ele>577.8</ele>
   </trkpt>
   <trkpt lat="32.4762530" lon="-111.2954110">
    <ele>577.4</ele>
   </trkpt>
   <trkpt lat="32.4763340" lon="-111.2953730">
    <ele>577.6</ele>
   </trkpt>
   <trkpt lat="32.4763990" lon="-111.2952990">
    <ele>577.6</ele>
   </trkpt>
   <trkpt lat="32.4764530" lon="-111.2951970">
    <ele>577.6</ele>
   </trkpt>
   <trkpt lat="32.4765130" lon="-111.2949570">
    <ele>577.6</ele>
   </trkpt>
   <trkpt lat="32.4765190" lon="-111.2948050">
    <ele>577.6</ele>
   </trkpt>
   <trkpt lat="32.4764980" lon="-111.2947450">
    <ele>577.6</ele>
   </trkpt>
   <trkpt lat="32.4764690" lon="-111.2946830">
    <ele>577.6</ele>
   </trkpt>
   <trkpt lat="32.4763690" lon="-111.2946130">
    <ele>577.6</ele>
   </trkpt>
   <trkpt lat="32.4762890" lon="-111.2945870">
    <ele>577.6</ele>
   </trkpt>
   <trkpt lat="32.4762410" lon="-111.2945480">
    <ele>577.8</ele>
   </trkpt>
   <trkpt lat="32.4762050" lon="-111.2944820">
    <ele>577.8</ele>
   </trkpt>
   <trkpt lat="32.4761880" lon="-111.2943980">
    <ele>577.8</ele>
   </trkpt>
   <trkpt lat="32.4761870" lon="-111.2943050">
    <ele>578.0</ele>
   </trkpt>
   <trkpt lat="32.4762030" lon="-111.2942050">
    <ele>578.0</ele>
   </trkpt>
   <trkpt lat="32.4762390" lon="-111.2941040">
    <ele>578.2</ele>
   </trkpt>
   <trkpt lat="32.4763860" lon="-111.2937810">
    <ele>578.2</ele>
   </trkpt>
   <trkpt lat="32.4764090" lon="-111.2936250">
    <ele>578.0</ele>
   </trkpt>
   <trkpt lat="32.4764040" lon="-111.2934770">
    <ele>577.8</ele>
   </trkpt>
   <trkpt lat="32.4764010" lon="-111.2934250">
    <ele>577.8</ele>
   </trkpt>
   <trkpt lat="32.4764170" lon="-111.2931130">
    <ele>578.2</ele>
   </trkpt>
   <trkpt lat="32.4764160" lon="-111.2930050">
    <ele>578.2</ele>
   </trkpt>
   <trkpt lat="32.4763490" lon="-111.2928420">
    <ele>578.0</ele>
   </trkpt>
   <trkpt lat="32.4762210" lon="-111.2928240">
    <ele>577.8</ele>
   </trkpt>
   <trkpt lat="32.4761270" lon="-111.2929250">
    <ele>577.8</ele>
   </trkpt>
   <trkpt lat="32.4760630" lon="-111.2932160">
    <ele>578.2</ele>
   </trkpt>
   <trkpt lat="32.4760070" lon="-111.2933810">
    <ele>578.2</ele>
   </trkpt>
   <trkpt lat="32.4759450" lon="-111.2934180">
    <ele>578.2</ele>
   </trkpt>
   <trkpt lat="32.4758190" lon="-111.2933580">
    <ele>578.4</ele>
   </trkpt>
   <trkpt lat="32.4757670" lon="-111.2932220">
    <ele>578.4</ele>
   </trkpt>
   <trkpt lat="32.4757700" lon="-111.2931480">
    <ele>578.4</ele>
   </trkpt>
   <trkpt lat="32.4757910" lon="-111.2929280">
    <ele>578.2</ele>
   </trkpt>
   <trkpt lat="32.4757720" lon="-111.2927640">
    <ele>578.2</ele>
   </trkpt>
   <trkpt lat="32.4757380" lon="-111.2927190">
    <ele>578.4</ele>
   </trkpt>
   <trkpt lat="32.4756480" lon="-111.2926960">
    <ele>578.6</ele>
   </trkpt>
   <trkpt lat="32.4756090" lon="-111.2927000">
    <ele>578.4</ele>
   </trkpt>
   <trkpt lat="32.4755730" lon="-111.2927120">
    <ele>578.4</ele>
   </trkpt>
   <trkpt lat="32.4755100" lon="-111.2928040">
    <ele>578.4</ele>
   </trkpt>
   <trkpt lat="32.4754830" lon="-111.2929640">
    <ele>578.4</ele>
   </trkpt>
   <trkpt lat="32.4754840" lon="-111.2930350">
    <ele>578.4</ele>
   </trkpt>
   <trkpt lat="32.4754880" lon="-111.2931560">
    <ele>578.4</ele>
   </trkpt>
   <trkpt lat="32.4754870" lon="-111.2932240">
    <ele>578.4</ele>
   </trkpt>
   <trkpt lat="32.4754850" lon="-111.2933550">
    <ele>578.6</ele>
   </trkpt>
   <trkpt lat="32.4754300" lon="-111.2934660">
    <ele>578.4</ele>
   </trkpt>
   <trkpt lat="32.4752980" lon="-111.2934650">
    <ele>578.6</ele>
   </trkpt>
   <trkpt lat="32.4752360" lon="-111.2934390">
    <ele>578.6</ele>
   </trkpt>
   <trkpt lat="32.4751950" lon="-111.2933960">
    <ele>578.6</ele>
   </trkpt>
   <trkpt lat="32.4751660" lon="-111.2933410">
    <ele>578.6</ele>
   </trkpt>
   <trkpt lat="32.4751420" lon="-111.2932690">
    <ele>578.6</ele>
   </trkpt>
   <trkpt lat="32.4751300" lon="-111.2931650">
    <ele>578.6</ele>
   </trkpt>
   <trkpt lat="32.4750690" lon="-111.2928850">
    <ele>578.8</ele>
   </trkpt>
   <trkpt lat="32.4750220" lon="-111.2928270">
    <ele>578.8</ele>
   </trkpt>
   <trkpt lat="32.4749720" lon="-111.2927920">
    <ele>578.8</ele>
   </trkpt>
   <trkpt lat="32.4748980" lon="-111.2927660">
    <ele>578.8</ele>
   </trkpt>
   <trkpt lat="32.4748240" lon="-111.2927420">
    <ele>578.6</ele>
   </trkpt>
   <trkpt lat="32.4746860" lon="-111.2927180">
    <ele>579.0</ele>
   </trkpt>
   <trkpt lat="32.4746250" lon="-111.2927130">
    <ele>579.0</ele>
   </trkpt>
   <trkpt lat="32.4743860" lon="-111.2927110">
    <ele>578.8</ele>
   </trkpt>
   <trkpt lat="32.4742460" lon="-111.2927040">
    <ele>578.6</ele>
   </trkpt>
   <trkpt lat="32.4742080" lon="-111.2927000">
    <ele>578.6</ele>
   </trkpt>
   <trkpt lat="32.4741430" lon="-111.2927060">
    <ele>579.6</ele>
   </trkpt>
   <trkpt lat="32.4740380" lon="-111.2927140">
    <ele>579.6</ele>
   </trkpt>
   <trkpt lat="32.4738880" lon="-111.2928150">
    <ele>578.6</ele>
   </trkpt>
   <trkpt lat="32.4738740" lon="-111.2929320">
    <ele>578.4</ele>
   </trkpt>
   <trkpt lat="32.4739740" lon="-111.2930670">
    <ele>578.4</ele>
   </trkpt>
   <trkpt lat="32.4740180" lon="-111.2930930">
    <ele>578.4</ele>
   </trkpt>
   <trkpt lat="32.4741290" lon="-111.2931380">
    <ele>578.6</ele>
   </trkpt>
   <trkpt lat="32.4742460" lon="-111.2931260">
    <ele>578.8</ele>
   </trkpt>
   <trkpt lat="32.4742970" lon="-111.2931340">
    <ele>578.8</ele>
   </trkpt>
   <trkpt lat="32.4744080" lon="-111.2931770">
    <ele>579.0</ele>
   </trkpt>
   <trkpt lat="32.4744940" lon="-111.2931700">
    <ele>579.0</ele>
   </trkpt>
   <trkpt lat="32.4745640" lon="-111.2931610">
    <ele>579.0</ele>
   </trkpt>
   <trkpt lat="32.4747350" lon="-111.2931680">
    <ele>579.0</ele>
   </trkpt>
   <trkpt lat="32.4748200" lon="-111.2931890">
    <ele>579.0</ele>
   </trkpt>
   <trkpt lat="32.4748700" lon="-111.2932250">
    <ele>579.0</ele>
   </trkpt>
   <trkpt lat="32.4749010" lon="-111.2932810">
    <ele>579.0</ele>
   </trkpt>
   <trkpt lat="32.4749750" lon="-111.2934380">
    <ele>578.8</ele>
   </trkpt>
   <trkpt lat="32.4750550" lon="-111.2935840">
    <ele>578.6</ele>
   </trkpt>
   <trkpt lat="32.4750560" lon="-111.2936780">
    <ele>578.6</ele>
   </trkpt>
   <trkpt lat="32.4749910" lon="-111.2937310">
    <ele>578.8</ele>
   </trkpt>
   <trkpt lat="32.4749250" lon="-111.2937200">
    <ele>578.8</ele>
   </trkpt>
   <trkpt lat="32.4748550" lon="-111.2936860">
    <ele>579.0</ele>
   </trkpt>
   <trkpt lat="32.4746960" lon="-111.2935880">
    <ele>579.0</ele>
   </trkpt>
   <trkpt lat="32.4745210" lon="-111.2935760">
    <ele>579.0</ele>
   </trkpt>
   <trkpt lat="32.4744650" lon="-111.2935880">
    <ele>579.0</ele>
   </trkpt>
   <trkpt lat="32.4744120" lon="-111.2935920">
    <ele>578.6</ele>
   </trkpt>
   <trkpt lat="32.4742980" lon="-111.2935870">
    <ele>578.8</ele>
   </trkpt>
   <trkpt lat="32.4742220" lon="-111.2935820">
    <ele>578.8</ele>
   </trkpt>
   <trkpt lat="32.4740400" lon="-111.2936090">
    <ele>578.8</ele>
   </trkpt>
   <trkpt lat="32.4738890" lon="-111.2937700">
    <ele>578.6</ele>
   </trkpt>
   <trkpt lat="32.4739090" lon="-111.2939240">
    <ele>578.6</ele>
   </trkpt>
   <trkpt lat="32.4739460" lon="-111.2939820">
    <ele>578.6</ele>
   </trkpt>
   <trkpt lat="32.4740450" lon="-111.2940510">
    <ele>578.8</ele>
   </trkpt>
   <trkpt lat="32.4743060" lon="-111.2940910">
    <ele>579.0</ele>
   </trkpt>
   <trkpt lat="32.4743800" lon="-111.2940920">
    <ele>578.8</ele>
   </trkpt>
   <trkpt lat="32.4745330" lon="-111.2940830">
    <ele>578.8</ele>
   </trkpt>
   <trkpt lat="32.4747550" lon="-111.2940920">
    <ele>579.2</ele>
   </trkpt>
   <trkpt lat="32.4750050" lon="-111.2941300">
    <ele>579.2</ele>
   </trkpt>
   <trkpt lat="32.4750730" lon="-111.2941370">
    <ele>579.0</ele>
   </trkpt>
   <trkpt lat="32.4751490" lon="-111.2941080">
    <ele>579.0</ele>
   </trkpt>
   <trkpt lat="32.4752530" lon="-111.2939250">
    <ele>579.0</ele>
   </trkpt>
   <trkpt lat="32.4753450" lon="-111.2938110">
    <ele>579.0</ele>
   </trkpt>
   <trkpt lat="32.4754350" lon="-111.2938040">
    <ele>579.2</ele>
   </trkpt>
   <trkpt lat="32.4754760" lon="-111.2938800">
    <ele>579.2</ele>
   </trkpt>
   <trkpt lat="32.4754960" lon="-111.2939360">
    <ele>579.2</ele>
   </trkpt>
   <trkpt lat="32.4755280" lon="-111.2939890">
    <ele>579.0</ele>
   </trkpt>
   <trkpt lat="32.4756380" lon="-111.2939670">
    <ele>579.0</ele>
   </trkpt>
   <trkpt lat="32.4757660" lon="-111.2938660">
    <ele>579.0</ele>
   </trkpt>
   <trkpt lat="32.4758410" lon="-111.2938410">
    <ele>579.0</ele>
   </trkpt>
   <trkpt lat="32.4759120" lon="-111.2938390">
    <ele>579.0</ele>
   </trkpt>
   <trkpt lat="32.4759530" lon="-111.2938900">
    <ele>579.0</ele>
   </trkpt>
   <trkpt lat="32.4759620" lon="-111.2940450">
    <ele>579.0</ele>
   </trkpt>
   <trkpt lat="32.4759610" lon="-111.2941470">
    <ele>579.0</ele>
   </trkpt>
   <trkpt lat="32.4759660" lon="-111.2944450">
    <ele>579.2</ele>
   </trkpt>
   <trkpt lat="32.4760370" lon="-111.2946370">
    <ele>579.0</ele>
   </trkpt>
   <trkpt lat="32.4760910" lon="-111.2947300">
    <ele>578.8</ele>
   </trkpt>
   <trkpt lat="32.4761310" lon="-111.2948360">
    <ele>578.8</ele>
   </trkpt>
   <trkpt lat="32.4761470" lon="-111.2949570">
    <ele>578.8</ele>
   </trkpt>
   <trkpt lat="32.4761350" lon="-111.2950690">
    <ele>578.8</ele>
   </trkpt>
   <trkpt lat="32.4760970" lon="-111.2951490">
    <ele>578.8</ele>
   </trkpt>
   <trkpt lat="32.4759590" lon="-111.2951800">
    <ele>578.8</ele>
   </trkpt>
   <trkpt lat="32.4758200" lon="-111.2950770">
    <ele>578.8</ele>
   </trkpt>
   <trkpt lat="32.4755940" lon="-111.2948070">
    <ele>578.8</ele>
   </trkpt>
   <trkpt lat="32.4754590" lon="-111.2946580">
    <ele>578.8</ele>
   </trkpt>
   <trkpt lat="32.4753890" lon="-111.2945910">
    <ele>578.8</ele>
   </trkpt>
   <trkpt lat="32.4753050" lon="-111.2945470">
    <ele>578.8</ele>
   </trkpt>
   <trkpt lat="32.4752160" lon="-111.2945240">
    <ele>578.8</ele>
   </trkpt>
   <trkpt lat="32.4751180" lon="-111.2945190">
    <ele>578.8</ele>
   </trkpt>
   <trkpt lat="32.4749290" lon="-111.2945530">
    <ele>578.6</ele>
   </trkpt>
   <trkpt lat="32.4748360" lon="-111.2946740">
    <ele>578.6</ele>
   </trkpt>
   <trkpt lat="32.4748270" lon="-111.2948700">
    <ele>578.8</ele>
   </trkpt>
   <trkpt lat="32.4748550" lon="-111.2950220">
    <ele>578.8</ele>
   </trkpt>
   <trkpt lat="32.4748820" lon="-111.2951750">
    <ele>578.8</ele>
   </trkpt>
   <trkpt lat="32.4750220" lon="-111.2952510">
    <ele>578.8</ele>
   </trkpt>
   <trkpt lat="32.4753230" lon="-111.2952480">
    <ele>579.0</ele>
   </trkpt>
   <trkpt lat="32.4754220" lon="-111.2952850">
    <ele>579.0</ele>
   </trkpt>
   <trkpt lat="32.4756150" lon="-111.2953880">
    <ele>579.2</ele>
   </trkpt>
   <trkpt lat="32.4758320" lon="-111.2954210">
    <ele>579.2</ele>
   </trkpt>
   <trkpt lat="32.4760270" lon="-111.2954140">
    <ele>579.2</ele>
   </trkpt>
   <trkpt lat="32.4760770" lon="-111.2954100">
    <ele>579.2</ele>
   </trkpt>
   <trkpt lat="32.4761280" lon="-111.2954020">
    <ele>579.2</ele>
   </trkpt>
   <trkpt lat="32.4763600" lon="-111.2953400">
    <ele>579.0</ele>
   </trkpt>
   <trkpt lat="32.4764760" lon="-111.2951740">
    <ele>579.0</ele>
   </trkpt>
   <trkpt lat="32.4765280" lon="-111.2949530">
    <ele>578.8</ele>
   </trkpt>
   <trkpt lat="32.4765410" lon="-111.2948620">
    <ele>578.8</ele>
   </trkpt>
   <trkpt lat="32.4765380" lon="-111.2947950">
    <ele>578.8</ele>
   </trkpt>
   <trkpt lat="32.4765240" lon="-111.2947330">
    <ele>579.0</ele>
   </trkpt>
   <trkpt lat="32.4764930" lon="-111.2946690">
    <ele>579.0</ele>
   </trkpt>
   <trkpt lat="32.4763810" lon="-111.2945950">
    <ele>579.0</ele>
   </trkpt>
   <trkpt lat="32.4762890" lon="-111.2945610">
    <ele>579.0</ele>
   </trkpt>
   <trkpt lat="32.4762410" lon="-111.2945150">
    <ele>579.0</ele>
   </trkpt>
   <trkpt lat="32.4762040" lon="-111.2944440">
    <ele>579.2</ele>
   </trkpt>
   <trkpt lat="32.4761970" lon="-111.2943520">
    <ele>579.2</ele>
   </trkpt>
   <trkpt lat="32.4762110" lon="-111.2941700">
    <ele>579.4</ele>
   </trkpt>
   <trkpt lat="32.4762480" lon="-111.2940730">
    <ele>579.4</ele>
   </trkpt>
   <trkpt lat="32.4763560" lon="-111.2938710">
    <ele>579.4</ele>
   </trkpt>
   <trkpt lat="32.4763960" lon="-111.2937680">
    <ele>579.2</ele>
   </trkpt>
   <trkpt lat="32.4764170" lon="-111.2936790">
    <ele>579.2</ele>
   </trkpt>
   <trkpt lat="32.4764170" lon="-111.2936160">
    <ele>579.2</ele>
   </trkpt>
   <trkpt lat="32.4764130" lon="-111.2933340">
    <ele>579.4</ele>
   </trkpt>
   <trkpt lat="32.4764190" lon="-111.2930700">
    <ele>579.4</ele>
   </trkpt>
   <trkpt lat="32.4764150" lon="-111.2929620">
    <ele>579.4</ele>
   </trkpt>
   <trkpt lat="32.4763400" lon="-111.2928240">
    <ele>579.4</ele>
   </trkpt>
   <trkpt lat="32.4762060" lon="-111.2928450">
    <ele>579.2</ele>
   </trkpt>
   <trkpt lat="32.4761460" lon="-111.2929010">
    <ele>579.2</ele>
   </trkpt>
   <trkpt lat="32.4760980" lon="-111.2930780">
    <ele>579.2</ele>
   </trkpt>
   <trkpt lat="32.4760360" lon="-111.2933800">
    <ele>579.4</ele>
   </trkpt>
   <trkpt lat="32.4759110" lon="-111.2934780">
    <ele>579.6</ele>
   </trkpt>
   <trkpt lat="32.4757970" lon="-111.2933770">
    <ele>579.8</ele>
   </trkpt>
   <trkpt lat="32.4757850" lon="-111.2932880">
    <ele>579.8</ele>
   </trkpt>
   <trkpt lat="32.4757860" lon="-111.2932020">
    <ele>579.8</ele>
   </trkpt>
   <trkpt lat="32.4757970" lon="-111.2929530">
    <ele>579.6</ele>
   </trkpt>
   <trkpt lat="32.4757970" lon="-111.2928440">
    <ele>579.6</ele>
   </trkpt>
   <trkpt lat="32.4757520" lon="-111.2927400">
    <ele>579.6</ele>
   </trkpt>
   <trkpt lat="32.4756250" lon="-111.2927260">
    <ele>579.6</ele>
   </trkpt>
   <trkpt lat="32.4755200" lon="-111.2928090">
    <ele>579.6</ele>
   </trkpt>
   <trkpt lat="32.4755130" lon="-111.2930710">
    <ele>579.6</ele>
   </trkpt>
   <trkpt lat="32.4755100" lon="-111.2932640">
    <ele>579.4</ele>
   </trkpt>
   <trkpt lat="32.4755120" lon="-111.2933270">
    <ele>579.6</ele>
   </trkpt>
   <trkpt lat="32.4755060" lon="-111.2933900">
    <ele>579.6</ele>
   </trkpt>
   <trkpt lat="32.4754430" lon="-111.2934860">
    <ele>579.8</ele>
   </trkpt>
   <trkpt lat="32.4752950" lon="-111.2934900">
    <ele>579.8</ele>
   </trkpt>
   <trkpt lat="32.4752220" lon="-111.2934670">
    <ele>579.8</ele>
   </trkpt>
   <trkpt lat="32.4751760" lon="-111.2934360">
    <ele>579.8</ele>
   </trkpt>
   <trkpt lat="32.4751520" lon="-111.2933860">
    <ele>579.8</ele>
   </trkpt>
   <trkpt lat="32.4751440" lon="-111.2933220">
    <ele>579.8</ele>
   </trkpt>
   <trkpt lat="32.4751480" lon="-111.2932010">
    <ele>579.6</ele>
   </trkpt>
   <trkpt lat="32.4751210" lon="-111.2930170">
    <ele>579.8</ele>
   </trkpt>
   <trkpt lat="32.4750870" lon="-111.2928950">
    <ele>579.8</ele>
   </trkpt>
   <trkpt lat="32.4749890" lon="-111.2928040">
    <ele>579.6</ele>
   </trkpt>
   <trkpt lat="32.4748870" lon="-111.2927590">
    <ele>579.6</ele>
   </trkpt>
   <trkpt lat="32.4747750" lon="-111.2927300">
    <ele>579.8</ele>
   </trkpt>
   <trkpt lat="32.4746270" lon="-111.2927210">
    <ele>579.8</ele>
   </trkpt>
   <trkpt lat="32.4743070" lon="-111.2927250">
    <ele>579.4</ele>
   </trkpt>
   <trkpt lat="32.4741670" lon="-111.2927320">
    <ele>580.8</ele>
   </trkpt>
   <trkpt lat="32.4739980" lon="-111.2927600">
    <ele>580.4</ele>
   </trkpt>
   <trkpt lat="32.4739480" lon="-111.2927910">
    <ele>579.6</ele>
   </trkpt>
   <trkpt lat="32.4739160" lon="-111.2928250">
    <ele>579.4</ele>
   </trkpt>
   <trkpt lat="32.4738830" lon="-111.2929030">
    <ele>579.4</ele>
   </trkpt>
   <trkpt lat="32.4738920" lon="-111.2929810">
    <ele>579.4</ele>
   </trkpt>
   <trkpt lat="32.4739240" lon="-111.2930360">
    <ele>579.4</ele>
   </trkpt>
   <trkpt lat="32.4740240" lon="-111.2931010">
    <ele>579.4</ele>
   </trkpt>
   <trkpt lat="32.4740850" lon="-111.2931160">
    <ele>579.4</ele>
   </trkpt>
   <trkpt lat="32.4743030" lon="-111.2931510">
    <ele>579.8</ele>
   </trkpt>
   <trkpt lat="32.4743650" lon="-111.2931750">
    <ele>579.8</ele>
   </trkpt>
   <trkpt lat="32.4744550" lon="-111.2931920">
    <ele>580.0</ele>
   </trkpt>
   <trkpt lat="32.4745040" lon="-111.2931850">
    <ele>580.0</ele>
   </trkpt>
   <trkpt lat="32.4747260" lon="-111.2931720">
    <ele>580.0</ele>
   </trkpt>
   <trkpt lat="32.4748100" lon="-111.2932060">
    <ele>579.8</ele>
   </trkpt>
   <trkpt lat="32.4748810" lon="-111.2932580">
    <ele>580.0</ele>
   </trkpt>
   <trkpt lat="32.4749640" lon="-111.2933890">
    <ele>580.0</ele>
   </trkpt>
   <trkpt lat="32.4750630" lon="-111.2936090">
    <ele>579.6</ele>
   </trkpt>
   <trkpt lat="32.4750730" lon="-111.2936520">
    <ele>579.4</ele>
   </trkpt>
   <trkpt lat="32.4750760" lon="-111.2936910">
    <ele>579.4</ele>
   </trkpt>
   <trkpt lat="32.4750260" lon="-111.2937570">
    <ele>579.4</ele>
   </trkpt>
   <trkpt lat="32.4748920" lon="-111.2937290">
    <ele>579.8</ele>
   </trkpt>
   <trkpt lat="32.4747420" lon="-111.2936220">
    <ele>579.8</ele>
   </trkpt>
   <trkpt lat="32.4746630" lon="-111.2935940">
    <ele>579.8</ele>
   </trkpt>
   <trkpt lat="32.4745320" lon="-111.2935930">
    <ele>579.6</ele>
   </trkpt>
   <trkpt lat="32.4744900" lon="-111.2935980">
    <ele>579.6</ele>
   </trkpt>
   <trkpt lat="32.4744080" lon="-111.2936330">
    <ele>579.2</ele>
   </trkpt>
   <trkpt lat="32.4743570" lon="-111.2936380">
    <ele>579.6</ele>
   </trkpt>
   <trkpt lat="32.4740700" lon="-111.2936340">
    <ele>579.6</ele>
   </trkpt>
   <trkpt lat="32.4739940" lon="-111.2936450">
    <ele>579.4</ele>
   </trkpt>
   <trkpt lat="32.4738930" lon="-111.2937190">
    <ele>579.2</ele>
   </trkpt>
   <trkpt lat="32.4738790" lon="-111.2938770">
    <ele>579.2</ele>
   </trkpt>
   <trkpt lat="32.4739540" lon="-111.2939920">
    <ele>579.2</ele>
   </trkpt>
   <trkpt lat="32.4740710" lon="-111.2940550">
    <ele>579.2</ele>
   </trkpt>
   <trkpt lat="32.4741360" lon="-111.2940650">
    <ele>579.2</ele>
   </trkpt>
   <trkpt lat="32.4744820" lon="-111.2940730">
    <ele>579.4</ele>
   </trkpt>
   <trkpt lat="32.4745810" lon="-111.2940710">
    <ele>579.6</ele>
   </trkpt>
   <trkpt lat="32.4747670" lon="-111.2940740">
    <ele>579.4</ele>
   </trkpt>
   <trkpt lat="32.4749910" lon="-111.2941280">
    <ele>579.4</ele>
   </trkpt>
   <trkpt lat="32.4751060" lon="-111.2941310">
    <ele>579.4</ele>
   </trkpt>
   <trkpt lat="32.4751400" lon="-111.2941140">
    <ele>579.6</ele>
   </trkpt>
   <trkpt lat="32.4751780" lon="-111.2940710">
    <ele>579.6</ele>
   </trkpt>
   <trkpt lat="32.4752440" lon="-111.2939300">
    <ele>579.4</ele>
   </trkpt>
   <trkpt lat="32.4753080" lon="-111.2938420">
    <ele>579.4</ele>
   </trkpt>
   <trkpt lat="32.4753390" lon="-111.2938090">
    <ele>579.4</ele>
   </trkpt>
   <trkpt lat="32.4753820" lon="-111.2937880">
    <ele>579.4</ele>
   </trkpt>
   <trkpt lat="32.4754430" lon="-111.2938300">
    <ele>579.4</ele>
   </trkpt>
   <trkpt lat="32.4755110" lon="-111.2939650">
    <ele>579.4</ele>
   </trkpt>
   <trkpt lat="32.4756100" lon="-111.2939880">
    <ele>579.2</ele>
   </trkpt>
   <trkpt lat="32.4757230" lon="-111.2938940">
    <ele>579.2</ele>
   </trkpt>
   <trkpt lat="32.4757940" lon="-111.2938560">
    <ele>579.2</ele>
   </trkpt>
   <trkpt lat="32.4758680" lon="-111.2938420">
    <ele>579.2</ele>
   </trkpt>
   <trkpt lat="32.4759330" lon="-111.2938590">
    <ele>579.4</ele>
   </trkpt>
   <trkpt lat="32.4759690" lon="-111.2939190">
    <ele>579.4</ele>
   </trkpt>
   <trkpt lat="32.4759730" lon="-111.2939980">
    <ele>579.4</ele>
   </trkpt>
   <trkpt lat="32.4759660" lon="-111.2940640">
    <ele>579.4</ele>
   </trkpt>
   <trkpt lat="32.4759550" lon="-111.2941510">
    <ele>579.2</ele>
   </trkpt>
   <trkpt lat="32.4759520" lon="-111.2943640">
    <ele>579.2</ele>
   </trkpt>
   <trkpt lat="32.4759590" lon="-111.2944590">
    <ele>579.2</ele>
   </trkpt>
   <trkpt lat="32.4760180" lon="-111.2946690">
    <ele>579.2</ele>
   </trkpt>
   <trkpt lat="32.4760970" lon="-111.2948900">
    <ele>579.0</ele>
   </trkpt>
   <trkpt lat="32.4761050" lon="-111.2950030">
    <ele>578.8</ele>
   </trkpt>
   <trkpt lat="32.4760870" lon="-111.2950980">
    <ele>578.8</ele>
   </trkpt>
   <trkpt lat="32.4760500" lon="-111.2951590">
    <ele>578.8</ele>
   </trkpt>
   <trkpt lat="32.4759310" lon="-111.2951380">
    <ele>579.0</ele>
   </trkpt>
   <trkpt lat="32.4758600" lon="-111.2950840">
    <ele>579.0</ele>
   </trkpt>
   <trkpt lat="32.4757120" lon="-111.2949430">
    <ele>579.0</ele>
   </trkpt>
   <trkpt lat="32.4756470" lon="-111.2948650">
    <ele>579.0</ele>
   </trkpt>
   <trkpt lat="32.4755390" lon="-111.2947530">
    <ele>578.8</ele>
   </trkpt>
   <trkpt lat="32.4753550" lon="-111.2946010">
    <ele>578.8</ele>
   </trkpt>
   <trkpt lat="32.4752650" lon="-111.2945640">
    <ele>579.0</ele>
   </trkpt>
   <trkpt lat="32.4751650" lon="-111.2945410">
    <ele>579.0</ele>
   </trkpt>
   <trkpt lat="32.4749600" lon="-111.2945470">
    <ele>579.0</ele>
   </trkpt>
   <trkpt lat="32.4748110" lon="-111.2946290">
    <ele>578.8</ele>
   </trkpt>
   <trkpt lat="32.4747890" lon="-111.2946990">
    <ele>578.8</ele>
   </trkpt>
   <trkpt lat="32.4747940" lon="-111.2950080">
    <ele>579.0</ele>
   </trkpt>
   <trkpt lat="32.4748800" lon="-111.2951720">
    <ele>579.0</ele>
   </trkpt>
   <trkpt lat="32.4750410" lon="-111.2952000">
    <ele>579.0</ele>
   </trkpt>
   <trkpt lat="32.4752440" lon="-111.2951960">
    <ele>579.2</ele>
   </trkpt>
   <trkpt lat="32.4753490" lon="-111.2952360">
    <ele>579.2</ele>
   </trkpt>
   <trkpt lat="32.4755470" lon="-111.2953400">
    <ele>579.4</ele>
   </trkpt>
   <trkpt lat="32.4756570" lon="-111.2953680">
    <ele>579.2</ele>
   </trkpt>
   <trkpt lat="32.4760760" lon="-111.2953910">
    <ele>579.2</ele>
   </trkpt>
   <trkpt lat="32.4761330" lon="-111.2953840">
    <ele>579.0</ele>
   </trkpt>
   <trkpt lat="32.4762490" lon="-111.2953760">
    <ele>578.8</ele>
   </trkpt>
   <trkpt lat="32.4763950" lon="-111.2952870">
    <ele>578.8</ele>
   </trkpt>
   <trkpt lat="32.4764930" lon="-111.2951040">
    <ele>578.8</ele>
   </trkpt>
   <trkpt lat="32.4765240" lon="-111.2949940">
    <ele>578.8</ele>
   </trkpt>
   <trkpt lat="32.4765340" lon="-111.2948970">
    <ele>578.8</ele>
   </trkpt>
   <trkpt lat="32.4765260" lon="-111.2948310">
    <ele>578.8</ele>
   </trkpt>
   <trkpt lat="32.4765160" lon="-111.2947660">
    <ele>578.8</ele>
   </trkpt>
   <trkpt lat="32.4764450" lon="-111.2946450">
    <ele>578.6</ele>
   </trkpt>
   <trkpt lat="32.4763910" lon="-111.2946140">
    <ele>578.6</ele>
   </trkpt>
   <trkpt lat="32.4762390" lon="-111.2945220">
    <ele>578.8</ele>
   </trkpt>
   <trkpt lat="32.4762070" lon="-111.2943920">
    <ele>578.8</ele>
   </trkpt>
   <trkpt lat="32.4762090" lon="-111.2942190">
    <ele>579.0</ele>
   </trkpt>
   <trkpt lat="32.4762290" lon="-111.2941290">
    <ele>579.2</ele>
   </trkpt>
   <trkpt lat="32.4762690" lon="-111.2940330">
    <ele>579.2</ele>
   </trkpt>
   <trkpt lat="32.4763690" lon="-111.2938340">
    <ele>579.2</ele>
   </trkpt>
   <trkpt lat="32.4764120" lon="-111.2936670">
    <ele>579.0</ele>
   </trkpt>
   <trkpt lat="32.4764150" lon="-111.2936080">
    <ele>578.8</ele>
   </trkpt>
   <trkpt lat="32.4764130" lon="-111.2933980">
    <ele>578.8</ele>
   </trkpt>
   <trkpt lat="32.4764290" lon="-111.2930670">
    <ele>579.0</ele>
   </trkpt>
   <trkpt lat="32.4764230" lon="-111.2929640">
    <ele>578.8</ele>
   </trkpt>
   <trkpt lat="32.4763470" lon="-111.2928260">
    <ele>578.8</ele>
   </trkpt>
   <trkpt lat="32.4762250" lon="-111.2928110">
    <ele>578.6</ele>
   </trkpt>
   <trkpt lat="32.4761260" lon="-111.2929190">
    <ele>578.6</ele>
   </trkpt>
   <trkpt lat="32.4760970" lon="-111.2931080">
    <ele>578.8</ele>
   </trkpt>
   <trkpt lat="32.4760870" lon="-111.2932090">
    <ele>579.0</ele>
   </trkpt>
   <trkpt lat="32.4760690" lon="-111.2933090">
    <ele>579.0</ele>
   </trkpt>
   <trkpt lat="32.4759720" lon="-111.2934610">
    <ele>579.0</ele>
   </trkpt>
   <trkpt lat="32.4758380" lon="-111.2934250">
    <ele>579.0</ele>
   </trkpt>
   <trkpt lat="32.4757830" lon="-111.2932520">
    <ele>579.0</ele>
   </trkpt>
   <trkpt lat="32.4758150" lon="-111.2929860">
    <ele>578.8</ele>
   </trkpt>
   <trkpt lat="32.4758050" lon="-111.2927950">
    <ele>579.0</ele>
   </trkpt>
   <trkpt lat="32.4757570" lon="-111.2926960">
    <ele>579.0</ele>
   </trkpt>
   <trkpt lat="32.4756840" lon="-111.2926940">
    <ele>579.0</ele>
   </trkpt>
   <trkpt lat="32.4756060" lon="-111.2927070">
    <ele>579.0</ele>
   </trkpt>
   <trkpt lat="32.4755190" lon="-111.2927740">
    <ele>579.0</ele>
   </trkpt>
   <trkpt lat="32.4754900" lon="-111.2929120">
    <ele>579.0</ele>
   </trkpt>
   <trkpt lat="32.4754940" lon="-111.2931280">
    <ele>579.0</ele>
   </trkpt>
   <trkpt lat="32.4754950" lon="-111.2932660">
    <ele>578.8</ele>
   </trkpt>
   <trkpt lat="32.4755030" lon="-111.2934030">
    <ele>579.2</ele>
   </trkpt>
   <trkpt lat="32.4754790" lon="-111.2934590">
    <ele>579.2</ele>
   </trkpt>
   <trkpt lat="32.4753510" lon="-111.2934800">
    <ele>579.0</ele>
   </trkpt>
   <trkpt lat="32.4752730" lon="-111.2934550">
    <ele>579.0</ele>
   </trkpt>
   <trkpt lat="32.4751780" lon="-111.2933790">
    <ele>579.0</ele>
   </trkpt>
   <trkpt lat="32.4751500" lon="-111.2932580">
    <ele>579.0</ele>
   </trkpt>
   <trkpt lat="32.4751500" lon="-111.2932080">
    <ele>579.0</ele>
   </trkpt>
   <trkpt lat="32.4751470" lon="-111.2931560">
    <ele>579.0</ele>
   </trkpt>
   <trkpt lat="32.4751200" lon="-111.2929850">
    <ele>579.0</ele>
   </trkpt>
   <trkpt lat="32.4750910" lon="-111.2929160">
    <ele>579.0</ele>
   </trkpt>
   <trkpt lat="32.4750500" lon="-111.2928470">
    <ele>579.0</ele>
   </trkpt>
   <trkpt lat="32.4749690" lon="-111.2927810">
    <ele>579.0</ele>
   </trkpt>
   <trkpt lat="32.4747940" lon="-111.2927190">
    <ele>579.2</ele>
   </trkpt>
   <trkpt lat="32.4746940" lon="-111.2927110">
    <ele>579.2</ele>
   </trkpt>
   <trkpt lat="32.4745770" lon="-111.2927190">
    <ele>579.2</ele>
   </trkpt>
   <trkpt lat="32.4742370" lon="-111.2927400">
    <ele>579.0</ele>
   </trkpt>
   <trkpt lat="32.4741910" lon="-111.2927530">
    <ele>579.2</ele>
   </trkpt>
   <trkpt lat="32.4739910" lon="-111.2927810">
    <ele>579.8</ele>
   </trkpt>
   <trkpt lat="32.4739060" lon="-111.2928500">
    <ele>579.0</ele>
   </trkpt>
   <trkpt lat="32.4738900" lon="-111.2928780">
    <ele>579.0</ele>
   </trkpt>
   <trkpt lat="32.4739000" lon="-111.2930210">
    <ele>578.8</ele>
   </trkpt>
   <trkpt lat="32.4740150" lon="-111.2931290">
    <ele>579.0</ele>
   </trkpt>
   <trkpt lat="32.4740800" lon="-111.2931430">
    <ele>579.2</ele>
   </trkpt>
   <trkpt lat="32.4743150" lon="-111.2931730">
    <ele>579.2</ele>
   </trkpt>
   <trkpt lat="32.4744780" lon="-111.2932110">
    <ele>579.4</ele>
   </trkpt>
   <trkpt lat="32.4746910" lon="-111.2931790">
    <ele>579.6</ele>
   </trkpt>
   <trkpt lat="32.4748530" lon="-111.2932340">
    <ele>579.6</ele>
   </trkpt>
   <trkpt lat="32.4749380" lon="-111.2933500">
    <ele>579.6</ele>
   </trkpt>
   <trkpt lat="32.4749750" lon="-111.2934230">
    <ele>579.4</ele>
   </trkpt>
   <trkpt lat="32.4750800" lon="-111.2936540">
    <ele>579.4</ele>
   </trkpt>
   <trkpt lat="32.4750820" lon="-111.2936980">
    <ele>579.4</ele>
   </trkpt>
   <trkpt lat="32.4750670" lon="-111.2937360">
    <ele>579.4</ele>
   </trkpt>
   <trkpt lat="32.4750330" lon="-111.2937610">
    <ele>579.4</ele>
   </trkpt>
   <trkpt lat="32.4749760" lon="-111.2937620">
    <ele>579.4</ele>
   </trkpt>
   <trkpt lat="32.4749060" lon="-111.2937320">
    <ele>579.4</ele>
   </trkpt>
   <trkpt lat="32.4748350" lon="-111.2936770">
    <ele>579.4</ele>
   </trkpt>
   <trkpt lat="32.4746570" lon="-111.2935750">
    <ele>579.4</ele>
   </trkpt>
   <trkpt lat="32.4744820" lon="-111.2935760">
    <ele>579.4</ele>
   </trkpt>
   <trkpt lat="32.4744300" lon="-111.2935780">
    <ele>579.2</ele>
   </trkpt>
   <trkpt lat="32.4743790" lon="-111.2935740">
    <ele>579.0</ele>
   </trkpt>
   <trkpt lat="32.4741940" lon="-111.2935690">
    <ele>579.6</ele>
   </trkpt>
   <trkpt lat="32.4739480" lon="-111.2936130">
    <ele>579.2</ele>
   </trkpt>
   <trkpt lat="32.4738670" lon="-111.2937150">
    <ele>579.4</ele>
   </trkpt>
   <trkpt lat="32.4738790" lon="-111.2938770">
    <ele>579.4</ele>
   </trkpt>
   <trkpt lat="32.4739470" lon="-111.2939980">
    <ele>579.4</ele>
   </trkpt>
   <trkpt lat="32.4739990" lon="-111.2940300">
    <ele>579.6</ele>
   </trkpt>
   <trkpt lat="32.4740580" lon="-111.2940460">
    <ele>579.4</ele>
   </trkpt>
   <trkpt lat="32.4741740" lon="-111.2940570">
    <ele>579.6</ele>
   </trkpt>
   <trkpt lat="32.4742450" lon="-111.2940580">
    <ele>579.6</ele>
   </trkpt>
   <trkpt lat="32.4745270" lon="-111.2940550">
    <ele>579.6</ele>
   </trkpt>
   <trkpt lat="32.4747910" lon="-111.2940780">
    <ele>579.8</ele>
   </trkpt>
   <trkpt lat="32.4749660" lon="-111.2941180">
    <ele>579.8</ele>
   </trkpt>
   <trkpt lat="32.4751360" lon="-111.2941240">
    <ele>579.8</ele>
   </trkpt>
   <trkpt lat="32.4751730" lon="-111.2940980">
    <ele>579.8</ele>
   </trkpt>
   <trkpt lat="32.4752050" lon="-111.2940440">
    <ele>579.8</ele>
   </trkpt>
   <trkpt lat="32.4752640" lon="-111.2938940">
    <ele>579.8</ele>
   </trkpt>
   <trkpt lat="32.4752930" lon="-111.2938440">
    <ele>579.8</ele>
   </trkpt>
   <trkpt lat="32.4753480" lon="-111.2937860">
    <ele>579.8</ele>
   </trkpt>
   <trkpt lat="32.4754160" lon="-111.2937720">
    <ele>579.8</ele>
   </trkpt>
   <trkpt lat="32.4754430" lon="-111.2938080">
    <ele>579.8</ele>
   </trkpt>
   <trkpt lat="32.4754970" lon="-111.2939310">
    <ele>579.8</ele>
   </trkpt>
   <trkpt lat="32.4755330" lon="-111.2939730">
    <ele>579.8</ele>
   </trkpt>
   <trkpt lat="32.4755800" lon="-111.2939860">
    <ele>579.8</ele>
   </trkpt>
   <trkpt lat="32.4756330" lon="-111.2939510">
    <ele>579.8</ele>
   </trkpt>
   <trkpt lat="32.4757610" lon="-111.2938550">
    <ele>579.8</ele>
   </trkpt>
   <trkpt lat="32.4758340" lon="-111.2938340">
    <ele>579.8</ele>
   </trkpt>
   <trkpt lat="32.4759010" lon="-111.2938460">
    <ele>579.8</ele>
   </trkpt>
   <trkpt lat="32.4759400" lon="-111.2938980">
    <ele>579.8</ele>
   </trkpt>
   <trkpt lat="32.4759510" lon="-111.2941220">
    <ele>579.6</ele>
   </trkpt>
   <trkpt lat="32.4759570" lon="-111.2942460">
    <ele>579.8</ele>
   </trkpt>
   <trkpt lat="32.4759540" lon="-111.2943200">
    <ele>579.8</ele>
   </trkpt>
   <trkpt lat="32.4759610" lon="-111.2945050">
    <ele>579.8</ele>
   </trkpt>
   <trkpt lat="32.4759870" lon="-111.2946080">
    <ele>579.8</ele>
   </trkpt>
   <trkpt lat="32.4760330" lon="-111.2947130">
    <ele>579.8</ele>
   </trkpt>
   <trkpt lat="32.4761120" lon="-111.2949400">
    <ele>579.4</ele>
   </trkpt>
   <trkpt lat="32.4761150" lon="-111.2951470">
    <ele>579.4</ele>
   </trkpt>
   <trkpt lat="32.4760570" lon="-111.2951790">
    <ele>579.4</ele>
   </trkpt>
   <trkpt lat="32.4759160" lon="-111.2951510">
    <ele>579.6</ele>
   </trkpt>
   <trkpt lat="32.4758450" lon="-111.2950900">
    <ele>579.6</ele>
   </trkpt>
   <trkpt lat="32.4757740" lon="-111.2950150">
    <ele>579.6</ele>
   </trkpt>
   <trkpt lat="32.4756540" lon="-111.2948630">
    <ele>579.6</ele>
   </trkpt>
   <trkpt lat="32.4756060" lon="-111.2948110">
    <ele>579.6</ele>
   </trkpt>
   <trkpt lat="32.4755580" lon="-111.2947610">
    <ele>579.6</ele>
   </trkpt>
   <trkpt lat="32.4753620" lon="-111.2946090">
    <ele>579.4</ele>
   </trkpt>
   <trkpt lat="32.4752690" lon="-111.2945640">
    <ele>579.4</ele>
   </trkpt>
   <trkpt lat="32.4750650" lon="-111.2945400">
    <ele>579.6</ele>
   </trkpt>
   <trkpt lat="32.4748900" lon="-111.2945880">
    <ele>579.4</ele>
   </trkpt>
   <trkpt lat="32.4748420" lon="-111.2947310">
    <ele>579.4</ele>
   </trkpt>
   <trkpt lat="32.4748340" lon="-111.2948240">
    <ele>579.4</ele>
   </trkpt>
   <trkpt lat="32.4748180" lon="-111.2950300">
    <ele>579.4</ele>
   </trkpt>
   <trkpt lat="32.4748990" lon="-111.2952060">
    <ele>579.6</ele>
   </trkpt>
   <trkpt lat="32.4750710" lon="-111.2952300">
    <ele>579.6</ele>
   </trkpt>
   <trkpt lat="32.4752800" lon="-111.2952300">
    <ele>579.6</ele>
   </trkpt>
   <trkpt lat="32.4753870" lon="-111.2952620">
    <ele>579.6</ele>
   </trkpt>
   <trkpt lat="32.4754920" lon="-111.2953090">
    <ele>579.6</ele>
   </trkpt>
   <trkpt lat="32.4757010" lon="-111.2953820">
    <ele>579.6</ele>
   </trkpt>
   <trkpt lat="32.4760690" lon="-111.2954080">
    <ele>579.6</ele>
   </trkpt>
   <trkpt lat="32.4761160" lon="-111.2954080">
    <ele>579.6</ele>
   </trkpt>
   <trkpt lat="32.4762630" lon="-111.2953840">
    <ele>579.6</ele>
   </trkpt>
   <trkpt lat="32.4764160" lon="-111.2952750">
    <ele>579.6</ele>
   </trkpt>
   <trkpt lat="32.4765000" lon="-111.2950580">
    <ele>579.4</ele>
   </trkpt>
   <trkpt lat="32.4765160" lon="-111.2949430">
    <ele>579.4</ele>
   </trkpt>
   <trkpt lat="32.4765190" lon="-111.2947860">
    <ele>579.4</ele>
   </trkpt>
   <trkpt lat="32.4764900" lon="-111.2947210">
    <ele>579.4</ele>
   </trkpt>
   <trkpt lat="32.4764470" lon="-111.2946520">
    <ele>579.4</ele>
   </trkpt>
   <trkpt lat="32.4763300" lon="-111.2945910">
    <ele>579.4</ele>
   </trkpt>
   <trkpt lat="32.4762380" lon="-111.2945590">
    <ele>579.6</ele>
   </trkpt>
   <trkpt lat="32.4761940" lon="-111.2944920">
    <ele>579.6</ele>
   </trkpt>
   <trkpt lat="32.4761700" lon="-111.2943990">
    <ele>579.6</ele>
   </trkpt>
   <trkpt lat="32.4761780" lon="-111.2942130">
    <ele>579.8</ele>
   </trkpt>
   <trkpt lat="32.4762570" lon="-111.2940260">
    <ele>579.8</ele>
   </trkpt>
   <trkpt lat="32.4763140" lon="-111.2939270">
    <ele>579.8</ele>
   </trkpt>
   <trkpt lat="32.4763550" lon="-111.2938190">
    <ele>579.8</ele>
   </trkpt>
   <trkpt lat="32.4763870" lon="-111.2936520">
    <ele>579.6</ele>
   </trkpt>
   <trkpt lat="32.4763850" lon="-111.2934990">
    <ele>579.6</ele>
   </trkpt>
   <trkpt lat="32.4763960" lon="-111.2931340">
    <ele>580.0</ele>
   </trkpt>
   <trkpt lat="32.4763800" lon="-111.2929310">
    <ele>579.8</ele>
   </trkpt>
   <trkpt lat="32.4763490" lon="-111.2928570">
    <ele>579.8</ele>
   </trkpt>
   <trkpt lat="32.4763020" lon="-111.2928120">
    <ele>579.8</ele>
   </trkpt>
   <trkpt lat="32.4762430" lon="-111.2928020">
    <ele>579.6</ele>
   </trkpt>
   <trkpt lat="32.4761800" lon="-111.2928300">
    <ele>579.6</ele>
   </trkpt>
   <trkpt lat="32.4761260" lon="-111.2928910">
    <ele>579.6</ele>
   </trkpt>
   <trkpt lat="32.4760860" lon="-111.2930820">
    <ele>579.8</ele>
   </trkpt>
   <trkpt lat="32.4760830" lon="-111.2931860">
    <ele>579.8</ele>
   </trkpt>
   <trkpt lat="32.4760640" lon="-111.2932900">
    <ele>580.0</ele>
   </trkpt>
   <trkpt lat="32.4760110" lon="-111.2933730">
    <ele>580.0</ele>
   </trkpt>
   <trkpt lat="32.4759320" lon="-111.2934080">
    <ele>580.0</ele>
   </trkpt>
   <trkpt lat="32.4758590" lon="-111.2934050">
    <ele>580.2</ele>
   </trkpt>
   <trkpt lat="32.4758070" lon="-111.2933820">
    <ele>580.2</ele>
   </trkpt>
   <trkpt lat="32.4757890" lon="-111.2933130">
    <ele>580.2</ele>
   </trkpt>
   <trkpt lat="32.4758010" lon="-111.2931480">
    <ele>580.0</ele>
   </trkpt>
   <trkpt lat="32.4758100" lon="-111.2930790">
    <ele>580.0</ele>
   </trkpt>
   <trkpt lat="32.4758090" lon="-111.2928380">
    <ele>579.8</ele>
   </trkpt>
   <trkpt lat="32.4758010" lon="-111.2927780">
    <ele>579.8</ele>
   </trkpt>
   <trkpt lat="32.4757420" lon="-111.2926950">
    <ele>579.8</ele>
   </trkpt>
   <trkpt lat="32.4756210" lon="-111.2927110">
    <ele>579.8</ele>
   </trkpt>
   <trkpt lat="32.4755800" lon="-111.2927430">
    <ele>579.8</ele>
   </trkpt>
   <trkpt lat="32.4755280" lon="-111.2928800">
    <ele>579.8</ele>
   </trkpt>
   <trkpt lat="32.4755220" lon="-111.2930630">
    <ele>579.8</ele>
   </trkpt>
   <trkpt lat="32.4755220" lon="-111.2931290">
    <ele>579.8</ele>
   </trkpt>
   <trkpt lat="32.4755130" lon="-111.2933890">
    <ele>580.0</ele>
   </trkpt>
   <trkpt lat="32.4754280" lon="-111.2934720">
    <ele>579.8</ele>
   </trkpt>
   <trkpt lat="32.4752810" lon="-111.2934640">
    <ele>580.0</ele>
   </trkpt>
   <trkpt lat="32.4752080" lon="-111.2934380">
    <ele>580.0</ele>
   </trkpt>
   <trkpt lat="32.4751600" lon="-111.2934000">
    <ele>580.0</ele>
   </trkpt>
   <trkpt lat="32.4751300" lon="-111.2933480">
    <ele>580.0</ele>
   </trkpt>
   <trkpt lat="32.4751200" lon="-111.2932750">
    <ele>580.0</ele>
   </trkpt>
   <trkpt lat="32.4751120" lon="-111.2931660">
    <ele>580.0</ele>
   </trkpt>
   <trkpt lat="32.4750750" lon="-111.2928760">
    <ele>580.0</ele>
   </trkpt>
   <trkpt lat="32.4749900" lon="-111.2927700">
    <ele>580.0</ele>
   </trkpt>
   <trkpt lat="32.4748900" lon="-111.2927360">
    <ele>579.8</ele>
   </trkpt>
   <trkpt lat="32.4746330" lon="-111.2927070">
    <ele>580.2</ele>
   </trkpt>
   <trkpt lat="32.4742980" lon="-111.2927280">
    <ele>580.0</ele>
   </trkpt>
   <trkpt lat="32.4741690" lon="-111.2927260">
    <ele>580.6</ele>
   </trkpt>
   <trkpt lat="32.4739900" lon="-111.2927540">
    <ele>580.4</ele>
   </trkpt>
   <trkpt lat="32.4739050" lon="-111.2928040">
    <ele>579.8</ele>
   </trkpt>
   <trkpt lat="32.4738930" lon="-111.2928300">
    <ele>579.8</ele>
   </trkpt>
   <trkpt lat="32.4738750" lon="-111.2929500">
    <ele>579.8</ele>
   </trkpt>
   <trkpt lat="32.4739590" lon="-111.2930760">
    <ele>579.8</ele>
   </trkpt>
   <trkpt lat="32.4740040" lon="-111.2931000">
    <ele>579.8</ele>
   </trkpt>
   <trkpt lat="32.4741330" lon="-111.2931300">
    <ele>580.0</ele>
   </trkpt>
   <trkpt lat="32.4742940" lon="-111.2931500">
    <ele>580.0</ele>
   </trkpt>
   <trkpt lat="32.4743750" lon="-111.2931730">
    <ele>580.2</ele>
   </trkpt>
   <trkpt lat="32.4744260" lon="-111.2931830">
    <ele>580.2</ele>
   </trkpt>
   <trkpt lat="32.4745190" lon="-111.2931780">
    <ele>580.2</ele>
   </trkpt>
   <trkpt lat="32.4746650" lon="-111.2931530">
    <ele>580.2</ele>
   </trkpt>
   <trkpt lat="32.4747520" lon="-111.2931610">
    <ele>580.2</ele>
   </trkpt>
   <trkpt lat="32.4748350" lon="-111.2931900">
    <ele>580.0</ele>
   </trkpt>
   <trkpt lat="32.4749340" lon="-111.2932960">
    <ele>580.2</ele>
   </trkpt>
   <trkpt lat="32.4750510" lon="-111.2935340">
    <ele>580.2</ele>
   </trkpt>
   <trkpt lat="32.4750710" lon="-111.2936030">
    <ele>580.2</ele>
   </trkpt>
   <trkpt lat="32.4750710" lon="-111.2936610">
    <ele>580.2</ele>
   </trkpt>
   <trkpt lat="32.4750570" lon="-111.2937070">
    <ele>580.2</ele>
   </trkpt>
   <trkpt lat="32.4750240" lon="-111.2937370">
    <ele>580.2</ele>
   </trkpt>
   <trkpt lat="32.4749630" lon="-111.2937450">
    <ele>580.2</ele>
   </trkpt>
   <trkpt lat="32.4748960" lon="-111.2937220">
    <ele>580.2</ele>
   </trkpt>
   <trkpt lat="32.4748290" lon="-111.2936730">
    <ele>580.4</ele>
   </trkpt>
   <trkpt lat="32.4747500" lon="-111.2936130">
    <ele>580.2</ele>
   </trkpt>
   <trkpt lat="32.4745620" lon="-111.2935700">
    <ele>580.2</ele>
   </trkpt>
   <trkpt lat="32.4744530" lon="-111.2935830">
    <ele>580.0</ele>
   </trkpt>
   <trkpt lat="32.4744050" lon="-111.2935840">
    <ele>579.8</ele>
   </trkpt>
   <trkpt lat="32.4743120" lon="-111.2935910">
    <ele>580.4</ele>
   </trkpt>
   <trkpt lat="32.4741610" lon="-111.2935960">
    <ele>580.2</ele>
   </trkpt>
   <trkpt lat="32.4740740" lon="-111.2936030">
    <ele>580.0</ele>
   </trkpt>
   <trkpt lat="32.4739390" lon="-111.2936450">
    <ele>580.2</ele>
   </trkpt>
   <trkpt lat="32.4738750" lon="-111.2937600">
    <ele>580.0</ele>
   </trkpt>
   <trkpt lat="32.4738660" lon="-111.2938410">
    <ele>580.0</ele>
   </trkpt>
   <trkpt lat="32.4738770" lon="-111.2939120">
    <ele>580.0</ele>
   </trkpt>
   <trkpt lat="32.4739070" lon="-111.2939640">
    <ele>580.2</ele>
   </trkpt>
   <trkpt lat="32.4739480" lon="-111.2940070">
    <ele>580.2</ele>
   </trkpt>
   <trkpt lat="32.4740460" lon="-111.2940490">
    <ele>580.2</ele>
   </trkpt>
   <trkpt lat="32.4743080" lon="-111.2940990">
    <ele>580.2</ele>
   </trkpt>
   <trkpt lat="32.4745390" lon="-111.2940850">
    <ele>580.0</ele>
   </trkpt>
   <trkpt lat="32.4747670" lon="-111.2940970">
    <ele>580.2</ele>
   </trkpt>
   <trkpt lat="32.4748020" lon="-111.2940940">
    <ele>580.2</ele>
   </trkpt>
   <trkpt lat="32.4749650" lon="-111.2941150">
    <ele>580.4</ele>
   </trkpt>
   <trkpt lat="32.4751430" lon="-111.2941210">
    <ele>580.2</ele>
   </trkpt>
   <trkpt lat="32.4751660" lon="-111.2941040">
    <ele>580.2</ele>
   </trkpt>
   <trkpt lat="32.4752230" lon="-111.2940120">
    <ele>580.0</ele>
   </trkpt>
   <trkpt lat="32.4752470" lon="-111.2939540">
    <ele>580.0</ele>
   </trkpt>
   <trkpt lat="32.4752630" lon="-111.2939130">
    <ele>580.0</ele>
   </trkpt>
   <trkpt lat="32.4752930" lon="-111.2938800">
    <ele>580.0</ele>
   </trkpt>
   <trkpt lat="32.4753700" lon="-111.2938310">
    <ele>580.2</ele>
   </trkpt>
   <trkpt lat="32.4753990" lon="-111.2938310">
    <ele>580.4</ele>
   </trkpt>
   <trkpt lat="32.4754200" lon="-111.2938490">
    <ele>580.4</ele>
   </trkpt>
   <trkpt lat="32.4754450" lon="-111.2939050">
    <ele>580.2</ele>
   </trkpt>
   <trkpt lat="32.4754900" lon="-111.2939700">
    <ele>580.2</ele>
   </trkpt>
   <trkpt lat="32.4756030" lon="-111.2940020">
    <ele>580.2</ele>
   </trkpt>
   <trkpt lat="32.4757300" lon="-111.2939240">
    <ele>580.2</ele>
   </trkpt>
   <trkpt lat="32.4757950" lon="-111.2938780">
    <ele>580.0</ele>
   </trkpt>
   <trkpt lat="32.4758650" lon="-111.2938590">
    <ele>580.0</ele>
   </trkpt>
   <trkpt lat="32.4759280" lon="-111.2938710">
    <ele>580.0</ele>
   </trkpt>
   <trkpt lat="32.4759630" lon="-111.2939240">
    <ele>580.0</ele>
   </trkpt>
   <trkpt lat="32.4759740" lon="-111.2940020">
    <ele>580.0</ele>
   </trkpt>
   <trkpt lat="32.4759710" lon="-111.2941450">
    <ele>580.0</ele>
   </trkpt>
   <trkpt lat="32.4759730" lon="-111.2943280">
    <ele>580.2</ele>
   </trkpt>
   <trkpt lat="32.4759910" lon="-111.2945230">
    <ele>580.2</ele>
   </trkpt>
   <trkpt lat="32.4760260" lon="-111.2946210">
    <ele>580.2</ele>
   </trkpt>
   <trkpt lat="32.4761220" lon="-111.2948160">
    <ele>580.0</ele>
   </trkpt>
   <trkpt lat="32.4761510" lon="-111.2949300">
    <ele>580.0</ele>
   </trkpt>
   <trkpt lat="32.4761600" lon="-111.2950500">
    <ele>580.0</ele>
   </trkpt>
   <trkpt lat="32.4761380" lon="-111.2951480">
    <ele>580.0</ele>
   </trkpt>
   <trkpt lat="32.4760810" lon="-111.2951830">
    <ele>580.0</ele>
   </trkpt>
   <trkpt lat="32.4760160" lon="-111.2951810">
    <ele>580.0</ele>
   </trkpt>
   <trkpt lat="32.4757840" lon="-111.2949910">
    <ele>580.0</ele>
   </trkpt>
   <trkpt lat="32.4757110" lon="-111.2949070">
    <ele>580.0</ele>
   </trkpt>
   <trkpt lat="32.4756530" lon="-111.2948190">
    <ele>580.0</ele>
   </trkpt>
   <trkpt lat="32.4755410" lon="-111.2947150">
    <ele>580.0</ele>
   </trkpt>
   <trkpt lat="32.4754800" lon="-111.2946630">
    <ele>580.0</ele>
   </trkpt>
   <trkpt lat="32.4754040" lon="-111.2946020">
    <ele>579.8</ele>
   </trkpt>
   <trkpt lat="32.4752090" lon="-111.2945070">
    <ele>579.8</ele>
   </trkpt>
   <trkpt lat="32.4750050" lon="-111.2945040">
    <ele>579.8</ele>
   </trkpt>
   <trkpt lat="32.4749180" lon="-111.2945370">
    <ele>579.8</ele>
   </trkpt>
   <trkpt lat="32.4748540" lon="-111.2945960">
    <ele>579.8</ele>
   </trkpt>
   <trkpt lat="32.4748230" lon="-111.2946810">
    <ele>579.8</ele>
   </trkpt>
   <trkpt lat="32.4748090" lon="-111.2947880">
    <ele>579.8</ele>
   </trkpt>
   <trkpt lat="32.4748100" lon="-111.2950170">
    <ele>579.8</ele>
   </trkpt>
   <trkpt lat="32.4749040" lon="-111.2952000">
    <ele>580.0</ele>
   </trkpt>
   <trkpt lat="32.4750800" lon="-111.2952380">
    <ele>580.0</ele>
   </trkpt>
   <trkpt lat="32.4752980" lon="-111.2952320">
    <ele>580.0</ele>
   </trkpt>
   <trkpt lat="32.4754030" lon="-111.2952710">
    <ele>580.0</ele>
   </trkpt>
   <trkpt lat="32.4755010" lon="-111.2953290">
    <ele>580.0</ele>
   </trkpt>
   <trkpt lat="32.4757040" lon="-111.2954020">
    <ele>580.2</ele>
   </trkpt>
   <trkpt lat="32.4760980" lon="-111.2954180">
    <ele>580.2</ele>
   </trkpt>
   <trkpt lat="32.4763040" lon="-111.2953740">
    <ele>579.8</ele>
   </trkpt>
   <trkpt lat="32.4764440" lon="-111.2952290">
    <ele>580.0</ele>
   </trkpt>
   <trkpt lat="32.4765190" lon="-111.2950110">
    <ele>579.8</ele>
   </trkpt>
   <trkpt lat="32.4765320" lon="-111.2947740">
    <ele>580.0</ele>
   </trkpt>
   <trkpt lat="32.4765130" lon="-111.2946750">
    <ele>579.8</ele>
   </trkpt>
   <trkpt lat="32.4764500" lon="-111.2946100">
    <ele>579.8</ele>
   </trkpt>
   <trkpt lat="32.4763700" lon="-111.2945570">
    <ele>579.8</ele>
   </trkpt>
   <trkpt lat="32.4763080" lon="-111.2945360">
    <ele>579.8</ele>
   </trkpt>
   <trkpt lat="32.4762120" lon="-111.2944620">
    <ele>580.0</ele>
   </trkpt>
   <trkpt lat="32.4761880" lon="-111.2942970">
    <ele>580.0</ele>
   </trkpt>
   <trkpt lat="32.4762020" lon="-111.2942050">
    <ele>580.2</ele>
   </trkpt>
   <trkpt lat="32.4762390" lon="-111.2941140">
    <ele>580.2</ele>
   </trkpt>
   <trkpt lat="32.4763520" lon="-111.2939090">
    <ele>580.2</ele>
   </trkpt>
   <trkpt lat="32.4764170" lon="-111.2936920">
    <ele>580.0</ele>
   </trkpt>
   <trkpt lat="32.4764260" lon="-111.2936060">
    <ele>580.0</ele>
   </trkpt>
   <trkpt lat="32.4764230" lon="-111.2934830">
    <ele>579.8</ele>
   </trkpt>
   <trkpt lat="32.4764190" lon="-111.2934310">
    <ele>579.8</ele>
   </trkpt>
   <trkpt lat="32.4764200" lon="-111.2933810">
    <ele>579.8</ele>
   </trkpt>
   <trkpt lat="32.4764260" lon="-111.2931370">
    <ele>580.0</ele>
   </trkpt>
   <trkpt lat="32.4764230" lon="-111.2929320">
    <ele>579.8</ele>
   </trkpt>
   <trkpt lat="32.4763980" lon="-111.2928480">
    <ele>579.8</ele>
   </trkpt>
   <trkpt lat="32.4763510" lon="-111.2928020">
    <ele>579.6</ele>
   </trkpt>
   <trkpt lat="32.4762880" lon="-111.2927900">
    <ele>579.6</ele>
   </trkpt>
   <trkpt lat="32.4762240" lon="-111.2928080">
    <ele>579.6</ele>
   </trkpt>
   <trkpt lat="32.4761660" lon="-111.2928520">
    <ele>579.6</ele>
   </trkpt>
   <trkpt lat="32.4761290" lon="-111.2929200">
    <ele>579.6</ele>
   </trkpt>
   <trkpt lat="32.4761060" lon="-111.2929970">
    <ele>579.6</ele>
   </trkpt>
   <trkpt lat="32.4760900" lon="-111.2930610">
    <ele>579.6</ele>
   </trkpt>
   <trkpt lat="32.4760660" lon="-111.2932780">
    <ele>579.8</ele>
   </trkpt>
   <trkpt lat="32.4759900" lon="-111.2934140">
    <ele>580.0</ele>
   </trkpt>
   <trkpt lat="32.4758650" lon="-111.2934260">
    <ele>580.0</ele>
   </trkpt>
   <trkpt lat="32.4758100" lon="-111.2933900">
    <ele>580.0</ele>
   </trkpt>
   <trkpt lat="32.4757760" lon="-111.2933290">
    <ele>580.0</ele>
   </trkpt>
   <trkpt lat="32.4757850" lon="-111.2932390">
    <ele>580.0</ele>
   </trkpt>
   <trkpt lat="32.4758050" lon="-111.2931370">
    <ele>580.0</ele>
   </trkpt>
   <trkpt lat="32.4758070" lon="-111.2928270">
    <ele>579.8</ele>
   </trkpt>
   <trkpt lat="32.4757820" lon="-111.2927580">
    <ele>579.8</ele>
   </trkpt>
   <trkpt lat="32.4757410" lon="-111.2926990">
    <ele>579.8</ele>
   </trkpt>
   <trkpt lat="32.4756360" lon="-111.2926900">
    <ele>579.8</ele>
   </trkpt>
   <trkpt lat="32.4755820" lon="-111.2927140">
    <ele>579.8</ele>
   </trkpt>
   <trkpt lat="32.4755400" lon="-111.2928510">
    <ele>579.8</ele>
   </trkpt>
   <trkpt lat="32.4755100" lon="-111.2931010">
    <ele>579.8</ele>
   </trkpt>
   <trkpt lat="32.4755070" lon="-111.2931720">
    <ele>579.8</ele>
   </trkpt>
   <trkpt lat="32.4755100" lon="-111.2933300">
    <ele>579.8</ele>
   </trkpt>
   <trkpt lat="32.4755010" lon="-111.2934010">
    <ele>579.8</ele>
   </trkpt>
   <trkpt lat="32.4754710" lon="-111.2934620">
    <ele>580.0</ele>
   </trkpt>
   <trkpt lat="32.4753400" lon="-111.2934840">
    <ele>580.0</ele>
   </trkpt>
   <trkpt lat="32.4752720" lon="-111.2934620">
    <ele>579.8</ele>
   </trkpt>
   <trkpt lat="32.4752210" lon="-111.2934040">
    <ele>580.0</ele>
   </trkpt>
   <trkpt lat="32.4751850" lon="-111.2933490">
    <ele>579.8</ele>
   </trkpt>
   <trkpt lat="32.4751490" lon="-111.2932150">
    <ele>580.0</ele>
   </trkpt>
   <trkpt lat="32.4750530" lon="-111.2928370">
    <ele>580.0</ele>
   </trkpt>
   <trkpt lat="32.4749690" lon="-111.2927550">
    <ele>580.0</ele>
   </trkpt>
   <trkpt lat="32.4749340" lon="-111.2927410">
    <ele>580.0</ele>
   </trkpt>
   <trkpt lat="32.4747920" lon="-111.2927100">
    <ele>580.0</ele>
   </trkpt>
   <trkpt lat="32.4747450" lon="-111.2927050">
    <ele>580.2</ele>
   </trkpt>
   <trkpt lat="32.4745730" lon="-111.2927120">
    <ele>580.2</ele>
   </trkpt>
   <trkpt lat="32.4742870" lon="-111.2927120">
    <ele>580.0</ele>
   </trkpt>
   <trkpt lat="32.4741840" lon="-111.2927150">
    <ele>580.4</ele>
   </trkpt>
   <trkpt lat="32.4741520" lon="-111.2927170">
    <ele>580.8</ele>
   </trkpt>
   <trkpt lat="32.4740700" lon="-111.2927240">
    <ele>580.8</ele>
   </trkpt>
   <trkpt lat="32.4739560" lon="-111.2927670">
    <ele>580.2</ele>
   </trkpt>
   <trkpt lat="32.4738760" lon="-111.2928360">
    <ele>580.0</ele>
   </trkpt>
   <trkpt lat="32.4738610" lon="-111.2928840">
    <ele>580.0</ele>
   </trkpt>
   <trkpt lat="32.4738580" lon="-111.2929280">
    <ele>580.0</ele>
   </trkpt>
   <trkpt lat="32.4738950" lon="-111.2930080">
    <ele>579.8</ele>
   </trkpt>
   <trkpt lat="32.4739530" lon="-111.2930680">
    <ele>579.8</ele>
   </trkpt>
   <trkpt lat="32.4740660" lon="-111.2931150">
    <ele>579.8</ele>
   </trkpt>
   <trkpt lat="32.4743040" lon="-111.2931490">
    <ele>579.8</ele>
   </trkpt>
   <trkpt lat="32.4744770" lon="-111.2931860">
    <ele>580.0</ele>
   </trkpt>
   <trkpt lat="32.4745330" lon="-111.2931790">
    <ele>580.0</ele>
   </trkpt>
   <trkpt lat="32.4746900" lon="-111.2931740">
    <ele>579.8</ele>
   </trkpt>
   <trkpt lat="32.4747760" lon="-111.2931910">
    <ele>579.8</ele>
   </trkpt>
   <trkpt lat="32.4748560" lon="-111.2932250">
    <ele>580.0</ele>
   </trkpt>
   <trkpt lat="32.4749460" lon="-111.2933300">
    <ele>579.8</ele>
   </trkpt>
   <trkpt lat="32.4750590" lon="-111.2935680">
    <ele>579.6</ele>
   </trkpt>
   <trkpt lat="32.4750700" lon="-111.2936370">
    <ele>579.6</ele>
   </trkpt>
   <trkpt lat="32.4750580" lon="-111.2936890">
    <ele>579.6</ele>
   </trkpt>
   <trkpt lat="32.4750310" lon="-111.2937220">
    <ele>579.6</ele>
   </trkpt>
   <trkpt lat="32.4749920" lon="-111.2937440">
    <ele>579.6</ele>
   </trkpt>
   <trkpt lat="32.4748700" lon="-111.2937150">
    <ele>580.0</ele>
   </trkpt>
   <trkpt lat="32.4747190" lon="-111.2936040">
    <ele>580.0</ele>
   </trkpt>
   <trkpt lat="32.4746280" lon="-111.2935750">
    <ele>580.0</ele>
   </trkpt>
   <trkpt lat="32.4745400" lon="-111.2935760">
    <ele>580.0</ele>
   </trkpt>
   <trkpt lat="32.4743590" lon="-111.2935970">
    <ele>580.0</ele>
   </trkpt>
   <trkpt lat="32.4743150" lon="-111.2935990">
    <ele>580.0</ele>
   </trkpt>
   <trkpt lat="32.4740910" lon="-111.2935960">
    <ele>580.2</ele>
   </trkpt>
   <trkpt lat="32.4740020" lon="-111.2936090">
    <ele>580.2</ele>
   </trkpt>
   <trkpt lat="32.4738780" lon="-111.2937160">
    <ele>580.2</ele>
   </trkpt>
   <trkpt lat="32.4738900" lon="-111.2938900">
    <ele>580.2</ele>
   </trkpt>
   <trkpt lat="32.4739390" lon="-111.2939670">
    <ele>580.2</ele>
   </trkpt>
   <trkpt lat="32.4740010" lon="-111.2940230">
    <ele>580.2</ele>
   </trkpt>
   <trkpt lat="32.4740730" lon="-111.2940540">
    <ele>580.4</ele>
   </trkpt>
   <trkpt lat="32.4742310" lon="-111.2940810">
    <ele>580.4</ele>
   </trkpt>
   <trkpt lat="32.4745410" lon="-111.2940900">
    <ele>580.6</ele>
   </trkpt>
   <trkpt lat="32.4747750" lon="-111.2941130">
    <ele>580.8</ele>
   </trkpt>
   <trkpt lat="32.4748300" lon="-111.2941210">
    <ele>580.8</ele>
   </trkpt>
   <trkpt lat="32.4749720" lon="-111.2941350">
    <ele>580.6</ele>
   </trkpt>
   <trkpt lat="32.4750500" lon="-111.2941360">
    <ele>580.6</ele>
   </trkpt>
   <trkpt lat="32.4751390" lon="-111.2941070">
    <ele>580.6</ele>
   </trkpt>
   <trkpt lat="32.4751710" lon="-111.2940620">
    <ele>580.4</ele>
   </trkpt>
   <trkpt lat="32.4752020" lon="-111.2939970">
    <ele>580.4</ele>
   </trkpt>
   <trkpt lat="32.4752360" lon="-111.2939250">
    <ele>580.4</ele>
   </trkpt>
   <trkpt lat="32.4752810" lon="-111.2938680">
    <ele>580.4</ele>
   </trkpt>
   <trkpt lat="32.4753760" lon="-111.2937980">
    <ele>580.6</ele>
   </trkpt>
   <trkpt lat="32.4754520" lon="-111.2938500">
    <ele>580.6</ele>
   </trkpt>
   <trkpt lat="32.4754710" lon="-111.2939010">
    <ele>580.6</ele>
   </trkpt>
   <trkpt lat="32.4755460" lon="-111.2939850">
    <ele>580.4</ele>
   </trkpt>
   <trkpt lat="32.4756680" lon="-111.2939450">
    <ele>580.4</ele>
   </trkpt>
   <trkpt lat="32.4758060" lon="-111.2938510">
    <ele>580.4</ele>
   </trkpt>
   <trkpt lat="32.4758720" lon="-111.2938310">
    <ele>580.4</ele>
   </trkpt>
   <trkpt lat="32.4759180" lon="-111.2938530">
    <ele>580.4</ele>
   </trkpt>
   <trkpt lat="32.4759390" lon="-111.2939260">
    <ele>580.4</ele>
   </trkpt>
   <trkpt lat="32.4759480" lon="-111.2940140">
    <ele>580.4</ele>
   </trkpt>
   <trkpt lat="32.4759670" lon="-111.2941220">
    <ele>580.4</ele>
   </trkpt>
   <trkpt lat="32.4759690" lon="-111.2944270">
    <ele>580.4</ele>
   </trkpt>
   <trkpt lat="32.4760170" lon="-111.2946500">
    <ele>580.2</ele>
   </trkpt>
   <trkpt lat="32.4760610" lon="-111.2947610">
    <ele>580.2</ele>
   </trkpt>
   <trkpt lat="32.4760990" lon="-111.2948730">
    <ele>580.2</ele>
   </trkpt>
   <trkpt lat="32.4761030" lon="-111.2950760">
    <ele>580.0</ele>
   </trkpt>
   <trkpt lat="32.4760170" lon="-111.2951440">
    <ele>580.0</ele>
   </trkpt>
   <trkpt lat="32.4759290" lon="-111.2951130">
    <ele>580.0</ele>
   </trkpt>
   <trkpt lat="32.4758680" lon="-111.2950650">
    <ele>580.0</ele>
   </trkpt>
   <trkpt lat="32.4756250" lon="-111.2948170">
    <ele>580.0</ele>
   </trkpt>
   <trkpt lat="32.4754920" lon="-111.2947030">
    <ele>579.8</ele>
   </trkpt>
   <trkpt lat="32.4754320" lon="-111.2946480">
    <ele>579.8</ele>
   </trkpt>
   <trkpt lat="32.4753520" lon="-111.2945910">
    <ele>579.8</ele>
   </trkpt>
   <trkpt lat="32.4751640" lon="-111.2945200">
    <ele>579.6</ele>
   </trkpt>
   <trkpt lat="32.4749630" lon="-111.2945130">
    <ele>579.4</ele>
   </trkpt>
   <trkpt lat="32.4748860" lon="-111.2945370">
    <ele>579.4</ele>
   </trkpt>
   <trkpt lat="32.4748350" lon="-111.2945870">
    <ele>579.4</ele>
   </trkpt>
   <trkpt lat="32.4748280" lon="-111.2946610">
    <ele>579.4</ele>
   </trkpt>
   <trkpt lat="32.4748580" lon="-111.2951210">
    <ele>579.8</ele>
   </trkpt>
   <trkpt lat="32.4749650" lon="-111.2952050">
    <ele>579.8</ele>
   </trkpt>
   <trkpt lat="32.4752520" lon="-111.2952010">
    <ele>579.8</ele>
   </trkpt>
   <trkpt lat="32.4754640" lon="-111.2952550">
    <ele>579.8</ele>
   </trkpt>
   <trkpt lat="32.4755650" lon="-111.2953100">
    <ele>579.8</ele>
   </trkpt>
   <trkpt lat="32.4756690" lon="-111.2953490">
    <ele>579.8</ele>
   </trkpt>
   <trkpt lat="32.4759010" lon="-111.2953800">
    <ele>579.6</ele>
   </trkpt>
   <trkpt lat="32.4761040" lon="-111.2953880">
    <ele>579.8</ele>
   </trkpt>
   <trkpt lat="32.4761680" lon="-111.2953790">
    <ele>579.6</ele>
   </trkpt>
   <trkpt lat="32.4763230" lon="-111.2953530">
    <ele>579.6</ele>
   </trkpt>
   <trkpt lat="32.4764010" lon="-111.2952940">
    <ele>579.6</ele>
   </trkpt>
   <trkpt lat="32.4764590" lon="-111.2952080">
    <ele>579.8</ele>
   </trkpt>
   <trkpt lat="32.4765310" lon="-111.2949890">
    <ele>579.6</ele>
   </trkpt>
   <trkpt lat="32.4765380" lon="-111.2947450">
    <ele>579.6</ele>
   </trkpt>
   <trkpt lat="32.4765160" lon="-111.2946440">
    <ele>579.6</ele>
   </trkpt>
   <trkpt lat="32.4764630" lon="-111.2945750">
    <ele>579.6</ele>
   </trkpt>
   <trkpt lat="32.4763930" lon="-111.2945400">
    <ele>579.6</ele>
   </trkpt>
   <trkpt lat="32.4763280" lon="-111.2945180">
    <ele>579.8</ele>
   </trkpt>
   <trkpt lat="32.4762270" lon="-111.2944850">
    <ele>579.8</ele>
   </trkpt>
   <trkpt lat="32.4762050" lon="-111.2943810">
    <ele>580.2</ele>
   </trkpt>
   <trkpt lat="32.4762170" lon="-111.2942110">
    <ele>580.4</ele>
   </trkpt>
   <trkpt lat="32.4762370" lon="-111.2941270">
    <ele>580.4</ele>
   </trkpt>
   <trkpt lat="32.4764130" lon="-111.2937830">
    <ele>580.4</ele>
   </trkpt>
   <trkpt lat="32.4764320" lon="-111.2936240">
    <ele>580.4</ele>
   </trkpt>
   <trkpt lat="32.4764270" lon="-111.2935580">
    <ele>580.4</ele>
   </trkpt>
   <trkpt lat="32.4764160" lon="-111.2933020">
    <ele>580.2</ele>
   </trkpt>
   <trkpt lat="32.4764150" lon="-111.2930040">
    <ele>580.2</ele>
   </trkpt>
   <trkpt lat="32.4763550" lon="-111.2928370">
    <ele>580.0</ele>
   </trkpt>
   <trkpt lat="32.4762360" lon="-111.2928340">
    <ele>580.0</ele>
   </trkpt>
   <trkpt lat="32.4761780" lon="-111.2928760">
    <ele>579.8</ele>
   </trkpt>
   <trkpt lat="32.4761390" lon="-111.2929410">
    <ele>579.8</ele>
   </trkpt>
   <trkpt lat="32.4761010" lon="-111.2931360">
    <ele>579.8</ele>
   </trkpt>
   <trkpt lat="32.4760690" lon="-111.2933310">
    <ele>579.8</ele>
   </trkpt>
   <trkpt lat="32.4759340" lon="-111.2934090">
    <ele>580.0</ele>
   </trkpt>
   <trkpt lat="32.4758690" lon="-111.2933970">
    <ele>580.0</ele>
   </trkpt>
   <trkpt lat="32.4758130" lon="-111.2933570">
    <ele>580.0</ele>
   </trkpt>
   <trkpt lat="32.4757910" lon="-111.2932910">
    <ele>580.2</ele>
   </trkpt>
   <trkpt lat="32.4757950" lon="-111.2932370">
    <ele>580.2</ele>
   </trkpt>
   <trkpt lat="32.4758000" lon="-111.2931830">
    <ele>580.2</ele>
   </trkpt>
   <trkpt lat="32.4758170" lon="-111.2929670">
    <ele>580.0</ele>
   </trkpt>
   <trkpt lat="32.4758060" lon="-111.2928330">
    <ele>580.0</ele>
   </trkpt>
   <trkpt lat="32.4757510" lon="-111.2927120">
    <ele>580.0</ele>
   </trkpt>
   <trkpt lat="32.4756590" lon="-111.2926900">
    <ele>580.0</ele>
   </trkpt>
   <trkpt lat="32.4755760" lon="-111.2927370">
    <ele>580.0</ele>
   </trkpt>
   <trkpt lat="32.4755450" lon="-111.2927940">
    <ele>580.0</ele>
   </trkpt>
   <trkpt lat="32.4755320" lon="-111.2928750">
    <ele>580.0</ele>
   </trkpt>
   <trkpt lat="32.4755320" lon="-111.2930570">
    <ele>580.0</ele>
   </trkpt>
   <trkpt lat="32.4755270" lon="-111.2932520">
    <ele>580.0</ele>
   </trkpt>
   <trkpt lat="32.4755140" lon="-111.2933850">
    <ele>580.4</ele>
   </trkpt>
   <trkpt lat="32.4754790" lon="-111.2934450">
    <ele>580.4</ele>
   </trkpt>
   <trkpt lat="32.4754210" lon="-111.2934780">
    <ele>580.4</ele>
   </trkpt>
   <trkpt lat="32.4753440" lon="-111.2934740">
    <ele>580.4</ele>
   </trkpt>
   <trkpt lat="32.4752720" lon="-111.2934560">
    <ele>580.4</ele>
   </trkpt>
   <trkpt lat="32.4751650" lon="-111.2933680">
    <ele>580.4</ele>
   </trkpt>
   <trkpt lat="32.4751180" lon="-111.2932010">
    <ele>580.4</ele>
   </trkpt>
   <trkpt lat="32.4751030" lon="-111.2930380">
    <ele>580.6</ele>
   </trkpt>
   <trkpt lat="32.4750740" lon="-111.2929220">
    <ele>580.8</ele>
   </trkpt>
   <trkpt lat="32.4749950" lon="-111.2928120">
    <ele>580.6</ele>
   </trkpt>
   <trkpt lat="32.4749160" lon="-111.2927740">
    <ele>580.6</ele>
   </trkpt>
   <trkpt lat="32.4748790" lon="-111.2927600">
    <ele>580.4</ele>
   </trkpt>
   <trkpt lat="32.4746760" lon="-111.2927270">
    <ele>580.4</ele>
   </trkpt>
   <trkpt lat="32.4743870" lon="-111.2927240">
    <ele>580.2</ele>
   </trkpt>
   <trkpt lat="32.4741960" lon="-111.2927210">
    <ele>580.2</ele>
   </trkpt>
   <trkpt lat="32.4741620" lon="-111.2927230">
    <ele>580.8</ele>
   </trkpt>
   <trkpt lat="32.4740220" lon="-111.2927440">
    <ele>580.8</ele>
   </trkpt>
   <trkpt lat="32.4739120" lon="-111.2927980">
    <ele>580.2</ele>
   </trkpt>
   <trkpt lat="32.4738550" lon="-111.2928760">
    <ele>580.2</ele>
   </trkpt>
   <trkpt lat="32.4738490" lon="-111.2929230">
    <ele>580.4</ele>
   </trkpt>
   <trkpt lat="32.4738560" lon="-111.2929710">
    <ele>580.8</ele>
   </trkpt>
   <trkpt lat="32.4739080" lon="-111.2930600">
    <ele>581.0</ele>
   </trkpt>
   <trkpt lat="32.4740010" lon="-111.2931280">
    <ele>581.2</ele>
   </trkpt>
   <trkpt lat="32.4740700" lon="-111.2931460">
    <ele>581.0</ele>
   </trkpt>
   <trkpt lat="32.4741450" lon="-111.2931530">
    <ele>581.0</ele>
   </trkpt>
   <trkpt lat="32.4742790" lon="-111.2931450">
    <ele>581.0</ele>
   </trkpt>
   <trkpt lat="32.4743300" lon="-111.2931570">
    <ele>580.8</ele>
   </trkpt>
   <trkpt lat="32.4744100" lon="-111.2931780">
    <ele>581.0</ele>
   </trkpt>
   <trkpt lat="32.4746410" lon="-111.2931550">
    <ele>581.2</ele>
   </trkpt>
   <trkpt lat="32.4747290" lon="-111.2931650">
    <ele>581.2</ele>
   </trkpt>
   <trkpt lat="32.4748660" lon="-111.2932480">
    <ele>581.0</ele>
   </trkpt>
   <trkpt lat="32.4750190" lon="-111.2935480">
    <ele>580.8</ele>
   </trkpt>
   <trkpt lat="32.4750500" lon="-111.2936550">
    <ele>580.8</ele>
   </trkpt>
   <trkpt lat="32.4750190" lon="-111.2937170">
    <ele>580.8</ele>
   </trkpt>
   <trkpt lat="32.4749790" lon="-111.2937350">
    <ele>581.0</ele>
   </trkpt>
   <trkpt lat="32.4749270" lon="-111.2937350">
    <ele>581.0</ele>
   </trkpt>
   <trkpt lat="32.4748290" lon="-111.2936640">
    <ele>581.2</ele>
   </trkpt>
   <trkpt lat="32.4747430" lon="-111.2935950">
    <ele>581.0</ele>
   </trkpt>
   <trkpt lat="32.4746450" lon="-111.2935710">
    <ele>581.0</ele>
   </trkpt>
   <trkpt lat="32.4746020" lon="-111.2935600">
    <ele>581.0</ele>
   </trkpt>
   <trkpt lat="32.4745040" lon="-111.2935300">
    <ele>581.0</ele>
   </trkpt>
   <trkpt lat="32.4743780" lon="-111.2935240">
    <ele>581.0</ele>
   </trkpt>
   <trkpt lat="32.4743140" lon="-111.2935300">
    <ele>581.0</ele>
   </trkpt>
   <trkpt lat="32.4742130" lon="-111.2935640">
    <ele>581.0</ele>
   </trkpt>
   <trkpt lat="32.4740260" lon="-111.2936200">
    <ele>580.4</ele>
   </trkpt>
   <trkpt lat="32.4739720" lon="-111.2936460">
    <ele>580.6</ele>
   </trkpt>
   <trkpt lat="32.4739270" lon="-111.2936810">
    <ele>580.8</ele>
   </trkpt>
   <trkpt lat="32.4739000" lon="-111.2937400">
    <ele>580.8</ele>
   </trkpt>
   <trkpt lat="32.4738870" lon="-111.2938160">
    <ele>580.8</ele>
   </trkpt>
   <trkpt lat="32.4739210" lon="-111.2939450">
    <ele>581.0</ele>
   </trkpt>
   <trkpt lat="32.4739580" lon="-111.2939900">
    <ele>581.0</ele>
   </trkpt>
   <trkpt lat="32.4739950" lon="-111.2940200">
    <ele>581.2</ele>
   </trkpt>
   <trkpt lat="32.4741400" lon="-111.2940990">
    <ele>581.4</ele>
   </trkpt>
   <trkpt lat="32.4742300" lon="-111.2941080">
    <ele>581.6</ele>
   </trkpt>
   <trkpt lat="32.4743800" lon="-111.2941030">
    <ele>581.6</ele>
   </trkpt>
   <trkpt lat="32.4745050" lon="-111.2941010">
    <ele>581.4</ele>
   </trkpt>
   <trkpt lat="32.4745770" lon="-111.2940950">
    <ele>581.4</ele>
   </trkpt>
   <trkpt lat="32.4747300" lon="-111.2940950">
    <ele>581.4</ele>
   </trkpt>
   <trkpt lat="32.4749730" lon="-111.2941310">
    <ele>581.6</ele>
   </trkpt>
   <trkpt lat="32.4750460" lon="-111.2941350">
    <ele>581.6</ele>
   </trkpt>
   <trkpt lat="32.4751450" lon="-111.2941150">
    <ele>581.6</ele>
   </trkpt>
   <trkpt lat="32.4752150" lon="-111.2940170">
    <ele>581.4</ele>
   </trkpt>
   <trkpt lat="32.4752490" lon="-111.2939460">
    <ele>581.4</ele>
   </trkpt>
   <trkpt lat="32.4752890" lon="-111.2938840">
    <ele>581.2</ele>
   </trkpt>
   <trkpt lat="32.4753550" lon="-111.2938100">
    <ele>581.4</ele>
   </trkpt>
   <trkpt lat="32.4754450" lon="-111.2938110">
    <ele>581.4</ele>
   </trkpt>
   <trkpt lat="32.4755210" lon="-111.2939310">
    <ele>581.6</ele>
   </trkpt>
   <trkpt lat="32.4755960" lon="-111.2939860">
    <ele>581.6</ele>
   </trkpt>
   <trkpt lat="32.4756470" lon="-111.2939630">
    <ele>581.4</ele>
   </trkpt>
   <trkpt lat="32.4757090" lon="-111.2939240">
    <ele>581.4</ele>
   </trkpt>
   <trkpt lat="32.4758300" lon="-111.2938490">
    <ele>581.2</ele>
   </trkpt>
   <trkpt lat="32.4759370" lon="-111.2938610">
    <ele>581.4</ele>
   </trkpt>
   <trkpt lat="32.4759570" lon="-111.2940000">
    <ele>581.2</ele>
   </trkpt>
   <trkpt lat="32.4759550" lon="-111.2941490">
    <ele>581.6</ele>
   </trkpt>
   <trkpt lat="32.4759610" lon="-111.2942060">
    <ele>581.6</ele>
   </trkpt>
   <trkpt lat="32.4759640" lon="-111.2943680">
    <ele>581.6</ele>
   </trkpt>
   <trkpt lat="32.4759730" lon="-111.2944670">
    <ele>581.6</ele>
   </trkpt>
   <trkpt lat="32.4760300" lon="-111.2946730">
    <ele>581.6</ele>
   </trkpt>
   <trkpt lat="32.4761110" lon="-111.2948840">
    <ele>581.2</ele>
   </trkpt>
   <trkpt lat="32.4761210" lon="-111.2949990">
    <ele>581.0</ele>
   </trkpt>
   <trkpt lat="32.4761070" lon="-111.2950970">
    <ele>581.0</ele>
   </trkpt>
   <trkpt lat="32.4760590" lon="-111.2951440">
    <ele>581.0</ele>
   </trkpt>
   <trkpt lat="32.4759150" lon="-111.2951110">
    <ele>581.2</ele>
   </trkpt>
   <trkpt lat="32.4758380" lon="-111.2950590">
    <ele>581.2</ele>
   </trkpt>
   <trkpt lat="32.4757640" lon="-111.2949890">
    <ele>581.2</ele>
   </trkpt>
   <trkpt lat="32.4756390" lon="-111.2948270">
    <ele>581.2</ele>
   </trkpt>
   <trkpt lat="32.4755870" lon="-111.2947580">
    <ele>581.2</ele>
   </trkpt>
   <trkpt lat="32.4754800" lon="-111.2946640">
    <ele>581.0</ele>
   </trkpt>
   <trkpt lat="32.4753500" lon="-111.2945550">
    <ele>581.2</ele>
   </trkpt>
   <trkpt lat="32.4751740" lon="-111.2944890">
    <ele>581.4</ele>
   </trkpt>
   <trkpt lat="32.4750790" lon="-111.2944860">
    <ele>581.4</ele>
   </trkpt>
   <trkpt lat="32.4749850" lon="-111.2944950">
    <ele>581.4</ele>
   </trkpt>
   <trkpt lat="32.4749010" lon="-111.2945160">
    <ele>581.2</ele>
   </trkpt>
   <trkpt lat="32.4748400" lon="-111.2945550">
    <ele>581.2</ele>
   </trkpt>
   <trkpt lat="32.4748170" lon="-111.2946180">
    <ele>581.2</ele>
   </trkpt>
   <trkpt lat="32.4748120" lon="-111.2947050">
    <ele>581.4</ele>
   </trkpt>
   <trkpt lat="32.4748120" lon="-111.2949090">
    <ele>581.2</ele>
   </trkpt>
   <trkpt lat="32.4748210" lon="-111.2950030">
    <ele>581.2</ele>
   </trkpt>
   <trkpt lat="32.4748870" lon="-111.2951420">
    <ele>581.2</ele>
   </trkpt>
   <trkpt lat="32.4750090" lon="-111.2951930">
    <ele>581.2</ele>
   </trkpt>
   <trkpt lat="32.4752900" lon="-111.2951830">
    <ele>581.4</ele>
   </trkpt>
   <trkpt lat="32.4754940" lon="-111.2952610">
    <ele>581.4</ele>
   </trkpt>
   <trkpt lat="32.4755910" lon="-111.2953210">
    <ele>581.4</ele>
   </trkpt>
   <trkpt lat="32.4756910" lon="-111.2953640">
    <ele>581.4</ele>
   </trkpt>
   <trkpt lat="32.4759160" lon="-111.2953910">
    <ele>581.2</ele>
   </trkpt>
   <trkpt lat="32.4761490" lon="-111.2953900">
    <ele>581.4</ele>
   </trkpt>
   <trkpt lat="32.4762050" lon="-111.2953860">
    <ele>581.0</ele>
   </trkpt>
   <trkpt lat="32.4763480" lon="-111.2953390">
    <ele>580.8</ele>
   </trkpt>
   <trkpt lat="32.4764740" lon="-111.2951780">
    <ele>580.8</ele>
   </trkpt>
   <trkpt lat="32.4765340" lon="-111.2949480">
    <ele>580.8</ele>
   </trkpt>
   <trkpt lat="32.4765450" lon="-111.2948500">
    <ele>580.8</ele>
   </trkpt>
   <trkpt lat="32.4765440" lon="-111.2947710">
    <ele>580.8</ele>
   </trkpt>
   <trkpt lat="32.4765260" lon="-111.2946990">
    <ele>580.8</ele>
   </trkpt>
   <trkpt lat="32.4764870" lon="-111.2946310">
    <ele>580.8</ele>
   </trkpt>
   <trkpt lat="32.4764300" lon="-111.2945870">
    <ele>580.8</ele>
   </trkpt>
   <trkpt lat="32.4763820" lon="-111.2945660">
    <ele>581.0</ele>
   </trkpt>
   <trkpt lat="32.4762770" lon="-111.2945220">
    <ele>581.2</ele>
   </trkpt>
   <trkpt lat="32.4762010" lon="-111.2943870">
    <ele>581.4</ele>
   </trkpt>
   <trkpt lat="32.4761900" lon="-111.2943000">
    <ele>581.6</ele>
   </trkpt>
   <trkpt lat="32.4762030" lon="-111.2942100">
    <ele>581.6</ele>
   </trkpt>
   <trkpt lat="32.4762880" lon="-111.2940130">
    <ele>581.6</ele>
   </trkpt>
   <trkpt lat="32.4764110" lon="-111.2936900">
    <ele>581.4</ele>
   </trkpt>
   <trkpt lat="32.4764210" lon="-111.2935520">
    <ele>581.2</ele>
   </trkpt>
   <trkpt lat="32.4764170" lon="-111.2932350">
    <ele>581.2</ele>
   </trkpt>
   <trkpt lat="32.4764160" lon="-111.2930320">
    <ele>581.2</ele>
   </trkpt>
   <trkpt lat="32.4764010" lon="-111.2929340">
    <ele>581.2</ele>
   </trkpt>
   <trkpt lat="32.4763670" lon="-111.2928640">
    <ele>581.2</ele>
   </trkpt>
   <trkpt lat="32.4763120" lon="-111.2928270">
    <ele>581.2</ele>
   </trkpt>
   <trkpt lat="32.4762460" lon="-111.2928290">
    <ele>581.2</ele>
   </trkpt>
   <trkpt lat="32.4761850" lon="-111.2928570">
    <ele>581.2</ele>
   </trkpt>
   <trkpt lat="32.4761340" lon="-111.2929070">
    <ele>581.2</ele>
   </trkpt>
   <trkpt lat="32.4760850" lon="-111.2930800">
    <ele>581.2</ele>
   </trkpt>
   <trkpt lat="32.4760340" lon="-111.2933730">
    <ele>581.2</ele>
   </trkpt>
   <trkpt lat="32.4759840" lon="-111.2934340">
    <ele>581.2</ele>
   </trkpt>
   <trkpt lat="32.4759190" lon="-111.2934570">
    <ele>581.2</ele>
   </trkpt>
   <trkpt lat="32.4758540" lon="-111.2934380">
    <ele>581.2</ele>
   </trkpt>
   <trkpt lat="32.4758060" lon="-111.2933920">
    <ele>581.4</ele>
   </trkpt>
   <trkpt lat="32.4757860" lon="-111.2932470">
    <ele>581.2</ele>
   </trkpt>
   <trkpt lat="32.4758020" lon="-111.2929290">
    <ele>581.0</ele>
   </trkpt>
   <trkpt lat="32.4757870" lon="-111.2928110">
    <ele>581.0</ele>
   </trkpt>
   <trkpt lat="32.4757160" lon="-111.2927360">
    <ele>581.2</ele>
   </trkpt>
   <trkpt lat="32.4755940" lon="-111.2927390">
    <ele>581.2</ele>
   </trkpt>
   <trkpt lat="32.4755260" lon="-111.2928280">
    <ele>581.2</ele>
   </trkpt>
   <trkpt lat="32.4755130" lon="-111.2929060">
    <ele>581.2</ele>
   </trkpt>
   <trkpt lat="32.4755060" lon="-111.2930000">
    <ele>581.2</ele>
   </trkpt>
   <trkpt lat="32.4754990" lon="-111.2931630">
    <ele>581.4</ele>
   </trkpt>
   <trkpt lat="32.4755040" lon="-111.2932990">
    <ele>581.4</ele>
   </trkpt>
   <trkpt lat="32.4755030" lon="-111.2933590">
    <ele>581.6</ele>
   </trkpt>
   <trkpt lat="32.4754990" lon="-111.2934170">
    <ele>581.6</ele>
   </trkpt>
   <trkpt lat="32.4754130" lon="-111.2934980">
    <ele>581.4</ele>
   </trkpt>
   <trkpt lat="32.4752710" lon="-111.2934740">
    <ele>581.4</ele>
   </trkpt>
   <trkpt lat="32.4752120" lon="-111.2934270">
    <ele>581.4</ele>
   </trkpt>
   <trkpt lat="32.4751740" lon="-111.2933660">
    <ele>581.4</ele>
   </trkpt>
   <trkpt lat="32.4751550" lon="-111.2932980">
    <ele>581.6</ele>
   </trkpt>
   <trkpt lat="32.4751340" lon="-111.2930650">
    <ele>581.8</ele>
   </trkpt>
   <trkpt lat="32.4751300" lon="-111.2930180">
    <ele>582.0</ele>
   </trkpt>
   <trkpt lat="32.4750860" lon="-111.2928780">
    <ele>581.8</ele>
   </trkpt>
   <trkpt lat="32.4750010" lon="-111.2927700">
    <ele>581.8</ele>
   </trkpt>
   <trkpt lat="32.4749710" lon="-111.2927530">
    <ele>581.8</ele>
   </trkpt>
   <trkpt lat="32.4748260" lon="-111.2927210">
    <ele>582.0</ele>
   </trkpt>
   <trkpt lat="32.4745880" lon="-111.2927070">
    <ele>582.0</ele>
   </trkpt>
   <trkpt lat="32.4743150" lon="-111.2927150">
    <ele>581.8</ele>
   </trkpt>
   <trkpt lat="32.4742450" lon="-111.2927220">
    <ele>581.8</ele>
   </trkpt>
   <trkpt lat="32.4741760" lon="-111.2927330">
    <ele>582.0</ele>
   </trkpt>
   <trkpt lat="32.4739710" lon="-111.2927550">
    <ele>581.6</ele>
   </trkpt>
   <trkpt lat="32.4738820" lon="-111.2928220">
    <ele>581.6</ele>
   </trkpt>
   <trkpt lat="32.4738670" lon="-111.2928590">
    <ele>581.6</ele>
   </trkpt>
   <trkpt lat="32.4738810" lon="-111.2929770">
    <ele>581.6</ele>
   </trkpt>
   <trkpt lat="32.4739030" lon="-111.2930120">
    <ele>581.6</ele>
   </trkpt>
   <trkpt lat="32.4739710" lon="-111.2930760">
    <ele>581.6</ele>
   </trkpt>
   <trkpt lat="32.4740360" lon="-111.2930970">
    <ele>581.6</ele>
   </trkpt>
   <trkpt lat="32.4742860" lon="-111.2931260">
    <ele>581.8</ele>
   </trkpt>
   <trkpt lat="32.4743530" lon="-111.2931490">
    <ele>581.6</ele>
   </trkpt>
   <trkpt lat="32.4744280" lon="-111.2931740">
    <ele>581.8</ele>
   </trkpt>
   <trkpt lat="32.4746030" lon="-111.2931640">
    <ele>581.8</ele>
   </trkpt>
   <trkpt lat="32.4748440" lon="-111.2932120">
    <ele>581.8</ele>
   </trkpt>
   <trkpt lat="32.4749300" lon="-111.2932970">
    <ele>582.0</ele>
   </trkpt>
   <trkpt lat="32.4749910" lon="-111.2934370">
    <ele>582.0</ele>
   </trkpt>
   <trkpt lat="32.4750290" lon="-111.2935150">
    <ele>582.0</ele>
   </trkpt>
   <trkpt lat="32.4750860" lon="-111.2936540">
    <ele>581.6</ele>
   </trkpt>
   <trkpt lat="32.4750870" lon="-111.2936960">
    <ele>581.6</ele>
   </trkpt>
   <trkpt lat="32.4750690" lon="-111.2937300">
    <ele>581.6</ele>
   </trkpt>
   <trkpt lat="32.4750300" lon="-111.2937590">
    <ele>581.8</ele>
   </trkpt>
   <trkpt lat="32.4749790" lon="-111.2937740">
    <ele>581.8</ele>
   </trkpt>
   <trkpt lat="32.4749160" lon="-111.2937570">
    <ele>582.0</ele>
   </trkpt>
   <trkpt lat="32.4748500" lon="-111.2937050">
    <ele>582.0</ele>
   </trkpt>
   <trkpt lat="32.4746860" lon="-111.2935920">
    <ele>582.0</ele>
   </trkpt>
   <trkpt lat="32.4745160" lon="-111.2935920">
    <ele>581.8</ele>
   </trkpt>
   <trkpt lat="32.4744540" lon="-111.2935950">
    <ele>581.4</ele>
   </trkpt>
   <trkpt lat="32.4744030" lon="-111.2935960">
    <ele>581.4</ele>
   </trkpt>
   <trkpt lat="32.4743050" lon="-111.2936010">
    <ele>582.0</ele>
   </trkpt>
   <trkpt lat="32.4740640" lon="-111.2936170">
    <ele>581.8</ele>
   </trkpt>
   <trkpt lat="32.4739910" lon="-111.2936300">
    <ele>581.8</ele>
   </trkpt>
   <trkpt lat="32.4739430" lon="-111.2936640">
    <ele>581.8</ele>
   </trkpt>
   <trkpt lat="32.4739070" lon="-111.2937160">
    <ele>581.6</ele>
   </trkpt>
   <trkpt lat="32.4738880" lon="-111.2938710">
    <ele>581.2</ele>
   </trkpt>
   <trkpt lat="32.4739550" lon="-111.2939910">
    <ele>581.2</ele>
   </trkpt>
   <trkpt lat="32.4740830" lon="-111.2940390">
    <ele>581.2</ele>
   </trkpt>
   <trkpt lat="32.4741500" lon="-111.2940460">
    <ele>581.2</ele>
   </trkpt>
   <trkpt lat="32.4744430" lon="-111.2940600">
    <ele>581.4</ele>
   </trkpt>
   <trkpt lat="32.4744920" lon="-111.2940600">
    <ele>581.6</ele>
   </trkpt>
   <trkpt lat="32.4746120" lon="-111.2940710">
    <ele>581.6</ele>
   </trkpt>
   <trkpt lat="32.4747930" lon="-111.2940820">
    <ele>581.8</ele>
   </trkpt>
   <trkpt lat="32.4750370" lon="-111.2941320">
    <ele>581.8</ele>
   </trkpt>
   <trkpt lat="32.4751630" lon="-111.2940970">
    <ele>581.6</ele>
   </trkpt>
   <trkpt lat="32.4751940" lon="-111.2940500">
    <ele>581.4</ele>
   </trkpt>
   <trkpt lat="32.4752590" lon="-111.2938980">
    <ele>581.4</ele>
   </trkpt>
   <trkpt lat="32.4752890" lon="-111.2938430">
    <ele>581.6</ele>
   </trkpt>
   <trkpt lat="32.4753630" lon="-111.2937780">
    <ele>581.6</ele>
   </trkpt>
   <trkpt lat="32.4754070" lon="-111.2937690">
    <ele>581.6</ele>
   </trkpt>
   <trkpt lat="32.4754430" lon="-111.2937880">
    <ele>581.6</ele>
   </trkpt>
   <trkpt lat="32.4754940" lon="-111.2939020">
    <ele>581.6</ele>
   </trkpt>
   <trkpt lat="32.4755250" lon="-111.2939480">
    <ele>581.6</ele>
   </trkpt>
   <trkpt lat="32.4756160" lon="-111.2939580">
    <ele>581.6</ele>
   </trkpt>
   <trkpt lat="32.4757400" lon="-111.2938670">
    <ele>581.8</ele>
   </trkpt>
   <trkpt lat="32.4758050" lon="-111.2938260">
    <ele>581.6</ele>
   </trkpt>
   <trkpt lat="32.4758760" lon="-111.2938130">
    <ele>581.6</ele>
   </trkpt>
   <trkpt lat="32.4759330" lon="-111.2938470">
    <ele>581.6</ele>
   </trkpt>
   <trkpt lat="32.4759590" lon="-111.2939900">
    <ele>581.6</ele>
   </trkpt>
   <trkpt lat="32.4759480" lon="-111.2941560">
    <ele>581.6</ele>
   </trkpt>
  </trkseg>
 </trk>
</gpx>
