timestamp,lat,lon,speed_kmh
2025-05-04T16:08:57,32.47524496167898,-111.2956053391099,0.0
2025-05-04T16:08:58,32.47526038438082,-111.29560315981507,4.0932
2025-05-04T16:08:59,32.47528100386262,-111.29560307599604,6.6024
2025-05-04T16:09:00,32.47530732303858,-111.29561145789921,7.4807999999999995
2025-05-04T16:09:01,32.47532559558749,-111.29561631940305,7.4807999999999995
2025-05-04T16:09:02,32.475350657477975,-111.29562453366816,7.732800000000001
2025-05-04T16:09:03,32.47536951676011,-111.29562629386783,7.4807999999999995
2025-05-04T16:09:04,32.47537957504392,-111.29562545567751,5.5224
2025-05-04T16:09:05,32.4753924831748,-111.29562646150589,5.3496
2025-05-04T16:09:06,32.47540329582989,-111.29563190974295,3.7188
2025-05-04T16:09:07,32.47541142627597,-111.29563299939036,3.7188
2025-05-04T16:09:07,32.47541142627597,-111.29563299939036,3.7188
2025-05-04T16:09:08,32.47541427612305,-111.29563207738101,2.5776
2025-05-04T16:09:09,32.475419556722045,-111.29563526250422,2.0916
2025-05-04T16:09:10,32.47542358003557,-111.29563534632325,1.872
2025-05-04T16:09:16,32.4754218198359,-111.2956378608942,0.8568
2025-05-04T16:09:24,32.47540321201086,-111.29564858973026,1.08
2025-05-04T16:09:25,32.47540254145861,-111.2956502661109,1.2816
2025-05-04T16:09:26,32.47540078125894,-111.2956447340548,1.3464
2025-05-04T16:09:27,32.47539767995477,-111.29565034992993,0.1512
2025-05-04T16:09:28,32.475398601964116,-111.2956468295306,0.396
2025-05-04T16:09:29,32.47539742849767,-111.29564347676933,0.5256
2025-05-04T16:09:30,32.475402038544416,-111.29564347676933,1.1088
2025-05-04T16:09:31,32.47539717704058,-111.29564138129354,0.4716
2025-05-04T16:09:32,32.47539826668799,-111.29564104601741,0.7488
2025-05-04T16:09:33,32.475398518145084,-111.29564297385514,0.27
2025-05-04T16:09:34,32.47540178708732,-111.29564205184579,1.1844000000000001
2025-05-04T16:09:35,32.475398015230894,-111.29564582370222,0.2808
2025-05-04T16:09:36,32.47539835050702,-111.29564297385514,0.7200000000000001
2025-05-04T16:09:37,32.475397596135736,-111.29564347676933,0.3852
2025-05-04T16:09:38,32.475400026887655,-111.29564230330288,0.666
2025-05-04T16:09:39,32.4754030443728,-111.29564515314996,0.7524
2025-05-04T16:09:40,32.47539977543056,-111.29564330913126,0.6516
2025-05-04T16:09:41,32.47539742849767,-111.29564272239804,0.2232
2025-05-04T16:09:42,32.475399523973465,-111.29564213566482,0.864
2025-05-04T16:09:43,32.47539918869734,-111.29564414732158,0.2232
2025-05-04T16:09:44,32.4753993563354,-111.29564414732158,0.3996
2025-05-04T16:09:45,32.47540078125894,-111.29564481787384,0.28800000000000003
2025-05-04T16:09:46,32.47539893724024,-111.29564649425447,0.2232
2025-05-04T16:09:47,32.47539784759283,-111.29564540460706,0.5040000000000001
2025-05-04T16:09:48,32.47539893724024,-111.29564372822642,0.5004000000000001
2025-05-04T16:09:49,32.475401032716036,-111.29563987255096,1.2491999999999999
2025-05-04T16:09:50,32.47542374767363,-111.29564356058836,5.4036
2025-05-04T16:09:51,32.47543967328966,-111.2956486735493,6.0984
2025-05-04T16:09:52,32.475458197295666,-111.29564967937768,6.8976
2025-05-04T16:09:53,32.47547680512071,-111.29564984701574,7.3476
2025-05-04T16:09:54,32.47549247927964,-111.29564942792058,6.8868
2025-05-04T16:09:55,32.47550840489566,-111.2956518586725,6.8472
2025-05-04T16:09:56,32.4755254201591,-111.29565705545247,6.9264
2025-05-04T16:09:57,32.47554436326027,-111.29565789364278,6.8184
2025-05-04T16:09:58,32.47555894777179,-111.29566091112792,6.210000000000001
2025-05-04T16:09:59,32.47557437047362,-111.2956605758518,5.824800000000001
2025-05-04T16:10:00,32.47558535076678,-111.29565395414829,5.2092
2025-05-04T16:10:01,32.47559138573706,-111.29564900882542,4.1112
2025-05-04T16:10:02,32.47559867799282,-111.29564347676933,3.546
2025-05-04T16:10:03,32.475602366030216,-111.29564146511257,2.7144
2025-05-04T16:10:04,32.47559960000217,-111.29564163275063,1.0151999999999999
2025-05-04T16:10:05,32.47560194693506,-111.29563450813293,1.5948
2025-05-04T16:10:06,32.47561292722821,-111.29563065245748,3.2292
2025-05-04T16:10:07,32.47561971656978,-111.29562369547784,3.2436000000000003
2025-05-04T16:10:08,32.47561980038881,-111.29562009125948,1.9512000000000003
2025-05-04T16:10:09,32.475620806217194,-111.29561774432659,1.0368
2025-05-04T16:10:10,32.47562298551202,-111.29561522975564,0.6516
2025-05-04T16:10:11,32.47562273405492,-111.29561472684145,0.6084
2025-05-04T16:10:12,32.47562197968364,-111.29561648704112,0.3888
2025-05-04T16:10:13,32.4756205547601,-111.2956204265356,0.2016
2025-05-04T16:10:14,32.47562273405492,-111.2956169899553,0.4356
2025-05-04T16:10:15,32.475626673549414,-111.29561640322208,0.5688
2025-05-04T16:10:16,32.47562860138714,-111.2956140562892,0.5544
2025-05-04T16:10:17,32.47562935575843,-111.29561615176499,0.28800000000000003
2025-05-04T16:10:18,32.47563128359616,-111.29561573266983,0.1512
2025-05-04T16:10:19,32.47563472017646,-111.29561422392726,0.24840000000000004
2025-05-04T16:10:20,32.4756361451,-111.2956140562892,0.162
2025-05-04T16:10:21,32.475637486204505,-111.29561313427985,0.36000000000000004
2025-05-04T16:10:22,32.47563874348998,-111.29561388865113,0.5292
2025-05-04T16:10:23,32.475639497861266,-111.29561321809888,0.378
2025-05-04T16:10:24,32.47564109042287,-111.2956156488508,0.48960000000000004
2025-05-04T16:10:25,32.4756446108222,-111.29561154171824,1.4976
2025-05-04T16:10:26,32.4756517354399,-111.29560542292893,2.8764000000000003
2025-05-04T16:10:27,32.47565785422921,-111.29559611901641,3.4848
2025-05-04T16:10:28,32.47566162608564,-111.29558824002743,3.672
2025-05-04T16:10:29,32.47567160055041,-111.29557491280138,4.744800000000001
2025-05-04T16:10:30,32.47567939572036,-111.29556611180305,4.8456
2025-05-04T16:10:31,32.47568559832871,-111.29555898718536,4.388400000000001
2025-05-04T16:10:32,32.475694231688976,-111.2955498509109,4.212
2025-05-04T16:10:33,32.475697584450245,-111.29554574377835,3.2148000000000003
2025-05-04T16:10:34,32.47569548897445,-111.29554934799671,1.6164
2025-05-04T16:10:35,32.47569213621318,-111.29554993472993,0.6984
2025-05-04T16:10:36,32.47569054365158,-111.295550102368,0.2556
2025-05-04T16:10:37,32.47568861581385,-111.29554976709187,0.198
2025-05-04T16:10:38,32.47568744234741,-111.29554884508252,0.11520000000000001
2025-05-04T16:10:39,32.47568593360484,-111.2955495994538,0.11520000000000001
2025-05-04T16:10:40,32.475686855614185,-111.29554901272058,0.13319999999999999
2025-05-04T16:10:41,32.475685430690646,-111.29554884508252,0.108
2025-05-04T16:10:42,32.47568652033806,-111.29554876126349,0.15839999999999999
2025-05-04T16:10:43,32.47568652033806,-111.29554540850222,0.3204
2025-05-04T16:10:44,32.475687274709344,-111.29554348066449,0.3312
2025-05-04T16:10:45,32.47568526305258,-111.29554339684546,0.2916
2025-05-04T16:10:46,32.47568853199482,-111.2955427262932,0.54
2025-05-04T16:10:47,32.47568920254707,-111.29554130136967,0.2016
2025-05-04T16:10:48,32.475684843957424,-111.2955413851887,0.2196
2025-05-04T16:10:49,32.475687861442566,-111.2955432292074,0.3204
2025-05-04T16:10:50,32.47568911872804,-111.2955485098064,0.5364
2025-05-04T16:10:51,32.47568760998547,-111.29554716870189,0.8028000000000001
2025-05-04T16:10:52,32.475690292194486,-111.29554700106382,0.2988
2025-05-04T16:10:53,32.475691214203835,-111.29554649814963,0.4032
2025-05-04T16:10:54,32.475692639127374,-111.29554733633995,0.1764
2025-05-04T16:10:55,32.47569330967963,-111.29554700106382,0.2808
2025-05-04T16:10:56,32.47569347731769,-111.29554557614028,0.2736
2025-05-04T16:10:57,32.4756911303848,-111.2955450732261,0.1872
2025-05-04T16:10:58,32.47568945400417,-111.29554624669254,0.25200000000000006
2025-05-04T16:10:59,32.475688364356756,-111.29554691724479,0.054
2025-05-04T16:11:00,32.4756879452616,-111.2955485098064,0.0756
2025-05-04T16:11:01,32.47568920254707,-111.29554658196867,0.4284
2025-05-04T16:11:02,32.47568760998547,-111.2955461628735,0.378
2025-05-04T16:11:03,32.47568710707128,-111.29554465413094,0.15839999999999999
2025-05-04T16:11:04,32.47568693943322,-111.29554247483611,0.3456
2025-05-04T16:11:05,32.475685849785805,-111.29554373212159,0.1764
2025-05-04T16:11:06,32.475686855614185,-111.29554339684546,0.1728
2025-05-04T16:11:07,32.47568861581385,-111.29553954117,0.378
2025-05-04T16:11:08,32.4756879452616,-111.29553987644613,0.2016
2025-05-04T16:11:09,32.47568903490901,-111.29554205574095,0.4932
2025-05-04T16:11:10,32.47568719089031,-111.29554197192192,0.41040000000000004
2025-05-04T16:11:11,32.47568802908063,-111.29554029554129,0.7884
2025-05-04T16:11:12,32.475697165355086,-111.2955358531326,2.6316
2025-05-04T16:11:13,32.47571409679949,-111.29553308710456,4.7052
2025-05-04T16:11:14,32.47572926804423,-111.29552822560072,5.5476
2025-05-04T16:11:15,32.47574720531702,-111.29552520811558,6.2532000000000005
2025-05-04T16:11:16,32.475759610533714,-111.29552043043077,5.9399999999999995
2025-05-04T16:11:17,32.47577402740717,-111.29551188088953,5.6016
2025-05-04T16:11:18,32.47578475624323,-111.29551129415631,4.2552
2025-05-04T16:11:19,32.47578919865191,-111.2955122999847,2.9484
2025-05-04T16:11:20,32.47580177150667,-111.29550911486149,4.068
2025-05-04T16:11:21,32.47581912204623,-111.29550375044346,5.1768
2025-05-04T16:11:22,32.47583068907261,-111.29550215788186,4.7916
2025-05-04T16:11:23,32.47584091499448,-111.29550064913929,4.4028
2025-05-04T16:11:24,32.47585088945925,-111.29549570381641,4.3272
2025-05-04T16:11:25,32.475865138694644,-111.29549075849354,5.0904
2025-05-04T16:11:26,32.4758795555681,-111.29548656754196,5.256
2025-05-04T16:11:27,32.475890619680285,-111.29548380151391,4.6224
2025-05-04T16:11:28,32.475898414850235,-111.29548011347651,3.8088
2025-05-04T16:11:29,32.475905707105994,-111.29547751508653,3.3444000000000003
2025-05-04T16:11:30,32.475911658257246,-111.29547961056232,3.0672
2025-05-04T16:11:31,32.475915094837546,-111.2954827118665,2.5488
2025-05-04T16:11:32,32.47591685503721,-111.29548514261842,2.106
2025-05-04T16:11:33,32.47592314146459,-111.29548631608486,2.4408000000000003
2025-05-04T16:11:34,32.47593236155808,-111.29548531025648,3.0636
2025-05-04T16:11:35,32.475943844765425,-111.29548463970423,3.8196
2025-05-04T16:11:36,32.47595289722085,-111.29548598080873,3.5964
2025-05-04T16:11:37,32.47595876455307,-111.2954845558852,2.9052000000000002
2025-05-04T16:11:38,32.47596220113337,-111.29548388533294,2.1024
2025-05-04T16:11:39,32.47596689499915,-111.2954827118665,2.6064
2025-05-04T16:11:40,32.475980054587126,-111.29548078402877,3.8736
2025-05-04T16:11:41,32.475991286337376,-111.29547952674329,3.8736
2025-05-04T16:11:42,32.476000003516674,-111.29547868855298,3.4992
2025-05-04T16:11:43,32.476008888334036,-111.29547734744847,3.9492
2025-05-04T16:11:44,32.476024059578776,-111.29547868855298,4.3308
2025-05-04T16:11:45,32.4760333634913,-111.29547676071525,3.7656
2025-05-04T16:11:46,32.4760436732322,-111.29547759890556,4.0968
2025-05-04T16:11:47,32.47605842538178,-111.29547818563879,5.184
2025-05-04T16:11:48,32.476074267178774,-111.29548028111458,5.1984
2025-05-04T16:11:49,32.476086588576436,-111.29548028111458,4.615200000000001
2025-05-04T16:11:50,32.476096730679274,-111.29548153840005,4.4964
2025-05-04T16:11:51,32.476109052076936,-111.29548313096166,4.5576
2025-05-04T16:11:52,32.476124642416835,-111.29548463970423,5.2488
2025-05-04T16:11:53,32.476139310747385,-111.29548396915197,5.623200000000001
2025-05-04T16:11:54,32.4761504586786,-111.29548346623778,5.202
2025-05-04T16:11:55,32.476160768419504,-111.29548145458102,4.968
2025-05-04T16:11:56,32.47617191635072,-111.29548002965748,4.9824
2025-05-04T16:11:57,32.476183734834194,-111.29548078402877,5.2056
2025-05-04T16:11:58,32.4761988222599,-111.2954790238291,5.4612
2025-05-04T16:11:59,32.47621080838144,-111.29547625780106,5.1768
2025-05-04T16:12:00,32.47622019611299,-111.29547097720206,4.4892
2025-05-04T16:12:01,32.476228745654225,-111.29546930082142,4.0428
2025-05-04T16:12:02,32.47624123468995,-111.2954668700695,4.4964
2025-05-04T16:12:03,32.47625288553536,-111.295465528965,4.316400000000001
2025-05-04T16:12:04,32.476262440904975,-111.29546284675598,3.87
2025-05-04T16:12:05,32.476274175569415,-111.29546100273728,4.1975999999999996
2025-05-04T16:12:06,32.47628557495773,-111.29545848816633,4.7808
2025-05-04T16:12:07,32.47629823163152,-111.29545429721475,4.6692
2025-05-04T16:12:08,32.47631013393402,-111.29545329138637,4.6296
2025-05-04T16:12:09,32.47631675563753,-111.29545262083411,3.528
2025-05-04T16:12:10,32.47632287442684,-111.2954515311867,2.9484
2025-05-04T16:12:11,32.47632723301649,-111.29544826224446,2.466
2025-05-04T16:12:12,32.47633402235806,-111.29544541239738,2.6388
2025-05-04T16:12:13,32.4763388838619,-111.29543971270323,2.7936
2025-05-04T16:12:14,32.47634877450764,-111.29543635994196,2.9484
2025-05-04T16:12:15,32.47635304927826,-111.29543485119939,2.3652
2025-05-04T16:12:16,32.47636285610497,-111.29542923532426,3.3444000000000003
2025-05-04T16:12:17,32.476373333483934,-111.29542261362076,3.9744000000000006
2025-05-04T16:12:18,32.476381715387106,-111.29541632719338,3.7476
2025-05-04T16:12:19,32.47638481669128,-111.2954134773463,3.0528
2025-05-04T16:12:20,32.476391941308975,-111.29540811292827,3.2436000000000003
2025-05-04T16:12:21,32.47639906592667,-111.29540266469121,2.6316
2025-05-04T16:12:22,32.4763975571841,-111.29540358670056,1.1592
2025-05-04T16:12:23,32.476400742307305,-111.29540098831058,1.5696
2025-05-04T16:12:24,32.47640644200146,-111.29539738409221,2.3148
2025-05-04T16:12:25,32.476410465314984,-111.29539252258837,2.1132
2025-05-04T16:12:26,32.476413482800126,-111.29538740962744,2.5092
2025-05-04T16:12:27,32.476419853046536,-111.2953788600862,3.186
2025-05-04T16:12:28,32.476424211636186,-111.29537316039205,3.1572
2025-05-04T16:12:29,32.47642924077809,-111.29536586813629,3.1032
2025-05-04T16:12:30,32.47643603011966,-111.29535907879472,3.1536
2025-05-04T16:12:31,32.476442316547036,-111.29535262472928,3.258
2025-05-04T16:12:32,32.476448100060225,-111.29534692503512,3.1392
2025-05-04T16:12:33,32.476452458649874,-111.2953378725797,2.9952
2025-05-04T16:12:34,32.476457403972745,-111.29533301107585,2.4552
2025-05-04T16:12:35,32.47646067291498,-111.29532965831459,2.2356000000000003
2025-05-04T16:12:36,32.47646360658109,-111.29532588645816,2.142
2025-05-04T16:12:37,32.47647047974169,-111.29531457088888,3.3444000000000003
2025-05-04T16:12:38,32.47647911310196,-111.29530007019639,4.316400000000001
2025-05-04T16:12:39,32.47648883610964,-111.29528833553195,4.8996
2025-05-04T16:12:40,32.47649738565087,-111.2952755112201,5.022
2025-05-04T16:12:41,32.47650266624987,-111.29526394419372,4.3272
2025-05-04T16:12:42,32.476504845544696,-111.29525899887085,2.5452
2025-05-04T16:12:43,32.47650207951665,-111.29526092670858,0.7092
2025-05-04T16:12:44,32.47650073841214,-111.2952612619847,0.1116
2025-05-04T16:12:45,32.47650266624987,-111.29526142962277,0.6335999999999999
2025-05-04T16:12:46,32.47650199569762,-111.29526117816567,0.3888
2025-05-04T16:12:47,32.476502330973744,-111.29526142962277,0.3096
2025-05-04T16:12:48,32.47650107368827,-111.29526101052761,0.6264
2025-05-04T16:12:49,32.47650409117341,-111.29525522701442,1.8432000000000002
2025-05-04T16:12:50,32.47650886885822,-111.29524843767285,2.358
2025-05-04T16:12:51,32.47650912031531,-111.29524307325482,2.2248
2025-05-04T16:12:52,32.476508701220155,-111.2952406425029,1.692
2025-05-04T16:12:53,32.4765098746866,-111.29523159004748,2.6856
2025-05-04T16:12:54,32.47651339508593,-111.29522379487753,2.8080000000000003
2025-05-04T16:12:55,32.47651482000947,-111.2952149938792,3.1068000000000002
2025-05-04T16:12:56,32.47652169317007,-111.29520191811025,3.9708
2025-05-04T16:12:57,32.476527309045196,-111.29518993198872,4.179600000000001
2025-05-04T16:12:58,32.47653041034937,-111.29518305882812,3.3264
2025-05-04T16:12:59,32.47653334401548,-111.29517241381109,3.6251999999999995
2025-05-04T16:13:00,32.47653678059578,-111.29516101442277,3.834
2025-05-04T16:13:01,32.476541893556714,-111.29515171051025,3.7008
2025-05-04T16:13:02,32.47654331848025,-111.29514265805483,3.3408
2025-05-04T16:13:03,32.47654600068927,-111.29512991756201,3.42
2025-05-04T16:13:04,32.476548263803124,-111.29512287676334,2.9844
2025-05-04T16:13:05,32.47655044309795,-111.29511214792728,3.5496
2025-05-04T16:13:06,32.476551281288266,-111.2950989883393,4.017600000000001
2025-05-04T16:13:07,32.47655354440212,-111.2950836494565,4.3740000000000006
2025-05-04T16:13:08,32.476554634049535,-111.2950696516782,4.2984
2025-05-04T16:13:09,32.476555639877915,-111.29505598917603,4.1868
2025-05-04T16:13:10,32.476555556058884,-111.29504358395934,4.381200000000001
2025-05-04T16:13:11,32.47655865736306,-111.29503377713263,4.122
2025-05-04T16:13:12,32.476559998467565,-111.29502397030592,3.7584000000000004
2025-05-04T16:13:13,32.47655840590596,-111.2950125709176,4.1328
2025-05-04T16:13:14,32.476559579372406,-111.29499454982579,5.0724
2025-05-04T16:13:15,32.476563015952706,-111.29498750902712,4.118399999999999
2025-05-04T16:13:16,32.47656427323818,-111.29497325979173,4.4856
2025-05-04T16:13:17,32.47656561434269,-111.29496068693697,4.266
2025-05-04T16:13:18,32.47656527906656,-111.29494668915868,4.212
2025-05-04T16:13:19,32.476565865799785,-111.29493084736168,4.86
2025-05-04T16:13:20,32.47656754218042,-111.29491542465985,5.022
2025-05-04T16:13:21,32.47656863182783,-111.29490117542446,5.0436000000000005
2025-05-04T16:13:22,32.47656812891364,-111.2948819808662,5.6736
2025-05-04T16:13:23,32.47656578198075,-111.29486580379307,5.4756
2025-05-04T16:13:24,32.476565865799785,-111.29485113546252,4.888800000000001
2025-05-04T16:13:25,32.47656553052366,-111.29483780823648,4.4784
2025-05-04T16:13:26,32.47656519524753,-111.29482565447688,4.3524
2025-05-04T16:13:27,32.476562010124326,-111.29481475800276,4.2228
2025-05-04T16:13:28,32.476561507210135,-111.29480754956603,3.2148000000000003
2025-05-04T16:13:29,32.47656108811498,-111.29479665309191,3.4956
2025-05-04T16:13:30,32.47656117193401,-111.29478567279875,3.9024000000000005
2025-05-04T16:13:31,32.47656175866723,-111.29477402195334,3.9852
2025-05-04T16:13:32,32.476561423391104,-111.29476027563214,4.446000000000001
2025-05-04T16:13:33,32.47655932791531,-111.29474527202547,4.6944
2025-05-04T16:13:34,32.47655622661114,-111.29473529756069,4.107600000000001
2025-05-04T16:13:35,32.47655337676406,-111.29472901113331,3.5568
2025-05-04T16:13:36,32.47655061073601,-111.2947226408869,3.2292
2025-05-04T16:13:37,32.47654893435538,-111.29471912048757,2.628
2025-05-04T16:13:38,32.476546838879585,-111.29471409134567,2.3400000000000003
2025-05-04T16:13:39,32.47654348611832,-111.29470587708056,2.4732000000000003
2025-05-04T16:13:40,32.47654013335705,-111.29469715990126,2.8008
2025-05-04T16:13:41,32.47653837315738,-111.2946850899607,3.0564
2025-05-04T16:13:42,32.47653527185321,-111.29468198865652,2.2644
2025-05-04T16:13:43,32.4765357747674,-111.29468064755201,1.2852
2025-05-04T16:13:44,32.47653476893902,-111.29467712715268,1.3716000000000002
2025-05-04T16:13:45,32.47653569094837,-111.29467570222914,0.918
2025-05-04T16:13:46,32.47653535567224,-111.29467436112463,0.7092
2025-05-04T16:13:47,32.47653493657708,-111.29467410966754,0.36719999999999997
2025-05-04T16:13:48,32.476533092558384,-111.29467360675335,0.4968000000000001
2025-05-04T16:13:49,32.476535523310304,-111.29467679187655,0.07919999999999999
2025-05-04T16:13:50,32.47653594240546,-111.29468131810427,0.1944
2025-05-04T16:13:51,32.47653334401548,-111.29467511549592,1.0404
2025-05-04T16:13:52,32.47652932070196,-111.2946724332869,0.6048
2025-05-04T16:13:53,32.47653032653034,-111.29467603750527,0.8064
2025-05-04T16:13:54,32.47652638703585,-111.2946742773056,0.7884
2025-05-04T16:13:55,32.476519932970405,-111.29466891288757,1.8216
2025-05-04T16:13:56,32.47651632875204,-111.2946626264602,1.6524
2025-05-04T16:13:57,32.476514065638185,-111.29466245882213,0.7884
2025-05-04T16:13:58,32.47651482000947,-111.29466162063181,0.45
2025-05-04T16:13:59,32.47651465237141,-111.29466111771762,0.5184
2025-05-04T16:14:00,32.476515574380755,-111.2946605309844,0.2988
2025-05-04T16:14:01,32.47651498764753,-111.29465483129025,0.9540000000000001
2025-05-04T16:14:02,32.476513646543026,-111.29465307109058,1.098
2025-05-04T16:14:03,32.4765114672482,-111.29465441219509,0.3852
2025-05-04T16:14:04,32.47651197016239,-111.29465374164283,0.0
2025-05-04T16:14:05,32.47651197016239,-111.29465374164283,0.0
2025-05-04T16:14:06,32.47651029378176,-111.2946534063667,0.0
2025-05-04T16:14:07,32.47651138342917,-111.2946552503854,0.14400000000000002
2025-05-04T16:14:08,32.47650903649628,-111.29464737139642,1.2132
2025-05-04T16:14:09,32.47649855911732,-111.2946364749223,2.9952
2025-05-04T16:14:10,32.4764874111861,-111.29463521763682,3.9024000000000005
2025-05-04T16:14:11,32.4764786940068,-111.29463077522814,4.3020000000000005
2025-05-04T16:14:12,32.47646746225655,-111.2946245726198,5.2236
2025-05-04T16:14:13,32.476447178050876,-111.29461786709726,6.710400000000001
2025-05-04T16:14:14,32.476424630731344,-111.29460940137506,7.938000000000001
2025-05-04T16:14:15,32.476405184715986,-111.29460060037673,7.9848
2025-05-04T16:14:16,32.47638967819512,-111.2945915479213,7.153200000000001
2025-05-04T16:14:17,32.47637945227325,-111.29458551295102,5.331600000000001
2025-05-04T16:14:18,32.47636394575238,-111.29457956179976,5.7492
2025-05-04T16:14:19,32.47635053470731,-111.29457553848624,5.274
2025-05-04T16:14:20,32.47634198516607,-111.29456824623048,4.3488
2025-05-04T16:14:21,32.47633125633001,-111.29456095397472,4.687200000000001
2025-05-04T16:14:22,32.4763198569417,-111.29455575719476,4.8996
2025-05-04T16:14:23,32.47631046921015,-111.2945498060435,4.7376000000000005
2025-05-04T16:14:24,32.47630066238344,-111.29454460926354,4.179600000000001
2025-05-04T16:14:25,32.47630074620247,-111.29454460926354,2.2392
2025-05-04T16:14:26,32.476299069821835,-111.29454393871129,1.6308
2025-05-04T16:14:27,32.47629445977509,-111.29454234614968,1.3716000000000002
2025-05-04T16:14:28,32.47629504650831,-111.29454444162548,0.24840000000000004
2025-05-04T16:14:29,32.47629404067993,-111.29454595036805,0.2268
2025-05-04T16:14:30,32.476293705403805,-111.29454569891095,0.1872
2025-05-04T16:14:31,32.47629244811833,-111.29454511217773,0.1044
2025-05-04T16:14:32,32.47629186138511,-111.29454494453967,0.2916
2025-05-04T16:14:33,32.47629286721349,-111.2945450283587,0.12600000000000003
2025-05-04T16:14:34,32.476293202489614,-111.2945466209203,0.0216
2025-05-04T16:14:35,32.47629110701382,-111.29454561509192,0.48240000000000005
2025-05-04T16:14:36,32.47629010118544,-111.29454511217773,0.4032
2025-05-04T16:14:37,32.47629010118544,-111.29454536363482,0.41400000000000003
2025-05-04T16:14:38,32.47629018500447,-111.29454486072063,0.0648
2025-05-04T16:14:39,32.47629244811833,-111.29454486072063,0.0324
2025-05-04T16:14:40,32.4762939568609,-111.29454544745386,0.1872
2025-05-04T16:14:41,32.47629504650831,-111.2945447769016,0.36000000000000004
2025-05-04T16:14:42,32.47629479505122,-111.29454511217773,0.2556
2025-05-04T16:14:43,32.4762955494225,-111.29454611800611,0.1188
2025-05-04T16:14:44,32.47629387304187,-111.29454494453967,0.3492
2025-05-04T16:14:45,32.476294208317995,-111.29454318434,0.28800000000000003
2025-05-04T16:14:46,32.47629378922284,-111.29454335197806,0.4536
2025-05-04T16:14:47,32.47628758661449,-111.29453874193132,2.2392
2025-05-04T16:14:48,32.47627736069262,-111.29453396424651,3.3228000000000004
2025-05-04T16:14:49,32.47626855969429,-111.29452700726688,3.7368
2025-05-04T16:14:50,32.47626026161015,-111.29452122375369,3.7331999999999996
2025-05-04T16:14:51,32.47625523246825,-111.2945172842592,3.1788000000000003
2025-05-04T16:14:52,32.47625154443085,-111.29451208747923,3.0132
2025-05-04T16:14:53,32.476250203326344,-111.29450806416571,1.9728
2025-05-04T16:14:54,32.47624886222184,-111.29450764507055,1.296
2025-05-04T16:14:55,32.47624609619379,-111.29450622014701,1.5191999999999999
2025-05-04T16:14:56,32.47624232433736,-111.29450269974768,1.5228
2025-05-04T16:14:57,32.47624249197543,-111.2945016939193,0.6624
2025-05-04T16:14:58,32.47623955830932,-111.294498257339,1.3284
2025-05-04T16:14:59,32.47623545117676,-111.29449389874935,1.8828
2025-05-04T16:15:00,32.47623008675873,-111.29448803141713,2.5488
2025-05-04T16:15:01,32.47622296214104,-111.29448115825653,3.4632
2025-05-04T16:15:02,32.47621759772301,-111.2944757938385,3.2112000000000003
2025-05-04T16:15:03,32.476209634914994,-111.29447269253433,3.2652
2025-05-04T16:15:04,32.47620209120214,-111.29447026178241,3.5316
2025-05-04T16:15:05,32.47619764879346,-111.29447026178241,2.6208
2025-05-04T16:15:06,32.47619873844087,-111.29446447826922,1.4004
2025-05-04T16:15:07,32.47620150446892,-111.29446749575436,1.1052
2025-05-04T16:15:08,32.476205695420504,-111.29447277635336,0.1512
2025-05-04T16:15:09,32.47620536014438,-111.29447218962014,0.6732
2025-05-04T16:15:10,32.47620292939246,-111.29447327926755,0.8748
2025-05-04T16:15:11,32.47620309703052,-111.29447252489626,1.0116
2025-05-04T16:15:12,32.476203851401806,-111.29447453655303,0.216
2025-05-04T16:15:13,32.47620158828795,-111.29447185434401,1.242
2025-05-04T16:15:14,32.47619655914605,-111.29446514882147,2.8116000000000003
2025-05-04T16:15:15,32.47618499211967,-111.2944411765784,6.494400000000001
2025-05-04T16:15:16,32.47616244480014,-111.2944134324789,9.892800000000001
2025-05-04T16:15:17,32.47612866573036,-111.29440697841346,11.7864
2025-05-04T16:15:18,32.47607636265457,-111.29441862925887,15.7428
2025-05-04T16:15:19,32.476026909425855,-111.294418964535,17.665200000000002
2025-05-04T16:15:20,32.47598407790065,-111.29441251046956,17.506800000000002
2025-05-04T16:15:21,32.47593613341451,-111.29441427066922,17.8524
2025-05-04T16:15:22,32.47589020058513,-111.29440689459443,18.2988
2025-05-04T16:15:23,32.475839322432876,-111.29440236836672,19.1664
2025-05-04T16:15:24,32.47579355724156,-111.29440077580512,18.5148
2025-05-04T16:15:25,32.475754329934716,-111.29440261982381,16.8984
2025-05-04T16:15:26,32.475721053779125,-111.29440027289093,14.893199999999998
2025-05-04T16:15:27,32.475687861442566,-111.29439826123416,13.895999999999999
2025-05-04T16:15:28,32.475655088201165,-111.29439759068191,13.276800000000001
2025-05-04T16:15:29,32.475626673549414,-111.29439272917807,12.1824
2025-05-04T16:15:30,32.47559767216444,-111.29439541138709,11.768400000000002
2025-05-04T16:15:31,32.47556984424591,-111.29439574666321,11.5452
2025-05-04T16:15:32,32.47554453089833,-111.29439348354936,10.7208
2025-05-04T16:15:33,32.47552030719817,-111.29439692012966,10.2024
2025-05-04T16:15:34,32.47549759224057,-111.29440354183316,9.5832
2025-05-04T16:15:35,32.475474793463945,-111.29441360011697,9.216000000000001
2025-05-04T16:15:36,32.475457694381475,-111.29442977719009,8.6508
2025-05-04T16:15:37,32.47544537298381,-111.2944498937577,7.992000000000001
2025-05-04T16:15:38,32.47543548233807,-111.29446632228792,7.268400000000001
2025-05-04T16:15:39,32.475420981645584,-111.29447990097106,7.2791999999999994
2025-05-04T16:15:40,32.47540866024792,-111.29449264146388,7.0776
2025-05-04T16:15:41,32.47539441101253,-111.29450580105186,7.272
2025-05-04T16:15:42,32.47537789866328,-111.29451820626855,7.466399999999999
2025-05-04T16:15:43,32.47536398470402,-111.29453019239008,7.138800000000001
2025-05-04T16:15:44,32.47535149566829,-111.29454720765352,6.8580000000000005
2025-05-04T16:15:45,32.47533967718482,-111.29455869086087,6.5844
2025-05-04T16:15:46,32.47532467357814,-111.29456388764083,6.3252
2025-05-04T16:15:47,32.47530682012439,-111.29455265589058,6.1128
2025-05-04T16:15:48,32.47529366053641,-111.29453379660845,6.1524
2025-05-04T16:15:49,32.47527848929167,-111.29453849047422,5.115600000000001
2025-05-04T16:15:50,32.47527647763491,-111.29453589208424,3.3768
2025-05-04T16:15:51,32.47527379542589,-111.2945331260562,2.25
2025-05-04T16:15:52,32.475278321653605,-111.29453404806554,0.7128000000000001
2025-05-04T16:15:53,32.475278321653605,-111.29453564062715,0.46440000000000003
2025-05-04T16:15:54,32.47527848929167,-111.29454075358808,1.5552
2025-05-04T16:15:55,32.47527966275811,-111.29453798756003,1.0332
2025-05-04T16:15:56,32.47528117150068,-111.29453673027456,0.5327999999999999
2025-05-04T16:15:57,32.47527798637748,-111.29454175941646,0.9828000000000001
2025-05-04T16:15:58,32.47527630999684,-111.29453681409359,1.4112
2025-05-04T16:15:59,32.47527379542589,-111.29453673027456,0.5688
2025-05-04T16:16:00,32.47527656145394,-111.29453580826521,0.27
2025-05-04T16:16:01,32.47527823783457,-111.29453614354134,0.0972
2025-05-04T16:16:02,32.475279327481985,-111.29453823901713,0.2232
2025-05-04T16:16:03,32.47527597472072,-111.2945397477597,0.27
2025-05-04T16:16:04,32.47527035884559,-111.29453505389392,2.034
2025-05-04T16:16:05,32.47527429834008,-111.29453396424651,0.41400000000000003
2025-05-04T16:16:06,32.475276729092,-111.29453614354134,0.3312
2025-05-04T16:16:07,32.475275387987494,-111.29453698173165,0.9864
2025-05-04T16:16:08,32.47527522034943,-111.29453455097973,0.8603999999999999
2025-05-04T16:16:09,32.475275387987494,-111.29453756846488,0.5004000000000001
2025-05-04T16:16:10,32.475274465978146,-111.29453798756003,0.4248
2025-05-04T16:16:11,32.47527890838683,-111.29453857429326,0.28800000000000003
2025-05-04T16:16:12,32.475274885073304,-111.29453279078007,1.1196
2025-05-04T16:16:13,32.475275387987494,-111.29453413188457,0.6588
2025-05-04T16:16:14,32.475270526483655,-111.2945344671607,0.6804
2025-05-04T16:16:15,32.47527027502656,-111.29453220404685,0.5904
2025-05-04T16:16:16,32.4752732925117,-111.2945275940001,0.8028000000000001
2025-05-04T16:16:17,32.47526918537915,-111.29453589208424,1.7064
2025-05-04T16:16:18,32.475268514826894,-111.29453429952264,1.0188
2025-05-04T16:16:19,32.47527035884559,-111.29453547298908,0.558
2025-05-04T16:16:20,32.475269604474306,-111.29453304223716,0.3528
2025-05-04T16:16:21,32.47526876628399,-111.29453320987523,0.27
2025-05-04T16:16:22,32.47526968829334,-111.29453438334167,0.48600000000000004
2025-05-04T16:16:23,32.47527027502656,-111.29453488625586,0.0648
2025-05-04T16:16:24,32.47527069412172,-111.29453371278942,0.30600000000000005
2025-05-04T16:16:25,32.47527413070202,-111.294532623142,0.07200000000000001
2025-05-04T16:16:26,32.47527471743524,-111.29453798756003,0.9504
2025-05-04T16:16:27,32.47527647763491,-111.29453664645553,0.8208000000000001
2025-05-04T16:16:28,32.47527664527297,-111.29453849047422,0.4176
2025-05-04T16:16:29,32.475275387987494,-111.29453907720745,0.5004000000000001
2025-05-04T16:16:30,32.475276812911034,-111.29453865811229,0.1944
2025-05-04T16:16:31,32.47527580708265,-111.2945397477597,0.3276
2025-05-04T16:16:32,32.47527815401554,-111.29454108886421,0.31679999999999997
2025-05-04T16:16:33,32.47527907602489,-111.29454175941646,0.0648
2025-05-04T16:16:34,32.475279830396175,-111.29454226233065,0.0972
2025-05-04T16:16:35,32.47527941130102,-111.29454444162548,0.24120000000000003
2025-05-04T16:16:36,32.47527941130102,-111.29454452544451,0.1908
2025-05-04T16:16:37,32.47528050094843,-111.29454419016838,0.12600000000000003
2025-05-04T16:16:38,32.47528050094843,-111.29454410634935,0.24480000000000002
2025-05-04T16:16:39,32.475282261148095,-111.29454544745386,0.15839999999999999
2025-05-04T16:16:40,32.47528444044292,-111.29454611800611,0.20520000000000002
2025-05-04T16:16:41,32.47528159059584,-111.29454645328224,0.5436
2025-05-04T16:16:42,32.47527664527297,-111.2945466209203,1.2888
2025-05-04T16:16:43,32.47527865692973,-111.29454670473933,0.396
2025-05-04T16:16:44,32.475278405472636,-111.29454561509192,0.4464
2025-05-04T16:16:45,32.47527823783457,-111.29454469308257,0.24840000000000004
2025-05-04T16:16:46,32.47527454979718,-111.29454175941646,0.6912
2025-05-04T16:16:47,32.4752751365304,-111.29454251378775,0.3888
2025-05-04T16:16:48,32.475274465978146,-111.29454142414033,0.4032
2025-05-04T16:16:49,32.47527262195945,-111.29454083740711,0.738
2025-05-04T16:16:50,32.475274382159114,-111.29454242996871,0.24480000000000002
2025-05-04T16:16:51,32.47527580708265,-111.29453991539776,0.0936
2025-05-04T16:16:52,32.47527597472072,-111.29453865811229,0.1188
2025-05-04T16:16:53,32.47527429834008,-111.29453798756003,0.48960000000000004
2025-05-04T16:16:54,32.475273963063955,-111.29453907720745,0.6012000000000001
2025-05-04T16:16:55,32.47527337633073,-111.29453924484551,0.0504
2025-05-04T16:16:56,32.47527480125427,-111.29453781992197,0.054
2025-05-04T16:16:57,32.47527362778783,-111.29453681409359,0.5508
2025-05-04T16:16:58,32.47527471743524,-111.29453781992197,0.30600000000000005
2025-05-04T16:16:59,32.47527572326362,-111.2945399992168,0.342
2025-05-04T16:17:00,32.47527723200619,-111.29453874193132,0.2844
2025-05-04T16:17:01,32.47527999803424,-111.29453890956938,0.1944
2025-05-04T16:17:02,32.47528343461454,-111.29453983157873,0.0972
2025-05-04T16:17:03,32.4752838537097,-111.29453714936972,0.30600000000000005
2025-05-04T16:17:04,32.47528159059584,-111.29453698173165,0.6156
2025-05-04T16:17:05,32.47528159059584,-111.29453832283616,0.45
2025-05-04T16:17:06,32.475281758233905,-111.29453966394067,0.1296
2025-05-04T16:17:07,32.47528159059584,-111.29454041831195,0.1296
2025-05-04T16:17:08,32.47527991421521,-111.29454192705452,0.3204
2025-05-04T16:17:09,32.47528142295778,-111.29454259760678,0.054
2025-05-04T16:17:10,32.475282009691,-111.29454226233065,0.07200000000000001
2025-05-04T16:17:11,32.475282261148095,-111.29454192705452,0.20520000000000002
2025-05-04T16:17:12,32.47528284788132,-111.29454083740711,0.162
2025-05-04T16:17:13,32.47528284788132,-111.29454175941646,0.4068
2025-05-04T16:17:14,32.475282261148095,-111.2945447769016,0.5796
2025-05-04T16:17:15,32.475279830396175,-111.29454452544451,0.7415999999999999
2025-05-04T16:17:16,32.47528150677681,-111.29454511217773,0.36719999999999997
2025-05-04T16:17:17,32.47528293170035,-111.29454586654902,0.4536
2025-05-04T16:17:18,32.475278321653605,-111.29454779438674,0.5292
2025-05-04T16:17:19,32.475277902558446,-111.2945482134819,0.36360000000000003
2025-05-04T16:17:20,32.47527807019651,-111.29454963840544,0.4212
2025-05-04T16:17:21,32.47527798637748,-111.29454737529159,0.1728
2025-05-04T16:17:22,32.475280333310366,-111.29454620182514,0.2988
2025-05-04T16:17:23,32.475281255319715,-111.29454511217773,0.0864
2025-05-04T16:17:24,32.47527999803424,-111.29454452544451,0.4932
2025-05-04T16:17:25,32.475281758233905,-111.29454419016838,0.35640000000000005
2025-05-04T16:17:26,32.475284188985825,-111.29454603418708,0.4464
2025-05-04T16:17:27,32.47528745792806,-111.29454310052097,0.07919999999999999
2025-05-04T16:17:28,32.47528687119484,-111.29454234614968,0.27
2025-05-04T16:17:29,32.47528402134776,-111.29454041831195,0.3348
2025-05-04T16:17:30,32.47528108768165,-111.29453547298908,0.4356
2025-05-04T16:17:31,32.475279830396175,-111.29453086294234,0.5436
2025-05-04T16:17:32,32.475284188985825,-111.2945294380188,0.11520000000000001
2025-05-04T16:17:33,32.475283183157444,-111.29453019239008,0.3348
2025-05-04T16:17:34,32.47528192587197,-111.29453027620912,0.48240000000000005
2025-05-04T16:17:35,32.4752836022526,-111.29453354515135,0.4428
2025-05-04T16:17:36,32.47527907602489,-111.29453186877072,0.9036000000000001
2025-05-04T16:17:37,32.47528150677681,-111.29453379660845,0.36360000000000003
2025-05-04T16:17:38,32.47528259642422,-111.29453555680811,0.0936
2025-05-04T16:17:39,32.47528259642422,-111.29453681409359,0.054
2025-05-04T16:17:40,32.47528058476746,-111.29453857429326,0.33840000000000003
2025-05-04T16:17:41,32.475279830396175,-111.29453907720745,0.108
2025-05-04T16:17:42,32.475277818739414,-111.29453832283616,0.12240000000000001
2025-05-04T16:17:43,32.475275890901685,-111.29453966394067,0.2556
2025-05-04T16:17:44,32.47527647763491,-111.29454041831195,0.0936
2025-05-04T16:17:45,32.47527656145394,-111.29453773610294,0.23040000000000002
2025-05-04T16:17:46,32.47527773492038,-111.29453689791262,0.36360000000000003
2025-05-04T16:17:47,32.475276896730065,-111.29453832283616,0.45
2025-05-04T16:17:48,32.47527572326362,-111.2945381551981,0.33840000000000003
2025-05-04T16:17:49,32.47527312487364,-111.29453547298908,0.2628
2025-05-04T16:17:50,32.475273879244924,-111.29453538917005,0.0216
2025-05-04T16:17:51,32.47527035884559,-111.29453337751329,0.5472
2025-05-04T16:17:52,32.47526993975043,-111.29453295841813,0.41400000000000003
2025-05-04T16:17:53,32.475271532312036,-111.29453304223716,0.1656
2025-05-04T16:17:54,32.47527237050235,-111.29453279078007,0.12600000000000003
2025-05-04T16:17:55,32.47527312487364,-111.29453186877072,0.12240000000000001
2025-05-04T16:17:56,32.47527379542589,-111.29453178495169,0.1548
2025-05-04T16:17:57,32.47527463361621,-111.29453119821846,0.1368
2025-05-04T16:17:58,32.47527463361621,-111.29453279078007,0.2016
2025-05-04T16:17:59,32.47527413070202,-111.29453404806554,0.5472
2025-05-04T16:18:00,32.475275387987494,-111.29453354515135,0.216
2025-05-04T16:18:01,32.47527597472072,-111.294532623142,0.12600000000000003
2025-05-04T16:18:02,32.47527656145394,-111.294532623142,0.1296
2025-05-04T16:18:03,32.47527413070202,-111.29453488625586,0.216
2025-05-04T16:18:04,32.47527320869267,-111.29453488625586,0.25200000000000006
2025-05-04T16:18:05,32.475272538140416,-111.29453463479877,0.3996
2025-05-04T16:18:06,32.475271532312036,-111.29453396424651,0.5292
2025-05-04T16:18:07,32.47527337633073,-111.29453438334167,0.039599999999999996
2025-05-04T16:18:08,32.475273460149765,-111.29453279078007,0.07200000000000001
2025-05-04T16:18:09,32.475273460149765,-111.29453270696104,0.162
2025-05-04T16:18:10,32.47527161613107,-111.29452994093299,0.23040000000000002
2025-05-04T16:18:11,32.475271532312036,-111.2945296894759,0.324
2025-05-04T16:18:12,32.47526834718883,-111.29453153349459,0.5472
2025-05-04T16:18:13,32.47526993975043,-111.2945312820375,0.3348
2025-05-04T16:18:14,32.47527220286429,-111.29453027620912,0.2268
2025-05-04T16:18:15,32.47527262195945,-111.29453245550394,0.6192
2025-05-04T16:18:16,32.475271532312036,-111.29453212022781,0.6264
2025-05-04T16:18:17,32.47527237050235,-111.29453220404685,0.3528
2025-05-04T16:18:18,32.4752732925117,-111.29453362897038,0.0468
2025-05-04T16:18:19,32.475271951407194,-111.29453253932297,0.1764
2025-05-04T16:18:20,32.47527262195945,-111.29453396424651,0.4464
2025-05-04T16:18:21,32.47527522034943,-111.29453320987523,0.4068
2025-05-04T16:18:22,32.475275471806526,-111.29453572444618,0.6084
2025-05-04T16:18:23,32.47527798637748,-111.29453647881746,0.24120000000000003
2025-05-04T16:18:24,32.47527630999684,-111.29453689791262,0.738
2025-05-04T16:18:25,32.47527924366295,-111.29453748464584,0.4248
2025-05-04T16:18:26,32.47527647763491,-111.294537903741,0.9432
2025-05-04T16:18:27,32.47527530416846,-111.29454092122614,0.846
2025-05-04T16:18:28,32.47527907602489,-111.29454251378775,0.1476
2025-05-04T16:18:29,32.47528008185327,-111.29454561509192,0.3276
2025-05-04T16:18:30,32.47527941130102,-111.29454712383449,0.28800000000000003
2025-05-04T16:18:31,32.475280836224556,-111.29454628564417,0.1008
2025-05-04T16:18:32,32.4752769805491,-111.29454754292965,0.5184
2025-05-04T16:18:33,32.475277399644256,-111.29454620182514,0.41400000000000003
2025-05-04T16:18:34,32.47527765110135,-111.29454704001546,0.036000000000000004
2025-05-04T16:18:35,32.4752751365304,-111.29454905167222,0.198
2025-05-04T16:18:36,32.47527572326362,-111.2945516500622,0.216
2025-05-04T16:18:37,32.475274465978146,-111.29455123096704,0.07200000000000001
2025-05-04T16:18:38,32.47527413070202,-111.29455223679543,0.2952
2025-05-04T16:18:39,32.47527664527297,-111.2945521529764,0.0864
2025-05-04T16:18:40,32.475271448493004,-111.29455139860511,0.8784
2025-05-04T16:18:41,32.47527630999684,-111.29455148242414,0.3492
2025-05-04T16:18:42,32.47527337633073,-111.29455056041479,0.7488
2025-05-04T16:18:43,32.47527572326362,-111.29454997368157,0.3744
2025-05-04T16:18:44,32.475277315825224,-111.29455089569092,0.0864
2025-05-04T16:18:45,32.475274465978146,-111.29455173388124,0.5796
2025-05-04T16:18:46,32.47527379542589,-111.294548464939,0.5040000000000001
2025-05-04T16:18:47,32.475276729092,-111.29454653710127,0.378
2025-05-04T16:18:48,32.47527848929167,-111.29454754292965,0.1872
2025-05-04T16:18:49,32.47527890838683,-111.29454804584384,0.6516
2025-05-04T16:18:50,32.47527957893908,-111.29454569891095,0.522
2025-05-04T16:18:51,32.47528008185327,-111.29454410634935,0.1764
2025-05-04T16:18:52,32.47528058476746,-111.2945434357971,0.16920000000000002
2025-05-04T16:18:53,32.47528192587197,-111.29454402253032,0.1008
2025-05-04T16:18:54,32.475281339138746,-111.29454242996871,0.2916
2025-05-04T16:18:55,32.47527907602489,-111.29454050213099,0.5112
2025-05-04T16:18:56,32.4752785731107,-111.29453941248357,0.4752
2025-05-04T16:18:57,32.47527773492038,-111.29453865811229,0.4572
2025-05-04T16:18:58,32.47527756728232,-111.2945381551981,0.1404
2025-05-04T16:18:59,32.47527614235878,-111.29453639499843,0.24480000000000002
2025-05-04T16:19:00,32.47527572326362,-111.2945328745991,0.48960000000000004
2025-05-04T16:19:01,32.47527899220586,-111.29452935419977,0.20520000000000002
2025-05-04T16:19:02,32.475276393815875,-111.2945307791233,0.5040000000000001
2025-05-04T16:19:03,32.47527555562556,-111.29453320987523,0.36360000000000003
2025-05-04T16:19:04,32.47527555562556,-111.29453538917005,0.1908
2025-05-04T16:19:05,32.47527287341654,-111.29453731700778,0.4464
2025-05-04T16:19:06,32.47527572326362,-111.29453681409359,0.2556
2025-05-04T16:19:07,32.47527454979718,-111.29453723318875,0.3852
2025-05-04T16:19:08,32.47527622617781,-111.2945365626365,0.3744
2025-05-04T16:19:09,32.475276729092,-111.29453748464584,0.36360000000000003
2025-05-04T16:19:10,32.47527664527297,-111.29453639499843,0.3528
2025-05-04T16:19:11,32.47527605853975,-111.29453890956938,0.234
2025-05-04T16:19:12,32.475276896730065,-111.29454217851162,0.5868
2025-05-04T16:19:13,32.475277902558446,-111.29454167559743,0.0972
2025-05-04T16:19:14,32.475276729092,-111.2945434357971,0.4068
2025-05-04T16:19:15,32.47527807019651,-111.29454435780644,0.522
2025-05-04T16:19:16,32.47527848929167,-111.29454469308257,0.2016
2025-05-04T16:19:17,32.4752804171294,-111.29454779438674,0.2268
2025-05-04T16:19:18,32.47527966275811,-111.2945463694632,0.162
2025-05-04T16:19:19,32.47527991421521,-111.2945463694632,0.0972
2025-05-04T16:19:20,32.4752769805491,-111.29454553127289,0.5256
2025-05-04T16:19:21,32.47527890838683,-111.29454377107322,0.35640000000000005
2025-05-04T16:19:22,32.475277399644256,-111.29454360343516,0.4356
2025-05-04T16:19:23,32.47527773492038,-111.29454209469259,0.12600000000000003
2025-05-04T16:19:24,32.47527664527297,-111.29454066976905,0.2196
2025-05-04T16:19:25,32.47527362778783,-111.29454167559743,0.6264
2025-05-04T16:19:26,32.475270526483655,-111.29454050213099,0.7488
2025-05-04T16:19:27,32.47527178376913,-111.2945415917784,0.1116
2025-05-04T16:19:28,32.475272957235575,-111.29454444162548,0.4464
2025-05-04T16:19:29,32.47527161613107,-111.29454569891095,0.4464
2025-05-04T16:19:30,32.475269604474306,-111.29454829730093,1.1880000000000002
2025-05-04T16:19:31,32.47527237050235,-111.29454947076738,0.2376
2025-05-04T16:19:32,32.47527035884559,-111.29454670473933,0.8136
2025-05-04T16:19:33,32.47526935301721,-111.29454704001546,0.8856
2025-05-04T16:19:34,32.4752735439688,-111.2945447769016,0.24120000000000003
2025-05-04T16:19:35,32.47527220286429,-111.29454511217773,0.3528
2025-05-04T16:19:36,32.47527128085494,-111.29454402253032,0.2124
2025-05-04T16:19:37,32.47527186758816,-111.29454310052097,0.13319999999999999
2025-05-04T16:19:38,32.475274382159114,-111.29454226233065,0.2268
2025-05-04T16:19:39,32.47527413070202,-111.29454217851162,0.25200000000000006
2025-05-04T16:19:40,32.47527555562556,-111.29454142414033,0.1548
2025-05-04T16:19:41,32.475276896730065,-111.29454016685486,0.2124
2025-05-04T16:19:42,32.47527899220586,-111.29453991539776,0.1404
2025-05-04T16:19:43,32.47527807019651,-111.29454125650227,0.23040000000000002
2025-05-04T16:19:44,32.475275890901685,-111.29454100504518,0.558
2025-05-04T16:19:45,32.47527505271137,-111.29453924484551,0.432
2025-05-04T16:19:46,32.475276729092,-111.2945397477597,0.2628
2025-05-04T16:19:47,32.475277818739414,-111.29454083740711,0.25200000000000006
2025-05-04T16:19:48,32.47528217732906,-111.29454192705452,0.15839999999999999
2025-05-04T16:19:49,32.475282764062285,-111.29454251378775,0.6012000000000001
2025-05-04T16:19:50,32.47528393752873,-111.2945447769016,0.4356
2025-05-04T16:19:51,32.47528217732906,-111.29454385489225,0.6048
2025-05-04T16:19:52,32.47528351843357,-111.2945434357971,0.3744
2025-05-04T16:19:53,32.47528234496713,-111.29454385489225,0.5292
2025-05-04T16:19:54,32.475280836224556,-111.29454460926354,0.5940000000000001
2025-05-04T16:19:55,32.4752804171294,-111.2945413403213,0.46440000000000003
2025-05-04T16:19:56,32.47528008185327,-111.2945397477597,0.0864
2025-05-04T16:19:57,32.47527915984392,-111.29453924484551,0.3024
2025-05-04T16:19:58,32.47527630999684,-111.29454041831195,0.4752
2025-05-04T16:19:59,32.475276729092,-111.29454092122614,0.5112
2025-05-04T16:20:00,32.475277315825224,-111.29454016685486,0.3312
2025-05-04T16:20:01,32.47527597472072,-111.29454092122614,0.36360000000000003
2025-05-04T16:20:02,32.47527429834008,-111.29454075358808,0.3276
2025-05-04T16:20:03,32.47527773492038,-111.29454117268324,0.0756
2025-05-04T16:20:04,32.47527756728232,-111.29454125650227,0.1368
2025-05-04T16:20:05,32.47527656145394,-111.29454284906387,0.396
2025-05-04T16:20:06,32.475279327481985,-111.29454351961613,0.198
2025-05-04T16:20:07,32.47528217732906,-111.29454301670194,0.2268
2025-05-04T16:20:08,32.475283183157444,-111.29454175941646,0.0972
2025-05-04T16:20:09,32.475277399644256,-111.29454234614968,0.7164
2025-05-04T16:20:10,32.47528100386262,-111.29454075358808,0.24120000000000003
2025-05-04T16:20:11,32.47528452426195,-111.29454058595002,0.108
2025-05-04T16:20:12,32.475280836224556,-111.29453958012164,0.3852
2025-05-04T16:20:13,32.4752785731107,-111.29453664645553,0.5796
2025-05-04T16:20:14,32.47527865692973,-111.29453832283616,0.6804
2025-05-04T16:20:15,32.4752801656723,-111.29453823901713,0.3132
2025-05-04T16:20:16,32.47528050094843,-111.29454016685486,0.3204
2025-05-04T16:20:17,32.47528301551938,-111.2945415917784,0.1368
2025-05-04T16:20:18,32.47527924366295,-111.29454586654902,0.5760000000000001
2025-05-04T16:20:19,32.475276393815875,-111.29454771056771,0.3888
2025-05-04T16:20:20,32.47527320869267,-111.29454670473933,0.4176
2025-05-04T16:20:21,32.475272957235575,-111.29454444162548,0.18000000000000002
2025-05-04T16:20:22,32.47527228668332,-111.29454519599676,0.18000000000000002
2025-05-04T16:20:23,32.47527119703591,-111.29454536363482,0.12240000000000001
2025-05-04T16:20:24,32.47527044266462,-111.2945452798158,0.28800000000000003
2025-05-04T16:20:25,32.4752698559314,-111.2945463694632,0.198
2025-05-04T16:20:26,32.47527337633073,-111.2945468723774,0.1044
2025-05-04T16:20:27,32.47527362778783,-111.29454720765352,0.1548
2025-05-04T16:20:28,32.47527371160686,-111.29454720765352,0.3132
2025-05-04T16:20:29,32.475273879244924,-111.29454678855836,0.48240000000000005
2025-05-04T16:20:30,32.475273041054606,-111.2945500575006,0.46440000000000003
2025-05-04T16:20:31,32.475273041054606,-111.29454704001546,0.3348
2025-05-04T16:20:32,32.47527270577848,-111.29454595036805,0.11520000000000001
2025-05-04T16:20:33,32.47527136467397,-111.29454695619643,0.6012000000000001
2025-05-04T16:20:34,32.475273460149765,-111.29454368725419,0.3852
2025-05-04T16:20:35,32.475274382159114,-111.29454192705452,0.2916
2025-05-04T16:20:36,32.4752751365304,-111.29454150795937,0.1512
2025-05-04T16:20:37,32.475273963063955,-111.29454033449292,0.12240000000000001
2025-05-04T16:20:38,32.475270107388496,-111.29453882575035,0.5724
2025-05-04T16:20:39,32.475271532312036,-111.29454100504518,0.2772
2025-05-04T16:20:40,32.47527228668332,-111.29454108886421,0.12600000000000003
2025-05-04T16:20:41,32.47527312487364,-111.29454142414033,0.12240000000000001
2025-05-04T16:20:42,32.47527337633073,-111.29454108886421,0.07919999999999999
2025-05-04T16:20:43,32.47527262195945,-111.29454008303583,0.2124
2025-05-04T16:20:44,32.47527262195945,-111.29453849047422,0.3456
2025-05-04T16:20:45,32.47527262195945,-111.29453681409359,0.0648
2025-05-04T16:20:46,32.475272454321384,-111.29453614354134,0.16920000000000002
2025-05-04T16:20:47,32.475272538140416,-111.29453564062715,0.36360000000000003
2025-05-04T16:20:48,32.47527371160686,-111.29453589208424,0.2952
2025-05-04T16:20:49,32.47527563944459,-111.29453572444618,0.12240000000000001
2025-05-04T16:20:50,32.47527505271137,-111.29453698173165,0.1872
2025-05-04T16:20:51,32.475273041054606,-111.2945394963026,0.3744
2025-05-04T16:20:52,32.47527320869267,-111.29454041831195,0.23040000000000002
2025-05-04T16:20:53,32.47527471743524,-111.29454083740711,0.1944
2025-05-04T16:20:54,32.47527656145394,-111.29454041831195,0.1944
2025-05-04T16:20:55,32.475277902558446,-111.29453706555068,0.16920000000000002
2025-05-04T16:20:56,32.47527664527297,-111.294537903741,0.918
2025-05-04T16:20:57,32.475278824567795,-111.2945394963026,0.33840000000000003
2025-05-04T16:20:58,32.475281339138746,-111.2945399992168,0.0252
2025-05-04T16:20:59,32.475282261148095,-111.29453865811229,0.14400000000000002
2025-05-04T16:21:00,32.47527915984392,-111.2945381551981,0.342
2025-05-04T16:21:01,32.47527848929167,-111.29453899338841,0.3924
2025-05-04T16:21:02,32.47527505271137,-111.29453689791262,0.5364
2025-05-04T16:21:03,32.4752735439688,-111.29453840665519,0.4932
2025-05-04T16:21:04,32.475273041054606,-111.29453924484551,0.46080000000000004
2025-05-04T16:21:05,32.475272035226226,-111.2945415917784,0.5292
2025-05-04T16:21:06,32.475273879244924,-111.2945397477597,0.1872
2025-05-04T16:21:07,32.47527429834008,-111.29454108886421,0.35640000000000005
2025-05-04T16:21:08,32.475273460149765,-111.29453916102648,0.6408
2025-05-04T16:21:09,32.475274885073304,-111.29454117268324,0.6084
2025-05-04T16:21:10,32.47527563944459,-111.29454100504518,0.4068
2025-05-04T16:21:11,32.47527723200619,-111.2945394963026,0.47880000000000006
2025-05-04T16:21:12,32.475277818739414,-111.29453890956938,0.1116
2025-05-04T16:21:13,32.47527756728232,-111.29454041831195,0.234
2025-05-04T16:21:14,32.47527915984392,-111.29454469308257,0.4464
2025-05-04T16:21:15,32.47527865692973,-111.29454419016838,0.396
2025-05-04T16:21:16,32.47527924366295,-111.29454326815903,0.24480000000000002
2025-05-04T16:21:17,32.47527907602489,-111.29454586654902,0.6120000000000001
2025-05-04T16:21:18,32.47527915984392,-111.29454695619643,0.4392
2025-05-04T16:21:19,32.475278321653605,-111.29454511217773,0.3492
2025-05-04T16:21:20,32.475277818739414,-111.29454410634935,0.2232
2025-05-04T16:21:21,32.4752735439688,-111.29454318434,0.2844
2025-05-04T16:21:22,32.47527337633073,-111.2945452798158,0.9648000000000001
2025-05-04T16:21:23,32.475273963063955,-111.29454301670194,0.8244
2025-05-04T16:21:24,32.475279830396175,-111.2945447769016,0.4248
2025-05-04T16:21:25,32.47528100386262,-111.29454678855836,0.1764
2025-05-04T16:21:26,32.475282680243254,-111.29454678855836,0.14400000000000002
2025-05-04T16:21:27,32.47528553009033,-111.29454829730093,0.2088
2025-05-04T16:21:28,32.475286703556776,-111.29454762674868,0.0468
2025-05-04T16:21:29,32.475286703556776,-111.29454595036805,0.324
2025-05-04T16:21:30,32.47528871521354,-111.29454670473933,0.162
2025-05-04T16:21:31,32.475288631394506,-111.29454586654902,0.522
2025-05-04T16:21:32,32.475290140137076,-111.29454444162548,0.1548
2025-05-04T16:21:33,32.47528754174709,-111.29454486072063,0.36360000000000003
2025-05-04T16:21:34,32.475284691900015,-111.29454377107322,0.4752
2025-05-04T16:21:35,32.47528502717614,-111.29454284906387,0.2736
2025-05-04T16:21:36,32.47528485953808,-111.29454419016838,0.5364
2025-05-04T16:21:37,32.4752854462713,-111.29454310052097,0.5327999999999999
2025-05-04T16:21:38,32.47528527863324,-111.2945452798158,0.7595999999999999
2025-05-04T16:21:39,32.47528502717614,-111.29454620182514,0.432
2025-05-04T16:21:40,32.47528527863324,-111.29454812966287,0.6372
2025-05-04T16:21:41,32.47528921812773,-111.29454972222447,0.1296
2025-05-04T16:21:42,32.475286703556776,-111.29454829730093,0.4356
2025-05-04T16:21:43,32.47528553009033,-111.29454745911062,0.48960000000000004
2025-05-04T16:21:44,32.47528578154743,-111.29454771056771,0.2088
2025-05-04T16:21:45,32.47528594918549,-111.29454796202481,0.3096
2025-05-04T16:21:46,32.47528502717614,-111.29454913549125,0.6912
2025-05-04T16:21:47,32.475283769890666,-111.29455173388124,0.5004000000000001
2025-05-04T16:21:48,32.47528284788132,-111.29455449990928,0.6120000000000001
2025-05-04T16:21:49,32.47528150677681,-111.29455307498574,0.7200000000000001
2025-05-04T16:21:50,32.47528687119484,-111.29455081187189,0.2268
2025-05-04T16:21:51,32.475286619737744,-111.29454938694835,0.4392
2025-05-04T16:21:52,32.47528846375644,-111.29454578272998,0.522
2025-05-04T16:21:53,32.47529089450836,-111.29454435780644,0.12600000000000003
2025-05-04T16:21:54,32.47528829611838,-111.29454670473933,0.5796
2025-05-04T16:21:55,32.475288547575474,-111.29454863257706,0.6228
2025-05-04T16:21:56,32.47528787702322,-111.29454729147255,0.8532
2025-05-04T16:21:57,32.47528997249901,-111.29454561509192,0.2916
2025-05-04T16:21:58,32.475291062146425,-111.29454469308257,0.028800000000000003
2025-05-04T16:21:59,32.475289637222886,-111.29454184323549,0.108
2025-05-04T16:22:00,32.475289134308696,-111.2945413403213,0.198
2025-05-04T16:22:01,32.475292067974806,-111.29454217851162,0.0504
2025-05-04T16:22:02,32.47529139742255,-111.29454276524484,0.2088
2025-05-04T16:22:03,32.47529139742255,-111.29454351961613,0.1764
2025-05-04T16:22:04,32.47529173269868,-111.29454318434,0.1296
2025-05-04T16:22:05,32.47529164887965,-111.29454377107322,0.2592
2025-05-04T16:22:06,32.47529215179384,-111.29454360343516,0.2952
2025-05-04T16:22:07,32.475291984155774,-111.29454108886421,0.41040000000000004
2025-05-04T16:22:08,32.47529039159417,-111.29454033449292,0.1368
2025-05-04T16:22:09,32.47529173269868,-111.29453907720745,0.2088
2025-05-04T16:22:10,32.4752941634506,-111.29453673027456,0.13319999999999999
2025-05-04T16:22:11,32.47529366053641,-111.29453580826521,0.036000000000000004
2025-05-04T16:22:12,32.47529273852706,-111.29453522153199,0.18000000000000002
2025-05-04T16:22:13,32.475293995812535,-111.29453723318875,0.1548
2025-05-04T16:22:14,32.475293073803186,-111.29453580826521,0.2736
2025-05-04T16:22:15,32.47529282234609,-111.29453773610294,0.2772
2025-05-04T16:22:16,32.475293492898345,-111.29453865811229,0.2844
2025-05-04T16:22:17,32.47529273852706,-111.29453756846488,0.162
2025-05-04T16:22:18,32.475291062146425,-111.29453673027456,0.2952
2025-05-04T16:22:19,32.47529064305127,-111.29453505389392,0.3492
2025-05-04T16:22:20,32.47529290616512,-111.29453547298908,0.162
2025-05-04T16:22:21,32.475290559232235,-111.29453714936972,0.6012000000000001
2025-05-04T16:22:22,32.47529064305127,-111.29453689791262,0.3276
2025-05-04T16:22:23,32.47529022395611,-111.29453673027456,0.162
2025-05-04T16:22:24,32.47528972104192,-111.29453731700778,0.1512
2025-05-04T16:22:25,32.475287206470966,-111.29453832283616,0.35640000000000005
2025-05-04T16:22:26,32.47528846375644,-111.29453874193132,0.1368
2025-05-04T16:22:27,32.47528796084225,-111.29453932866454,0.26639999999999997
2025-05-04T16:22:28,32.47528796084225,-111.29454066976905,0.3744
2025-05-04T16:22:29,32.475288631394506,-111.29454217851162,0.2736
2025-05-04T16:22:30,32.47528779320419,-111.29454360343516,0.2772
2025-05-04T16:22:31,32.47528687119484,-111.29454368725419,0.108
2025-05-04T16:22:32,32.475286116823554,-111.29454326815903,0.378
2025-05-04T16:22:33,32.475287625566125,-111.29454326815903,0.1872
2025-05-04T16:22:34,32.47528628446162,-111.29454351961613,0.25200000000000006
2025-05-04T16:22:35,32.47528729029,-111.29454486072063,0.15839999999999999
2025-05-04T16:22:36,32.475287206470966,-111.29454536363482,0.11520000000000001
2025-05-04T16:22:37,32.47528653591871,-111.29454620182514,0.432
2025-05-04T16:22:38,32.475287206470966,-111.29454578272998,0.36719999999999997
2025-05-04T16:22:39,32.47528846375644,-111.29454586654902,0.0684
2025-05-04T16:22:40,32.47528846375644,-111.29454578272998,0.0108
2025-05-04T16:22:41,32.475288631394506,-111.2945463694632,0.0972
2025-05-04T16:22:42,32.47528645209968,-111.29454745911062,0.1872
2025-05-04T16:22:43,32.47528393752873,-111.29454745911062,0.3024
2025-05-04T16:22:44,32.47528477571905,-111.29454787820578,0.3276
2025-05-04T16:22:45,32.475285697728395,-111.29454804584384,0.12600000000000003
2025-05-04T16:22:46,32.47528477571905,-111.29454880021513,0.23040000000000002
2025-05-04T16:22:47,32.47528460808098,-111.29454888403416,0.216
2025-05-04T16:22:48,32.47528460808098,-111.29454972222447,0.33840000000000003
2025-05-04T16:22:49,32.475283183157444,-111.29454963840544,0.7488
2025-05-04T16:22:50,32.475276812911034,-111.29454611800611,1.6272
2025-05-04T16:22:51,32.475277902558446,-111.29454117268324,0.4572
2025-05-04T16:22:52,32.475278405472636,-111.29454100504518,0.1872
2025-05-04T16:22:53,32.47527807019651,-111.29454586654902,0.3744
2025-05-04T16:22:54,32.475277818739414,-111.29454393871129,0.3528
2025-05-04T16:22:55,32.47527454979718,-111.29454100504518,0.774
2025-05-04T16:22:56,32.47527186758816,-111.29453983157873,0.846
2025-05-04T16:22:57,32.47527429834008,-111.29454058595002,0.3996
2025-05-04T16:22:58,32.475273879244924,-111.29454108886421,0.522
2025-05-04T16:22:59,32.475276393815875,-111.29454175941646,0.23040000000000002
2025-05-04T16:23:00,32.475277818739414,-111.29454326815903,0.234
2025-05-04T16:23:01,32.47527890838683,-111.29454284906387,0.0684
2025-05-04T16:23:02,32.47528050094843,-111.29454318434,0.2592
2025-05-04T16:23:03,32.47528242878616,-111.29454385489225,0.2556
2025-05-04T16:23:04,32.47528234496713,-111.2945468723774,0.63
2025-05-04T16:23:05,32.47528234496713,-111.29454603418708,0.2736
2025-05-04T16:23:06,32.47527815401554,-111.29454201087356,0.9576000000000001
2025-05-04T16:23:07,32.47527723200619,-111.29453857429326,0.3852
2025-05-04T16:23:08,32.47527865692973,-111.29453647881746,0.0648
2025-05-04T16:23:09,32.475277399644256,-111.29453413188457,0.0432
2025-05-04T16:23:10,32.47527605853975,-111.29453320987523,0.3096
2025-05-04T16:23:11,32.475277315825224,-111.29453195258975,0.3888
2025-05-04T16:23:12,32.47527563944459,-111.29453144967556,0.7848
2025-05-04T16:23:13,32.47527714818716,-111.29452952183783,0.1764
2025-05-04T16:23:14,32.47527505271137,-111.29452927038074,0.36360000000000003
2025-05-04T16:23:15,32.47527404688299,-111.29452935419977,0.48240000000000005
2025-05-04T16:23:16,32.47527186758816,-111.29452927038074,0.738
2025-05-04T16:23:17,32.47527287341654,-111.2945296894759,0.4716
2025-05-04T16:23:18,32.475272957235575,-111.29453052766621,0.2628
2025-05-04T16:23:19,32.475272538140416,-111.29453144967556,0.2196
2025-05-04T16:23:20,32.475275471806526,-111.29453052766621,0.1944
2025-05-04T16:23:21,32.47527522034943,-111.29453010857105,0.2592
2025-05-04T16:23:22,32.47527505271137,-111.29453086294234,0.3996
2025-05-04T16:23:23,32.47527630999684,-111.29453153349459,0.216
2025-05-04T16:23:24,32.47527723200619,-111.29453170113266,0.23040000000000002
2025-05-04T16:23:25,32.475278321653605,-111.2945296894759,0.11520000000000001
2025-05-04T16:23:26,32.47527957893908,-111.29453119821846,0.057600000000000005
2025-05-04T16:23:27,32.47527815401554,-111.29453111439943,0.36000000000000004
2025-05-04T16:23:28,32.47527656145394,-111.294532623142,0.6048
2025-05-04T16:23:29,32.47527756728232,-111.2945360597223,0.6120000000000001
2025-05-04T16:23:30,32.47527865692973,-111.29453522153199,0.4032
2025-05-04T16:23:31,32.475277315825224,-111.29453488625586,0.8748
2025-05-04T16:23:32,32.47527815401554,-111.2945363111794,0.5544
2025-05-04T16:23:33,32.47527706436813,-111.29454066976905,0.522
2025-05-04T16:23:34,32.47527748346329,-111.29454385489225,0.36360000000000003
2025-05-04T16:23:35,32.47527723200619,-111.2945450283587,0.3492
2025-05-04T16:23:36,32.47527714818716,-111.29454620182514,0.1872
2025-05-04T16:23:37,32.475273460149765,-111.29454569891095,0.27
2025-05-04T16:23:38,32.475272454321384,-111.29454578272998,0.4284
2025-05-04T16:23:39,32.4752751365304,-111.29454578272998,0.1296
2025-05-04T16:23:40,32.475276896730065,-111.2945429328829,0.108
2025-05-04T16:23:41,32.47527630999684,-111.29454092122614,0.48960000000000004
2025-05-04T16:23:42,32.47527337633073,-111.2945376522839,0.6228
2025-05-04T16:23:43,32.475273879244924,-111.29453849047422,1.1880000000000002
2025-05-04T16:23:44,32.47527664527297,-111.29453807137907,0.28800000000000003
2025-05-04T16:23:45,32.475271029397845,-111.29453505389392,1.0728
2025-05-04T16:23:46,32.475267592817545,-111.29453513771296,0.7524
2025-05-04T16:23:47,32.47526742517948,-111.29453756846488,0.6372
2025-05-04T16:23:48,32.47526993975043,-111.294537903741,1.5264
2025-05-04T16:23:49,32.475249487906694,-111.29453564062715,4.8276
2025-05-04T16:23:50,32.475234819576144,-111.29452985711396,4.8996
2025-05-04T16:23:51,32.475210847333074,-111.29452432505786,8.4672
2025-05-04T16:23:52,32.475152760744095,-111.29451971501112,16.6284
2025-05-04T16:23:53,32.47506751678884,-111.29452507942915,25.686
2025-05-04T16:23:54,32.47498285956681,-111.29453740082681,30.308400000000002
2025-05-04T16:23:55,32.47490281239152,-111.29454234614968,31.14
2025-05-04T16:23:56,32.47484413906932,-111.29457109607756,26.5788
2025-05-04T16:23:57,32.47480809688568,-111.29465751349926,26.0532
2025-05-04T16:23:58,32.4748208373785,-111.2947781290859,30.366000000000003
2025-05-04T16:23:59,32.474850760772824,-111.29489472135901,33.75
2025-05-04T16:24:00,32.47484078630805,-111.29499949514866,34.6032
2025-05-04T16:24:01,32.47482871636748,-111.29510837607086,35.4492
2025-05-04T16:24:02,32.4748588912189,-111.29519948735833,33.27120000000001
2025-05-04T16:24:03,32.474923599511385,-111.29524684511125,28.8684
2025-05-04T16:24:04,32.475036419928074,-111.29521801136434,30.430799999999998
2025-05-04T16:24:05,32.47514429502189,-111.29517702385783,35.3628
2025-05-04T16:24:06,32.475238339975476,-111.2951650377363,36.7308
2025-05-04T16:24:07,32.4753303732723,-111.29517283290625,37.065599999999996
2025-05-04T16:24:08,32.47543430887163,-111.29519814625382,38.2824
2025-05-04T16:24:09,32.47552525252104,-111.2952636089176,39.1536
2025-05-04T16:24:10,32.475607646629214,-111.29533192142844,40.914
2025-05-04T16:24:11,32.475696159526706,-111.29537718370557,41.022
2025-05-04T16:24:12,32.47579908929765,-111.29538690671325,40.9428
2025-05-04T16:24:13,32.475906210020185,-111.2953896727413,41.0004
2025-05-04T16:24:14,32.47600369155407,-111.29539151675999,39.3768
2025-05-04T16:24:15,32.47608197852969,-111.29537617787719,34.6608
2025-05-04T16:24:16,32.47612212784588,-111.29537005908787,24.4296
2025-05-04T16:24:17,32.476158840581775,-111.29535740241408,20.4408
2025-05-04T16:24:18,32.476201923564076,-111.29537718370557,21.2256
2025-05-04T16:24:19,32.476280545815825,-111.29541465081275,26.802000000000003
2025-05-04T16:24:20,32.47640887275338,-111.29537072964013,36.0936
2025-05-04T16:24:21,32.47648104093969,-111.29529210738838,35.4924
2025-05-04T16:24:22,32.47649788856506,-111.29516009241343,35.870400000000004
2025-05-04T16:24:23,32.47651289217174,-111.29503008909523,38.455200000000005
2025-05-04T16:24:24,32.476517502218485,-111.29493084736168,35.9208
2025-05-04T16:24:25,32.476499984040856,-111.29483286291361,34.326
2025-05-04T16:24:26,32.47648246586323,-111.29474367946386,31.125600000000002
2025-05-04T16:24:27,32.476447597146034,-111.29467075690627,29.206799999999998
2025-05-04T16:24:28,32.4763856548816,-111.29462230950594,27.6768
2025-05-04T16:24:29,32.47629680670798,-111.29462038166821,27.396
2025-05-04T16:24:30,32.47625866904855,-111.29462675191462,20.2572
2025-05-04T16:24:31,32.476234612986445,-111.29460814408958,16.8516
2025-05-04T16:24:32,32.47617971152067,-111.29455458372831,22.2588
2025-05-04T16:24:33,32.476155404001474,-111.29445006139576,28.1232
2025-05-04T16:24:34,32.476166635751724,-111.29432609304786,33.699600000000004
2025-05-04T16:24:35,32.476181890815496,-111.2942257616669,34.326
2025-05-04T16:24:36,32.47620309703052,-111.29414009861648,32.720400000000005
2025-05-04T16:24:37,32.47623939067125,-111.29404404200613,33.3612
2025-05-04T16:24:38,32.47632949613035,-111.29396315664053,37.0332
2025-05-04T16:24:39,32.476391438394785,-111.29388445056975,35.7984
2025-05-04T16:24:40,32.476416416466236,-111.29380708560348,30.4884
2025-05-04T16:24:41,32.47640149667859,-111.29374128766358,23.7636
2025-05-04T16:24:42,32.4763732496649,-111.29369543865323,19.717200000000002
2025-05-04T16:24:43,32.476362185552716,-111.29365805536509,16.153200000000002
2025-05-04T16:24:44,32.476366963237524,-111.29362159408629,13.4784
2025-05-04T16:24:45,32.47637744061649,-111.29359091632068,11.8764
2025-05-04T16:24:46,32.47637643478811,-111.29356962628663,9.9108
2025-05-04T16:24:47,32.4763663765043,-111.29353341646492,10.1916
2025-05-04T16:24:48,32.4763698130846,-111.29350106231868,10.1196
2025-05-04T16:24:49,32.47637442313135,-111.29346183501184,11.6064
2025-05-04T16:24:50,32.47637559659779,-111.29340550862253,15.174
2025-05-04T16:24:51,32.47636562213302,-111.29336292855442,16.250400000000003
2025-05-04T16:24:52,32.476368052884936,-111.29328103736043,22.2408
2025-05-04T16:24:53,32.47637760825455,-111.29318020306528,28.4544
2025-05-04T16:24:54,32.47639445587993,-111.29307978786528,31.7124
2025-05-04T16:24:55,32.47639722190797,-111.29298540763557,31.093200000000003
2025-05-04T16:24:56,32.476373501122,-111.29291399382055,26.8272
2025-05-04T16:24:57,32.47631340287626,-111.29287241958082,24.2928
2025-05-04T16:24:58,32.47623939067125,-111.29287065938115,24.494400000000002
2025-05-04T16:24:59,32.47617049142718,-111.29290904849768,25.6536
2025-05-04T16:25:00,32.4761142488569,-111.29296428523958,26.3088
2025-05-04T16:25:01,32.47609103098512,-111.29304106347263,25.2396
2025-05-04T16:25:02,32.47608222998679,-111.29313276149333,26.6328
2025-05-04T16:25:03,32.47608298435807,-111.29323200322688,29.408400000000004
2025-05-04T16:25:04,32.476063119247556,-111.29331992939115,30.0276
2025-05-04T16:25:05,32.4760468583554,-111.29341506399214,31.3596
2025-05-04T16:25:06,32.476006457582116,-111.29349242895842,29.9448
2025-05-04T16:25:07,32.475935127586126,-111.29353861324489,28.159200000000002
2025-05-04T16:25:08,32.475863713771105,-111.29350726492703,25.721999999999998
2025-05-04T16:25:09,32.47579749673605,-111.29343098960817,28.450799999999997
2025-05-04T16:25:10,32.47576145455241,-111.29334909841418,28.0908
2025-05-04T16:25:11,32.47578056529164,-111.29324642010033,28.3644
2025-05-04T16:25:12,32.47581350617111,-111.29313795827329,32.688
2025-05-04T16:25:13,32.47583219781518,-111.29305070266128,31.5936
2025-05-04T16:25:14,32.47583412565291,-111.29297736100852,27.4104
2025-05-04T16:25:15,32.47582540847361,-111.29291106015444,24.465600000000002
2025-05-04T16:25:16,32.475822139531374,-111.29284157417715,24.195600000000002
2025-05-04T16:25:17,32.475801184773445,-111.29276546649635,25.6032
2025-05-04T16:25:18,32.475758688524365,-111.29271651618183,23.544
2025-05-04T16:25:19,32.47569247148931,-111.29271685145795,20.991600000000002
2025-05-04T16:25:20,32.47564368881285,-111.29272908903658,18.6372
2025-05-04T16:25:21,32.47561217285693,-111.29274727776647,15.9012
2025-05-04T16:25:22,32.47558451257646,-111.29275666549802,13.042800000000002
2025-05-04T16:25:23,32.4755513202399,-111.29275884479284,13.366800000000001
2025-05-04T16:25:24,32.475507985800505,-111.29277393221855,16.7112
2025-05-04T16:25:25,32.47547973878682,-111.29285389557481,20.271600000000003
2025-05-04T16:25:26,32.475484013557434,-111.29296001046896,26.1
2025-05-04T16:25:27,32.475505052134395,-111.29305372014642,28.7928
2025-05-04T16:25:28,32.47551796026528,-111.29312722943723,25.362000000000002
2025-05-04T16:25:29,32.475520223379135,-111.29320585168898,25.1244
2025-05-04T16:25:30,32.475498681887984,-111.29324398934841,20.3868
2025-05-04T16:25:31,32.47550086118281,-111.29329595714808,19.206
2025-05-04T16:25:32,32.47551259584725,-111.29333023913205,15.332400000000002
2025-05-04T16:25:33,32.4755135178566,-111.29337516613305,14.7924
2025-05-04T16:25:34,32.47548334300518,-111.29342839121819,17.953200000000002
2025-05-04T16:25:35,32.47544369660318,-111.29347633570433,20.268
2025-05-04T16:25:36,32.47536540962756,-111.29349066875875,24.195600000000002
2025-05-04T16:25:37,32.47527890838683,-111.2934760004282,29.1564
2025-05-04T16:25:38,32.47520154342055,-111.29343031905591,31.312800000000003
2025-05-04T16:25:39,32.4751644115895,-111.29340106621385,23.767200000000003
2025-05-04T16:25:40,32.47516223229468,-111.29337407648563,13.640400000000001
2025-05-04T16:25:41,32.475179582834244,-111.29335379227996,7.700399999999999
2025-05-04T16:25:42,32.47518201358616,-111.29334390163422,6.4188
2025-05-04T16:25:43,32.475157622247934,-111.29328547976911,14.7348
2025-05-04T16:25:44,32.47514178045094,-111.2932069413364,20.7396
2025-05-04T16:25:45,32.47514421120286,-111.29315455444157,18.6696
2025-05-04T16:25:46,32.47513608075678,-111.29310342483222,18.666
2025-05-04T16:25:47,32.47512074187398,-111.2930560670793,17.6508
2025-05-04T16:25:48,32.475111773237586,-111.29299588501453,18.003600000000002
2025-05-04T16:25:49,32.475092159584165,-111.29295162856579,17.4744
2025-05-04T16:25:50,32.47505930252373,-111.29287644289434,22.7592
2025-05-04T16:25:51,32.47500842437148,-111.29281223751605,25.3692
2025-05-04T16:25:52,32.47494815848768,-111.29280352033675,22.4496
2025-05-04T16:25:53,32.47491312213242,-111.29280528053641,17.0604
2025-05-04T16:25:54,32.474905494600534,-111.29279463551939,10.8936
2025-05-04T16:25:55,32.47489518485963,-111.29279647953808,7.4592
2025-05-04T16:25:56,32.474859645590186,-111.29279446788132,10.5408
2025-05-04T16:25:57,32.47481647878885,-111.29278181120753,13.9644
2025-05-04T16:25:58,32.47478010132909,-111.29275934770703,14.85
2025-05-04T16:25:59,32.474744310602546,-111.29275809042156,14.7996
2025-05-04T16:26:00,32.47470483183861,-111.29276219755411,15.9948
2025-05-04T16:26:01,32.4746413808316,-111.29276806488633,20.772
2025-05-04T16:26:02,32.47458530589938,-111.2927595153451,20.512800000000002
2025-05-04T16:26:03,32.47455739416182,-111.29273612983525,17.3016
2025-05-04T16:26:04,32.47453132644296,-111.29273747093976,13.5396
2025-05-04T16:26:05,32.47449729591608,-111.29275339655578,13.1112
2025-05-04T16:26:06,32.47445530258119,-111.29276831634343,15.7176
2025-05-04T16:26:07,32.47439277358353,-111.2927695736289,20.6712
2025-05-04T16:26:08,32.47430954128504,-111.29276546649635,26.4636
2025-05-04T16:26:09,32.47423980385065,-111.29275959916413,26.4204
2025-05-04T16:26:10,32.47418783605099,-111.29275490529835,22.3632
2025-05-04T16:26:11,32.4741543084383,-111.29274937324226,18.680400000000002
2025-05-04T16:26:12,32.47414542362094,-111.2927439250052,12.535200000000001
2025-05-04T16:26:13,32.47411231510341,-111.2927473615855,13.5036
2025-05-04T16:26:14,32.47405657544732,-111.2927595153451,17.953200000000002
2025-05-04T16:26:15,32.47398063540459,-111.29277418367565,23.6736
2025-05-04T16:26:16,32.47392003424466,-111.29279999993742,23.8284
2025-05-04T16:26:17,32.47390016913414,-111.29284341819584,18.6732
2025-05-04T16:26:18,32.47389832511544,-111.29288918338716,15.361200000000002
2025-05-04T16:26:19,32.473895475268364,-111.29293419420719,14.673599999999999
2025-05-04T16:26:20,32.47389706782997,-111.29298113286495,14.6268
2025-05-04T16:26:21,32.47391232289374,-111.29304315894842,17.2908
2025-05-04T16:26:22,32.473940989002585,-111.29308473318815,16.9668
2025-05-04T16:26:23,32.47397652827203,-111.29310267046094,15.371999999999998
2025-05-04T16:26:24,32.47402120381594,-111.29312513396144,17.1396
2025-05-04T16:26:25,32.47409454546869,-111.29314784891903,23.2776
2025-05-04T16:26:26,32.474180376157165,-111.29315681755543,28.17
2025-05-04T16:26:27,32.47426989488304,-111.2931464239955,31.982400000000002
2025-05-04T16:26:28,32.47435178607702,-111.29314055666327,32.3568
2025-05-04T16:26:29,32.47442261315882,-111.29316209815443,29.4444
2025-05-04T16:26:30,32.47444356791675,-111.29321465268731,20.1168
2025-05-04T16:26:31,32.47446175664663,-111.29321758635342,14.0364
2025-05-04T16:26:32,32.47450299561024,-111.29321951419115,15.659999999999998
2025-05-04T16:26:33,32.47454364784062,-111.29323518835008,16.3224
2025-05-04T16:26:35,32.47479627840221,-111.29321616142988,36.3564
2025-05-04T16:26:36,32.47485872358084,-111.29327332600951,32.785199999999996
2025-05-04T16:26:37,32.47487825341523,-111.29334566183388,25.988400000000002
2025-05-04T16:26:38,32.47491882182658,-111.29340752027929,26.3556
2025-05-04T16:26:39,32.47494673356414,-111.29348639398813,26.352
2025-05-04T16:26:40,32.47500448487699,-111.29359871149063,34.4448
2025-05-04T16:26:41,32.475056955590844,-111.29367180168629,33.372
2025-05-04T16:26:42,32.47506055980921,-111.29370826296508,21.549599999999998
2025-05-04T16:26:43,32.47501973994076,-111.29373835399747,13.845600000000001
2025-05-04T16:26:44,32.47493550181389,-111.29376693628728,21.564
2025-05-04T16:26:45,32.47485101222992,-111.29375344142318,26.8884
2025-05-04T16:26:46,32.47478127479553,-111.29371019080281,28.5732
2025-05-04T16:26:47,32.47472838498652,-111.29362729378045,29.9916
2025-05-04T16:26:48,32.47467960231006,-111.29354288801551,32.821200000000005
2025-05-04T16:26:49,32.474605506286025,-111.29350927658379,31.507200000000005
2025-05-04T16:26:50,32.47454063035548,-111.29353090189397,26.3124
2025-05-04T16:26:51,32.47448648326099,-111.29356501623988,20.433600000000002
2025-05-04T16:26:52,32.474410040304065,-111.29360751248896,22.806
2025-05-04T16:26:53,32.47435254044831,-111.2936538644135,25.2
2025-05-04T16:26:54,32.47429830953479,-111.29372234456241,28.9656
2025-05-04T16:26:55,32.47423049993813,-111.29369049333036,26.773200000000003
2025-05-04T16:26:56,32.47415129095316,-111.29365235567093,28.5372
2025-05-04T16:26:57,32.474058754742146,-111.29364129155874,31.733999999999998
2025-05-04T16:26:58,32.47397543862462,-111.29364321939647,32.0544
2025-05-04T16:26:59,32.473942497745156,-111.29368009977043,22.8852
2025-05-04T16:27:00,32.473917519673705,-111.2937400303781,19.036800000000003
2025-05-04T16:27:01,32.47390343807638,-111.29378135316074,17.424
2025-05-04T16:27:02,32.4738831538707,-111.29384379833937,20.930400000000002
2025-05-04T16:27:03,32.473890697583556,-111.29394203424454,27.2052
2025-05-04T16:27:04,32.47394953854382,-111.29402912221849,30.2076
2025-05-04T16:27:05,32.474027993157506,-111.29405971616507,27.943199999999997
2025-05-04T16:27:06,32.474072920158505,-111.29406315274537,21.988799999999998
2025-05-04T16:27:07,32.474100328981876,-111.29405669867992,15.0948
2025-05-04T16:27:08,32.47413972392678,-111.29406868480146,14.5224
2025-05-04T16:27:09,32.47418439947069,-111.29406910389662,15.753600000000002
2025-05-04T16:27:10,32.47422748245299,-111.2940732948482,18.018
2025-05-04T16:27:11,32.47428514994681,-111.29407715052366,22.122
2025-05-04T16:27:12,32.47437274083495,-111.29408687353134,29.0268
2025-05-04T16:27:13,32.4744635168463,-111.29408578388393,32.7168
2025-05-04T16:27:14,32.47453283518553,-111.29407103173435,29.8188
2025-05-04T16:27:15,32.47457382269204,-111.2940666731447,22.428
2025-05-04T16:27:16,32.47457415796816,-111.29408142529428,11.466000000000001
2025-05-04T16:27:17,32.474580025300384,-111.29407740198076,6.4872000000000005
2025-05-04T16:27:18,32.47460827231407,-111.29408326931298,8.5464
2025-05-04T16:27:19,32.474653366953135,-111.29408243112266,12.7872
2025-05-04T16:27:20,32.47469108551741,-111.2940680142492,14.277600000000001
2025-05-04T16:27:21,32.474724696949124,-111.29406399093568,14.0364
2025-05-04T16:27:22,32.47476023621857,-111.29407078027725,13.7952
2025-05-04T16:27:23,32.474796529859304,-111.2940767314285,14.0472
2025-05-04T16:27:24,32.47484271414578,-111.2940767314285,17.074800000000003
2025-05-04T16:27:25,32.4749194085598,-111.29407941363752,24.2712
2025-05-04T16:27:26,32.47499216347933,-111.2940820120275,26.1936
2025-05-04T16:27:27,32.47504354454577,-111.29407052882016,22.0284
2025-05-04T16:27:28,32.47505662031472,-111.29406340420246,13.244399999999999
2025-05-04T16:27:29,32.47505905106664,-111.2940714508295,7.646400000000001
2025-05-04T16:27:30,32.475116131827235,-111.29406767897308,14.601600000000001
2025-05-04T16:27:31,32.47516960836947,-111.2940426170826,17.744400000000002
2025-05-04T16:27:32,32.4751852825284,-111.29400632344186,15.822
2025-05-04T16:27:33,32.47519852593541,-111.2939474824816,17.7696
2025-05-04T16:27:34,32.475246051326394,-111.29387866705656,22.672800000000002
2025-05-04T16:27:35,32.47528821229935,-111.29382896237075,22.5684
2025-05-04T16:27:36,32.475304724648595,-111.29378914833069,19.0872
2025-05-04T16:27:37,32.475335989147425,-111.2937780842185,15.246000000000002
2025-05-04T16:27:38,32.47538695111871,-111.29383994266391,17.766
2025-05-04T16:27:39,32.47544000856578,-111.29388981498778,21.69
2025-05-04T16:27:40,32.4754514079541,-111.29393088631332,17.55
2025-05-04T16:27:41,32.4754633102566,-111.2939355801791,11.739600000000001
2025-05-04T16:27:42,32.47547697275877,-111.29396407864988,11.4408
2025-05-04T16:27:43,32.475493820384145,-111.29402627237141,16.6464
2025-05-04T16:27:44,32.475539753213525,-111.29405938088894,17.046000000000003
2025-05-04T16:27:45,32.47562298551202,-111.29402208141983,22.672800000000002
2025-05-04T16:27:46,32.475697081536055,-111.29394345916808,30.063600000000005
2025-05-04T16:27:47,32.475756676867604,-111.29388176836073,30.668400000000002
2025-05-04T16:27:48,32.475825157016516,-111.29385410808027,28.746000000000002
2025-05-04T16:27:49,32.47588584199548,-111.29383969120681,25.7472
2025-05-04T16:27:50,32.47592540457845,-111.2938470672816,19.8828
2025-05-04T16:27:51,32.47595138847828,-111.29392828792334,19.5012
2025-05-04T16:27:52,32.47594744898379,-111.29403322935104,26.1072
2025-05-04T16:27:53,32.475930601358414,-111.29413465037942,29.7468
2025-05-04T16:27:54,32.47592808678746,-111.29419307224452,23.9544
2025-05-04T16:27:55,32.47594317421317,-111.29420413635671,13.989600000000001
2025-05-04T16:27:56,32.475944766774774,-111.29423431120813,12.9384
2025-05-04T16:27:57,32.4759435094893,-111.29432349465787,20.7576
2025-05-04T16:27:58,32.475948790088296,-111.29444771446288,30.366000000000003
2025-05-04T16:27:59,32.475956501439214,-111.2945452798158,32.1264
2025-05-04T16:28:00,32.47597930021584,-111.29465474747121,35.3016
2025-05-04T16:28:01,32.47603118419647,-111.29476538859308,38.235600000000005
2025-05-04T16:28:02,32.47608776204288,-111.29486731253564,39.096
2025-05-04T16:28:03,32.47612598352134,-111.29496739245951,37.4256
2025-05-04T16:28:04,32.47612573206425,-111.29506378434598,33.300000000000004
2025-05-04T16:28:05,32.47606387361884,-111.29515757784247,32.443200000000004
2025-05-04T16:28:06,32.47598382644355,-111.29520527087152,30.618000000000002
2025-05-04T16:28:07,32.47592020779848,-111.29516076296568,24.2244
2025-05-04T16:28:08,32.475882321596146,-111.29510485567153,22.1724
2025-05-04T16:28:09,32.475812416523695,-111.29505682736635,27.183600000000002
2025-05-04T16:28:10,32.47575022280216,-111.2949972320348,29.7432
2025-05-04T16:28:11,32.4756879452616,-111.2949129100889,32.4324
2025-05-04T16:28:12,32.4756377376616,-111.29483990371227,31.453200000000002
2025-05-04T16:28:13,32.47558853588998,-111.29479405470192,27.223200000000002
2025-05-04T16:28:14,32.47556556947529,-111.29477083683014,19.954800000000002
2025-05-04T16:28:15,32.47555073350668,-111.29473973996937,15.8832
2025-05-04T16:28:16,32.475512428209186,-111.29469774663448,17.892
2025-05-04T16:28:17,32.475467501208186,-111.29465533420444,21.114
2025-05-04T16:28:18,32.47541000135243,-111.29460822790861,24.771600000000003
2025-05-04T16:28:19,32.47533188201487,-111.29456732422113,29.440800000000003
2025-05-04T16:28:20,32.47523909434676,-111.29453304223716,34.0776
2025-05-04T16:28:21,32.47514571994543,-111.29451594315469,36.2412
2025-05-04T16:28:22,32.47504832223058,-111.29451124928892,37.7676
2025-05-04T16:28:23,32.474953858181834,-111.29451829008758,37.386
2025-05-04T16:28:24,32.474876157939434,-111.29454628564417,33.742799999999995
2025-05-04T16:28:25,32.47482527978718,-111.29462281242013,30.236399999999996
2025-05-04T16:28:26,32.474834667518735,-111.29474175162613,30.862800000000004
2025-05-04T16:28:27,32.47485335916281,-111.29485524259508,33.9696
2025-05-04T16:28:28,32.47483835555613,-111.294960770756,35.290800000000004
2025-05-04T16:28:29,32.474821927025914,-111.29508121870458,38.1636
2025-05-04T16:28:30,32.4748329911381,-111.29519026726484,37.422
2025-05-04T16:28:31,32.474896274507046,-111.29525237716734,31.4676
2025-05-04T16:28:32,32.47496014460921,-111.2952823843807,27.3168
2025-05-04T16:28:33,32.47509450651705,-111.29518263973296,32.8428
2025-05-04T16:28:34,32.47518469579518,-111.29515782929957,34.5132
2025-05-04T16:28:35,32.475275471806526,-111.2951560690999,35.6472
2025-05-04T16:28:36,32.47537379153073,-111.29517559893429,37.0548
2025-05-04T16:28:37,32.47546289116144,-111.29522647708654,37.53
2025-05-04T16:28:38,32.475539753213525,-111.29531524144113,39.754799999999996
2025-05-04T16:28:39,32.47563187032938,-111.29537626169622,41.4972
2025-05-04T16:28:40,32.47573412954807,-111.29538774490356,40.7556
2025-05-04T16:28:41,32.47584745287895,-111.29538455978036,42.598800000000004
2025-05-04T16:28:42,32.47595859691501,-111.29537978209555,43.398
2025-05-04T16:28:43,32.476066052913666,-111.29538682289422,42.296400000000006
2025-05-04T16:28:44,32.4761401489377,-111.29539051093161,34.2828
2025-05-04T16:28:45,32.47621424496174,-111.29538766108453,31.885199999999998
2025-05-04T16:28:46,32.4762921128422,-111.29539981484413,35.870400000000004
2025-05-04T16:28:47,32.4763597548008,-111.29536762833595,35.197199999999995
2025-05-04T16:28:48,32.47642437927425,-111.29530769772828,33.019200000000005
2025-05-04T16:28:49,32.47647634707391,-111.29521071910858,35.262
2025-05-04T16:28:50,32.47650325298309,-111.29510099999607,36.3132
2025-05-04T16:28:51,32.47652496211231,-111.29497778601944,39.0456
2025-05-04T16:28:52,32.47652915306389,-111.2948624510318,38.8296
2025-05-04T16:28:53,32.4765061866492,-111.2947382312268,39.7404
2025-05-04T16:28:54,32.47645824216306,-111.2946430966258,37.4004
2025-05-04T16:28:55,32.47637978754938,-111.29462189041078,30.492000000000004
2025-05-04T16:28:56,32.47628255747259,-111.29461208358407,32.0112
2025-05-04T16:28:57,32.47625674121082,-111.29461920820177,21.1788
2025-05-04T16:28:58,32.47620653361082,-111.29459791816771,21.6864
2025-05-04T16:28:59,32.47617384418845,-111.29455148242414,21.3048
2025-05-04T16:29:00,32.476153057068586,-111.29445911385119,25.1496
2025-05-04T16:29:01,32.47616336680949,-111.29433464258909,32.2164
2025-05-04T16:29:02,32.47618398629129,-111.2942360714078,33.0336
2025-05-04T16:29:03,32.476205276325345,-111.2941393442452,33.588
2025-05-04T16:29:04,32.476245341822505,-111.2940426170826,34.794
2025-05-04T16:29:05,32.47631977312267,-111.29396374337375,36.306000000000004
2025-05-04T16:29:06,32.476387498900294,-111.29387539811432,37.6884
2025-05-04T16:29:07,32.47641951777041,-111.29378663375974,34.2648
2025-05-04T16:29:08,32.47640208341181,-111.29369979724288,29.304000000000002
2025-05-04T16:29:09,32.476373417302966,-111.29364992491901,22.842
2025-05-04T16:29:10,32.47635740786791,-111.2936020642519,20.6712
2025-05-04T16:29:11,32.47636687941849,-111.29356149584055,16.5636
2025-05-04T16:29:12,32.476370399817824,-111.29350642673671,17.2188
2025-05-04T16:29:13,32.47637718915939,-111.29345018416643,19.1232
2025-05-04T16:29:14,32.4763785302639,-111.29339067265391,18.7128
2025-05-04T16:29:15,32.47638666070998,-111.29335463047028,17.2224
2025-05-04T16:29:16,32.47639269568026,-111.2932827975601,21.3084
2025-05-04T16:29:17,32.476399233564734,-111.29317785613239,28.3392
2025-05-04T16:29:18,32.476396886631846,-111.29307115450501,32.284800000000004
2025-05-04T16:29:19,32.476380206644535,-111.29296403378248,34.6608
2025-05-04T16:29:20,32.47633075341582,-111.29288666881621,32.7384
2025-05-04T16:29:21,32.47625967487693,-111.2928525544703,28.5372
2025-05-04T16:29:22,32.4761956371367,-111.29289270378649,23.8032
2025-05-04T16:29:23,32.47614216059446,-111.29296679981053,25.6824
2025-05-04T16:29:24,32.47610494494438,-111.29303930327296,26.5968
2025-05-04T16:29:25,32.476084576919675,-111.29312454722822,27.1656
2025-05-04T16:29:26,32.476087007671595,-111.29322948865592,30.290399999999998
2025-05-04T16:29:27,32.47608130797744,-111.29333694465458,33.5052
2025-05-04T16:29:28,32.476065969094634,-111.29343182779849,33.678000000000004
2025-05-04T16:29:29,32.47602028772235,-111.29351397044957,31.543200000000002
2025-05-04T16:29:30,32.47594216838479,-111.29354414530098,28.447200000000002
2025-05-04T16:29:31,32.47585231438279,-111.29348966293037,29.5848
2025-05-04T16:29:32,32.475785007700324,-111.29343694075942,29.5632
2025-05-04T16:29:33,32.47575743123889,-111.29335915669799,26.6832
2025-05-04T16:29:34,32.47577880509198,-111.29324776120484,29.034
2025-05-04T16:29:35,32.47580227442086,-111.29313116893172,34.3584
2025-05-04T16:29:36,32.47579364106059,-111.29303863272071,32.994
2025-05-04T16:29:37,32.47577813453972,-111.29296453669667,28.508399999999998
2025-05-04T16:29:38,32.475783163681626,-111.29288331605494,26.5284
2025-05-04T16:29:39,32.475785594433546,-111.29282363690436,23.191200000000002
2025-05-04T16:29:40,32.47576363384724,-111.29276714287698,21.049200000000003
2025-05-04T16:29:41,32.47573195025325,-111.29272238351405,18.45
2025-05-04T16:29:42,32.475692722946405,-111.29273763857782,12.2832
2025-05-04T16:29:43,32.475629607215524,-111.29274878650904,16.8012
2025-05-04T16:29:44,32.47560010291636,-111.29274744540453,14.436
2025-05-04T16:29:45,32.47557604685426,-111.29276529885828,11.829600000000001
2025-05-04T16:29:46,32.47557336464524,-111.29277762025595,7.441200000000001
2025-05-04T16:29:47,32.47556942515075,-111.29279103130102,5.0472
2025-05-04T16:29:48,32.475578812882304,-111.29278927110136,0.8172
2025-05-04T16:29:49,32.47558786533773,-111.29278742708266,0.2016
2025-05-04T16:29:50,32.47558199800551,-111.29279254004359,1.1016
2025-05-04T16:29:51,32.47557814233005,-111.29279622808099,1.1520000000000001
2025-05-04T16:29:52,32.47557043097913,-111.29280813038349,3.5028
2025-05-04T16:29:53,32.475559785962105,-111.29281776957214,4.4568
2025-05-04T16:29:54,32.47555651701987,-111.29282372072339,2.952
2025-05-04T16:29:55,32.47555769048631,-111.29282732494175,1.4292
2025-05-04T16:29:56,32.47555852867663,-111.29282439127564,0.4284
2025-05-04T16:29:57,32.47555953450501,-111.29282514564693,0.5652
2025-05-04T16:29:58,32.4755600374192,-111.29282179288566,0.20520000000000002
2025-05-04T16:29:59,32.475562216714025,-111.29282254725695,0.2376
2025-05-04T16:30:00,32.47556313872337,-111.29282221198082,0.0684
2025-05-04T16:30:01,32.47556112706661,-111.2928250618279,0.9216000000000001
2025-05-04T16:30:02,32.47556238435209,-111.29282154142857,0.054
2025-05-04T16:30:03,32.47556330636144,-111.29281877540052,0.16920000000000002
2025-05-04T16:30:04,32.47556112706661,-111.29282514564693,1.3572
2025-05-04T16:30:05,32.47556045651436,-111.2928213737905,0.6516
2025-05-04T16:30:06,32.47556137852371,-111.29281701520085,0.1296
2025-05-04T16:30:07,32.47556045651436,-111.29281584173441,0.108
2025-05-04T16:30:08,32.47556054033339,-111.29281676374376,0.31679999999999997
2025-05-04T16:30:09,32.47556045651436,-111.29281743429601,0.33840000000000003
2025-05-04T16:30:10,32.475561294704676,-111.29281491972506,0.48960000000000004
2025-05-04T16:30:11,32.47556246817112,-111.2928160931915,0.3312
2025-05-04T16:30:12,32.47556196525693,-111.29281533882022,0.5184
2025-05-04T16:30:13,32.47556204907596,-111.29281181842089,0.3744
2025-05-04T16:30:14,32.47555903159082,-111.29281525500119,1.0764
2025-05-04T16:30:15,32.47555802576244,-111.2928126566112,0.2016
2025-05-04T16:30:16,32.475558361038566,-111.29281248897314,0.2016
2025-05-04T16:30:17,32.47555769048631,-111.29281181842089,0.198
2025-05-04T16:30:18,32.475555930286646,-111.29281491972506,0.4176
2025-05-04T16:30:19,32.47555525973439,-111.29281709901989,1.2708
2025-05-04T16:30:20,32.475552493706346,-111.29282556474209,2.8800000000000003
2025-05-04T16:30:21,32.47554293833673,-111.29284258000553,4.9752
2025-05-04T16:30:22,32.475535394623876,-111.29287091083825,7.610399999999999
2025-05-04T16:30:23,32.47553690336645,-111.29291499964893,11.8908
2025-05-04T16:30:24,32.475536400452256,-111.2929749302566,16.02
2025-05-04T16:30:25,32.475539753213525,-111.29302061162889,15.951600000000001
2025-05-04T16:30:26,32.475535310804844,-111.29306595772505,15.8616
2025-05-04T16:30:27,32.47553321532905,-111.29311272874475,15.7104
2025-05-04T16:30:28,32.4755291081965,-111.29315882921219,15.7896
2025-05-04T16:30:29,32.47551913373172,-111.2931982241571,15.217200000000002
2025-05-04T16:30:30,32.47550547122955,-111.29322814755142,11.8224
2025-05-04T16:30:31,32.47551502659917,-111.29328103736043,14.0364
2025-05-04T16:30:32,32.47551393695176,-111.29332571290433,13.7268
2025-05-04T16:30:33,32.47550387866795,-111.29337466321886,14.392800000000001
2025-05-04T16:30:34,32.47548627667129,-111.29341565072536,15.004800000000001
2025-05-04T16:30:35,32.47543933801353,-111.29344901069999,17.1792
2025-05-04T16:30:36,32.4753546807915,-111.29345630295575,24.1344
2025-05-04T16:30:37,32.475272957235575,-111.29343140870333,28.695600000000002
2025-05-04T16:30:38,32.4752146191895,-111.29341087304056,26.244
2025-05-04T16:30:39,32.47516516596079,-111.29338379949331,23.0364
2025-05-04T16:30:40,32.47515200637281,-111.29333635792136,17.708399999999997
2025-05-04T16:30:41,32.47518268413842,-111.29327625967562,17.0532
2025-05-04T16:30:42,32.47517505660653,-111.29320266656578,21.5244
2025-05-04T16:30:43,32.475148318335414,-111.2931395508349,21.8448
2025-05-04T16:30:44,32.47514278627932,-111.2931102141738,16.6428
2025-05-04T16:30:45,32.475133230909705,-111.29306260496378,16.956
2025-05-04T16:30:46,32.47511487454176,-111.29300745204091,17.6184
2025-05-04T16:30:47,32.475098529830575,-111.29295581951737,18.900000000000002
2025-05-04T16:30:48,32.475071707740426,-111.29288339987397,22.1148
2025-05-04T16:30:49,32.47502694837749,-111.29284735769033,20.930400000000002
2025-05-04T16:30:50,32.47498990036547,-111.29285163246095,16.362000000000002
2025-05-04T16:30:51,32.47495134361088,-111.29283755086362,15.188400000000001
2025-05-04T16:30:52,32.47493466362357,-111.2928176857531,12.006
2025-05-04T16:30:53,32.47491504997015,-111.29279597662389,11.008799999999999
2025-05-04T16:30:54,32.474881606176496,-111.29277569241822,12.700800000000001
2025-05-04T16:30:55,32.47484891675413,-111.29275985062122,13.975200000000001
2025-05-04T16:30:56,32.474803403019905,-111.29275415092707,15.580800000000002
2025-05-04T16:30:57,32.474777502939105,-111.2927492056042,13.4712
2025-05-04T16:30:58,32.47475294396281,-111.29274945706129,12.1824
2025-05-04T16:30:59,32.47469611465931,-111.29275440238416,17.334000000000003
2025-05-04T16:31:00,32.474627969786525,-111.29275591112673,21.582
2025-05-04T16:31:01,32.474579606205225,-111.29274434410036,19.1916
2025-05-04T16:31:02,32.47455538250506,-111.29273571074009,13.975200000000001
2025-05-04T16:31:03,32.47453643940389,-111.29272447898984,10.602
2025-05-04T16:31:04,32.47450257651508,-111.29272766411304,11.8008
2025-05-04T16:31:05,32.4744563922286,-111.29274384118617,15.706800000000001
2025-05-04T16:31:06,32.47439512051642,-111.29275289364159,20.7
2025-05-04T16:31:07,32.474323622882366,-111.29275943152606,24.7896
2025-05-04T16:31:08,32.47425539419055,-111.29275859333575,25.83
2025-05-04T16:31:09,32.47420501895249,-111.29275934770703,22.032
2025-05-04T16:31:10,32.474166294559836,-111.2927420809865,18.791999999999998
2025-05-04T16:31:11,32.4741543084383,-111.29273135215044,13.975200000000001
2025-05-04T16:31:12,32.47414022684097,-111.2927542347461,11.232000000000001
2025-05-04T16:31:13,32.47409119270742,-111.29276546649635,15.667200000000001
2025-05-04T16:31:14,32.47401240281761,-111.29276747815311,23.0904
2025-05-04T16:31:15,32.47395976446569,-111.2927835714072,21.3804
2025-05-04T16:31:16,32.47394559904933,-111.2928110640496,14.493599999999999
2025-05-04T16:31:17,32.47395163401961,-111.2928229663521,7.3260000000000005
2025-05-04T16:31:18,32.473963955417275,-111.29281366243958,0.9756000000000001
2025-05-04T16:31:19,32.47395884245634,-111.29281550645828,0.6552
2025-05-04T16:31:20,32.473944844678044,-111.29282615147531,3.2652
2025-05-04T16:31:21,32.47393721714616,-111.29283092916012,3.6323999999999996
2025-05-04T16:31:22,32.47392858378589,-111.292838556692,3.4415999999999998
2025-05-04T16:31:23,32.47392573393881,-111.29284023307264,2.0627999999999997
2025-05-04T16:31:24,32.47391911223531,-111.29284492693841,3.0168
2025-05-04T16:31:25,32.47390888631344,-111.29285691305995,4.3596
2025-05-04T16:31:26,32.47390293516219,-111.29286563023925,3.3804
2025-05-04T16:31:27,32.473908215761185,-111.29286378622055,1.5876000000000001
2025-05-04T16:31:28,32.4739093054086,-111.29286336712539,0.7056
2025-05-04T16:31:29,32.47391282580793,-111.2928628642112,0.6912
2025-05-04T16:31:30,32.47391399927437,-111.29286387003958,0.2016
2025-05-04T16:31:31,32.473913580179214,-111.29286319948733,0.5256
2025-05-04T16:31:32,32.47390846721828,-111.29286898300052,1.6632
2025-05-04T16:31:33,32.4739003367722,-111.29288205876946,4.5108
2025-05-04T16:31:34,32.47389782220125,-111.29293151199818,10.231200000000001
2025-05-04T16:31:35,32.47390301898122,-111.29299730993807,16.2036
2025-05-04T16:31:36,32.47393746860325,-111.29303980618715,17.236800000000002
2025-05-04T16:31:37,32.473959596827626,-111.29307333379984,15.8184
2025-05-04T16:31:38,32.473986418917775,-111.29309386946261,14.2848
2025-05-04T16:31:39,32.474032854661345,-111.29311666823924,18.0396
2025-05-04T16:31:40,32.47411801479757,-111.29313820973039,26.0352
2025-05-04T16:31:41,32.474203426390886,-111.29314072430134,29.930400000000002
2025-05-04T16:31:42,32.474288418889046,-111.2931221164763,32.2524
2025-05-04T16:31:43,32.474369471892715,-111.29312781617045,32.245200000000004
2025-05-04T16:31:44,32.47442554682493,-111.2931791972369,27.7272
2025-05-04T16:31:45,32.47446360066533,-111.2931977212429,20.8368
2025-05-04T16:31:46,32.47452110052109,-111.29318498075008,22.626
2025-05-04T16:31:47,32.47458077967167,-111.2931667920202,25.0272
2025-05-04T16:31:48,32.47467893175781,-111.29316251724958,31.953599999999998
2025-05-04T16:31:49,32.474763840436935,-111.29317701794207,33.7608
2025-05-04T16:31:50,32.47484749183059,-111.29320920445025,34.236
2025-05-04T16:31:51,32.47489107772708,-111.29328145645559,29.350800000000003
2025-05-04T16:31:52,32.47489602304995,-111.29336217418313,25.8804
2025-05-04T16:31:53,32.47490876354277,-111.29342889413238,24.7356
2025-05-04T16:31:54,32.47494824230671,-111.29350575618446,27.6552
2025-05-04T16:31:55,32.47501261532307,-111.29358404316008,31.528799999999997
2025-05-04T16:31:56,32.47505343519151,-111.29366241395473,30.376800000000003
2025-05-04T16:31:57,32.47503222897649,-111.29374573007226,26.7012
2025-05-04T16:31:58,32.474979255348444,-111.29378126934171,21.6648
2025-05-04T16:31:59,32.474917313084006,-111.29378294572234,20.710800000000003
2025-05-04T16:32:00,32.474831733852625,-111.29375578835607,26.4204
2025-05-04T16:32:01,32.47476308606565,-111.29369912669063,29.224800000000002
2025-05-04T16:32:02,32.474711118265986,-111.29361304454505,31.795200000000005
2025-05-04T16:32:03,32.47465613298118,-111.29356300458312,28.9548
2025-05-04T16:32:04,32.47459343634546,-111.29355948418379,24.8724
2025-05-04T16:32:05,32.47454473748803,-111.29358815029263,21.1716
2025-05-04T16:32:06,32.47449587099254,-111.29360985942185,20.8548
2025-05-04T16:32:07,32.47445530258119,-111.2936091888696,17.8236
2025-05-04T16:32:08,32.47443216852844,-111.2936020642519,13.118400000000001
2025-05-04T16:32:09,32.474424205720425,-111.29358471371233,9.4032
2025-05-04T16:32:10,32.47438288293779,-111.29357968457043,13.435200000000002
2025-05-04T16:32:11,32.474335776641965,-111.29358228296041,15.4908
2025-05-04T16:32:12,32.474292358383536,-111.29358957521617,14.713199999999999
2025-05-04T16:32:13,32.47427844442427,-111.29359225742519,10.0404
2025-05-04T16:32:14,32.47423720546067,-111.29358169622719,12.8484
2025-05-04T16:32:15,32.47418942861259,-111.29357733763754,15.6312
2025-05-04T16:32:16,32.474154559895396,-111.29358337260783,14.749200000000002
2025-05-04T16:32:17,32.47411801479757,-111.29359041340649,14.518800000000002
2025-05-04T16:32:18,32.47408834286034,-111.29359032958746,12.621599999999999
2025-05-04T16:32:19,32.474053306505084,-111.29359846003354,12.978
2025-05-04T16:32:20,32.4740197788924,-111.29361690022051,13.6296
2025-05-04T16:32:21,32.4739904422313,-111.2936414591968,13.3956
2025-05-04T16:32:22,32.473966889083385,-111.2936639226973,12.276000000000002
2025-05-04T16:32:23,32.4739452637732,-111.29368730820715,12.1068
2025-05-04T16:32:24,32.473927745595574,-111.2937122862786,11.4372
2025-05-04T16:32:25,32.47391131706536,-111.29375310614705,13.6512
2025-05-04T16:32:26,32.47390268370509,-111.29380515776575,15.656400000000001
2025-05-04T16:32:27,32.47389388270676,-111.29385679028928,16.5996
2025-05-04T16:32:28,32.47390276752412,-111.29390791989863,16.6176
2025-05-04T16:32:29,32.47392791323364,-111.293951170519,16.2252
2025-05-04T16:32:30,32.473956663161516,-111.29398461431265,15.328800000000001
2025-05-04T16:32:31,32.47398314997554,-111.29399023018777,12.024
2025-05-04T16:32:32,32.47400804422796,-111.29401596263051,12.5604
2025-05-04T16:32:33,32.47404417023063,-111.2940391805023,14.7924
2025-05-04T16:32:34,32.474076775833964,-111.29404881969094,14.1912
2025-05-04T16:32:35,32.47411709278822,-111.29405812360346,15.4224
2025-05-04T16:32:36,32.47416973114014,-111.29405309446156,17.8776
2025-05-04T16:32:37,32.47422153130174,-111.29405460320413,20.052000000000003
2025-05-04T16:32:38,32.47427685186267,-111.29406432621181,21.765600000000003
2025-05-04T16:32:39,32.47433912940323,-111.29407907836139,22.9968
2025-05-04T16:32:40,32.47440014965832,-111.29409827291965,23.986800000000002
2025-05-04T16:32:41,32.47446301393211,-111.29411436617374,25.2756
2025-05-04T16:32:42,32.47453534975648,-111.29410321824253,25.6716
2025-05-04T16:32:43,32.47458664700389,-111.29408804699779,21.888
2025-05-04T16:32:44,32.47458044439554,-111.29409433342516,10.594800000000001
2025-05-04T16:32:45,32.47459393925965,-111.29408695735037,8.0316
2025-05-04T16:32:46,32.47461263090372,-111.29410061985254,7.196400000000001
2025-05-04T16:32:47,32.47466350905597,-111.29409978166223,12.582
2025-05-04T16:32:48,32.47470047324896,-111.29410053603351,13.41
2025-05-04T16:32:49,32.474738359451294,-111.29410212859511,14.3568
2025-05-04T16:32:50,32.47476442717016,-111.29410539753735,12.996
2025-05-04T16:32:51,32.474796613678336,-111.29411746747792,13.1256
2025-05-04T16:32:52,32.474835170432925,-111.29411738365889,14.673599999999999
2025-05-04T16:32:53,32.474899124354124,-111.29411629401147,20.599200000000003
2025-05-04T16:32:54,32.474981686100364,-111.29412082023919,26.892
2025-05-04T16:32:55,32.475051591172814,-111.29413314163685,26.9784
2025-05-04T16:32:56,32.47509920038283,-111.2941422779113,22.4208
2025-05-04T16:32:57,32.475115628913045,-111.29412207752466,13.870800000000001
2025-05-04T16:32:58,32.47513557784259,-111.29408553242683,13.626000000000001
2025-05-04T16:32:59,32.47517547570169,-111.29402853548527,19.018800000000002
2025-05-04T16:33:00,32.47522233054042,-111.29394488409162,26.1144
2025-05-04T16:33:01,32.47525233775377,-111.29386374726892,27.36
2025-05-04T16:33:02,32.47529927641153,-111.2938266992569,23.918400000000002
2025-05-04T16:33:03,32.4753287807107,-111.29380591213703,18.0288
2025-05-04T16:33:04,32.475363314151764,-111.29380524158478,14.576400000000001
2025-05-04T16:33:05,32.47541394084692,-111.29383742809296,16.038
2025-05-04T16:33:06,32.47542919591069,-111.29388243891299,14.353200000000001
2025-05-04T16:33:07,32.47541343793273,-111.29392862319946,13.1976
2025-05-04T16:33:08,32.475417545065284,-111.29396340809762,12.8556
2025-05-04T16:33:09,32.47544487006962,-111.29400883801281,15.3144
2025-05-04T16:33:10,32.475490886718035,-111.2940563634038,18.730800000000002
2025-05-04T16:33:11,32.475559366866946,-111.29408645443618,22.2588
2025-05-04T16:33:12,32.47564586810768,-111.29405518993735,26.0208
2025-05-04T16:33:13,32.475705463439226,-111.29397489130497,28.5624
2025-05-04T16:33:14,32.4757569283247,-111.29390976391733,28.5948
2025-05-04T16:33:15,32.47580286115408,-111.29388386383653,22.5
2025-05-04T16:33:16,32.47582046315074,-111.29385285079479,16.909200000000002
2025-05-04T16:33:17,32.47584736905992,-111.29384337924421,13.0356
2025-05-04T16:33:18,32.47590067796409,-111.29384346306324,16.632
2025-05-04T16:33:19,32.47595826163888,-111.29388704895973,20.120400000000004
2025-05-04T16:33:20,32.47597795911133,-111.29397857934237,23.2452
2025-05-04T16:33:21,32.47594543732703,-111.29409056156874,28.486800000000002
2025-05-04T16:33:22,32.47592012397945,-111.29417144693434,28.1088
2025-05-04T16:33:23,32.47592758387327,-111.29421033896506,20.268
2025-05-04T16:33:24,32.47593588195741,-111.29423146136105,14.921999999999999
2025-05-04T16:33:25,32.47594124637544,-111.29427513107657,15.7176
2025-05-04T16:33:26,32.47592842206359,-111.29434931091964,20.5668
2025-05-04T16:33:27,32.475937558338046,-111.29444737918675,26.748
2025-05-04T16:33:28,32.47595859691501,-111.29453874193132,29.923199999999998
2025-05-04T16:33:29,32.47597728855908,-111.29464292898774,33.7176
2025-05-04T16:33:30,32.47602188028395,-111.29475046880543,36.7272
2025-05-04T16:33:31,32.4760901927948,-111.29484593868256,38.3832
2025-05-04T16:33:32,32.476129001006484,-111.29494258202612,37.638
2025-05-04T16:33:33,32.4761332757771,-111.29504802636802,35.3196
2025-05-04T16:33:34,32.476084157824516,-111.29515053704381,34.1532
2025-05-04T16:33:35,32.47600134462118,-111.29518792033195,29.5488
2025-05-04T16:33:36,32.47591123916209,-111.29514584317803,27.9324
2025-05-04T16:33:37,32.47583060525358,-111.29510049708188,31.471200000000003
2025-05-04T16:33:38,32.47578182257712,-111.29504978656769,29.2284
2025-05-04T16:33:39,32.47572708874941,-111.29498273134232,30.4128
2025-05-04T16:33:40,32.47568040154874,-111.29490042105317,30.9168
2025-05-04T16:33:41,32.47563203796744,-111.29483168944716,30.0132
2025-05-04T16:33:42,32.47559172101319,-111.29479522816837,25.4196
2025-05-04T16:33:43,32.475545117631555,-111.29475767724216,24.5196
2025-05-04T16:33:44,32.475513434037566,-111.2947212997824,20.358
2025-05-04T16:33:45,32.47546733357012,-111.29468224011362,21.5892
2025-05-04T16:33:46,32.475426429882646,-111.29464427009225,21.7908
2025-05-04T16:33:47,32.47535132803023,-111.29457478411496,29.786399999999997
2025-05-04T16:33:48,32.475272035226226,-111.29453161731362,32.6808
2025-05-04T16:33:49,32.47518394142389,-111.29450990818441,34.2504
2025-05-04T16:33:50,32.475089728832245,-111.29451585933566,35.474399999999996
2025-05-04T16:33:51,32.47499325312674,-111.29452533088624,37.1484
2025-05-04T16:33:52,32.474902141839266,-111.29454108886421,36.4788
2025-05-04T16:33:53,32.47483701445162,-111.29458299838006,31.622400000000003
2025-05-04T16:33:54,32.47482754290104,-111.294688526541,28.4112
2025-05-04T16:33:55,32.47486174106598,-111.29481174051762,33.49080000000001
2025-05-04T16:33:56,32.47485981322825,-111.29491525702178,34.8228
2025-05-04T16:33:57,32.47484137304127,-111.2950196955353,35.2044
2025-05-04T16:33:58,32.4748398642987,-111.29512983374298,36.3024
2025-05-04T16:33:59,32.47488219290972,-111.295211808756,32.4468
2025-05-04T16:34:00,32.47497707605362,-111.29522270523012,29.0232
2025-05-04T16:34:01,32.47506684623659,-111.29518046043813,29.440800000000003
2025-05-04T16:34:02,32.47514463029802,-111.29514114931226,30.528000000000002
2025-05-04T16:34:03,32.47522467747331,-111.29514156840742,30.8412
2025-05-04T16:34:04,32.47533272020519,-111.29516067914665,36.69840000000001
2025-05-04T16:34:05,32.475423915311694,-111.29519060254097,36.9108
2025-05-04T16:34:06,32.475508488714695,-111.29526436328888,38.6424
2025-05-04T16:34:07,32.475591218099,-111.29535421729088,41.76
2025-05-04T16:34:08,32.4756895378232,-111.29539847373962,41.9256
2025-05-04T16:34:09,32.47580328024924,-111.29539277404547,42.5484
2025-05-04T16:34:10,32.475912077352405,-111.29538984037936,42.958800000000004
2025-05-04T16:34:11,32.476019114255905,-111.29538824781775,43.0776
2025-05-04T16:34:12,32.476109554991126,-111.29538430832326,38.2212
2025-05-04T16:34:13,32.476160349324346,-111.29538548178971,27.8244
2025-05-04T16:34:14,32.476234612986445,-111.29537399858236,29.1456
2025-05-04T16:34:15,32.47627300210297,-111.2953807041049,25.948800000000002
2025-05-04T16:34:16,32.47634265571833,-111.29535178653896,27.442800000000002
2025-05-04T16:34:17,32.47642781585455,-111.29530996084213,31.194
2025-05-04T16:34:18,32.476479448378086,-111.29519823007286,35.046
2025-05-04T16:34:19,32.476509707048535,-111.29508272744715,36.864000000000004
2025-05-04T16:34:20,32.47652915306389,-111.29496680572629,38.3472
2025-05-04T16:34:21,32.47653518803418,-111.29484937526286,38.8836
2025-05-04T16:34:22,32.47652102261782,-111.29474988207221,35.316
2025-05-04T16:34:23,32.47648003511131,-111.2946401629597,36.468
2025-05-04T16:34:24,32.47639479115605,-111.29459288902581,33.4116
2025-05-04T16:34:25,32.47631943784654,-111.29458014853299,29.628000000000004
2025-05-04T16:34:26,32.4762733373791,-111.29458366893232,22.23
2025-05-04T16:34:27,32.476257076486945,-111.29457578994334,15.408000000000001
2025-05-04T16:34:28,32.47620955109596,-111.29453362897038,19.2168
2025-05-04T16:34:29,32.476162780076265,-111.2944721058011,23.2344
2025-05-04T16:34:30,32.47615925967693,-111.29438786767423,23.8212
2025-05-04T16:34:31,32.47617996297777,-111.2943114247173,23.907600000000002
2025-05-04T16:34:32,32.47619588859379,-111.29425887018442,22.0716
2025-05-04T16:34:33,32.47620502486825,-111.29419709555805,22.525199999999998
2025-05-04T16:34:34,32.47620854526758,-111.29411671310663,25.1208
2025-05-04T16:34:35,32.47623628936708,-111.2940354924649,27.3816
2025-05-04T16:34:36,32.47629085555673,-111.29396013915539,30.031200000000002
2025-05-04T16:34:37,32.476353803649545,-111.29389643669128,31.726800000000004
2025-05-04T16:34:38,32.47639621607959,-111.29382058046758,30.869999999999997
2025-05-04T16:34:39,32.47642312198877,-111.29374179057777,29.0556
2025-05-04T16:34:40,32.47640862129629,-111.29368185997009,23.7204
2025-05-04T16:34:41,32.476393869146705,-111.29363517276943,19.8216
2025-05-04T16:34:42,32.47640158049762,-111.29359921440482,16.0452
2025-05-04T16:34:43,32.47639604844153,-111.29356468096375,14.2128
2025-05-04T16:34:44,32.47639864683151,-111.29352042451501,14.6088
2025-05-04T16:34:45,32.47639546170831,-111.29345613531768,17.812800000000003
2025-05-04T16:34:46,32.47639856301248,-111.29339042119682,19.89
2025-05-04T16:34:47,32.476398311555386,-111.29332998767495,20.570400000000003
2025-05-04T16:34:48,32.47640040703118,-111.29324926994741,24.7968
2025-05-04T16:34:49,32.47640912421048,-111.29314122721553,30.884400000000003
2025-05-04T16:34:50,32.47641323134303,-111.293039387092,32.9364
2025-05-04T16:34:51,32.47640049085021,-111.29295556806028,30.722400000000004
2025-05-04T16:34:52,32.476353300735354,-111.2929011695087,26.5284
2025-05-04T16:34:53,32.47630041092634,-111.29287024028599,23.418
2025-05-04T16:34:54,32.4762371275574,-111.2928715813905,22.1328
2025-05-04T16:34:55,32.4761782027781,-111.29290896467865,22.3668
2025-05-04T16:34:56,32.476134952157736,-111.2929749302566,23.796000000000003
2025-05-04T16:34:57,32.47611014172435,-111.2930494453758,24.6096
2025-05-04T16:34:58,32.47609748505056,-111.29313552752137,26.5392
2025-05-04T16:34:59,32.47608759440482,-111.29323870874941,30.8196
2025-05-04T16:35:00,32.476077284663916,-111.29334038123488,32.7168
2025-05-04T16:35:01,32.4760658852756,-111.2934413831681,34.0308
2025-05-04T16:35:02,32.4760296754539,-111.2935143057257,30.978
2025-05-04T16:35:03,32.475951723754406,-111.29354758188128,29.3076
2025-05-04T16:35:04,32.47584703378379,-111.2934934347868,31.4784
2025-05-04T16:35:05,32.475772853940725,-111.29341858439147,32.821200000000005
2025-05-04T16:35:06,32.475760364905,-111.2933345977217,27.720000000000002
2025-05-04T16:35:07,32.47580043040216,-111.29323426634073,28.0944
2025-05-04T16:35:08,32.475848123431206,-111.29312597215176,33.7284
2025-05-04T16:35:09,32.47585256583989,-111.29304089583457,31.428
2025-05-04T16:35:10,32.47583253309131,-111.2929735891521,26.6616
2025-05-04T16:35:11,32.4758399091661,-111.2929009180516,24.5088
2025-05-04T16:35:12,32.47584233991802,-111.29281374625862,26.6112
2025-05-04T16:35:13,32.47582004405558,-111.29273621365428,26.9712
2025-05-04T16:35:14,32.47576422058046,-111.29268625751138,25.030800000000003
2025-05-04T16:35:15,32.47569842264056,-111.2926918733865,22.086
2025-05-04T16:35:16,32.475651232525706,-111.29273135215044,18.6372
2025-05-04T16:35:17,32.47561141848564,-111.29274149425328,17.1756
2025-05-04T16:35:18,32.47556984424591,-111.29276353865862,17.3736
2025-05-04T16:35:19,32.47553162276745,-111.2928057834506,19.209600000000002
2025-05-04T16:35:20,32.47553153894842,-111.29289069212973,21.261599999999998
2025-05-04T16:35:21,32.475543608888984,-111.29299630410969,26.9388
2025-05-04T16:35:22,32.47554888948798,-111.29309546202421,29.8944
2025-05-04T16:35:23,32.47554620727897,-111.29317224025726,26.802000000000003
2025-05-04T16:35:24,32.47553966939449,-111.2932669557631,29.772
2025-05-04T16:35:25,32.47554201632738,-111.29327827133238,18.3564
2025-05-04T16:35:26,32.47554235160351,-111.29332386888564,16.999200000000002
2025-05-04T16:35:27,32.475531874224544,-111.29336887970567,15.0876
2025-05-04T16:35:28,32.4755132663995,-111.29342319443822,17.017200000000003
2025-05-04T16:35:29,32.47545878402889,-111.29346468485892,21.3228
2025-05-04T16:35:30,32.475370271131396,-111.29347985610366,26.9388
2025-05-04T16:35:31,32.475280249491334,-111.29345596767962,30.798
2025-05-04T16:35:32,32.47521612793207,-111.29342721775174,27.9288
2025-05-04T16:35:33,32.47517413459718,-111.293406765908,22.809600000000003
2025-05-04T16:35:34,32.47516617178917,-111.29335027188063,17.5464
2025-05-04T16:35:35,32.47518419288099,-111.29328112117946,18.464399999999998
2025-05-04T16:35:36,32.475184109061956,-111.29320618696511,21.697200000000002
2025-05-04T16:35:37,32.47516323812306,-111.29315421916544,19.602
2025-05-04T16:35:38,32.475150749087334,-111.29311943426728,16.3152
2025-05-04T16:35:39,32.47514069080353,-111.29306042566895,17.236800000000002
2025-05-04T16:35:40,32.4751250166446,-111.29299907013774,18.9972
2025-05-04T16:35:41,32.47511344961822,-111.29295514896512,18.4788
2025-05-04T16:35:42,32.475082436576486,-111.2928768619895,23.4216
2025-05-04T16:35:43,32.47501605190337,-111.29280955530703,27.791999999999998
2025-05-04T16:35:44,32.47495788149536,-111.29279279150069,24.7356
2025-05-04T16:35:45,32.474928963929415,-111.29282497800887,15.8832
2025-05-04T16:35:46,32.474915804341435,-111.29281282424927,10.357199999999999
2025-05-04T16:35:47,32.47490088455379,-111.29278214648366,9.018
2025-05-04T16:35:48,32.47485847212374,-111.29278742708266,11.7828
2025-05-04T16:35:49,32.47481287457049,-111.29277284257114,15.0588
2025-05-04T16:35:50,32.47476878575981,-111.29276328720152,16.6392
2025-05-04T16:35:51,32.474744310602546,-111.29276655614376,14.202
2025-05-04T16:35:52,32.474693432450294,-111.29276395775378,17.8488
2025-05-04T16:35:53,32.47462285682559,-111.29275758750737,22.7556
2025-05-04T16:35:54,32.4745430611074,-111.2927560787648,26.870400000000004
2025-05-04T16:35:55,32.47450886294246,-111.29276680760086,20.491200000000003
2025-05-04T16:35:56,32.474467288702726,-111.29277435131371,18.752399999999998
2025-05-04T16:35:57,32.47441138140857,-111.2927661370486,21.1032
2025-05-04T16:35:58,32.474336698651314,-111.29275884479284,24.8508
2025-05-04T16:35:59,32.47425891458988,-111.29275524057448,27.4248
2025-05-04T16:36:00,32.47421340085566,-111.29276663996279,22.1724
2025-05-04T16:36:01,32.474197559058666,-111.29277225583792,14.7276
2025-05-04T16:36:02,32.47420560568571,-111.29275918006897,6.4872000000000005
2025-05-04T16:36:03,32.4741680547595,-111.29275431856513,10.098
2025-05-04T16:36:04,32.47410234063864,-111.29275549203157,18.1872
2025-05-04T16:36:05,32.474017683416605,-111.29276915453374,25.869600000000002
2025-05-04T16:36:06,32.473952639847994,-111.29279698245227,25.848
2025-05-04T16:36:07,32.47390469536185,-111.29284534603357,24.444
2025-05-04T16:36:08,32.473881896585226,-111.2929144129157,22.9392
2025-05-04T16:36:09,32.47388172894716,-111.29297601990402,20.6892
2025-05-04T16:36:10,32.47390419244766,-111.29302429966629,18.9828
2025-05-04T16:36:11,32.473928751423955,-111.29307568073273,19.5768
2025-05-04T16:36:12,32.4739695712924,-111.2931218650192,19.7892
2025-05-04T16:36:13,32.4740163423121,-111.29314910620451,19.987199999999998
2025-05-04T16:36:14,32.47407769784331,-111.29315748810768,22.237199999999998
2025-05-04T16:36:15,32.47415925376117,-111.29316478036344,27.378000000000004
2025-05-04T16:36:16,32.47425111941993,-111.29316369071603,31.806000000000004
2025-05-04T16:36:17,32.47433418408036,-111.2931517045945,33.321600000000004
2025-05-04T16:36:18,32.4744133092463,-111.29315899685025,32.7384
2025-05-04T16:36:19,32.47445194981992,-111.29320275038481,24.008399999999998
2025-05-04T16:36:20,32.47446158900857,-111.29323460161686,15.3828
2025-05-04T16:36:21,32.47451523318887,-111.29324491135776,18.7092
2025-05-04T16:36:22,32.47459092177451,-111.29321180284023,24.1164
2025-05-04T16:36:23,32.47470407746732,-111.29319629631937,34.5492
2025-05-04T16:36:24,32.47479191981256,-111.29321632906795,35.766000000000005
2025-05-04T16:36:25,32.47486383654177,-111.29326159134507,33.9444
2025-05-04T16:36:26,32.47491027228534,-111.29333635792136,30.448800000000002
2025-05-04T16:36:27,32.47495134361088,-111.29341992549598,31.7052
2025-05-04T16:36:28,32.4749453086406,-111.29349058493972,27.324
2025-05-04T16:36:29,32.4749796744436,-111.29354950971901,25.344
2025-05-04T16:36:30,32.47504932805896,-111.29363575950265,30.221999999999998
2025-05-04T16:36:31,32.475060392171144,-111.29369677975774,24.4224
2025-05-04T16:36:32,32.47501437552273,-111.29374204203486,18.7092
2025-05-04T16:36:33,32.47495804913342,-111.29376257769763,19.036800000000003
2025-05-04T16:36:34,32.47488613240421,-111.29375922493637,23.2272
2025-05-04T16:36:35,32.4748192448169,-111.29374665208161,25.1028
2025-05-04T16:36:36,32.474761325865984,-111.29369577392936,25.5276
2025-05-04T16:36:37,32.47472930699587,-111.29360902123153,26.478
2025-05-04T16:36:38,32.474674824625254,-111.29355420358479,27.1404
2025-05-04T16:36:39,32.474585892632604,-111.29356627352536,28.746000000000002
2025-05-04T16:36:40,32.474493104964495,-111.29360105842352,32.799600000000005
2025-05-04T16:36:41,32.47441909275949,-111.29362804815173,30.7656
2025-05-04T16:36:42,32.47438103891909,-111.29363014362752,23.0652
2025-05-04T16:36:43,32.47432881966233,-111.29362419247627,23.2668
2025-05-04T16:36:44,32.47431599535048,-111.29360910505056,14.3964
2025-05-04T16:36:45,32.474271738901734,-111.29359384998679,15.3432
2025-05-04T16:36:46,32.47420216910541,-111.2935832887888,20.818800000000003
2025-05-04T16:36:47,32.47411575168371,-111.29358756355941,27.4248
2025-05-04T16:36:48,32.47402413748205,-111.29360248334706,31.86
2025-05-04T16:36:49,32.473951298743486,-111.29363441839814,30.736800000000002
2025-05-04T16:36:50,32.473911652341485,-111.29368328489363,24.814799999999998
2025-05-04T16:36:51,32.4739074613899,-111.29374832846224,19.4004
2025-05-04T16:36:52,32.4739124905318,-111.29377942532301,14.3748
2025-05-04T16:36:53,32.47390368953347,-111.29384187050164,17.406
2025-05-04T16:36:54,32.473912574350834,-111.29392468370497,21.8556
2025-05-04T16:36:55,32.47394476085901,-111.29398637451231,22.3344
2025-05-04T16:36:56,32.4739835690707,-111.29401311278343,18.4464
2025-05-04T16:36:57,32.474021036177874,-111.29400942474604,14.079600000000001
2025-05-04T16:36:58,32.474048947915435,-111.29401361569762,12.456
2025-05-04T16:36:59,32.47407417744398,-111.2940405216068,12.6612
2025-05-04T16:37:00,32.474109968170524,-111.29405309446156,14.0292
2025-05-04T16:37:01,32.47413922101259,-111.29405745305121,12.8628
2025-05-04T16:37:02,32.474182806909084,-111.29405762068927,14.328
2025-05-04T16:37:03,32.474231757223606,-111.29405116662383,16.5132
2025-05-04T16:37:04,32.474302500486374,-111.29406608641148,22.878000000000004
2025-05-04T16:37:05,32.474380703642964,-111.29407748579979,27.63
2025-05-04T16:37:06,32.4744687974453,-111.29407463595271,31.086
2025-05-04T16:37:07,32.47453476302326,-111.29407413303852,27.882
2025-05-04T16:37:08,32.47456284239888,-111.29407497122884,18.968400000000003
2025-05-04T16:37:09,32.474571308121085,-111.29408871755004,11.516399999999999
2025-05-04T16:37:10,32.47458287514746,-111.2940976023674,8.240400000000001
2025-05-04T16:37:11,32.47461833059788,-111.29409366287291,10.4796
2025-05-04T16:37:12,32.47466258704662,-111.29408058710396,13.968
2025-05-04T16:37:13,32.474698796868324,-111.29407773725688,14.4108
2025-05-04T16:37:14,32.47472704388201,-111.2940822634846,13.1688
2025-05-04T16:37:15,32.47476342134178,-111.29408469423652,13.5468
2025-05-04T16:37:16,32.47479527257383,-111.29408025182784,13.741200000000001
2025-05-04T16:37:17,32.474839026108384,-111.29409215413034,16.480800000000002
2025-05-04T16:37:18,32.474915720522404,-111.29410908557475,24.1164
2025-05-04T16:37:19,32.47500800527632,-111.29412886686623,29.898
2025-05-04T16:37:20,32.47506902553141,-111.29413104616106,26.1792
2025-05-04T16:37:21,32.47510724700987,-111.29412199370563,19.7964
2025-05-04T16:37:22,32.47512090951204,-111.29411235451698,12.3264
2025-05-04T16:37:23,32.47513800859451,-111.29408653825521,11.548800000000002
2025-05-04T16:37:24,32.475176649168134,-111.29404085688293,16.761599999999998
2025-05-04T16:37:25,32.47522057034075,-111.29396013915539,24.714000000000002
2025-05-04T16:37:26,32.47525921091437,-111.29388218745589,28.098
2025-05-04T16:37:27,32.47531428001821,-111.29380381666124,30.4848
2025-05-04T16:37:28,32.4753544293344,-111.29377414472401,23.317200000000003
2025-05-04T16:37:29,32.475402876734734,-111.29380683414638,17.3988
2025-05-04T16:37:30,32.475444953888655,-111.29388595931232,19.9692
2025-05-04T16:37:31,32.475452329963446,-111.29394329153001,18.378000000000004
2025-05-04T16:37:32,32.47545685619116,-111.29396173171699,13.1796
2025-05-04T16:37:33,32.47547806240618,-111.29398754797876,13.248000000000001
2025-05-04T16:37:34,32.47552843764424,-111.29404672421515,19.62
2025-05-04T16:37:35,32.47559716925025,-111.29405929706991,21.996000000000002
2025-05-04T16:37:36,32.47566506266594,-111.29398654215038,24.7572
2025-05-04T16:37:37,32.47570118866861,-111.2939287070185,23.2056
2025-05-04T16:37:38,32.475713174790144,-111.29389895126224,16.9704
2025-05-04T16:37:39,32.4757379014045,-111.29390825517476,11.1996
2025-05-04T16:37:40,32.47575734741986,-111.29390222020447,9.162
2025-05-04T16:37:41,32.47577997855842,-111.29388185217977,9.1296
2025-05-04T16:37:42,32.47580227442086,-111.29386433400214,9.9216
2025-05-04T16:37:43,32.47582624666393,-111.29385544918478,9.2772
2025-05-04T16:37:44,32.475850470364094,-111.29385628737509,8.8272
2025-05-04T16:37:45,32.47587117366493,-111.29386810585856,9.0144
2025-05-04T16:37:46,32.475891541689634,-111.29387581720948,8.8596
2025-05-04T16:37:47,32.47590319253504,-111.29388637840748,7.2432
2025-05-04T16:37:48,32.47590654529631,-111.29390406422317,6.0876
2025-05-04T16:37:49,32.47591568157077,-111.29394203424454,8.9856
2025-05-04T16:37:50,32.47591366991401,-111.29399257712066,12.625200000000001
2025-05-04T16:37:51,32.47591325081885,-111.29405259154737,17.1108
2025-05-04T16:37:52,32.475922303274274,-111.29411729983985,18.9612
2025-05-04T16:37:53,32.47592397965491,-111.29417086020112,17.157600000000002
2025-05-04T16:37:54,32.47592171654105,-111.29419491626322,13.1724
2025-05-04T16:37:55,32.475933115929365,-111.29424780607224,16.4196
2025-05-04T16:37:56,32.47593596577644,-111.29436096176505,26.9712
2025-05-04T16:37:57,32.475933618843555,-111.29446531645954,31.255200000000002
2025-05-04T16:37:58,32.475946275517344,-111.29455651156604,31.086
2025-05-04T16:37:59,32.47597988694906,-111.29466220736504,34.1208
2025-05-04T16:38:00,32.476032357662916,-111.29475742578506,36.1944
2025-05-04T16:38:01,32.47608533129096,-111.29484057426453,35.625600000000006
2025-05-04T16:38:02,32.47611475177109,-111.29494375549257,35.629200000000004
2025-05-04T16:38:03,32.47610871680081,-111.295050624758,33.912
2025-05-04T16:38:04,32.47606144286692,-111.29513880237937,31.4676
2025-05-04T16:38:05,32.47600369155407,-111.29516973160207,25.8048
2025-05-04T16:38:06,32.475923392921686,-111.29513922147453,24.4908
2025-05-04T16:38:07,32.4758724309504,-111.29508012905717,24.6168
2025-05-04T16:38:08,32.47579833492637,-111.2950368784368,29.1456
2025-05-04T16:38:09,32.47573538683355,-111.2949816416949,30.459600000000002
2025-05-04T16:38:10,32.475679479539394,-111.29490821622312,31.453200000000002
2025-05-04T16:38:11,32.475625751540065,-111.29483277909458,31.543200000000002
2025-05-04T16:38:12,32.47558048926294,-111.2947778776288,28.7784
2025-05-04T16:38:13,32.47554729692638,-111.29472834058106,25.0956
2025-05-04T16:38:14,32.475506560876966,-111.29467989318073,23.5548
2025-05-04T16:38:15,32.47545383870602,-111.29463379271328,25.02
2025-05-04T16:38:16,32.475398015230894,-111.29458903335035,26.445600000000002
2025-05-04T16:38:17,32.47530992142856,-111.29456363618374,30.780000000000005
2025-05-04T16:38:18,32.47522735968232,-111.29455047659576,31.852800000000002
2025-05-04T16:38:19,32.47513683512807,-111.29453362897038,33.9048
2025-05-04T16:38:20,32.47505427338183,-111.29452038556337,33.0948
2025-05-04T16:38:21,32.47497791424394,-111.29452893510461,30.880799999999997
2025-05-04T16:38:22,32.4749175645411,-111.29456372000277,27.9936
2025-05-04T16:38:23,32.474878588691354,-111.29460152238607,22.0428
2025-05-04T16:38:24,32.47487146407366,-111.29464577883482,15.9696
2025-05-04T16:38:25,32.47487540356815,-111.29468400031328,14.0076
2025-05-04T16:38:26,32.47486802749336,-111.29473990760744,17.009999999999998
2025-05-04T16:38:27,32.47485989704728,-111.29483168944716,24.138
2025-05-04T16:38:28,32.47484807856381,-111.29492749460042,28.7604
2025-05-04T16:38:29,32.474829722195864,-111.29501449875534,29.3184
2025-05-04T16:38:30,32.47482804581523,-111.29509613849223,27.8784
2025-05-04T16:38:31,32.474830728024244,-111.29517434164882,26.7804
2025-05-04T16:38:32,32.47487389482558,-111.29522404633462,23.0508
2025-05-04T16:38:33,32.47492904774845,-111.29524215124547,20.692800000000002
2025-05-04T16:38:34,32.47498746961355,-111.29522429779172,19.915200000000002
2025-05-04T16:38:35,32.47503373771906,-111.29520845599473,19.296000000000003
2025-05-04T16:38:36,32.47508553788066,-111.29519035108387,20.491200000000003
2025-05-04T16:38:37,32.47515787370503,-111.29519470967352,24.634800000000002
2025-05-04T16:38:38,32.475241273641586,-111.29519294947386,29.073600000000003
2025-05-04T16:38:39,32.47533096000552,-111.29518364556134,32.5476
2025-05-04T16:38:40,32.475412180647254,-111.29518942907453,32.0112
2025-05-04T16:38:41,32.47548979707062,-111.29524265415967,31.575600000000005
2025-05-04T16:38:42,32.475544698536396,-111.29531867802143,31.3992
2025-05-04T16:38:43,32.47559976764023,-111.29538975656033,32.1372
2025-05-04T16:38:44,32.475679982453585,-111.29542864859104,32.9112
2025-05-04T16:38:45,32.47577846981585,-111.29542655311525,34.9992
2025-05-04T16:38:46,32.47587511315942,-111.29542118869722,36.6156
2025-05-04T16:38:47,32.47597091831267,-111.29541741684079,37.321200000000005
2025-05-04T16:38:48,32.47607032768428,-111.29541196860373,38.3652
2025-05-04T16:38:49,32.47614442370832,-111.29539495334029,32.49
2025-05-04T16:38:50,32.47618976980448,-111.29536435939372,26.6868
2025-05-04T16:38:51,32.47622941620648,-111.29537709988654,23.3064
2025-05-04T16:38:52,32.47632849030197,-111.29535572603345,30.7512
2025-05-04T16:38:53,32.47641507536173,-111.29530652426183,34.164
2025-05-04T16:38:54,32.476470144465566,-111.29519814625382,36.2772
2025-05-04T16:38:55,32.47650048695505,-111.29508306272328,37.4544
2025-05-04T16:38:56,32.47652152553201,-111.29497334361076,37.63440000000001
2025-05-04T16:38:57,32.47652328573167,-111.29485809244215,38.3868
2025-05-04T16:38:58,32.476502833887935,-111.29474795423448,37.803599999999996
2025-05-04T16:38:59,32.47647031210363,-111.29464594647288,36.612
2025-05-04T16:39:00,32.476416835561395,-111.29460101947188,30.002399999999998
2025-05-04T16:39:01,32.47633251361549,-111.29458668641746,28.3284
2025-05-04T16:39:02,32.47626411728561,-111.29459607414901,25.5708
2025-05-04T16:39:03,32.47622807510197,-111.29458769224584,20.034000000000002
2025-05-04T16:39:04,32.476201420649886,-111.29453396424651,19.0512
2025-05-04T16:39:05,32.47617065906525,-111.29444310441613,25.362000000000002
2025-05-04T16:39:06,32.47618298046291,-111.29433799535036,29.2176
2025-05-04T16:39:07,32.47621248476207,-111.29424227401614,31.5108
2025-05-04T16:39:08,32.47623226605356,-111.29415183328092,32.3784
2025-05-04T16:39:09,32.4762664642185,-111.29405887797475,33.400800000000004
2025-05-04T16:39:10,32.47634877450764,-111.29396977834404,37.6164
2025-05-04T16:39:11,32.47641406953335,-111.29389048554003,36.8424
2025-05-04T16:39:12,32.47643728740513,-111.29378805868328,34.9992
2025-05-04T16:39:13,32.47642898932099,-111.29368864931166,31.910400000000003
2025-05-04T16:39:14,32.47639990411699,-111.29363869316876,23.9616
2025-05-04T16:39:15,32.476393366232514,-111.29360474646091,18.108
2025-05-04T16:39:16,32.47640183195472,-111.29355286248028,16.909200000000002
2025-05-04T16:39:17,32.476398311555386,-111.29350516945124,16.38
2025-05-04T16:39:18,32.4763906840235,-111.29345420747995,16.750799999999998
2025-05-04T16:39:19,32.476387498900294,-111.29341171123087,16.0056
2025-05-04T16:39:20,32.47638322412968,-111.29337047226727,15.9012
2025-05-04T16:39:21,32.47638917528093,-111.29330224357545,20.4012
2025-05-04T16:39:22,32.476394372060895,-111.29320752806962,26.928
2025-05-04T16:39:23,32.476406106725335,-111.29310267046094,31.788
2025-05-04T16:39:24,32.47639847919345,-111.2930010817945,32.9796
2025-05-04T16:39:25,32.4763613473624,-111.29291692748666,31.744799999999998
2025-05-04T16:39:26,32.47629948891699,-111.2928665522486,28.735200000000003
2025-05-04T16:39:27,32.47622405178845,-111.2928713299334,26.056800000000003
2025-05-04T16:39:28,32.47616219334304,-111.2929249741137,24.9876
2025-05-04T16:39:29,32.476120702922344,-111.29298347979784,24.0732
2025-05-04T16:39:30,32.47610201127827,-111.29304994828999,22.6584
2025-05-04T16:39:31,32.476092958822846,-111.29313183948398,24.3288
2025-05-04T16:39:32,32.47608424164355,-111.29322613589466,28.584000000000003
2025-05-04T16:39:33,32.476066974923015,-111.29331674426794,30.711600000000004
2025-05-04T16:39:34,32.476045936346054,-111.2934107054025,32.1156
2025-05-04T16:39:35,32.47601391747594,-111.29348957911134,30.2076
2025-05-04T16:39:36,32.475949712097645,-111.29352637566626,26.5392
2025-05-04T16:39:37,32.47585457749665,-111.29350776784122,28.782
2025-05-04T16:39:38,32.47577838599682,-111.29343308508396,31.0968
2025-05-04T16:39:39,32.475745948031545,-111.2933462485671,28.756800000000002
2025-05-04T16:39:40,32.47578073292971,-111.29323460161686,29.6208
2025-05-04T16:39:41,32.47582356445491,-111.29315933212638,28.6092
2025-05-04T16:39:42,32.475838316604495,-111.29308766685426,25.8732
2025-05-04T16:39:43,32.475832952186465,-111.29303058609366,22.176000000000002
2025-05-04T16:39:44,32.47582825832069,-111.29297350533307,20.5092
2025-05-04T16:39:45,32.47583068907261,-111.29291198216379,20.314799999999998
2025-05-04T16:39:46,32.47582783922553,-111.29284920170903,20.772
2025-05-04T16:39:47,32.47581174597144,-111.29278164356947,21.9204
2025-05-04T16:39:48,32.47576782479882,-111.29273043014109,22.05
2025-05-04T16:39:49,32.475704457610846,-111.29272405989468,20.6568
2025-05-04T16:39:50,32.47565793804824,-111.2927780393511,18.597600000000003
2025-05-04T16:39:51,32.47563279233873,-111.29279497079551,14.605200000000002
2025-05-04T16:39:52,32.47561854310334,-111.29278130829334,9.162
2025-05-04T16:39:53,32.47559859417379,-111.29276848398149,8.240400000000001
2025-05-04T16:39:54,32.47558895498514,-111.29277720116079,5.1732000000000005
2025-05-04T16:39:55,32.475580321624875,-111.29278876818717,5.122800000000001
2025-05-04T16:39:56,32.47556800022721,-111.29280117340386,6.75
2025-05-04T16:39:57,32.47554578818381,-111.29282749257982,10.1088
2025-05-04T16:39:58,32.475536400452256,-111.29286646842957,11.505600000000001
2025-05-04T16:39:59,32.47553690336645,-111.29290695302188,12.621599999999999
2025-05-04T16:40:00,32.475534891709685,-111.29294944927096,13.9608
2025-05-04T16:40:01,32.47553220950067,-111.29300351254642,16.786800000000003
2025-05-04T16:40:02,32.47553497552872,-111.29306939430535,19.198800000000002
2025-05-04T16:40:03,32.47554109431803,-111.29312681034207,18.9468
2025-05-04T16:40:04,32.475544111803174,-111.29317668266594,17.8056
2025-05-04T16:40:05,32.475531958043575,-111.293192692101,12.009599999999999
2025-05-04T16:40:06,32.475525587797165,-111.29323150031269,10.8468
2025-05-04T16:40:07,32.47552097775042,-111.29326804541051,11.988000000000001
2025-05-04T16:40:08,32.475523157045245,-111.29332127049565,14.0472
2025-05-04T16:40:09,32.47552525252104,-111.29339494742453,19.0512
2025-05-04T16:40:10,32.47547412291169,-111.29345085471869,21.6216
2025-05-04T16:40:11,32.47542676515877,-111.29349200986326,20.8512
2025-05-04T16:40:12,32.47533129528165,-111.29350181668997,26.712
2025-05-04T16:40:13,32.475223587825894,-111.29345580004156,34.956
2025-05-04T16:40:14,32.47515460476279,-111.29340458661318,33.8616
2025-05-04T16:40:15,32.475124849006534,-111.29334507510066,25.7724
2025-05-04T16:40:16,32.47514965943992,-111.29327491857111,21.668400000000002
2025-05-04T16:40:17,32.475169859826565,-111.29320836625993,23.4828
2025-05-04T16:40:18,32.475160052999854,-111.29316503182054,19.9116
2025-05-04T16:40:19,32.475156197324395,-111.2931361142546,15.2424
2025-05-04T16:40:20,32.47515192255378,-111.29310510121286,13.8276
2025-05-04T16:40:21,32.475136667490005,-111.29304315894842,17.445600000000002
2025-05-04T16:40:22,32.47512359172106,-111.2930013332516,16.977600000000002
2025-05-04T16:40:23,32.47511252760887,-111.29294458776712,19.278000000000002
2025-05-04T16:40:24,32.47507438994944,-111.2928628642112,25.1388
2025-05-04T16:40:25,32.47501655481756,-111.29280167631805,27.1296
2025-05-04T16:40:26,32.47496341355145,-111.29279656335711,21.8448
2025-05-04T16:40:27,32.47494497336447,-111.29281760193408,12.9564
2025-05-04T16:40:28,32.474941704422235,-111.29281936213374,6.8436
2025-05-04T16:40:29,32.47490641660988,-111.29279932938516,10.458
2025-05-04T16:40:30,32.474862495437264,-111.2927849125117,14.378400000000001
2025-05-04T16:40:31,32.47482410632074,-111.29277150146663,15.400799999999998
2025-05-04T16:40:32,32.474787812680006,-111.29276437684894,15.120000000000001
2025-05-04T16:40:33,32.47475394979119,-111.29276286810637,14.6304
2025-05-04T16:40:34,32.474719416350126,-111.29275440238416,15.3
2025-05-04T16:40:35,32.47465445660055,-111.29276177845895,19.774800000000003
2025-05-04T16:40:36,32.47459687292576,-111.29277108237147,20.2968
2025-05-04T16:40:37,32.47456016018987,-111.29277837462723,16.8624
2025-05-04T16:40:38,32.47452361509204,-111.2927590124309,15.390000000000002
2025-05-04T16:40:39,32.47448497451842,-111.29274803213775,16.1784
2025-05-04T16:40:40,32.47443627566099,-111.29275884479284,17.946
2025-05-04T16:40:41,32.474368046969175,-111.29276999272406,22.0932
2025-05-04T16:40:42,32.47430912218988,-111.29276781342924,22.6332
2025-05-04T16:40:43,32.47425237670541,-111.29277150146663,22.453200000000002
2025-05-04T16:40:44,32.474211221560836,-111.29277175292373,18.7164
2025-05-04T16:40:45,32.4742042645812,-111.29276571795344,11.9664
2025-05-04T16:40:46,32.47418163344264,-111.29277384839952,10.2384
2025-05-04T16:40:47,32.474146177992225,-111.29277099855244,11.678400000000002
2025-05-04T16:40:48,32.47410636395216,-111.29277032800019,14.346
2025-05-04T16:40:49,32.47403318993747,-111.29277275875211,22.255200000000002
2025-05-04T16:40:50,32.47395548969507,-111.29278482869267,26.6256
2025-05-04T16:40:51,32.47388734482229,-111.29281114786863,26.586
2025-05-04T16:40:52,32.47385716997087,-111.29286797717214,21.985200000000003
2025-05-04T16:40:53,32.47385524213314,-111.29293905571103,19.8792
2025-05-04T16:40:54,32.47388206422329,-111.29299538210034,18.8388
2025-05-04T16:40:55,32.47389631345868,-111.29304986447096,19.1448
2025-05-04T16:40:56,32.47393646277487,-111.29310057498515,20.7288
2025-05-04T16:40:57,32.47398373670876,-111.29311859607697,18.5832
2025-05-04T16:40:58,32.474011313170195,-111.2931152433157,13.751999999999999
2025-05-04T16:40:59,32.47403000481427,-111.29312957637012,10.242
2025-05-04T16:41:00,32.474039644002914,-111.29313594661653,6.822
2025-05-04T16:41:01,32.47406009584665,-111.29313712008297,7.1712
2025-05-04T16:41:02,32.4740853253752,-111.29314105957747,8.488800000000001
2025-05-04T16:41:03,32.47410502284765,-111.29314424470067,8.4852
2025-05-04T16:41:04,32.47412438504398,-111.29314675927162,8.503200000000001
2025-05-04T16:41:05,32.47415875084698,-111.29314575344324,11.7792
2025-05-04T16:41:06,32.474210634827614,-111.29314768128097,16.5816
2025-05-04T16:41:07,32.47426520101726,-111.29314575344324,19.2456
2025-05-04T16:41:08,32.47431457042694,-111.29314902238548,19.512
2025-05-04T16:41:09,32.47436486184597,-111.29316620528698,20.0556
2025-05-04T16:41:10,32.47437232173979,-111.29317693412304,9.777600000000001
2025-05-04T16:41:11,32.47435882687569,-111.2931776046753,2.4012000000000002
2025-05-04T16:41:12,32.474349522963166,-111.2931736651808,1.3248
2025-05-04T16:41:13,32.47437357902527,-111.29318162798882,5.6988
2025-05-04T16:41:14,32.47439964674413,-111.29318984225392,8.748000000000001
2025-05-04T16:41:15,32.47442646883428,-111.29320233128965,10.2132
2025-05-04T16:41:16,32.47446469031274,-111.29319202154875,13.2516
2025-05-04T16:41:17,32.47451866976917,-111.29317592829466,18.9576
2025-05-04T16:41:18,32.47459268197417,-111.29318347200751,23.947200000000002
2025-05-04T16:41:19,32.474681781604886,-111.29318372346461,29.1564
2025-05-04T16:41:20,32.474760403856635,-111.293182130903,30.8448
2025-05-04T16:41:21,32.474845899268985,-111.29319319501519,32.9724
2025-05-04T16:41:22,32.47491504997015,-111.29325748421252,31.611600000000003
2025-05-04T16:41:23,32.47495084069669,-111.29332948476076,28.335600000000003
2025-05-04T16:41:24,32.474939776584506,-111.29338036291301,20.980800000000002
2025-05-04T16:41:25,32.47494044713676,-111.2934244517237,16.2468
2025-05-04T16:41:26,32.474976321682334,-111.29351070150733,21.0852
2025-05-04T16:41:27,32.4750055745244,-111.29354959353805,18.756
2025-05-04T16:41:28,32.47503683902323,-111.29360130988061,20.412
2025-05-04T16:41:29,32.47506760060787,-111.29365344531834,20.52
2025-05-04T16:41:30,32.47507866472006,-111.2937019765377,16.9524
2025-05-04T16:41:31,32.47506810352206,-111.29371907562017,11.2644
2025-05-04T16:41:32,32.475045723840594,-111.29375268705189,11.721599999999999
2025-05-04T16:41:33,32.47498822398484,-111.29378914833069,17.442
2025-05-04T16:41:34,32.474908428266644,-111.2937904894352,23.6628
2025-05-04T16:41:35,32.47483349405229,-111.29375478252769,26.5104
2025-05-04T16:41:36,32.4747621640563,-111.29368420690298,30.618000000000002
2025-05-04T16:41:37,32.47471388429403,-111.29358982667327,33.2892
2025-05-04T16:41:38,32.47464330866933,-111.2935402058065,32.616
2025-05-04T16:41:39,32.47455194592476,-111.29357691854239,31.284
2025-05-04T16:41:40,32.474467204883695,-111.29361287690699,31.9248
2025-05-04T16:41:41,32.474408615380526,-111.2936245277524,27.2196
2025-05-04T16:41:42,32.47434876859188,-111.29362276755273,26.6616
2025-05-04T16:41:43,32.47433795593679,-111.29361346364021,18.2556
2025-05-04T16:41:44,32.47429160401225,-111.29361321218312,18.2268
2025-05-04T16:41:45,32.47421449050307,-111.2936121225357,25.4484
2025-05-04T16:41:46,32.474133437499404,-111.29360667429864,29.649600000000003
2025-05-04T16:41:47,32.474044086411595,-111.29361128434539,32.4036
2025-05-04T16:41:48,32.4739679787308,-111.29363659769297,31.9284
2025-05-04T16:41:49,32.47392405755818,-111.29369149915874,26.524800000000003
2025-05-04T16:41:50,32.473921375349164,-111.29377431236207,22.6656
2025-05-04T16:41:51,32.47391190379858,-111.29385544918478,25.4592
2025-05-04T16:41:52,32.47391005977988,-111.29393985494971,27.3672
2025-05-04T16:41:53,32.473955070599914,-111.29399534314871,24.386400000000002
2025-05-04T16:41:54,32.47400712221861,-111.29403398372233,21.488400000000002
2025-05-04T16:41:55,32.47404584661126,-111.294048987329,17.1432
2025-05-04T16:41:56,32.47407183051109,-111.29407044500113,15.1956
2025-05-04T16:41:57,32.474116841331124,-111.29407798871398,16.153200000000002
2025-05-04T16:41:58,32.47415171004832,-111.29408561624587,14.835600000000001
2025-05-04T16:41:59,32.47418515384197,-111.29409181885421,14.3316
2025-05-04T16:42:00,32.47422153130174,-111.2940941657871,14.997600000000002
2025-05-04T16:42:01,32.47427794151008,-111.29409307613969,19.3932
2025-05-04T16:42:02,32.47435798868537,-111.29409911110997,25.8228
2025-05-04T16:42:03,32.47443962842226,-111.29410355351865,29.325600000000005
2025-05-04T16:42:04,32.47451095841825,-111.29410875029862,28.6236
2025-05-04T16:42:05,32.47455001808703,-111.2941131927073,21.114
2025-05-04T16:42:06,32.47455990873277,-111.29412065260112,12.9924
2025-05-04T16:42:07,32.47457348741591,-111.29411059431732,8.946
2025-05-04T16:42:08,32.47461053542793,-111.29410699009895,11.7072
2025-05-04T16:42:09,32.47464674524963,-111.2941010389477,12.78
2025-05-04T16:42:10,32.47468203306198,-111.29409248940647,13.5396
2025-05-04T16:42:11,32.47472343966365,-111.29409936256707,14.392800000000001
2025-05-04T16:42:12,32.47474540024996,-111.29410942085087,11.854800000000001
2025-05-04T16:42:13,32.47477666474879,-111.2941113486886,11.9052
2025-05-04T16:42:14,32.47481723316014,-111.2941081635654,13.435200000000002
2025-05-04T16:42:15,32.47486727312207,-111.29411336034536,17.1396
2025-05-04T16:42:16,32.474942710250616,-111.29411973059177,23.778000000000002
2025-05-04T16:42:17,32.47503323480487,-111.2941266875714,29.890800000000002
2025-05-04T16:42:18,32.47510657645762,-111.29412367008626,28.638
2025-05-04T16:42:19,32.47514865361154,-111.29411084577441,22.273200000000003
2025-05-04T16:42:20,32.47514924034476,-111.29409139975905,13.5684
2025-05-04T16:42:21,32.475168853998184,-111.29404504783452,15.436800000000002
2025-05-04T16:42:22,32.47521101497114,-111.29397371783853,22.903200000000002
2025-05-04T16:42:23,32.475251415744424,-111.29387539811432,30.4812
2025-05-04T16:42:24,32.47529969550669,-111.29381228238344,29.1564
2025-05-04T16:42:25,32.47534747235477,-111.29378277808428,24.4512
2025-05-04T16:42:26,32.47539474628866,-111.29380666650832,19.735200000000003
2025-05-04T16:42:27,32.475445875898004,-111.29382996819913,19.8612
2025-05-04T16:42:28,32.475455179810524,-111.2938800919801,14.500799999999998
2025-05-04T16:42:29,32.47545501217246,-111.29391144029796,10.620000000000001
2025-05-04T16:42:30,32.475472278892994,-111.29394178278744,11.4372
2025-05-04T16:42:31,32.4754910543561,-111.29398813471198,15.120000000000001
2025-05-04T16:42:32,32.47554092667997,-111.29404496401548,20.0988
2025-05-04T16:42:33,32.47560597024858,-111.29404521547258,20.2104
2025-05-04T16:42:34,32.475671265274286,-111.29396215081215,25.059600000000003
2025-05-04T16:42:35,32.4757241550833,-111.29387330263853,30.276
2025-05-04T16:42:36,32.475795736536384,-111.29384455271065,30.063600000000005
2025-05-04T16:42:37,32.47585776261985,-111.29383156076074,27.500400000000003
2025-05-04T16:42:38,32.47591869905591,-111.2938333209604,25.4196
2025-05-04T16:42:39,32.47595490887761,-111.29389375448227,21.747600000000002
2025-05-04T16:42:40,32.47593931853771,-111.2940029706806,24.256800000000002
2025-05-04T16:42:41,32.47590788640082,-111.29410900175571,29.376
2025-05-04T16:42:42,32.47590897604823,-111.2941702734679,24.642
2025-05-04T16:42:43,32.47592490166426,-111.29419131204486,15.613199999999999
2025-05-04T16:42:44,32.47593730688095,-111.29420388489962,10.926
2025-05-04T16:42:45,32.47593244537711,-111.29430010914803,20.4696
2025-05-04T16:42:46,32.47593093663454,-111.29441762343049,30.078000000000003
2025-05-04T16:42:47,32.475926242768764,-111.2944998499006,29.642400000000002
2025-05-04T16:42:48,32.47594426386058,-111.29460227675736,32.3784
2025-05-04T16:42:49,32.47597435489297,-111.29469984211028,33.8328
2025-05-04T16:42:50,32.47603059746325,-111.2947865948081,34.333200000000005
2025-05-04T16:42:51,32.47608809731901,-111.29487024620175,34.848
2025-05-04T16:42:52,32.47611399739981,-111.29496982321143,34.2252
2025-05-04T16:42:53,32.47610670514405,-111.29509094171226,35.3556
2025-05-04T16:42:54,32.47602732852101,-111.29516310989857,31.964399999999998
2025-05-04T16:42:55,32.475941414013505,-111.29517098888755,28.519199999999998
2025-05-04T16:42:56,32.475879807025194,-111.29510988481343,25.959600000000002
2025-05-04T16:42:57,32.475819205865264,-111.29506479017437,27.3672
2025-05-04T16:42:58,32.47575340792537,-111.29502019844949,29.2392
2025-05-04T16:42:59,32.475693644955754,-111.29495406523347,31.100399999999997
2025-05-04T16:43:00,32.47563513927162,-111.29487468861043,32.803200000000004
2025-05-04T16:43:01,32.47557847760618,-111.29477687180042,35.693999999999996
2025-05-04T16:43:02,32.4755254201591,-111.29471342079341,32.292
2025-05-04T16:43:03,32.47547194361687,-111.29467997699976,27.4212
2025-05-04T16:43:04,32.475419556722045,-111.29461417905986,29.718000000000004
2025-05-04T16:43:05,32.47535677626729,-111.29456891678274,30.780000000000005
2025-05-04T16:43:06,32.47528972104192,-111.2945294380188,31.676399999999997
2025-05-04T16:43:07,32.475208919495344,-111.29449440166354,32.91480000000001
2025-05-04T16:43:08,32.475121999159455,-111.29449054598808,33.5556
2025-05-04T16:43:09,32.47502267360687,-111.29450429230928,36.3708
2025-05-04T16:43:10,32.47493307106197,-111.29452650435269,36.4104
2025-05-04T16:43:11,32.47485738247633,-111.29456237889826,33.516000000000005
2025-05-04T16:43:12,32.47482527978718,-111.29463957622647,28.000799999999998
2025-05-04T16:43:13,32.474851766601205,-111.29476052708924,29.286
2025-05-04T16:43:14,32.474857131019235,-111.294862953946,32.076
2025-05-04T16:43:15,32.474845480173826,-111.29495264030993,31.9968
2025-05-04T16:43:16,32.474839026108384,-111.29505900666118,33.984
2025-05-04T16:43:17,32.474841456860304,-111.2951491959393,32.223600000000005
2025-05-04T16:43:18,32.47488914988935,-111.2952237110585,30.4128
2025-05-04T16:43:19,32.47495788149536,-111.29527215845883,28.638
2025-05-04T16:43:20,32.474991995841265,-111.2953011598438,22.1688
2025-05-04T16:43:21,32.47499275021255,-111.29533594474196,15.224400000000001
2025-05-04T16:43:22,32.47498973272741,-111.29535656422377,9.5868
2025-05-04T16:43:23,32.474990487098694,-111.29535807296634,4.9104
2025-05-04T16:43:24,32.47499073855579,-111.29535740241408,2.0916
2025-05-04T16:43:25,32.47499275021255,-111.29537693224847,4.0752
2025-05-04T16:43:26,32.47499844990671,-111.29539528861642,5.115600000000001
2025-05-04T16:43:27,32.47500414960086,-111.29541389644146,6.0012
2025-05-04T16:43:28,32.475008675828576,-111.2954393774271,7.470000000000001
2025-05-04T16:43:29,32.47501672245562,-111.29546150565147,8.0784
2025-05-04T16:43:30,32.47502292506397,-111.29548782482743,8.395199999999999
2025-05-04T16:43:31,32.47502451762557,-111.29551012068987,7.6392
2025-05-04T16:43:32,32.475030552595854,-111.29552814178169,7.092
2025-05-04T16:43:33,32.47504253871739,-111.29552411846817,4.453200000000001
2025-05-04T16:43:34,32.47505770996213,-111.29551657475531,4.6224
2025-05-04T16:43:35,32.47506910935044,-111.29551397636533,4.395600000000001
2025-05-04T16:43:36,32.47507271356881,-111.29551137797534,2.7576
2025-05-04T16:43:37,32.475073132663965,-111.29551062360406,1.512
2025-05-04T16:43:38,32.47509157285094,-111.29551406018436,5.1048
2025-05-04T16:43:39,32.475124932825565,-111.29551137797534,9.241200000000001
2025-05-04T16:43:40,32.475157203152776,-111.29551397636533,11.2932
2025-05-04T16:43:41,32.47519006021321,-111.295515736565,12.1104
2025-05-04T16:43:42,32.47521554119885,-111.29551674239337,10.9188
2025-05-04T16:43:43,32.47523498721421,-111.29551514983177,8.9748
2025-05-04T16:43:44,32.47525284066796,-111.29551439546049,7.948800000000001
2025-05-04T16:43:45,32.47527211904526,-111.29551288671792,7.614000000000001
2025-05-04T16:43:46,32.475290056318045,-111.29551221616566,7.65
2025-05-04T16:43:47,32.47530883178115,-111.29551406018436,7.5816
2025-05-04T16:43:48,32.47532660141587,-111.29551422782242,7.3764
2025-05-04T16:43:49,32.475343365222216,-111.29551590420306,7.488
2025-05-04T16:43:50,32.47537102550268,-111.2955202627927,9.234
2025-05-04T16:43:51,32.475386783480644,-111.29551975987852,8.1648
2025-05-04T16:43:52,32.475407319143414,-111.29551749676466,8.2944
2025-05-04T16:43:53,32.47542659752071,-111.29551925696433,7.8660000000000005
2025-05-04T16:43:54,32.47544487006962,-111.29551942460239,7.5348
2025-05-04T16:43:55,32.47545978985727,-111.29552001133561,6.9228000000000005
2025-05-04T16:43:56,32.47547646984458,-111.29552043043077,6.566400000000001
2025-05-04T16:43:57,32.47549750842154,-111.29551967605948,7.282800000000001
2025-05-04T16:43:58,32.475514356046915,-111.29552227444947,7.0488
2025-05-04T16:43:59,32.47553028166294,-111.29552252590656,6.48
2025-05-04T16:44:00,32.47554193250835,-111.29552168771625,5.238
2025-05-04T16:44:01,32.47554847039282,-111.29552311263978,4.5648
2025-05-04T16:44:02,32.475564144551754,-111.29552906379104,5.3496
2025-05-04T16:44:03,32.47558384202421,-111.29554054699838,6.717600000000001
2025-05-04T16:44:04,32.47559901326895,-111.29555622115731,7.128
2025-05-04T16:44:05,32.475601276382804,-111.29557382315397,5.904
2025-05-04T16:44:06,32.47559909708798,-111.29559310153127,5.4792000000000005
2025-05-04T16:44:07,32.47559130191803,-111.29561254754663,5.8932
2025-05-04T16:44:08,32.47558266855776,-111.29563090391457,5.7888
2025-05-04T16:44:09,32.47556389309466,-111.29565043374896,7.074000000000001
2025-05-04T16:44:10,32.47554964385927,-111.2956589832902,6.534
2025-05-04T16:44:11,32.47553723864257,-111.29567314870656,6.5448
2025-05-04T16:44:12,32.47552441433072,-111.29567901603878,5.767200000000001
2025-05-04T16:44:13,32.47551661916077,-111.29570013843477,6.0804
2025-05-04T16:44:14,32.475517289713025,-111.29572964273393,7.556400000000001
2025-05-04T16:44:15,32.4755203910172,-111.2957623321563,9.018
2025-05-04T16:44:16,32.47552047483623,-111.29578722640872,8.6076
2025-05-04T16:44:17,32.47551569715142,-111.29581497050822,9.0432
2025-05-04T16:44:18,32.47550597414374,-111.2958418764174,8.928
2025-05-04T16:44:19,32.47548610903323,-111.29586526192725,9.5292
2025-05-04T16:44:20,32.47546716593206,-111.29587775096297,8.5572
2025-05-04T16:44:21,32.475449899211526,-111.29588847979903,8.017199999999999
2025-05-04T16:44:22,32.47542953118682,-111.29590289667249,8.5536
2025-05-04T16:44:23,32.47540405020118,-111.29592418670654,10.4796
2025-05-04T16:44:24,32.47538116760552,-111.29593952558935,10.5588
2025-05-04T16:44:25,32.47536163777113,-111.29595226608217,9.612
2025-05-04T16:44:26,32.47534353286028,-111.29596014507115,8.4672
2025-05-04T16:44:27,32.475325679406524,-111.2959750648588,8.5932
2025-05-04T16:44:28,32.47530824504793,-111.29599316976964,8.8992
2025-05-04T16:44:29,32.47527899220586,-111.29601110704243,10.5084
2025-05-04T16:44:30,32.47525166720152,-111.29602024331689,10.854000000000001
2025-05-04T16:44:31,32.4752283655107,-111.29602904431522,10.4256
2025-05-04T16:44:32,32.47520330362022,-111.29604019224644,10.7172
2025-05-04T16:44:33,32.475176732987165,-111.29605100490153,10.634400000000001
2025-05-04T16:44:34,32.47514806687832,-111.29606408067048,11.088000000000001
2025-05-04T16:44:35,32.47511914931238,-111.29607640206814,11.4264
2025-05-04T16:44:36,32.47509442269802,-111.29608520306647,10.753200000000001
2025-05-04T16:44:37,32.475078077986836,-111.29609107039869,8.4924
2025-05-04T16:44:38,32.47506014071405,-111.29609685391188,7.8948
2025-05-04T16:44:39,32.475038850679994,-111.29610121250153,8.125200000000001
2025-05-04T16:44:40,32.475018901750445,-111.29610397852957,8.0856
2025-05-04T16:44:41,32.47500305995345,-111.29610766656697,7.3187999999999995
2025-05-04T16:44:42,32.474984619766474,-111.29611085169017,7.2216
2025-05-04T16:44:43,32.47496383264661,-111.29611797630787,7.3260000000000005
2025-05-04T16:44:44,32.47494639828801,-111.29612417891622,7.1244000000000005
2025-05-04T16:44:45,32.47493080794811,-111.2961267773062,6.984
2025-05-04T16:44:46,32.47491194866598,-111.29613096825778,7.1568000000000005
2025-05-04T16:44:47,32.474893759936094,-111.29613767378032,7.2
2025-05-04T16:44:48,32.47487599030137,-111.2961437087506,7.196400000000001
2025-05-04T16:44:49,32.474859561771154,-111.29614999517798,6.8616
2025-05-04T16:44:50,32.474840953946114,-111.296152677387,6.6276
2025-05-04T16:44:51,32.47482310049236,-111.29615393467247,6.4512
2025-05-04T16:44:52,32.47480742633343,-111.29616013728082,6.4008
2025-05-04T16:44:53,32.47479208745062,-111.29617623053491,7.1136
2025-05-04T16:44:54,32.47478068806231,-111.29620539955795,8.1792
2025-05-04T16:44:55,32.474778508767486,-111.29623557440937,8.928
2025-05-04T16:44:56,32.47477565892041,-111.29625921137631,8.334
2025-05-04T16:44:57,32.47477808967233,-111.29628335125744,8.125200000000001
2025-05-04T16:44:58,32.47479032725096,-111.29630455747247,7.776000000000001
2025-05-04T16:44:59,32.47480231337249,-111.29632224328816,7.5924000000000005
2025-05-04T16:45:00,32.47480952180922,-111.29634076729417,7.1892000000000005
2025-05-04T16:45:01,32.47481304220855,-111.29635820165277,6.3072
2025-05-04T16:45:02,32.474808767437935,-111.2963717803359,5.1264
2025-05-04T16:45:03,32.47482041828334,-111.29638980142772,6.0228
2025-05-04T16:45:04,32.474832739681005,-111.29641025327146,6.8724
2025-05-04T16:45:05,32.47483785264194,-111.29642944782972,7.426800000000001
2025-05-04T16:45:06,32.47485260479152,-111.29645492881536,8.5608
2025-05-04T16:45:07,32.47486140578985,-111.29648191854358,8.6652
2025-05-04T16:45:08,32.4748676083982,-111.29650186747313,7.7508
2025-05-04T16:45:09,32.474873308092356,-111.2965187150985,6.9479999999999995
2025-05-04T16:45:10,32.47487582266331,-111.29652458243072,3.8376
2025-05-04T16:45:11,32.474882947281,-111.29652475006878,3.3732
2025-05-04T16:45:12,32.47489149682224,-111.29655157215893,6.573600000000001
2025-05-04T16:45:13,32.47489778324962,-111.2965760473162,7.4376
2025-05-04T16:45:14,32.47490239329636,-111.2966014444828,8.139600000000002
2025-05-04T16:45:15,32.47491002082825,-111.29663438536227,9.918
2025-05-04T16:45:16,32.47491748072207,-111.29667579196393,12.2112
2025-05-04T16:45:17,32.47492376714945,-111.29671577364206,13.104000000000001
2025-05-04T16:45:18,32.47493231669068,-111.29675659351051,13.510800000000001
2025-05-04T16:45:19,32.474941704422235,-111.296789618209,12.042000000000002
2025-05-04T16:45:20,32.47495327144861,-111.29681115970016,10.242
2025-05-04T16:45:21,32.47496525757015,-111.29684091545641,11.2356
2025-05-04T16:45:22,32.474986631423235,-111.29686740227044,11.6172
2025-05-04T16:45:23,32.47500892728567,-111.29688894376159,11.2716
2025-05-04T16:45:24,32.47502854093909,-111.29691895097494,12.142800000000001
2025-05-04T16:45:25,32.475045723840594,-111.29694761708379,11.5596
2025-05-04T16:45:26,32.47506072744727,-111.29696949385107,10.684800000000001
2025-05-04T16:45:27,32.47507304884493,-111.29698952659965,9.7164
2025-05-04T16:45:28,32.475082855671644,-111.29700997844338,8.866800000000001
2025-05-04T16:45:29,32.47509584762156,-111.29702498205006,7.444800000000001
2025-05-04T16:45:30,32.47509475797415,-111.29703462123871,4.6476
2025-05-04T16:45:31,32.47509375214577,-111.29703311249614,2.0303999999999998
2025-05-04T16:45:32,32.47510548681021,-111.29704786464572,4.0356000000000005
2025-05-04T16:45:33,32.475128788501024,-111.29707879386842,8.874
2025-05-04T16:45:34,32.47514773160219,-111.29710838198662,10.9224
2025-05-04T16:45:35,32.47515686787665,-111.29712346941233,8.7696
2025-05-04T16:45:36,32.475162064656615,-111.29713679663837,6.6168000000000005
2025-05-04T16:45:37,32.47516390867531,-111.29713855683804,3.1824
2025-05-04T16:45:38,32.47516340576112,-111.29713118076324,0.5544
2025-05-04T16:45:39,32.47515745460987,-111.29713176749647,1.0044000000000002
2025-05-04T16:45:40,32.475163489580154,-111.29713386297226,1.8216
2025-05-04T16:45:41,32.47516072355211,-111.29713453352451,1.3644
2025-05-04T16:45:42,32.47516139410436,-111.29713520407677,1.1952
2025-05-04T16:45:43,32.47516189701855,-111.29713361151516,0.234
2025-05-04T16:45:44,32.4751628190279,-111.29713562317193,1.0908
2025-05-04T16:45:45,32.47516315430403,-111.29713512025774,0.7236
2025-05-04T16:45:46,32.475164998322725,-111.29713336005807,0.0
2025-05-04T16:45:47,32.47516374103725,-111.29713729955256,0.46080000000000004
2025-05-04T16:45:48,32.47516332194209,-111.2971366290003,0.0
2025-05-04T16:45:49,32.47516483068466,-111.29713830538094,0.0
2025-05-04T16:45:50,32.47516675852239,-111.29713838919997,0.5184
2025-05-04T16:45:51,32.47516390867531,-111.2971368804574,0.432
2025-05-04T16:45:52,32.47516709379852,-111.29713629372418,0.6876
2025-05-04T16:45:53,32.475167429074645,-111.29713570699096,0.6335999999999999
2025-05-04T16:45:54,32.475165920332074,-111.29713537171483,0.2988
2025-05-04T16:45:55,32.475161561742425,-111.29713377915323,0.846
2025-05-04T16:45:56,32.47516038827598,-111.2971268221736,0.20520000000000002
2025-05-04T16:45:57,32.47515946626663,-111.29713327623904,1.2671999999999999
2025-05-04T16:45:58,32.47515494003892,-111.29713277332485,0.7488
2025-05-04T16:45:59,32.47515343129635,-111.29713227041066,0.45
2025-05-04T16:46:00,32.47515334747732,-111.29713470116258,0.684
2025-05-04T16:46:01,32.47515351511538,-111.29713855683804,0.5796
2025-05-04T16:46:02,32.47515510767698,-111.29713620990515,0.4356
2025-05-04T16:46:03,32.47515510767698,-111.29713436588645,0.27
2025-05-04T16:46:04,32.475153766572475,-111.29713629372418,1.0368
2025-05-04T16:46:05,32.4751506652683,-111.2971336953342,0.198
2025-05-04T16:46:06,32.47514974325895,-111.29713126458228,0.33840000000000003
2025-05-04T16:46:07,32.4751506652683,-111.29713143222034,0.28800000000000003
2025-05-04T16:46:08,32.47514949180186,-111.29712757654488,0.1008
2025-05-04T16:46:09,32.475150832906365,-111.29713042639196,0.8892
2025-05-04T16:46:10,32.47515041381121,-111.29713042639196,0.7524
2025-05-04T16:46:11,32.47515209019184,-111.29712690599263,0.16920000000000002
2025-05-04T16:46:12,32.47515544295311,-111.29712522961199,0.23040000000000002
2025-05-04T16:46:13,32.47515644878149,-111.2971233855933,0.1008
2025-05-04T16:46:14,32.47515644878149,-111.29712070338428,0.0828
2025-05-04T16:46:15,32.475156197324395,-111.2971196975559,0.0
2025-05-04T16:46:16,32.475156197324395,-111.2971196975559,0.0
2025-05-04T16:46:17,32.47515502385795,-111.29712070338428,0.13319999999999999
2025-05-04T16:46:18,32.475157789886,-111.2971215415746,0.45
2025-05-04T16:46:19,32.47515804134309,-111.29712145775557,0.0
2025-05-04T16:46:20,32.475155275315046,-111.29712263122201,0.039599999999999996
2025-05-04T16:46:21,32.475155191496015,-111.29712254740298,0.0
2025-05-04T16:46:22,32.47515267692506,-111.29712380468845,0.0
2025-05-04T16:46:23,32.475154185667634,-111.29712439142168,0.0504
2025-05-04T16:46:24,32.47515552677214,-111.2971249781549,0.26639999999999997
2025-05-04T16:46:25,32.475157706066966,-111.2971249781549,0.1368
2025-05-04T16:46:26,32.47515887953341,-111.29712690599263,0.0
2025-05-04T16:46:27,32.47515946626663,-111.29712774418294,0.2196
2025-05-04T16:46:28,32.47515846043825,-111.2971233855933,0.0468
2025-05-04T16:46:29,32.475158125162125,-111.29712296649814,0.0
2025-05-04T16:46:30,32.475158125162125,-111.29712296649814,0.0
2025-05-04T16:46:31,32.475158125162125,-111.29712296649814,0.0
2025-05-04T16:46:32,32.475158125162125,-111.29712296649814,0.0
2025-05-04T16:46:33,32.475158125162125,-111.29712296649814,0.0
2025-05-04T16:46:34,32.475158125162125,-111.29712296649814,0.0
2025-05-04T16:46:35,32.475158125162125,-111.29712296649814,0.0
2025-05-04T16:46:36,32.475158125162125,-111.29712296649814,0.0
2025-05-04T16:46:37,32.47515385039151,-111.29712606780231,0.057600000000000005
2025-05-04T16:46:38,32.475154185667634,-111.29712774418294,0.2124
2025-05-04T16:46:39,32.4751541018486,-111.29712749272585,0.0
2025-05-04T16:46:40,32.47515795752406,-111.29712891764939,0.26639999999999997
2025-05-04T16:46:41,32.47515829280019,-111.29712766036391,0.0108
2025-05-04T16:46:42,32.47515829280019,-111.29712749272585,0.0
2025-05-04T16:46:43,32.47515829280019,-111.29712749272585,0.0
2025-05-04T16:46:44,32.47515829280019,-111.29712749272585,0.0
2025-05-04T16:46:45,32.47516022063792,-111.29712615162134,0.0
2025-05-04T16:46:46,32.47516022063792,-111.29712615162134,0.0
2025-05-04T16:46:47,32.47516022063792,-111.29712615162134,0.0
2025-05-04T16:46:48,32.475161058828235,-111.29712405614555,0.8424
2025-05-04T16:46:49,32.475159550085664,-111.29712162539363,0.162
2025-05-04T16:46:50,32.47516089119017,-111.29712229594588,0.27
2025-05-04T16:46:51,32.4751593824476,-111.29712380468845,0.24840000000000004
2025-05-04T16:46:52,32.47515795752406,-111.29712506197393,0.0
2025-05-04T16:46:53,32.475156197324395,-111.29712522961199,0.20520000000000002
2025-05-04T16:46:54,32.47515695169568,-111.29712422378361,0.0972
2025-05-04T16:46:55,32.475157119333744,-111.29712296649814,0.0
2025-05-04T16:46:56,32.475157119333744,-111.29712296649814,0.0
2025-05-04T16:46:57,32.47515678405762,-111.29712967202067,0.14400000000000002
2025-05-04T16:46:58,32.475157706066966,-111.29712757654488,0.3096
2025-05-04T16:46:59,32.4751559458673,-111.29712606780231,0.11520000000000001
2025-05-04T16:47:00,32.47515787370503,-111.29712665453553,0.3816
2025-05-04T16:47:01,32.47515737079084,-111.29712531343102,0.5364
2025-05-04T16:47:02,32.47515577822924,-111.2971247266978,0.12600000000000003
2025-05-04T16:47:03,32.47515359893441,-111.29712707363069,0.4536
2025-05-04T16:47:04,32.47515535913408,-111.29712766036391,0.3996
2025-05-04T16:47:05,32.475155275315046,-111.29712707363069,0.0
2025-05-04T16:47:06,32.47515854425728,-111.29712791182101,0.2232
2025-05-04T16:47:07,32.4751575384289,-111.29712883383036,0.1908
2025-05-04T16:47:08,32.47515628114343,-111.29713143222034,0.0
2025-05-04T16:47:09,32.47515628114343,-111.29713143222034,0.0
2025-05-04T16:47:10,32.47515443712473,-111.2971350364387,0.15839999999999999
2025-05-04T16:47:11,32.47515401802957,-111.29713252186775,0.15839999999999999
2025-05-04T16:47:12,32.47515628114343,-111.29713092930615,0.41400000000000003
2025-05-04T16:47:13,32.47515628114343,-111.29712791182101,0.2016
2025-05-04T16:47:14,32.47515561059117,-111.2971297558397,0.3024
2025-05-04T16:47:15,32.47515217401087,-111.29712665453553,0.0
2025-05-04T16:47:16,32.47515217401087,-111.29712665453553,0.0
2025-05-04T16:47:17,32.47515217401087,-111.29712665453553,0.0
2025-05-04T16:47:18,32.47515217401087,-111.29712665453553,0.0
2025-05-04T16:47:19,32.47515217401087,-111.29712665453553,0.0
2025-05-04T16:47:20,32.47515217401087,-111.29712665453553,0.0
2025-05-04T16:47:21,32.47515217401087,-111.29712665453553,0.0
2025-05-04T16:47:22,32.47515309602022,-111.29713738337159,0.5796
2025-05-04T16:47:23,32.475151335820556,-111.29713386297226,0.14400000000000002
2025-05-04T16:47:24,32.47515024617314,-111.29713235422969,0.0
2025-05-04T16:47:25,32.47515443712473,-111.29713386297226,0.6084
2025-05-04T16:47:26,32.47515628114343,-111.29713436588645,0.5652
2025-05-04T16:47:27,32.475157789886,-111.29713218659163,0.33840000000000003
2025-05-04T16:47:28,32.47515879571438,-111.29712891764939,0.0
2025-05-04T16:47:29,32.47515695169568,-111.2971286661923,0.1044
2025-05-04T16:47:30,32.47515879571438,-111.29712933674455,0.5940000000000001
2025-05-04T16:47:31,32.47515737079084,-111.29712489433587,0.028800000000000003
2025-05-04T16:47:32,32.47515728697181,-111.2971215415746,0.11520000000000001
2025-05-04T16:47:33,32.47515628114343,-111.29712757654488,1.1052
2025-05-04T16:47:34,32.475155275315046,-111.29712531343102,0.24480000000000002
2025-05-04T16:47:35,32.47515393421054,-111.29712522961199,0.28800000000000003
2025-05-04T16:47:36,32.475155191496015,-111.29712439142168,0.5796
2025-05-04T16:47:37,32.47515577822924,-111.29712372086942,0.0
2025-05-04T16:47:38,32.47515577822924,-111.29712372086942,0.0
2025-05-04T16:47:39,32.47515577822924,-111.29712372086942,0.0
2025-05-04T16:47:40,32.47515577822924,-111.29712372086942,0.0
2025-05-04T16:47:41,32.47515460476279,-111.29712087102234,0.0432
2025-05-04T16:47:42,32.475154269486666,-111.29712162539363,0.0972
2025-05-04T16:47:43,32.47515602968633,-111.29712237976491,0.1872
2025-05-04T16:47:44,32.475157119333744,-111.29712271504104,0.2952
2025-05-04T16:47:45,32.47515921480954,-111.29712095484138,0.234
2025-05-04T16:47:46,32.475162567570806,-111.29712254740298,0.3744
2025-05-04T16:47:47,32.47515829280019,-111.29712187685072,0.2376
2025-05-04T16:47:48,32.47516131028533,-111.29712430760264,0.81
2025-05-04T16:47:49,32.47515929862857,-111.29712212830782,0.0
2025-05-04T16:47:50,32.47515929862857,-111.29712212830782,0.0
2025-05-04T16:47:51,32.47515929862857,-111.29712212830782,0.0
2025-05-04T16:47:52,32.47515929862857,-111.29712212830782,0.0
2025-05-04T16:47:53,32.47516172938049,-111.29711911082268,0.4032
2025-05-04T16:47:54,32.475161561742425,-111.29711852408946,0.0
2025-05-04T16:47:55,32.475161561742425,-111.29711852408946,0.0
2025-05-04T16:47:56,32.475160052999854,-111.29711542278528,0.0324
2025-05-04T16:47:57,32.475161142647266,-111.29711961373687,0.0
2025-05-04T16:47:58,32.47516147792339,-111.29712237976491,0.2376
2025-05-04T16:47:59,32.47516139410436,-111.2971228826791,0.28800000000000003
2025-05-04T16:48:00,32.475161058828235,-111.29712036810815,0.108
2025-05-04T16:48:01,32.47516089119017,-111.29711978137493,0.0
2025-05-04T16:48:02,32.47516089119017,-111.29711978137493,0.0
2025-05-04T16:48:03,32.47516038827598,-111.29712321795523,0.7668
2025-05-04T16:48:04,32.4751646630466,-111.29712648689747,0.81
2025-05-04T16:48:05,32.47516072355211,-111.2971318513155,1.2671999999999999
2025-05-04T16:48:06,32.475159633904696,-111.29712942056358,0.0
2025-05-04T16:48:07,32.47515829280019,-111.2971284147352,0.0936
2025-05-04T16:48:08,32.4751559458673,-111.29713034257293,0.2736
2025-05-04T16:48:09,32.475157706066966,-111.29713319242,0.0
2025-05-04T16:48:10,32.475158628076315,-111.29713470116258,0.234
2025-05-04T16:48:11,32.475159550085664,-111.29713453352451,0.23040000000000002
2025-05-04T16:48:12,32.4751612264663,-111.29713386297226,0.234
2025-05-04T16:48:13,32.47516231611371,-111.29713352769613,0.0
2025-05-04T16:48:14,32.47516231611371,-111.29713352769613,0.0
2025-05-04T16:48:15,32.47516231611371,-111.29713352769613,0.0
2025-05-04T16:48:16,32.4751628190279,-111.29713436588645,0.09000000000000001
2025-05-04T16:48:17,32.47516424395144,-111.29713721573353,0.4428
2025-05-04T16:48:18,32.475162567570806,-111.29713604226708,0.0
2025-05-04T16:48:19,32.475162567570806,-111.29713604226708,0.0
2025-05-04T16:48:20,32.475162567570806,-111.29713604226708,0.0
2025-05-04T16:48:21,32.475162567570806,-111.29713604226708,0.0
2025-05-04T16:48:22,32.475162567570806,-111.29713604226708,0.0
2025-05-04T16:48:23,32.475162567570806,-111.29713604226708,0.0
2025-05-04T16:48:24,32.475162567570806,-111.29713604226708,0.0
2025-05-04T16:48:25,32.47515946626663,-111.29713738337159,0.0
2025-05-04T16:48:26,32.47515946626663,-111.29713738337159,0.0
2025-05-04T16:48:27,32.475158125162125,-111.29713453352451,0.0
2025-05-04T16:48:28,32.475158125162125,-111.29713453352451,0.0
2025-05-04T16:48:29,32.475158125162125,-111.29713453352451,0.0
2025-05-04T16:48:30,32.475158125162125,-111.29713453352451,0.0
2025-05-04T16:48:31,32.475158125162125,-111.29713453352451,0.0
2025-05-04T16:48:32,32.475158125162125,-111.29713453352451,0.0
2025-05-04T16:48:33,32.47515041381121,-111.2971284147352,0.41040000000000004
2025-05-04T16:48:34,32.47515217401087,-111.29712933674455,0.5040000000000001
2025-05-04T16:48:35,32.47515242546797,-111.29713051021099,0.2916
2025-05-04T16:48:36,32.47515217401087,-111.2971302587539,0.0
2025-05-04T16:48:37,32.47515217401087,-111.2971302587539,0.0
2025-05-04T16:48:38,32.47515217401087,-111.2971302587539,0.0
2025-05-04T16:48:39,32.47515217401087,-111.2971302587539,0.0
2025-05-04T16:48:40,32.47515217401087,-111.2971302587539,0.0
2025-05-04T16:48:41,32.47515217401087,-111.2971302587539,0.0
2025-05-04T16:48:42,32.475150749087334,-111.29713151603937,0.0324
2025-05-04T16:48:43,32.47514991089702,-111.29713512025774,0.2556
2025-05-04T16:48:44,32.47515016235411,-111.29713277332485,0.1044
2025-05-04T16:48:45,32.475152509287,-111.29713143222034,0.20520000000000002
2025-05-04T16:48:46,32.475155191496015,-111.29713227041066,0.6696
2025-05-04T16:48:47,32.475154772400856,-111.29713386297226,0.6768000000000001
2025-05-04T16:48:48,32.475154185667634,-111.29713277332485,0.18000000000000002
2025-05-04T16:48:49,32.47515393421054,-111.29713118076324,0.0
2025-05-04T16:48:50,32.47515317983925,-111.29713059403002,0.0
2025-05-04T16:48:51,32.47515317983925,-111.29713059403002,0.0
2025-05-04T16:48:52,32.47515317983925,-111.29713059403002,0.0
2025-05-04T16:48:53,32.47515317983925,-111.29713059403002,0.0
2025-05-04T16:48:54,32.47515317983925,-111.29713059403002,0.0
2025-05-04T16:48:55,32.47515317983925,-111.29713059403002,0.0
2025-05-04T16:48:56,32.47515317983925,-111.29713059403002,0.0
2025-05-04T16:48:57,32.47515317983925,-111.29713059403002,0.0
2025-05-04T16:48:58,32.47515317983925,-111.29713059403002,0.0
2025-05-04T16:48:59,32.47516189701855,-111.29713394679129,0.0648
2025-05-04T16:49:00,32.4751646630466,-111.29713403061032,0.0
2025-05-04T16:49:01,32.4751646630466,-111.29713403061032,0.0
2025-05-04T16:49:02,32.475163070484996,-111.29713620990515,0.1656
2025-05-04T16:49:03,32.475161058828235,-111.29713478498161,0.1512
2025-05-04T16:49:04,32.47516072355211,-111.29713294096291,0.1116
2025-05-04T16:49:05,32.47515829280019,-111.29713620990515,0.0
2025-05-04T16:49:06,32.47515829280019,-111.29713620990515,0.0
2025-05-04T16:49:07,32.47515829280019,-111.29713620990515,0.0
2025-05-04T16:49:08,32.47515829280019,-111.29713620990515,0.0
2025-05-04T16:49:09,32.47515829280019,-111.29713620990515,0.0
2025-05-04T16:49:10,32.47515829280019,-111.29713620990515,0.0
2025-05-04T16:49:11,32.47515217401087,-111.29713813774288,0.1116
2025-05-04T16:49:12,32.47515510767698,-111.29713981412351,0.4716
2025-05-04T16:49:13,32.47515267692506,-111.29714040085673,0.3528
2025-05-04T16:49:14,32.47515678405762,-111.297138473019,1.0655999999999999
2025-05-04T16:49:15,32.47515795752406,-111.2971355393529,0.33840000000000003
2025-05-04T16:49:16,32.475157203152776,-111.2971366290003,0.63
2025-05-04T16:49:17,32.475156700238585,-111.29713520407677,0.5760000000000001
2025-05-04T16:49:18,32.47515401802957,-111.29713352769613,0.31679999999999997
2025-05-04T16:49:19,32.475158208981156,-111.29713394679129,0.0
2025-05-04T16:49:20,32.475158208981156,-111.29713394679129,0.0
2025-05-04T16:49:21,32.47515980154276,-111.29713151603937,0.2196
2025-05-04T16:49:22,32.47516022063792,-111.29712983965874,0.1944
2025-05-04T16:49:23,32.47515829280019,-111.29713034257293,0.2124
2025-05-04T16:49:24,32.47515837661922,-111.29713352769613,0.0
2025-05-04T16:49:25,32.47515837661922,-111.29713352769613,0.0
2025-05-04T16:49:26,32.47515837661922,-111.29713352769613,0.0
2025-05-04T16:49:27,32.47515837661922,-111.29713352769613,0.0
2025-05-04T16:49:28,32.47515837661922,-111.29713352769613,0.0
2025-05-04T16:49:29,32.47515837661922,-111.29713352769613,0.0
2025-05-04T16:49:30,32.47515837661922,-111.29713352769613,0.0
2025-05-04T16:49:31,32.47515837661922,-111.29713352769613,0.0
2025-05-04T16:55:14,32.47510029003024,-111.29724333062768,6.9804
2025-05-04T16:55:15,32.475081933662295,-111.29723126068711,7.2864
2025-05-04T16:57:27,32.47513490729034,-111.29721357487142,0.0
2025-05-04T16:57:36,32.47513490729034,-111.29721357487142,0.0
2025-05-04T16:57:37,32.47513490729034,-111.29721357487142,0.0
2025-05-04T16:59:19,32.47521202079952,-111.29725112579763,0.0
2025-05-04T16:59:20,32.47521202079952,-111.29725112579763,0.0
2025-05-04T17:00:28,32.47511504217982,-111.29732748493552,0.0
2025-05-04T17:00:29,32.47511504217982,-111.29732748493552,0.0
2025-05-04T17:00:30,32.47511504217982,-111.29732748493552,0.0
2025-05-04T17:00:31,32.47511504217982,-111.29732748493552,0.0
2025-05-04T17:01:12,32.47524496167898,-111.29716194234788,0.0
2025-05-04T17:01:13,32.47524496167898,-111.29716194234788,0.0
2025-05-04T17:01:14,32.47524496167898,-111.29716194234788,0.0
2025-05-04T17:01:15,32.47524496167898,-111.29716194234788,0.0
2025-05-04T17:01:16,32.47524496167898,-111.29716194234788,0.0
2025-05-04T17:01:17,32.47524496167898,-111.29716194234788,0.0
2025-05-04T17:01:18,32.47524496167898,-111.29716194234788,0.0
2025-05-04T17:01:19,32.47524496167898,-111.29716194234788,0.0
2025-05-04T17:01:34,32.47524496167898,-111.29716194234788,0.0
2025-05-04T17:01:35,32.47524496167898,-111.29716194234788,0.0
2025-05-04T17:01:36,32.47524496167898,-111.29716194234788,0.0
2025-05-04T17:01:44,32.47524496167898,-111.29716194234788,0.0
2025-05-04T17:01:45,32.47524496167898,-111.29716194234788,0.0
2025-05-04T17:05:00,32.475219229236245,-111.29712824709713,0.0
2025-05-04T17:05:01,32.475219229236245,-111.29712824709713,0.0
2025-05-04T17:05:06,32.475219229236245,-111.29712824709713,0.0
2025-05-04T17:05:07,32.475219229236245,-111.29712824709713,0.0
2025-05-04T17:07:01,32.474903063848615,-111.29671434871852,12.2904
2025-05-04T17:07:02,32.47490440495312,-111.29668199457228,11.7072
2025-05-04T17:07:04,32.47491018846631,-111.2966278474778,9.943200000000001
2025-05-04T17:07:05,32.47492636553943,-111.29659339785576,9.943200000000001
2025-05-04T17:07:06,32.47494497336447,-111.29656950943172,9.345600000000001
2025-05-04T17:07:07,32.474964587017894,-111.29654888994992,9.1872
2025-05-04T17:07:08,32.474983194842935,-111.29653296433389,9.1872
2025-05-04T17:07:09,32.4750092625618,-111.29652508534491,9.1872
2025-05-04T17:07:10,32.475043293088675,-111.29651544615626,11.534400000000002
2025-05-04T17:07:11,32.47507128864527,-111.2965099979192,11.534400000000002
2025-05-04T17:07:12,32.475096601992846,-111.29650698043406,11.534400000000002
2025-05-04T17:07:13,32.47512744739652,-111.29650228656828,12.0888
2025-05-04T17:07:14,32.47515946626663,-111.29649449139833,12.366
2025-05-04T17:07:15,32.47518628835678,-111.29649038426578,10.5696
2025-05-04T17:07:16,32.47521327808499,-111.2964930664748,10.5696
2025-05-04T17:07:17,32.475241189822555,-111.29649088717997,10.5696
2025-05-04T17:07:18,32.47527161613107,-111.2964946590364,10.6812
2025-05-04T17:07:19,32.47530195862055,-111.29649382084608,10.8612
2025-05-04T17:07:20,32.47533087618649,-111.29649432376027,11.3004
2025-05-04T17:07:21,32.47535979375243,-111.29649507813156,11.3004
2025-05-04T17:07:22,32.47538695111871,-111.29649365320802,11.3004
2025-05-04T17:07:23,32.4754199758172,-111.2964896298945,11.3256
2025-05-04T17:07:24,32.475451324135065,-111.29648610949516,11.7936
2025-05-04T17:07:25,32.475480576977134,-111.29648300819099,11.2932
2025-05-04T17:07:26,32.47551083564758,-111.29647823050618,11.6856
2025-05-04T17:07:27,32.47553992085159,-111.29647336900234,11.6856
2025-05-04T17:07:28,32.47555609792471,-111.2964322976768,11.6748
2025-05-04T17:07:29,32.47558048926294,-111.29641762934625,10.8612
2025-05-04T17:07:30,32.47560580261052,-111.29641293548048,10.6956
2025-05-04T17:07:31,32.47562759555876,-111.2963997758925,9.954
2025-05-04T17:07:32,32.47565005905926,-111.29638611339033,9.723600000000001
2025-05-04T17:07:33,32.47567201964557,-111.29636926576495,10.0404
2025-05-04T17:07:34,32.475696578621864,-111.296350909397,10.663200000000002
2025-05-04T17:07:35,32.47570923529565,-111.29632819443941,9.619200000000001
2025-05-04T17:07:36,32.47571635991335,-111.29630338400602,8.708400000000001
2025-05-04T17:07:37,32.47571979649365,-111.29627631045878,8.154
2025-05-04T17:07:38,32.475725412368774,-111.29624445922673,9.054
2025-05-04T17:07:39,32.47573010623455,-111.29621185362339,10.2492
2025-05-04T17:07:40,32.47572583146393,-111.29618804901838,9.284400000000002
2025-05-04T17:07:41,32.475705966353416,-111.29616164602339,10.0296
2025-05-04T17:07:42,32.475690208375454,-111.29614722914994,8.5716
2025-05-04T17:07:43,32.47568031772971,-111.29612753167748,7.4052
2025-05-04T17:07:44,32.475668247789145,-111.29610674455762,7.596
2025-05-04T17:07:45,32.475651232525706,-111.29607967101038,9.216000000000001
2025-05-04T17:07:46,32.475633546710014,-111.2960490770638,11.0448
2025-05-04T17:07:47,32.47562197968364,-111.29602435044944,10.6236
2025-05-04T17:07:48,32.47560798190534,-111.29599928855896,10.296
2025-05-04T17:07:49,32.47559079900384,-111.29597674123943,10.0512
2025-05-04T17:07:50,32.47557755559683,-111.29595008678734,10.0224
2025-05-04T17:07:51,32.47556548565626,-111.29592477343976,9.579600000000001
2025-05-04T17:07:52,32.47555693611503,-111.29590624943376,8.5212
2025-05-04T17:07:53,32.475541010499,-111.29588412120938,9.0036
2025-05-04T17:07:54,32.47552676126361,-111.29586333408952,8.9496
2025-05-04T17:07:55,32.47551309876144,-111.2958402838558,9.201600000000001
2025-05-04T17:07:56,32.47549784369767,-111.2958157248795,9.666
2025-05-04T17:07:57,32.47548434883356,-111.29578781314194,10.0044
2025-05-04T17:07:58,32.475472865626216,-111.29575319588184,11.2428
2025-05-04T17:07:59,32.47545878402889,-111.29572620615363,10.71
2025-05-04T17:08:00,32.47545677237213,-111.29570256918669,9.2268
2025-05-04T17:08:01,32.47545953840017,-111.29567692056298,8.474400000000001
2025-05-04T17:08:02,32.475463058799505,-111.2956497631967,8.3124
2025-05-04T17:08:03,32.47547261416912,-111.29564766772091,4.5036
2025-05-04T17:08:04,32.47547110542655,-111.29565889947116,0.8784
2025-05-04T17:08:06,32.47547747567296,-111.29564624279737,0.9936000000000001
2025-05-04T17:08:07,32.47549549676478,-111.29562528803945,4.6692
2025-05-04T17:08:08,32.475522235035896,-111.29560357891023,8.6904
2025-05-04T17:08:09,32.475549476221204,-111.295584468171,10.663200000000002
2025-05-04T17:08:10,32.47556590475142,-111.29556736908853,9.7308
2025-05-04T17:08:11,32.4755618814379,-111.29555110819638,6.4872000000000005
2025-05-04T17:08:12,32.47556137852371,-111.29554314538836,4.7628
2025-05-04T17:08:13,32.47556045651436,-111.29553568549454,3.8664000000000005
2025-05-04T17:08:14,32.475562300533056,-111.29551514983177,5.122800000000001
2025-05-04T17:08:15,32.47555861249566,-111.2955173291266,2.6028
2025-05-04T17:08:16,32.47555718757212,-111.29552328027785,0.6156
2025-05-04T17:08:17,32.47555467300117,-111.2955223582685,1.3392
2025-05-04T17:08:18,32.47555165551603,-111.29551975987852,1.8432000000000002
2025-05-04T17:08:19,32.47553715482354,-111.29551146179438,4.888800000000001
2025-05-04T17:08:20,32.475507566705346,-111.29550752229989,8.334
2025-05-04T17:08:21,32.47547353617847,-111.29551087506115,10.519200000000001
2025-05-04T17:08:22,32.47545149177313,-111.29552084952593,9.2592
2025-05-04T17:08:23,32.47543305158615,-111.29552152007818,8.1468
2025-05-04T17:08:24,32.475408744066954,-111.29552093334496,9.3636
2025-05-04T17:08:25,32.475378066301346,-111.29551691003144,11.1996
2025-05-04T17:08:26,32.47534747235477,-111.29551774822176,11.869200000000001
2025-05-04T17:08:27,32.475318470969796,-111.2955168262124,11.79
2025-05-04T17:08:28,32.475293911993504,-111.2955102045089,10.962
2025-05-04T17:08:29,32.475270526483655,-111.29550048150122,10.231200000000001
2025-05-04T17:08:30,32.47525711543858,-111.29548120312393,8.8488
2025-05-04T17:08:31,32.47525460086763,-111.29545278847218,8.442
2025-05-04T17:08:32,32.47526105493307,-111.29542102105916,9.370800000000001
2025-05-04T17:08:33,32.475262228399515,-111.29539176821709,9.6768
2025-05-04T17:08:34,32.47526817955077,-111.29536184482276,10.0656
2025-05-04T17:08:35,32.475276393815875,-111.29533024504781,10.3068
2025-05-04T17:08:36,32.47528167441487,-111.29529864527285,10.5084
2025-05-04T17:08:37,32.47528335079551,-111.29527433775365,9.107999999999999
2025-05-04T17:08:38,32.47528335079551,-111.29524357616901,9.298800000000002
2025-05-04T17:08:39,32.475282764062285,-111.29522966220975,6.372
2025-05-04T17:08:40,32.475283266976476,-111.29523150622845,2.3112
2025-05-04T17:08:41,32.47528452426195,-111.2952411454171,0.3096
2025-05-04T17:08:42,32.475289134308696,-111.29523963667452,0.7308000000000001
2025-05-04T17:08:43,32.47528653591871,-111.29524030722678,0.0648
2025-05-04T17:08:44,32.475284272804856,-111.29523452371359,0.5364
2025-05-04T17:08:45,32.47528477571905,-111.29523670300841,0.342
2025-05-04T17:08:46,32.47528653591871,-111.29523318260908,0.4572
2025-05-04T17:08:47,32.47528678737581,-111.29523159004748,0.48960000000000004
2025-05-04T17:08:48,32.47528653591871,-111.29523511044681,0.0756
2025-05-04T17:08:49,32.475285194814205,-111.29523636773229,0.2376
2025-05-04T17:08:50,32.475280752405524,-111.29523812793195,0.2592
2025-05-04T17:08:51,32.4752801656723,-111.29523997195065,0.2736
2025-05-04T17:08:52,32.47527765110135,-111.29523829557002,0.5075999999999999
2025-05-04T17:08:53,32.47527723200619,-111.29524148069322,0.15839999999999999
2025-05-04T17:08:54,32.47527748346329,-111.29523846320808,0.31679999999999997
2025-05-04T17:08:55,32.47527597472072,-111.29523678682745,0.0864
2025-05-04T17:08:56,32.47527563944459,-111.29523620009422,0.0756
2025-05-04T17:08:57,32.47527337633073,-111.2952273990959,1.4004
2025-05-04T17:08:58,32.475277399644256,-111.29520485177636,5.5116
2025-05-04T17:08:59,32.475284691900015,-111.29517911933362,7.452
2025-05-04T17:09:00,32.47531419619918,-111.29514860920608,10.450800000000001
2025-05-04T17:09:01,32.475370187312365,-111.2951631937176,15.354
2025-05-04T17:09:02,32.475457694381475,-111.29523385316133,28.3032
2025-05-04T17:09:03,32.47552500106394,-111.29531063139439,33.336
2025-05-04T17:09:04,32.475604293867946,-111.29535421729088,34.3476
2025-05-04T17:09:05,32.4757067207247,-111.29535865969956,36.943200000000004
2025-05-04T17:09:06,32.47581476345658,-111.29535899497569,40.2012
2025-05-04T17:09:07,32.475928673520684,-111.29536435939372,43.164
2025-05-04T17:09:08,32.47603696770966,-111.29537089727819,42.768
2025-05-04T17:09:09,32.4761076271534,-111.2953738309443,33.4764
2025-05-04T17:09:10,32.47618147172034,-111.29537450149655,31.9428
2025-05-04T17:09:11,32.476267889142036,-111.29537777043879,37.4004
2025-05-04T17:09:12,32.4762059468776,-111.29536176100373,5.0184
2025-05-04T17:09:13,32.47627895325422,-111.29534642212093,15.508799999999999
2025-05-04T17:09:14,32.47641323134303,-111.29524986259639,35.5392
2025-05-04T17:09:15,32.47647039592266,-111.29512572661042,38.235600000000005
2025-05-04T17:09:16,32.47649394907057,-111.29499614238739,39.2076
2025-05-04T17:09:17,32.4764855671674,-111.29485649988055,39.5856
2025-05-04T17:09:18,32.476470060646534,-111.29471375606954,40.849199999999996
2025-05-04T17:09:19,32.47645262628794,-111.29460571333766,37.681200000000004
2025-05-04T17:09:20,32.47640434652567,-111.29453865811229,32.1588
2025-05-04T17:09:21,32.47630367986858,-111.29454393871129,30.4992
2025-05-04T17:09:22,32.47625581920147,-111.29455106332898,21.9312
2025-05-04T17:09:23,32.47622463852167,-111.29453807137907,15.8652
2025-05-04T17:09:24,32.4761694855988,-111.29448912106454,22.9248
2025-05-04T17:09:25,32.47614283114672,-111.29440169781446,27.4392
2025-05-04T17:09:26,32.47615875676274,-111.29429960623384,30.859199999999998
2025-05-04T17:09:27,32.476175520569086,-111.29420874640346,31.4892
2025-05-04T17:09:28,32.47618784196675,-111.2941047269851,33.2892
2025-05-04T17:09:29,32.47623721137643,-111.29400917328894,35.0928
2025-05-04T17:09:30,32.476318599656224,-111.29392376169562,37.7028
2025-05-04T17:09:31,32.47638599015772,-111.29382493905723,39.5424
2025-05-04T17:09:32,32.47641893103719,-111.29372016526759,36.486
2025-05-04T17:09:33,32.47641222551465,-111.29364757798612,28.5516
2025-05-04T17:09:34,32.476381212472916,-111.29359066486359,23.0616
2025-05-04T17:09:35,32.47638691216707,-111.29354096017778,20.311200000000003
2025-05-04T17:09:36,32.47638716362417,-111.29348781891167,20.134800000000002
2025-05-04T17:09:37,32.47637836262584,-111.29342118278146,22.9248
2025-05-04T17:09:38,32.476373333483934,-111.29334683530033,25.1856
2025-05-04T17:09:39,32.476376267150044,-111.293277265504,24.256800000000002
2025-05-04T17:09:40,32.476385151967406,-111.2931855674833,28.4724
2025-05-04T17:09:41,32.476389510557055,-111.29307660274208,33.3144
2025-05-04T17:09:42,32.4763766862452,-111.2929611839354,36.212399999999995
2025-05-04T17:09:43,32.47634592466056,-111.29286160692573,34.1316
2025-05-04T17:09:44,32.476278617978096,-111.29282380454242,27.9468
2025-05-04T17:09:45,32.476193038746715,-111.29285867325962,25.282799999999998
2025-05-04T17:09:46,32.47613134793937,-111.29291768185794,25.660800000000002
2025-05-04T17:09:47,32.47608248144388,-111.29298314452171,26.377200000000002
2025-05-04T17:09:48,32.4760761950165,-111.2930494453758,22.780800000000003
2025-05-04T17:09:49,32.4760851636529,-111.29313703626394,24.9552
2025-05-04T17:09:50,32.476075356826186,-111.29322638735175,27.5184
2025-05-04T17:09:51,32.47604375705123,-111.29331280477345,28.969200000000004
2025-05-04T17:09:52,32.476019617170095,-111.29339477978647,29.275199999999998
2025-05-04T17:09:53,32.475975193083286,-111.29350340925157,34.113600000000005
2025-05-04T17:09:54,32.47590679675341,-111.2935381103307,29.1708
2025-05-04T17:09:55,32.47580646537244,-111.29349469207227,30.9744
2025-05-04T17:09:56,32.47573639266193,-111.29341766238213,32.4828
2025-05-04T17:09:57,32.475709319114685,-111.2933293171227,29.9772
2025-05-04T17:09:58,32.47572817839682,-111.29324742592871,26.0928
2025-05-04T17:09:59,32.47577218338847,-111.29317416809499,26.265600000000003
2025-05-04T17:10:00,32.475782074034214,-111.29310669377446,24.5808
2025-05-04T17:10:01,32.47577302157879,-111.29302924498916,24.8688
2025-05-04T17:10:02,32.47577838599682,-111.29295280203223,25.3008
2025-05-04T17:10:03,32.475782157853246,-111.29286831244826,26.5896
2025-05-04T17:10:04,32.475775703787804,-111.29279614426196,26.0928
2025-05-04T17:10:05,32.47576279565692,-111.29274032078683,22.564799999999998
2025-05-04T17:10:06,32.47569766826928,-111.29269849509001,23.1372
2025-05-04T17:10:07,32.47562265023589,-111.29270763136446,23.5332
2025-05-04T17:10:08,32.47556841932237,-111.29275280982256,22.23
2025-05-04T17:10:09,32.475523157045245,-111.29277837462723,20.818800000000003
2025-05-04T17:10:10,32.47549298219383,-111.29283134825528,20.7864
2025-05-04T17:10:11,32.47549356892705,-111.29292639903724,24.303600000000003
2025-05-04T17:10:12,32.4755029566586,-111.2930325139314,30.009600000000002
2025-05-04T17:10:13,32.47550689615309,-111.29311968572438,28.6704
2025-05-04T17:10:14,32.475515780970454,-111.29317793995142,23.8212
2025-05-04T17:10:15,32.47550723142922,-111.29326025024056,26.056800000000003
2025-05-04T17:10:16,32.47552977874875,-111.29330467432737,21.6504
2025-05-04T17:10:17,32.47551301494241,-111.29335580393672,18.4464
2025-05-04T17:10:18,32.4755167029798,-111.29340207204223,16.999200000000002
2025-05-04T17:10:19,32.47548979707062,-111.29344926215708,17.5644
2025-05-04T17:10:20,32.47540480457246,-111.29349879920483,24.8328
2025-05-04T17:10:21,32.47530891560018,-111.29349033348262,29.282400000000003
2025-05-04T17:10:22,32.475223671644926,-111.29345026798546,32.0328
2025-05-04T17:10:23,32.47515636496246,-111.2934223562479,28.8612
2025-05-04T17:10:24,32.47513214126229,-111.29336795769632,21.4632
2025-05-04T17:10:25,32.47513683512807,-111.29329905845225,19.738799999999998
2025-05-04T17:10:26,32.4751506652683,-111.2932236213237,21.967200000000002
2025-05-04T17:10:27,32.47514655813575,-111.29316637292504,19.526400000000002
2025-05-04T17:10:28,32.47514127753675,-111.29312505014241,17.6472
2025-05-04T17:10:29,32.47512769885361,-111.29309060052037,15.5952
2025-05-04T17:10:30,32.47511378489435,-111.29301683977246,19.08
2025-05-04T17:10:31,32.4751059897244,-111.29295464605093,20.3364
2025-05-04T17:10:32,32.47506508603692,-111.29289010539651,23.5224
2025-05-04T17:10:33,32.47500431723893,-111.29281751811504,28.256400000000003
2025-05-04T17:10:34,32.47494597919285,-111.29278399050236,25.5924
2025-05-04T17:10:35,32.47490298002958,-111.29280025139451,18.4068
2025-05-04T17:10:36,32.474875655025244,-111.2928060349077,14.2272
2025-05-04T17:10:37,32.474849754944444,-111.29277627915144,13.302
2025-05-04T17:10:38,32.47481329366565,-111.2927558273077,14.994
2025-05-04T17:10:39,32.47476568445563,-111.29274660721421,17.208000000000002
2025-05-04T17:10:40,32.47471899725497,-111.29273721948266,18.6768
2025-05-04T17:10:41,32.47466870583594,-111.29274669103324,19.9908
2025-05-04T17:10:42,32.474604584276676,-111.29274124279618,23.202
2025-05-04T17:10:43,32.474526297301054,-111.29274459555745,26.802000000000003
2025-05-04T17:10:44,32.47446401976049,-111.29275549203157,25.693199999999997
2025-05-04T17:10:45,32.4744082801044,-111.29274987615645,24.5772
2025-05-04T17:10:46,32.47433502227068,-111.29274149425328,27.6444
2025-05-04T17:10:47,32.47424307279289,-111.29274543374777,32.418000000000006
2025-05-04T17:10:48,32.474179370328784,-111.29276052117348,27.9828
2025-05-04T17:10:49,32.47414642944932,-111.29277284257114,20.559600000000003
2025-05-04T17:10:50,32.47414852492511,-111.29275088198483,11.6856
2025-05-04T17:10:51,32.47410443611443,-111.29275071434677,14.778000000000002
2025-05-04T17:10:52,32.474045008420944,-111.29274853505194,19.5984
2025-05-04T17:10:53,32.47396378777921,-111.29276831634343,26.5104
2025-05-04T17:10:54,32.473895056173205,-111.29281240515411,29.0448
2025-05-04T17:10:55,32.47385071590543,-111.29288381896913,27.950400000000002
2025-05-04T17:10:56,32.473862282931805,-111.29295908845961,22.7088
2025-05-04T17:10:57,32.47387586161494,-111.29302371293306,21.477600000000002
2025-05-04T17:10:58,32.473910646513104,-111.29308288916945,21.8448
2025-05-04T17:10:59,32.47395733371377,-111.29311633296311,20.534399999999998
2025-05-04T17:11:00,32.474013241007924,-111.2931255530566,21.297600000000003
2025-05-04T17:11:01,32.47409421019256,-111.29313125275075,26.5428
2025-05-04T17:11:02,32.47418146580458,-111.29314608871937,30.384
2025-05-04T17:11:03,32.474278109148145,-111.29313712008297,34.0164
2025-05-04T17:11:04,32.47435748577118,-111.29313544370234,31.820400000000003
2025-05-04T17:11:05,32.474411968141794,-111.293168887496,26.582400000000003
2025-05-04T17:11:06,32.47446158900857,-111.29319336265326,22.960800000000003
2025-05-04T17:11:07,32.47451305389404,-111.29320710897446,24.6888
2025-05-04T17:11:08,32.47456510551274,-111.29317249171436,26.424
2025-05-04T17:11:09,32.47466208413243,-111.29316243343055,33.93000000000001
2025-05-04T17:11:10,32.47475621290505,-111.29317165352404,37.1232
2025-05-04T17:11:11,32.474839529022574,-111.29321306012571,36.7632
2025-05-04T17:11:12,32.47488998807967,-111.29327718168497,31.2696
2025-05-04T17:11:13,32.47491521760821,-111.2933409679681,26.1396
2025-05-04T17:11:14,32.47496374882758,-111.29342135041952,30.852
2025-05-04T17:11:15,32.474971460178494,-111.29348765127361,27.6408
2025-05-04T17:11:16,32.475011609494686,-111.2935983762145,34.4232
2025-05-04T17:11:17,32.475047651678324,-111.29366090521216,29.142000000000003
2025-05-04T17:11:18,32.475039437413216,-111.29369300790131,19.08
2025-05-04T17:11:19,32.47502099722624,-111.29371689632535,12.7188
2025-05-04T17:11:20,32.47498361393809,-111.29373852163553,13.003200000000001
2025-05-04T17:11:21,32.47491898946464,-111.29375268705189,19.447200000000002
2025-05-04T17:11:22,32.47483936138451,-111.29374514333904,25.1748
2025-05-04T17:11:23,32.47476124204695,-111.29369870759547,28.944
2025-05-04T17:11:24,32.474711034446955,-111.29360927268863,31.0608
2025-05-04T17:11:25,32.47463895007968,-111.29355110228062,33.2316
2025-05-04T17:11:26,32.47454565949738,-111.29354598931968,33.9804
2025-05-04T17:11:27,32.47445614077151,-111.29357465542853,33.1092
2025-05-04T17:11:28,32.47439377941191,-111.29360474646091,28.378800000000002
2025-05-04T17:11:29,32.47432773001492,-111.29362310282886,28.486800000000002
2025-05-04T17:11:30,32.47425623238087,-111.29364816471934,30.423600000000004
2025-05-04T17:11:31,32.47423477470875,-111.29360055550933,22.9464
2025-05-04T17:11:32,32.47415539808571,-111.29358060657978,28.159200000000002
2025-05-04T17:11:33,32.47407409362495,-111.2935830373317,31.1184
2025-05-04T17:11:34,32.473972253501415,-111.29359301179647,35.838
2025-05-04T17:11:35,32.473890110850334,-111.29363441839814,35.064
2025-05-04T17:11:36,32.47384040616453,-111.29372209310532,31.7088
2025-05-04T17:11:37,32.47383261099458,-111.29383508116007,31.9392
2025-05-04T17:11:38,32.473861863836646,-111.2939424533397,33.5484
2025-05-04T17:11:39,32.47392422519624,-111.29402467980981,33.3324
2025-05-04T17:11:40,32.47399773448706,-111.29406625404954,30.1752
2025-05-04T17:11:41,32.47407719492912,-111.29405787214637,29.660400000000003
2025-05-04T17:11:42,32.474090522155166,-111.29404353909194,21.2256
2025-05-04T17:11:43,32.47415129095316,-111.29404814913869,22.986
2025-05-04T17:11:44,32.47420443221927,-111.2940650805831,22.435200000000002
2025-05-04T17:11:45,32.474269391968846,-111.29407161846757,24.8652
2025-05-04T17:11:46,32.474354803562164,-111.29407262429595,29.754
2025-05-04T17:11:47,32.47443384490907,-111.29407647997141,30.560400000000005
2025-05-04T17:11:48,32.474506264552474,-111.29408301785588,29.466
2025-05-04T17:11:49,32.47454423457384,-111.29408930428326,21.438000000000002
2025-05-04T17:11:50,32.474549934268,-111.29409550689161,11.6748
2025-05-04T17:11:51,32.474554628133774,-111.29408217966557,7.2396
2025-05-04T17:11:52,32.47460139915347,-111.29408486187458,12.69
2025-05-04T17:11:53,32.47464532032609,-111.29408402368426,15.552000000000001
2025-05-04T17:11:54,32.47468094341457,-111.29408804699779,15.5988
2025-05-04T17:11:55,32.474709106609225,-111.29410196095705,13.4568
2025-05-04T17:11:56,32.47473928146064,-111.29409911110997,12.3228
2025-05-04T17:11:57,32.47478110715747,-111.29410112276673,14.3316
2025-05-04T17:11:58,32.4748208373785,-111.29409877583385,15.9696
2025-05-04T17:11:59,32.47488345019519,-111.2940957583487,21.6144
2025-05-04T17:12:00,32.47496400028467,-111.29410405643284,28.1304
2025-05-04T17:12:01,32.47504614293575,-111.2941253464669,30.9132
2025-05-04T17:12:02,32.475098110735416,-111.29412459209561,25.2072
2025-05-04T17:12:03,32.475128369405866,-111.29410028457642,18.021600000000003
2025-05-04T17:12:04,32.475143456831574,-111.2940508313477,16.3836
2025-05-04T17:12:05,32.47517321258783,-111.29398595541716,20.753999999999998
2025-05-04T17:12:06,32.47521839104593,-111.29391018301249,26.3736
2025-05-04T17:12:07,32.47525812126696,-111.29384564235806,26.37
2025-05-04T17:12:08,32.475300282239914,-111.29380532540381,22.9968
2025-05-04T17:12:09,32.47532500885427,-111.29378713667393,17.0928
2025-05-04T17:12:10,32.47535535134375,-111.29379132762551,12.5892
2025-05-04T17:12:11,32.47539390809834,-111.2938404455781,14.1012
2025-05-04T17:12:12,32.4753959197551,-111.29389291629195,13.716000000000001
2025-05-04T17:12:13,32.47539340518415,-111.29392904229462,12.4704
2025-05-04T17:12:14,32.475418047979474,-111.29395603202283,12.373199999999999
2025-05-04T17:12:15,32.475466495379806,-111.29399609752,18.0396
2025-05-04T17:12:16,32.47553204186261,-111.29402912221849,23.3676
2025-05-04T17:12:17,32.47561292722821,-111.29399836063385,26.8452
2025-05-04T17:12:18,32.475686771795154,-111.29392426460981,31.226399999999998
2025-05-04T17:12:19,32.47574519366026,-111.29384815692902,32.1012
2025-05-04T17:12:20,32.47582339681685,-111.29382074810565,30.3444
2025-05-04T17:12:21,32.47588064521551,-111.29381345584989,24.9012
2025-05-04T17:12:22,32.47592112980783,-111.29387925378978,21.276
2025-05-04T17:12:23,32.47591467574239,-111.29399207420647,25.4556
2025-05-04T17:12:24,32.475884668529034,-111.2940960098058,29.4732
2025-05-04T17:12:25,32.47587947174907,-111.29415208473802,22.9356
2025-05-04T17:12:26,32.47588776983321,-111.29416792653501,13.4748
2025-05-04T17:12:27,32.47589816339314,-111.29419282078743,11.394
2025-05-04T17:12:28,32.47590830549598,-111.29427957348526,20.7756
2025-05-04T17:12:29,32.47590788640082,-111.29438082687557,27.8064
2025-05-04T17:12:30,32.47591249644756,-111.29447269253433,29.710800000000003
2025-05-04T17:12:31,32.47592993080616,-111.29457679577172,32.958
2025-05-04T17:12:32,32.47597552835941,-111.2946742773056,34.9992
2025-05-04T17:12:33,32.47603462077677,-111.29476999863982,37.746
2025-05-04T17:12:34,32.47608725912869,-111.2948849145323,41.284800000000004
2025-05-04T17:12:35,32.476094802841544,-111.29499899223447,38.818799999999996
2025-05-04T17:12:36,32.4760624486953,-111.2951164226979,37.8936
2025-05-04T17:12:37,32.47598516754806,-111.2951824720949,33.580799999999996
2025-05-04T17:12:38,32.47591316699982,-111.2951600085944,26.085600000000003
2025-05-04T17:12:39,32.47584200464189,-111.29509630613029,28.062
2025-05-04T17:12:40,32.475776793435216,-111.29504299722612,30.0816
2025-05-04T17:12:41,32.47571870684624,-111.2949834857136,30.7008
2025-05-04T17:12:42,32.47566212899983,-111.2949060369283,32.8392
2025-05-04T17:12:43,32.475609155371785,-111.2948249001056,33.6384
2025-05-04T17:12:44,32.475558863952756,-111.29475424066186,31.413600000000002
2025-05-04T17:12:45,32.47551108710468,-111.29471182823181,26.6976
2025-05-04T17:12:46,32.47548342682421,-111.29467327147722,21.002399999999998
2025-05-04T17:12:47,32.47544537298381,-111.2946602795273,19.6812
2025-05-04T17:12:48,32.47538653202355,-111.2946034502238,25.8048
2025-05-04T17:12:49,32.47531771659851,-111.29454167559743,30.805200000000003
2025-05-04T17:12:50,32.47523599304259,-111.2944980058819,33.7284
2025-05-04T17:12:51,32.4751456361264,-111.29448333755136,34.8588
2025-05-04T17:12:52,32.47504413127899,-111.29447503946722,37.3788
2025-05-04T17:12:53,32.474947487935424,-111.29449381493032,37.9188
2025-05-04T17:12:54,32.47486174106598,-111.2945239059627,36.1584
2025-05-04T17:12:55,32.47482318431139,-111.29459892399609,29.1816
2025-05-04T17:12:56,32.47483734972775,-111.29473336972296,32.562
2025-05-04T17:12:57,32.474843300879,-111.29484811797738,35.8956
2025-05-04T17:12:58,32.47484279796481,-111.29495305940509,36.1188
2025-05-04T17:12:59,32.47483165003359,-111.29506043158472,35.5068
2025-05-04T17:13:00,32.474840534850955,-111.29515296779573,32.6124
2025-05-04T17:13:01,32.4749315623194,-111.29520853981376,31.77
2025-05-04T17:13:02,32.47505687177181,-111.29518674686551,36.5184
2025-05-04T17:13:03,32.47515737079084,-111.29514349624515,39.2436
2025-05-04T17:13:04,32.4752545170486,-111.29513092339039,39.3192
2025-05-04T17:13:05,32.47535543516278,-111.2951476033777,39.790800000000004
2025-05-04T17:13:06,32.4754580296576,-111.29519160836935,40.7016
2025-05-04T17:13:07,32.47554302215576,-111.2952890060842,42.7248
2025-05-04T17:13:08,32.47562809847295,-111.29535857588053,42.523199999999996
2025-05-04T17:13:09,32.475737230852246,-111.29537718370557,42.4728
2025-05-04T17:13:10,32.47586354613304,-111.29536553286016,45.0612
2025-05-04T17:13:11,32.475973600521684,-111.29536025226116,44.388
2025-05-04T17:13:12,32.47606672346592,-111.29536419175565,39.8232
2025-05-04T17:13:13,32.47611324302852,-111.29537232220173,27.2196
2025-05-04T17:13:14,32.47618222609162,-111.29536603577435,27.943199999999997
2025-05-04T17:13:15,32.476230673491955,-111.29534809850156,28.2636
2025-05-04T17:13:16,32.476320527493954,-111.29535346291959,32.4072
2025-05-04T17:13:17,32.476385068148375,-111.2953257188201,27.943199999999997
2025-05-04T17:13:18,32.47644977644086,-111.2952168378979,32.526
2025-05-04T17:13:19,32.47646461240947,-111.29507384262979,38.242799999999995
2025-05-04T17:13:20,32.47647969983518,-111.29495657980442,38.4156
2025-05-04T17:13:21,32.47647668235004,-111.29484183155,37.71
2025-05-04T17:13:22,32.476464193314314,-111.29472590982914,38.5812
2025-05-04T17:13:23,32.47643569484353,-111.29464242607355,34.218
2025-05-04T17:13:24,32.47638096101582,-111.29459582269192,27.799200000000003
2025-05-04T17:13:25,32.476275600492954,-111.29461367614567,29.347199999999997
2025-05-04T17:13:26,32.476211143657565,-111.29460227675736,27.18
2025-05-04T17:13:27,32.47617325745523,-111.29453899338841,26.4384
2025-05-04T17:13:28,32.476167222484946,-111.29448392428458,22.993199999999998
2025-05-04T17:13:29,32.47613570652902,-111.29439172334969,28.656
2025-05-04T17:13:30,32.476142244413495,-111.29429139196873,31.150800000000004
2025-05-04T17:13:31,32.47617116197944,-111.29420564509928,31.453200000000002
2025-05-04T17:13:32,32.47621424496174,-111.29411587491632,33.004799999999996
2025-05-04T17:13:33,32.47625665739179,-111.2940185610205,35.5356
2025-05-04T17:13:34,32.476324466988444,-111.2939263600856,38.235600000000005
2025-05-04T17:13:35,32.47638967819512,-111.29382410086691,40.568400000000004
2025-05-04T17:13:36,32.47641943395138,-111.29372267983854,37.098
2025-05-04T17:13:37,32.47639738954604,-111.29365143366158,28.7784
2025-05-04T17:13:38,32.47636771760881,-111.29358412697911,25.9236
2025-05-04T17:13:39,32.47637811116874,-111.29353635013103,20.062800000000003
2025-05-04T17:13:40,32.47638573870063,-111.29346317611635,21.2256
2025-05-04T17:13:41,32.476377272978425,-111.2933813687414,23.976000000000003
2025-05-04T17:13:42,32.476372914388776,-111.2933034170419,25.509600000000002
2025-05-04T17:13:43,32.47637408785522,-111.29322655498981,26.7264
2025-05-04T17:13:44,32.476382134482265,-111.29312890581787,31.1544
2025-05-04T17:13:45,32.47637710534036,-111.29301809705794,34.6032
2025-05-04T17:13:46,32.476352294906974,-111.29289496690035,38.6388
2025-05-04T17:13:47,32.47629881836474,-111.29283864051104,32.04
2025-05-04T17:13:48,32.47622849419713,-111.29284157417715,25.7076
2025-05-04T17:13:49,32.47614484280348,-111.29290033131838,26.9028
2025-05-04T17:13:50,32.476092958822846,-111.29296889528632,27.8316
2025-05-04T17:13:51,32.476072926074266,-111.29305296577513,27.468
2025-05-04T17:13:52,32.47606487944722,-111.29315438680351,30.1644
2025-05-04T17:13:53,32.47606169432402,-111.29326578229666,33.879599999999996
2025-05-04T17:13:54,32.47604752890766,-111.29336887970567,34.772400000000005
2025-05-04T17:13:55,32.475988268852234,-111.29345739260316,35.2224
2025-05-04T17:13:56,32.475946778431535,-111.2934693787247,23.1012
2025-05-04T17:13:57,32.47582037933171,-111.29348698072135,32.857200000000006
2025-05-04T17:13:58,32.475750893354416,-111.29341422580183,31.806000000000004
2025-05-04T17:13:59,32.47572708874941,-111.29333577118814,26.992800000000003
2025-05-04T17:14:00,32.47576329857111,-111.29321188665926,31.086
2025-05-04T17:14:01,32.47581317089498,-111.29310778342187,35.132400000000004
2025-05-04T17:14:02,32.475814847275615,-111.29303209483624,30.272400000000005
2025-05-04T17:14:03,32.47580663301051,-111.29294877871871,28.519199999999998
2025-05-04T17:14:04,32.47579900547862,-111.29286797717214,27.5616
2025-05-04T17:14:05,32.47580738738179,-111.29279715009034,26.0784
2025-05-04T17:14:06,32.47578056529164,-111.29273235797882,24.3936
2025-05-04T17:14:07,32.475713258609176,-111.29269623197615,23.9328
2025-05-04T17:14:08,32.475651232525706,-111.29270520061255,22.6188
2025-05-04T17:14:09,32.475604712963104,-111.29272883757949,19.7892
2025-05-04T17:14:10,32.47554888948798,-111.29274350591004,20.253600000000002
2025-05-04T17:14:11,32.475507566705346,-111.29277845844626,20.224800000000002
2025-05-04T17:14:12,32.475499184802175,-111.29286194220185,22.302000000000003
2025-05-04T17:14:13,32.47551309876144,-111.29295699298382,25.721999999999998
2025-05-04T17:14:14,32.47552793473005,-111.29305749200284,28.324800000000003
2025-05-04T17:14:15,32.47553086839616,-111.29312639124691,25.038
2025-05-04T17:14:16,32.47552961111069,-111.29322772845626,29.833200000000005
2025-05-04T17:14:17,32.47552684508264,-111.29325429908931,21.8664
2025-05-04T17:14:18,32.47552533634007,-111.29330215975642,19.238400000000002
2025-05-04T17:14:19,32.475532460957766,-111.29332185722888,12.24
2025-05-04T17:14:20,32.47550739906728,-111.29339352250099,16.6392
2025-05-04T17:14:21,32.47545442543924,-111.29344205372036,20.4156
2025-05-04T17:14:22,32.475380999967456,-111.29347826354206,23.997600000000002
2025-05-04T17:14:23,32.47525904327631,-111.2934223562479,31.266000000000002
2025-05-04T17:14:24,32.475186455994844,-111.29340307787061,30.1392
2025-05-04T17:14:25,32.47514069080353,-111.29336938261986,24.408
2025-05-04T17:14:26,32.475137673318386,-111.29330023191869,19.706400000000002
2025-05-04T17:14:27,32.47516558505595,-111.29322479479015,22.0896
2025-05-04T17:14:28,32.475159130990505,-111.29315271042287,23.230800000000002
2025-05-04T17:14:29,32.47514437884092,-111.29310979507864,19.3284
2025-05-04T17:14:30,32.475129375234246,-111.29306151531637,18.3132
2025-05-04T17:14:31,32.47511722147465,-111.29300393164158,18.9648
2025-05-04T17:14:32,32.47510892339051,-111.29293838515878,20.556
2025-05-04T17:14:33,32.47507522813976,-111.292864959687,24.2964
2025-05-04T17:14:34,32.475012028589845,-111.29279958084226,27.971999999999998
2025-05-04T17:14:35,32.47493692673743,-111.29278667271137,26.247600000000002
2025-05-04T17:14:36,32.47488822788,-111.29280963912606,20.592
2025-05-04T17:14:37,32.4748831987381,-111.29281114786863,11.25
2025-05-04T17:14:38,32.4748520180583,-111.29278818145394,12.1068
2025-05-04T17:14:39,32.474793596193194,-111.29276412539184,18.036
2025-05-04T17:14:40,32.47474045492709,-111.29275180399418,20.0952
2025-05-04T17:14:41,32.4747034907341,-111.29276395775378,18.18
2025-05-04T17:14:42,32.47465160675347,-111.29277158528566,19.7496
2025-05-04T17:14:43,32.4745758343488,-111.29276563413441,24.782400000000003
2025-05-04T17:14:44,32.474494529888034,-111.29277317784727,27.828000000000003
2025-05-04T17:14:45,32.474429151043296,-111.2927835714072,27.1008
2025-05-04T17:14:46,32.47437114827335,-111.29276915453374,25.6248
2025-05-04T17:14:47,32.47428422793746,-111.29276202991605,29.577599999999997
2025-05-04T17:14:48,32.47421189211309,-111.29276412539184,28.4832
2025-05-04T17:14:49,32.47416361235082,-111.2927695736289,22.7772
2025-05-04T17:14:50,32.474111560732126,-111.29276731051505,21.9996
2025-05-04T17:14:51,32.47408624738455,-111.29276814870536,17.3808
2025-05-04T17:14:52,32.474059676751494,-111.2927492056042,14.4756
2025-05-04T17:14:53,32.47397703118622,-111.29277074709535,22.8384
2025-05-04T17:14:54,32.47389681637287,-111.29280293360353,29.073600000000003
2025-05-04T17:14:55,32.47385515831411,-111.2928557395935,26.0316
2025-05-04T17:14:56,32.47385147027671,-111.29296202212572,26.8272
2025-05-04T17:14:57,32.473861780017614,-111.29303553141654,25.4592
2025-05-04T17:14:58,32.47390226460993,-111.29310023970902,24.426000000000002
2025-05-04T17:14:59,32.473958590999246,-111.2931356113404,22.712400000000002
2025-05-04T17:15:00,32.474027406424284,-111.2931464239955,23.5872
2025-05-04T17:15:01,32.47410887852311,-111.29314382560551,26.6256
2025-05-04T17:15:02,32.47416612692177,-111.29314474761486,24.415200000000002
2025-05-04T17:15:03,32.47420560568571,-111.29313284531236,19.368
2025-05-04T17:15:04,32.47422262094915,-111.29313225857913,11.8188
2025-05-04T17:15:05,32.47423033230007,-111.29312890581787,6.8868
2025-05-04T17:15:06,32.47423058375716,-111.29312982782722,3.0456
2025-05-04T17:15:07,32.47422915883362,-111.29313209094107,1.1268
2025-05-04T17:15:08,32.47422563843429,-111.2931321747601,0.216
2025-05-04T17:15:09,32.47422563843429,-111.29312865436077,0.36000000000000004
2025-05-04T17:15:10,32.47422454878688,-111.29312496632338,0.2988
2025-05-04T17:15:11,32.47422270476818,-111.29312613978982,0.5724
2025-05-04T17:15:12,32.47422379441559,-111.29312563687563,0.4752
2025-05-04T17:15:13,32.47422203421593,-111.29312471486628,0.3816
2025-05-04T17:15:14,32.474220944568515,-111.29312085919082,0.18359999999999999
2025-05-04T17:15:15,32.47422178275883,-111.29312178120017,0.5544
2025-05-04T17:15:16,32.474221447482705,-111.29312454722822,0.47880000000000006
2025-05-04T17:15:17,32.47421868145466,-111.29312454722822,0.054
2025-05-04T17:15:18,32.47421717271209,-111.29312220029533,0.054
2025-05-04T17:15:19,32.47421742416918,-111.29311876371503,0.12600000000000003
2025-05-04T17:15:20,32.47421775944531,-111.29311624914408,0.24840000000000004
2025-05-04T17:15:21,32.47421583160758,-111.29311633296311,0.2988
2025-05-04T17:15:22,32.474229326471686,-111.29312094300985,3.4524
2025-05-04T17:15:23,32.4742491915822,-111.29311331547797,5.9399999999999995
2025-05-04T17:15:24,32.47426704503596,-111.293118679896,6.6240000000000006
2025-05-04T17:15:25,32.4742840602994,-111.2931218650192,6.7608
2025-05-04T17:15:26,32.47430727817118,-111.29313225857913,8.647200000000002
2025-05-04T17:15:27,32.47433594428003,-111.2931443285197,10.3068
2025-05-04T17:15:28,32.4743562284857,-111.29315983504057,9.6876
2025-05-04T17:15:29,32.47436570003629,-111.29316570237279,6.631200000000001
2025-05-04T17:15:30,32.47435706667602,-111.29316587001085,1.4400000000000002
2025-05-04T17:15:31,32.474358743056655,-111.2931596674025,2.0664
2025-05-04T17:15:32,32.47438841499388,-111.2931654509157,7.736400000000001
2025-05-04T17:15:33,32.47444172389805,-111.29316218197346,15.5268
2025-05-04T17:15:34,32.474518083035946,-111.29314818419516,24.4908
2025-05-04T17:15:35,32.474612379446626,-111.29313468933105,31.575600000000005
2025-05-04T17:15:36,32.47470642440021,-111.29314810037613,34.977599999999995
2025-05-04T17:15:37,32.47479963116348,-111.29318095743656,36.928799999999995
2025-05-04T17:15:38,32.4748726375401,-111.29324206151068,33.897600000000004
2025-05-04T17:15:39,32.4749038182199,-111.29330794326961,27.81
2025-05-04T17:15:40,32.47492888011038,-111.29338530823588,27.234
2025-05-04T17:15:41,32.474944554269314,-111.29347993992269,30.160800000000002
2025-05-04T17:15:42,32.47499719262123,-111.29357608035207,33.93000000000001
2025-05-04T17:15:43,32.475048741325736,-111.29362285137177,27.486
2025-05-04T17:15:44,32.47504664584994,-111.29365989938378,17.442
2025-05-04T17:15:45,32.47502158395946,-111.29371530376375,16.8084
2025-05-04T17:15:46,32.474989984184504,-111.29376333206892,18.1404
2025-05-04T17:15:47,32.474923599511385,-111.29377054050565,20.1384
2025-05-04T17:15:48,32.47485009022057,-111.29375369288027,23.85
2025-05-04T17:15:49,32.47478982433677,-111.29372368566692,24.5448
2025-05-04T17:15:50,32.47473534196615,-111.29366484470665,26.4024
2025-05-04T17:15:51,32.47470198199153,-111.29358362406492,26.4348
2025-05-04T17:15:52,32.47465504333377,-111.29354565404356,25.0524
2025-05-04T17:15:53,32.474603578448296,-111.2935534492135,22.215600000000002
2025-05-04T17:15:54,32.47452110052109,-111.2935537006706,27.9324
2025-05-04T17:15:55,32.474449602887034,-111.29357968457043,27.8712
2025-05-04T17:15:56,32.47439864091575,-111.29359183833003,23.4648
2025-05-04T17:15:57,32.474337285384536,-111.29359938204288,25.059600000000003
2025-05-04T17:15:58,32.474314821884036,-111.29357784055173,17.9316
2025-05-04T17:15:59,32.47425011359155,-111.29354238510132,21.1536
2025-05-04T17:16:00,32.4741783645004,-111.29352352581918,25.9416
2025-05-04T17:16:01,32.47410292737186,-111.29354582168162,28.3284
2025-05-04T17:16:02,32.47399848885834,-111.29357314668596,34.9092
2025-05-04T17:16:03,32.47390368953347,-111.29361773841083,37.0512
2025-05-04T17:16:04,32.473868150264025,-111.29371974617243,32.904
2025-05-04T17:16:05,32.47386647388339,-111.29381303675473,29.8512
2025-05-04T17:16:06,32.47389329597354,-111.29391169175506,30.924
2025-05-04T17:16:07,32.473936043679714,-111.29399693571031,30.762
2025-05-04T17:16:08,32.4740060325712,-111.29403423517942,27.3996
2025-05-04T17:16:09,32.47407551854849,-111.29402459599078,24.1308
2025-05-04T17:16:10,32.47415388934314,-111.29403498955071,26.737199999999998
2025-05-04T17:16:11,32.47422019019723,-111.29404437728226,26.6868
2025-05-04T17:16:12,32.47429302893579,-111.29406248219311,28.638
2025-05-04T17:16:13,32.47438623569906,-111.29406407475471,32.922
2025-05-04T17:16:14,32.47447759844363,-111.29407413303852,34.5816
2025-05-04T17:16:15,32.47453199699521,-111.29408352077007,26.9568
2025-05-04T17:16:16,32.47455504722893,-111.29408947192132,17.3088
2025-05-04T17:16:17,32.47456426732242,-111.29409248940647,11.2104
2025-05-04T17:16:18,32.47460030950606,-111.29408678971231,11.9412
2025-05-04T17:16:19,32.47463651932776,-111.29407706670463,13.0608
2025-05-04T17:16:20,32.474668873474,-111.29406893625855,13.716000000000001
2025-05-04T17:16:21,32.47469234280288,-111.29407656379044,11.214
2025-05-04T17:16:22,32.474727127701044,-111.29407849162817,13.114799999999999
2025-05-04T17:16:23,32.474762834608555,-111.29408092238009,13.6944
2025-05-04T17:16:24,32.474806839600205,-111.29408150911331,16.253999999999998
2025-05-04T17:16:25,32.474868865683675,-111.29409592598677,21.481199999999998
2025-05-04T17:16:26,32.47495804913342,-111.29410615190864,28.6092
2025-05-04T17:16:27,32.475045220926404,-111.29412316717207,31.068000000000005
2025-05-04T17:16:28,32.47510221786797,-111.29413079470396,25.473599999999998
2025-05-04T17:16:29,32.475133650004864,-111.294109756127,18.0144
2025-05-04T17:16:30,32.47515259310603,-111.29405787214637,17.064
2025-05-04T17:16:31,32.47519098222256,-111.2939889729023,22.384800000000002
2025-05-04T17:16:32,32.475239681079984,-111.29389459267259,29.984400000000004
2025-05-04T17:16:33,32.475286619737744,-111.29382535815239,29.106000000000005
2025-05-04T17:16:34,32.47533858753741,-111.29379074089229,24.814799999999998
2025-05-04T17:16:35,32.47539600357413,-111.2937955185771,21.6792
2025-05-04T17:16:36,32.47544948011637,-111.29386735148728,21.5388
2025-05-04T17:16:37,32.47543305158615,-111.29392761737108,15.937199999999999
2025-05-04T17:16:38,32.475441014394164,-111.29395653493702,13.5612
2025-05-04T17:16:39,32.47547806240618,-111.2939770705998,14.1228
2025-05-04T17:16:40,32.47551846317947,-111.29402727819979,17.416800000000002
2025-05-04T17:16:41,32.47558635659516,-111.2940323073417,20.2896
2025-05-04T17:16:42,32.47567160055041,-111.29394446499646,29.4372
2025-05-04T17:16:43,32.4757534917444,-111.29386592656374,35.74080000000001
2025-05-04T17:16:44,32.47581451199949,-111.29382887855172,32.8428
2025-05-04T17:16:45,32.475876454263926,-111.29380792379379,28.314
2025-05-04T17:16:46,32.47592934407294,-111.29384455271065,23.3748
2025-05-04T17:16:47,32.47593420557678,-111.29394102841616,22.0392
2025-05-04T17:16:48,32.4759123288095,-111.29405803978443,29.357999999999997
2025-05-04T17:16:49,32.47588793747127,-111.29412895068526,26.568
2025-05-04T17:16:50,32.47590076178312,-111.29417287185788,19.296000000000003
2025-05-04T17:16:51,32.475913586094975,-111.2941858638078,12.3084
2025-05-04T17:16:52,32.475915011018515,-111.29424311220646,15.8436
2025-05-04T17:16:53,32.47591786086559,-111.29436054266989,27.215999999999998
2025-05-04T17:16:54,32.47591283172369,-111.29445475526154,29.5848
2025-05-04T17:16:55,32.47593772597611,-111.29456003196537,32.9688
2025-05-04T17:16:56,32.475979467853904,-111.2946676556021,35.8956
2025-05-04T17:16:57,32.47603755444288,-111.29477025009692,38.7072
2025-05-04T17:16:58,32.47608809731901,-111.29487359896302,39.798
2025-05-04T17:16:59,32.4761142488569,-111.29498155787587,37.476
2025-05-04T17:17:00,32.47607896104455,-111.29510074853897,36.208800000000004
2025-05-04T17:17:01,32.475994136184454,-111.29517249763012,33.9084
2025-05-04T17:17:02,32.475906712934375,-111.2951441667974,28.4364
2025-05-04T17:17:03,32.475847536697984,-111.29510535858572,26.1
2025-05-04T17:17:04,32.47579489834607,-111.29504593089223,26.6292
2025-05-04T17:17:05,32.47573245316744,-111.29497510381043,30.304799999999997
2025-05-04T17:17:06,32.47566623613238,-111.29490343853831,33.7716
2025-05-04T17:17:07,32.4755946546793,-111.29482598975301,36.7272
2025-05-04T17:17:08,32.47553522698581,-111.2947329506278,38.0268
2025-05-04T17:17:09,32.475484516471624,-111.2946864310652,29.649600000000003
2025-05-04T17:17:10,32.475423412397504,-111.29467997699976,26.4492
2025-05-04T17:17:11,32.47539893724024,-111.29464661702514,23.259600000000002
2025-05-04T17:17:12,32.47533808462322,-111.29457218572497,29.4012
2025-05-04T17:17:13,32.4752545170486,-111.29452080465853,33.9084
2025-05-04T17:17:14,32.475161142647266,-111.29449054598808,36.4356
2025-05-04T17:17:15,32.47505628503859,-111.29448601976037,38.7072
2025-05-04T17:17:16,32.474968107417226,-111.29449733532965,37.058400000000006
2025-05-04T17:17:17,32.474871380254626,-111.29453253932297,37.3716
2025-05-04T17:17:18,32.47481002472341,-111.29459213465452,33.912
2025-05-04T17:17:19,32.474804911762476,-111.29469305276871,30.369600000000002
2025-05-04T17:17:20,32.47483282350004,-111.29481769166887,34.074
2025-05-04T17:17:21,32.474827375262976,-111.29492120817304,34.8444
2025-05-04T17:17:22,32.47481178492308,-111.29503126256168,36.3348
2025-05-04T17:17:23,32.47482863254845,-111.29513184539974,34.315200000000004
2025-05-04T17:17:24,32.47491127811372,-111.29520384594798,34.0308
2025-05-04T17:17:25,32.475028624758124,-111.29521549679339,36.72
2025-05-04T17:17:26,32.47513641603291,-111.29518448375165,38.8296
2025-05-04T17:17:27,32.47523984871805,-111.29514860920608,40.464
2025-05-04T17:17:28,32.47533934190869,-111.29514408297837,39.942
2025-05-04T17:17:29,32.475444953888655,-111.2951856572181,40.931999999999995
2025-05-04T17:17:30,32.47554394416511,-111.29526369273663,43.3764
2025-05-04T17:17:31,32.4756343010813,-111.29534441046417,45.1512
2025-05-04T17:17:32,32.475732285529375,-111.29537207074463,41.997600000000006
2025-05-04T17:17:33,32.4758589360863,-111.29535673186183,45.122400000000006
2025-05-04T17:17:34,32.475983491167426,-111.29535857588053,47.397600000000004
2025-05-04T17:17:35,32.4760867562145,-111.29536779597402,43.092000000000006
2025-05-04T17:17:36,32.4761504586786,-111.29537877626717,32.4108
2025-05-04T17:17:37,32.476222878322005,-111.29538699053228,31.683600000000002
2025-05-04T17:17:38,32.47627669014037,-111.2953978870064,30.312
2025-05-04T17:17:39,32.476364113390446,-111.29536276683211,32.140800000000006
2025-05-04T17:17:40,32.47644340619445,-111.29529344849288,34.113600000000005
2025-05-04T17:17:41,32.476491183042526,-111.29516679793596,37.5948
2025-05-04T17:17:42,32.47651398181915,-111.29503075964749,40.7412
2025-05-04T17:17:43,32.476507779210806,-111.29489907994866,41.1624
2025-05-04T17:17:44,32.47648514807224,-111.29478097893298,40.0788
2025-05-04T17:17:45,32.476449105888605,-111.29468383267522,36.2448
2025-05-04T17:17:46,32.47639277949929,-111.29461049102247,33.2064
2025-05-04T17:17:47,32.476316168904305,-111.29460445605218,28.231199999999998
2025-05-04T17:17:48,32.476251209154725,-111.29461962729692,24.166800000000002
2025-05-04T17:17:49,32.47617946006358,-111.29463161341846,25.3512
2025-05-04T17:17:50,32.47610251419246,-111.29462415352464,28.0044
2025-05-04T17:17:51,32.47612497769296,-111.29444218240678,27.234
2025-05-04T17:17:52,32.47614090330899,-111.29432709887624,30.945600000000002
2025-05-04T17:17:53,32.47617409564555,-111.29423087462783,32.148
2025-05-04T17:17:54,32.47620301321149,-111.29414512775838,31.9068
2025-05-04T17:17:55,32.476244838908315,-111.29404094070196,34.8984
2025-05-04T17:17:56,32.47632957994938,-111.29395234398544,38.300399999999996
2025-05-04T17:17:57,32.47639789246023,-111.29385326988995,40.1112
2025-05-04T17:17:58,32.476420272141695,-111.29375310614705,35.751599999999996
2025-05-04T17:17:59,32.476393869146705,-111.2936628330499,31.345200000000002
2025-05-04T17:18:00,32.4763666279614,-111.29359351471066,27.061200000000003
2025-05-04T17:18:01,32.4763663765043,-111.29354054108262,23.3064
2025-05-04T17:18:02,32.476375848054886,-111.29347952082753,22.4064
2025-05-04T17:18:03,32.4763801228255,-111.29339838400483,25.2396
2025-05-04T17:18:04,32.47637551277876,-111.29332294687629,25.1892
2025-05-04T17:18:05,32.47638154774904,-111.29324574954808,26.009999999999998
2025-05-04T17:18:06,32.47639009729028,-111.29313644953072,32.0976
2025-05-04T17:18:07,32.47639127075672,-111.29301650449634,36.75600000000001
2025-05-04T17:18:08,32.4763666279614,-111.292909886688,36.7128
2025-05-04T17:18:09,32.47631658799946,-111.29283604212105,32.727599999999995
2025-05-04T17:18:10,32.47623126022518,-111.29283604212105,27.885600000000004
2025-05-04T17:18:11,32.47615850530565,-111.2928972300142,27.241200000000003
2025-05-04T17:18:12,32.47610972262919,-111.29296571016312,27.2016
2025-05-04T17:18:13,32.47608566656709,-111.29303628578782,25.1712
2025-05-04T17:18:14,32.47608038596809,-111.2931321747601,27.471600000000002
2025-05-04T17:18:15,32.476083654910326,-111.29324147477746,31.8384
2025-05-04T17:18:16,32.476066472008824,-111.29333736374974,32.4468
2025-05-04T17:18:17,32.47603143565357,-111.29344046115875,34.7076
2025-05-04T17:18:18,32.47595742344856,-111.2935021519661,32.302800000000005
2025-05-04T17:18:19,32.47586731798947,-111.29351581446826,31.676399999999997
2025-05-04T17:18:20,32.475779727101326,-111.2934498488903,32.1552
2025-05-04T17:18:21,32.47572910040617,-111.29335219971836,31.323600000000003
2025-05-04T17:18:22,32.47574217617512,-111.2932513654232,29.0268
2025-05-04T17:18:23,32.47579883784056,-111.29314390942454,33.27120000000001
2025-05-04T17:18:24,32.475822139531374,-111.29305120557547,32.7816
2025-05-04T17:18:25,32.47579322196543,-111.29297317005694,28.6416
2025-05-04T17:18:26,32.47578768990934,-111.2929011695087,25.38
2025-05-04T17:18:27,32.475801603868604,-111.29282606765628,25.059600000000003
2025-05-04T17:18:28,32.4757862649858,-111.29275490529835,24.994799999999998
2025-05-04T17:18:29,32.47573169879615,-111.29270209930837,24.5556
2025-05-04T17:18:30,32.475651232525706,-111.29269598051906,25.8156
2025-05-04T17:18:31,32.475598929449916,-111.29272934049368,22.712400000000002
2025-05-04T17:18:32,32.47555433772504,-111.29274962469935,20.502000000000002
2025-05-04T17:18:33,32.475512847304344,-111.29278633743525,20.2932
2025-05-04T17:18:34,32.475501196458936,-111.29284190945327,18.8388
2025-05-04T17:18:35,32.47550739906728,-111.2929455935955,24.4224
2025-05-04T17:18:36,32.475514858961105,-111.29305011592805,29.069999999999997
2025-05-04T17:18:37,32.4755219835788,-111.29314265213907,28.933200000000003
2025-05-04T17:18:38,32.47554570436478,-111.29319596104324,25.502399999999998
2025-05-04T17:18:39,32.47552433051169,-111.29324440844357,21.3408
2025-05-04T17:18:40,32.475508907809854,-111.29332311451435,23.5908
2025-05-04T17:18:41,32.475515864789486,-111.29334289580584,16.1748
2025-05-04T17:18:42,32.47549055144191,-111.29341623745859,19.0332
2025-05-04T17:18:43,32.475488958880305,-111.2934445682913,14.31
2025-05-04T17:18:44,32.47540405020118,-111.29346434958279,20.4984
2025-05-04T17:18:45,32.4752801656723,-111.29344725050032,32.4576
2025-05-04T17:18:46,32.4752061534673,-111.2934210151434,31.089599999999997
2025-05-04T17:18:47,32.475145971402526,-111.29339050501585,27.594
2025-05-04T17:18:48,32.475129291415215,-111.29333945922554,19.8648
2025-05-04T17:18:49,32.4751490727067,-111.29328547976911,16.473599999999998
2025-05-04T17:18:50,32.4751509167254,-111.29321440123022,19.9224
2025-05-04T17:18:51,32.47514731250703,-111.29313234239817,22.608
2025-05-04T17:18:52,32.47514186426997,-111.29305112175643,26.128800000000002
2025-05-04T17:18:53,32.47511965222657,-111.29301214590669,21.506400000000003
2025-05-04T17:18:54,32.47510171495378,-111.29295095801353,21.002399999999998
2025-05-04T17:18:55,32.47508402913809,-111.29288365133107,23.259600000000002
2025-05-04T17:18:56,32.47503524646163,-111.29281357862055,26.1936
2025-05-04T17:18:57,32.474969029426575,-111.29276345483959,27.215999999999998
2025-05-04T17:18:58,32.474920246750116,-111.29275691695511,21.3372
2025-05-04T17:18:59,32.47489258646965,-111.29276764579117,15.688799999999999
2025-05-04T17:19:00,32.474868865683675,-111.29275691695511,13.147200000000002
2025-05-04T17:19:01,32.47482988983393,-111.29274434410036,14.824800000000002
2025-05-04T17:19:02,32.47478705830872,-111.29272707737982,16.232400000000002
2025-05-04T17:19:03,32.47474548406899,-111.29272087477148,16.4556
2025-05-04T17:19:04,32.47471463866532,-111.2927317712456,14.558399999999999
2025-05-04T17:19:05,32.47466007247567,-111.29273369908333,18.597600000000003
2025-05-04T17:19:06,32.474586479365826,-111.29272456280887,23.7132
2025-05-04T17:19:07,32.47451540082693,-111.29272380843759,25.7112
2025-05-04T17:19:08,32.4744479265064,-111.29272883757949,26.496000000000002
2025-05-04T17:19:09,32.47437659651041,-111.29273721948266,27.9936
2025-05-04T17:19:10,32.4742943700403,-111.29273302853107,30.4992
2025-05-04T17:19:11,32.474223375320435,-111.2927386444062,28.785600000000002
2025-05-04T17:19:12,32.47418884187937,-111.29274191334844,20.232
2025-05-04T17:19:13,32.47416906058788,-111.29273872822523,14.2884
2025-05-04T17:19:14,32.47415179386735,-111.29274342209101,10.868400000000001
2025-05-04T17:19:15,32.474095802754164,-111.29275163635612,16.344
2025-05-04T17:19:16,32.47404081746936,-111.29276948980987,20.322
2025-05-04T17:19:17,32.47396362014115,-111.29278457723558,26.377200000000002
2025-05-04T17:19:18,32.47389446943998,-111.29281458444893,27.291600000000003
2025-05-04T17:19:19,32.47385960072279,-111.29287610761821,23.8896
2025-05-04T17:19:20,32.47385624796152,-111.29294953309,21.556800000000003
2025-05-04T17:19:21,32.473878460004926,-111.29301935434341,21.268800000000002
2025-05-04T17:19:22,32.473920453339815,-111.2930666282773,20.4264
2025-05-04T17:19:23,32.473972253501415,-111.29309680312872,20.5056
2025-05-04T17:19:24,32.47402656823397,-111.29311976954341,22.208399999999997
2025-05-04T17:19:25,32.47409664094448,-111.29313527606428,25.5456
2025-05-04T17:19:26,32.47418683022261,-111.29313410259783,30.0384
2025-05-04T17:19:27,32.47427157126367,-111.29312312230468,32.19840000000001
2025-05-04T17:19:28,32.47435212135315,-111.29312857054174,31.932
2025-05-04T17:19:29,32.47442152351141,-111.29315866157413,29.0412
2025-05-04T17:19:30,32.47444482520223,-111.293192692101,19.908
2025-05-04T17:19:31,32.47451473027468,-111.29319353029132,24.9516
2025-05-04T17:19:32,32.47456083074212,-111.29316880367696,25.070400000000003
2025-05-04T17:19:33,32.47465713880956,-111.29314684309065,33.048
2025-05-04T17:19:34,32.47474975883961,-111.29315287806094,36.45
2025-05-04T17:19:35,32.47483475133777,-111.2931998167187,36.7704
2025-05-04T17:19:36,32.474891329184175,-111.29327869042754,34.2288
2025-05-04T17:19:37,32.47493986040354,-111.29335689358413,33.303599999999996
2025-05-04T17:19:38,32.47498260810971,-111.2934310734272,33.2028
2025-05-04T17:19:39,32.47501580044627,-111.29350952804089,32.7924
2025-05-04T17:19:40,32.47505301609635,-111.29360139369965,33.1416
2025-05-04T17:19:41,32.47505201026797,-111.29365721717477,24.2784
2025-05-04T17:19:42,32.47502602636814,-111.29371798597276,20.8656
2025-05-04T17:19:43,32.47499409131706,-111.29374112002552,16.214399999999998
2025-05-04T17:19:44,32.474953439086676,-111.29376165568829,16.5816
2025-05-04T17:19:45,32.47486911714077,-111.2937521841377,23.6484
2025-05-04T17:19:46,32.47479225508869,-111.2937059160322,27.4788
2025-05-04T17:19:47,32.47473903000355,-111.29363559186459,28.4256
2025-05-04T17:19:48,32.474683709442616,-111.29356836900115,29.847600000000003
2025-05-04T17:19:49,32.474596202373505,-111.29354439675808,31.7808
2025-05-04T17:19:50,32.474496038630605,-111.29357289522886,35.211600000000004
2025-05-04T17:19:51,32.47442529536784,-111.29358940757811,30.4272
2025-05-04T17:19:52,32.47438824735582,-111.29360130988061,22.338
2025-05-04T17:19:53,32.474336698651314,-111.29357440397143,21.888
2025-05-04T17:19:54,32.47429881244898,-111.29359443672001,17.694
2025-05-04T17:19:55,32.47423242777586,-111.29356987774372,22.082400000000003
2025-05-04T17:19:56,32.474164701998234,-111.2935621663928,25.344
2025-05-04T17:19:57,32.474073423072696,-111.2935743201524,30.304799999999997
2025-05-04T17:19:58,32.473981725052,-111.29359074868262,33.6348
2025-05-04T17:19:59,32.47389413416386,-111.29365897737443,36.561600000000006
2025-05-04T17:20:00,32.47386169619858,-111.29370901733637,27.284399999999998
2025-05-04T17:20:01,32.473847195506096,-111.29377221688628,22.723200000000002
2025-05-04T17:20:02,32.47385482303798,-111.29386014305055,24.742800000000003
2025-05-04T17:20:03,32.47388399206102,-111.29395326599479,28.5408
2025-05-04T17:20:04,32.473938474431634,-111.29402895458043,29.775600000000004
2025-05-04T17:20:05,32.47400611639023,-111.2940439581871,25.7148
2025-05-04T17:20:06,32.47407199814916,-111.29404462873936,24.5196
2025-05-04T17:20:07,32.474133940413594,-111.29405787214637,24.415200000000002
2025-05-04T17:20:08,32.474182890728116,-111.29406315274537,21.9276
2025-05-04T17:20:09,32.47424114495516,-111.2940732948482,22.7952
2025-05-04T17:20:10,32.47432270087302,-111.29407849162817,28.2528
2025-05-04T17:20:11,32.474417416378856,-111.29407790489495,33.3252
2025-05-04T17:20:12,32.474495116621256,-111.29407639615238,31.3956
2025-05-04T17:20:13,32.474540043622255,-111.29407798871398,23.979599999999998
2025-05-04T17:20:14,32.474545408040285,-111.29407874308527,12.3948
2025-05-04T17:20:15,32.47455060482025,-111.29407664760947,7.146000000000001
2025-05-04T17:20:16,32.474581617861986,-111.29407463595271,9.2088
2025-05-04T17:20:17,32.474632915109396,-111.29407212138176,14.58
2025-05-04T17:20:18,32.47466501779854,-111.29406893625855,13.788
2025-05-04T17:20:19,32.47470265254378,-111.29407262429595,14.1552
2025-05-04T17:20:20,32.47473224066198,-111.29407824017107,13.284
2025-05-04T17:20:21,32.47476300224662,-111.29408536478877,12.6972
2025-05-04T17:20:22,32.47480591759086,-111.2940888851881,15.588000000000001
2025-05-04T17:20:23,32.47488579712808,-111.2940944172442,23.8176
2025-05-04T17:20:24,32.47498109936714,-111.29411587491632,31.1076
2025-05-04T17:20:25,32.47505972161889,-111.2941319681704,30.96
2025-05-04T17:20:26,32.4751197360456,-111.29412149079144,26.334000000000003
2025-05-04T17:20:27,32.4751593824476,-111.29407463595271,21.816
2025-05-04T17:20:28,32.475176649168134,-111.29399383440614,23.259600000000002
2025-05-04T17:20:29,32.47521797195077,-111.29391068592668,28.4544
2025-05-04T17:20:30,32.475260216742754,-111.2938317283988,28.926000000000002
2025-05-04T17:20:31,32.47531805187464,-111.29380155354738,25.0812
2025-05-04T17:20:32,32.47534990310669,-111.29380188882351,17.5464
2025-05-04T17:20:33,32.4753874540329,-111.29382661543787,15.656400000000001
2025-05-04T17:20:34,32.475424921140075,-111.29387967288494,17.6508
2025-05-04T17:20:35,32.47542140074074,-111.29392057657242,13.7808
2025-05-04T17:20:36,32.47544378042221,-111.29395142197609,13.755600000000001
2025-05-04T17:20:37,32.47548627667129,-111.29399802535772,18.0504
2025-05-04T17:20:38,32.47555651701987,-111.294030463323,23.547600000000003
2025-05-04T17:20:39,32.475636061280966,-111.29401269368827,26.6904
2025-05-04T17:20:40,32.47570135630667,-111.29392912611365,30.225600000000004
2025-05-04T17:20:41,32.475758185610175,-111.29385142587125,32.065200000000004
2025-05-04T17:20:42,32.47581669129431,-111.29382938146591,27.104400000000002
2025-05-04T17:20:43,32.47588584199548,-111.29381278529763,25.718400000000003
2025-05-04T17:20:44,32.475937055423856,-111.2938750628382,22.006800000000002
2025-05-04T17:20:45,32.47596127912402,-111.29396701231599,24.9588
2025-05-04T17:20:46,32.475940072909,-111.29405275918543,24.444
2025-05-04T17:20:47,32.47591434046626,-111.29413607530296,23.1372
2025-05-04T17:20:48,32.475913083180785,-111.2941789906472,18.8208
2025-05-04T17:20:49,32.475923392921686,-111.29420321434736,15.3576
2025-05-04T17:20:50,32.47593102045357,-111.29429910331964,24.5412
2025-05-04T17:20:51,32.47593001462519,-111.29441200755537,31.1364
2025-05-04T17:20:52,32.475933535024524,-111.29451141692698,32.25600000000001
2025-05-04T17:20:53,32.47595893219113,-111.29462046548724,34.5492
2025-05-04T17:20:54,32.47600872069597,-111.29473563283682,38.4228
2025-05-04T17:20:55,32.476066974923015,-111.29483085125685,39.2652
2025-05-04T17:20:56,32.476109219715,-111.29493780434132,38.97
2025-05-04T17:20:57,32.476100251078606,-111.29505020566285,35.8128
2025-05-04T17:20:58,32.47603629715741,-111.29514995031059,34.578
2025-05-04T17:20:59,32.47596303932369,-111.29519169218838,29.8152
2025-05-04T17:21:00,32.47588215395808,-111.29515380598605,26.514000000000003
2025-05-04T17:21:01,32.4758430942893,-111.29510669969022,23.1552
2025-05-04T17:21:02,32.47577469795942,-111.29504173994064,28.8072
2025-05-04T17:21:03,32.47569917701185,-111.29496579989791,34.1064
2025-05-04T17:21:04,32.475628266111016,-111.29489614628255,35.6112
2025-05-04T17:21:05,32.47558677569032,-111.2948280852288,30.221999999999998
2025-05-04T17:21:06,32.47554210014641,-111.29477066919208,27.198
2025-05-04T17:21:07,32.475504130125046,-111.29472649656236,23.2848
2025-05-04T17:21:08,32.47546473518014,-111.29469908773899,21.0996
2025-05-04T17:21:09,32.47541016899049,-111.29465198144317,24.858
2025-05-04T17:21:10,32.47533758170903,-111.29457687959075,32.288399999999996
2025-05-04T17:21:11,32.475265162065625,-111.29452901892364,33.300000000000004
2025-05-04T17:21:12,32.47517597861588,-111.2945016939193,34.6284
2025-05-04T17:21:13,32.475073216483,-111.2944948207587,37.2348
2025-05-04T17:21:14,32.47497238218784,-111.29450798034668,38.7216
2025-05-04T17:21:15,32.47488001361489,-111.29453958012164,38.2896
2025-05-04T17:21:16,32.4748210888356,-111.2945947330445,32.580000000000005
2025-05-04T17:21:17,32.474803654477,-111.29470378160477,31.377599999999997
2025-05-04T17:21:18,32.47477691620588,-111.29480184987187,32.9796
2025-05-04T17:21:19,32.47480306774378,-111.29493277519941,35.6544
2025-05-04T17:21:20,32.474794182926416,-111.29504618234932,37.3068
2025-05-04T17:21:21,32.47482259757817,-111.29516570828855,38.6532
2025-05-04T17:21:22,32.47491639107466,-111.2952163349837,34.5672
2025-05-04T17:21:23,32.47504555620253,-111.29519957117736,38.3544
2025-05-04T17:21:24,32.475151335820556,-111.2951478548348,40.046400000000006
2025-05-04T17:21:25,32.47524521313608,-111.29514710046351,38.3364
2025-05-04T17:21:26,32.47534847818315,-111.29515187814832,39.564
2025-05-04T17:21:27,32.475456269457936,-111.29520518705249,42.098400000000005
2025-05-04T17:21:28,32.47554721310735,-111.2952958792448,44.154
2025-05-04T17:21:29,32.47563153505325,-111.2953706458211,43.2828
2025-05-04T17:21:30,32.47575097717345,-111.29539562389255,44.730000000000004
2025-05-04T17:21:31,32.47587519697845,-111.29537894390523,45.828
2025-05-04T17:21:32,32.47598282061517,-111.29536737687886,44.0568
2025-05-04T17:21:33,32.476067058742046,-111.29536863416433,38.257200000000005
2025-05-04T17:21:34,32.47611617669463,-111.29536922089756,27.244799999999998
2025-05-04T17:21:35,32.476173089817166,-111.29535757005215,25.3692
2025-05-04T17:21:36,32.47623226605356,-111.29536838270724,26.5896
2025-05-04T17:21:37,32.47632463462651,-111.29534541629255,31.125600000000002
2025-05-04T17:21:38,32.476413985714316,-111.29525589756668,37.2528
2025-05-04T17:21:39,32.47648045420647,-111.29515782929957,40.050000000000004
2025-05-04T17:21:40,32.47650610283017,-111.29503956064582,39.0852
2025-05-04T17:21:41,32.47650660574436,-111.29491098225117,39.8232
2025-05-04T17:21:42,32.47648439370096,-111.29478206858039,40.4748
2025-05-04T17:21:43,32.476463355124,-111.29466480575502,39.477599999999995
2025-05-04T17:21:44,32.47641306370497,-111.2945899553597,34.3296
2025-05-04T17:21:45,32.47633988969028,-111.29458417184651,26.7408
2025-05-04T17:21:46,32.47628649696708,-111.29457201808691,22.7088
2025-05-04T17:21:47,32.476250706240535,-111.29452080465853,22.9176
2025-05-04T17:21:48,32.476198486983776,-111.29450806416571,22.7592
2025-05-04T17:21:49,32.47615724802017,-111.29441401921213,28.508399999999998
2025-05-04T17:21:50,32.47616982087493,-111.29430673085153,30.7152
2025-05-04T17:21:51,32.47619169764221,-111.29421763122082,31.0572
2025-05-04T17:21:52,32.476213071495295,-111.29413054324687,31.7124
2025-05-04T17:21:53,32.476248275488615,-111.2940336484462,34.3836
2025-05-04T17:21:54,32.4763283226639,-111.29395267926157,36.964800000000004
2025-05-04T17:21:55,32.476406525820494,-111.29385871812701,40.9392
2025-05-04T17:21:56,32.47642991133034,-111.29375302232802,37.083600000000004
2025-05-04T17:21:57,32.47641331516206,-111.2936593964696,31.9392
2025-05-04T17:21:58,32.47637735679746,-111.29361966624856,23.040000000000003
2025-05-04T17:21:59,32.47636545449495,-111.29359158687294,16.7112
2025-05-04T17:22:00,32.47638448141515,-111.29350206814706,21.852
2025-05-04T17:22:01,32.47638297267258,-111.29341288469732,25.4484
2025-05-04T17:22:02,32.476376350969076,-111.2933428119868,24.5736
2025-05-04T17:22:03,32.4763838108629,-111.29325832240283,26.4816
2025-05-04T17:22:04,32.47639303095639,-111.29315212368965,31.7088
2025-05-04T17:22:05,32.476396886631846,-111.29303921945393,35.132400000000004
2025-05-04T17:22:06,32.47637216001749,-111.29292480647564,37.6236
2025-05-04T17:22:07,32.47632270678878,-111.29285833798349,32.634
2025-05-04T17:22:08,32.47624517418444,-111.29285205155611,26.982
2025-05-04T17:22:09,32.47616462409496,-111.29290443845093,26.841600000000003
2025-05-04T17:22:10,32.47611517086625,-111.29296864382923,26.28
2025-05-04T17:22:11,32.476074350997806,-111.2930425722152,27.2736
2025-05-04T17:22:12,32.47606378979981,-111.29313502460718,28.0656
2025-05-04T17:22:13,32.476070914417505,-111.29323963075876,30.884400000000003
2025-05-04T17:22:14,32.476053312420845,-111.2933428119868,33.408
2025-05-04T17:22:15,32.47602581977844,-111.29343559965491,33.2892
2025-05-04T17:22:16,32.47598801739514,-111.29347876645625,24.2604
2025-05-04T17:22:17,32.475940408185124,-111.29351447336376,19.497600000000002
2025-05-04T17:22:18,32.47586094774306,-111.29351958632469,21.585600000000003
2025-05-04T17:22:19,32.475792886689305,-111.29344783723354,21.916800000000002
2025-05-04T17:22:20,32.47575206682086,-111.29342059604824,20.268
2025-05-04T17:22:22,32.47584410011768,-111.2931147404015,33.300000000000004
2025-05-04T17:22:23,32.47583412565291,-111.29301591776311,30.8232
2025-05-04T17:22:24,32.475830521434546,-111.29292631521821,27.720000000000002
2025-05-04T17:22:25,32.47583060525358,-111.29283964633942,28.000799999999998
2025-05-04T17:22:26,32.47580353170633,-111.29276094026864,26.9424
2025-05-04T17:22:27,32.475734297186136,-111.29270679317415,27.8352
2025-05-04T17:22:28,32.475638911128044,-111.29273026250303,27.1224
2025-05-04T17:22:29,32.47557629831135,-111.29275138489902,23.7816
2025-05-04T17:22:30,32.47552332468331,-111.29276311956346,20.4012
2025-05-04T17:22:31,32.4754720274359,-111.29280209541321,21.8556
2025-05-04T17:22:32,32.47546523809433,-111.29289387725294,23.738400000000002
2025-05-04T17:22:33,32.47549256309867,-111.29299026913941,26.8632
2025-05-04T17:22:34,32.47549809515476,-111.29310401156545,31.1292
2025-05-04T17:22:35,32.47549809515476,-111.29317693412304,25.5276
2025-05-04T17:22:36,32.47550438158214,-111.29327508620918,30.8196
2025-05-04T17:22:37,32.47549306601286,-111.29330039955676,19.044
2025-05-04T17:22:38,32.475496754050255,-111.29335588775575,19.0944
2025-05-04T17:22:39,32.475499184802175,-111.293417327106,19.8252
2025-05-04T17:22:40,32.47548828832805,-111.29346149973571,17.1
2025-05-04T17:22:41,32.475424418225884,-111.29350458271801,21.2796
2025-05-04T17:22:42,32.47531428001821,-111.2935037445277,31.125600000000002
2025-05-04T17:22:43,32.47521654702723,-111.29345060326159,33.66
2025-05-04T17:22:44,32.47515804134309,-111.29342478699982,28.5516
2025-05-04T17:22:45,32.475145887583494,-111.29337499849498,19.526400000000002
2025-05-04T17:22:46,32.47513993643224,-111.29330769181252,18.7164
2025-05-04T17:22:47,32.475141026079655,-111.29324859939516,19.259999999999998
2025-05-04T17:22:48,32.475142534822226,-111.293163606897,22.9284
2025-05-04T17:22:49,32.4751593824476,-111.29309537820518,22.6656
2025-05-04T17:22:50,32.47514731250703,-111.29305036738515,19.3824
2025-05-04T17:22:51,32.47512082569301,-111.29298825748265,20.732400000000002
2025-05-04T17:22:52,32.47509878128767,-111.29292623139918,22.082400000000003
2025-05-04T17:22:53,32.47506064362824,-111.29285532049835,25.1712
2025-05-04T17:22:54,32.47500347904861,-111.29279790446162,26.445600000000002
2025-05-04T17:22:55,32.47494229115546,-111.2928025983274,21.6468
2025-05-04T17:22:56,32.47491261921823,-111.29281408153474,15.102000000000002
2025-05-04T17:22:57,32.47488998807967,-111.29279983229935,11.998800000000001
2025-05-04T17:22:58,32.47485059313476,-111.29277334548533,14.9364
2025-05-04T17:22:59,32.47480398975313,-111.29276446066797,16.7328
2025-05-04T17:23:00,32.47475235722959,-111.29276404157281,17.964000000000002
2025-05-04T17:23:01,32.474723774939775,-111.29276689141989,15.3144
2025-05-04T17:23:02,32.47467859648168,-111.29276219755411,17.1216
2025-05-04T17:23:03,32.47459704056382,-111.29275230690837,24.5124
2025-05-04T17:23:04,32.47451766394079,-111.29275255836546,27.648
2025-05-04T17:23:05,32.47445287182927,-111.29275985062122,26.6292
2025-05-04T17:23:06,32.4743858166039,-111.29274509847164,26.9784
2025-05-04T17:23:07,32.4743044283241,-111.29274778068066,29.52
2025-05-04T17:23:08,32.474222956225276,-111.29274803213775,30.517200000000003
2025-05-04T17:23:09,32.474172580987215,-111.29275247454643,24.3
2025-05-04T17:23:10,32.47413276694715,-111.29275976680219,20.5164
2025-05-04T17:23:11,32.47412212193012,-111.29273872822523,13.158
2025-05-04T17:23:12,32.47408381663263,-111.29272959195077,14.940000000000001
2025-05-04T17:23:13,32.474025059491396,-111.29274970851839,18.900000000000002
2025-05-04T17:23:14,32.47393973171711,-111.29276990890503,26.46
2025-05-04T17:23:15,32.47387686744332,-111.29279932938516,26.6688
2025-05-04T17:23:16,32.47384577058256,-111.29286906681955,24.1992
2025-05-04T17:23:17,32.47384141199291,-111.29294861108065,23.0076
2025-05-04T17:23:18,32.47385289520025,-111.29302505403757,23.742
2025-05-04T17:23:19,32.473909137770534,-111.29309085197747,26.0244
2025-05-04T17:23:20,32.47397577390075,-111.2931377068162,27.2952
2025-05-04T17:23:21,32.47404123656452,-111.29315723665059,27.198
2025-05-04T17:23:22,32.47411826625466,-111.29315824247897,28.998
2025-05-04T17:23:23,32.4742148257792,-111.29314231686294,33.656400000000005
2025-05-04T17:23:24,32.47430459596217,-111.29312823526561,34.9668
2025-05-04T17:23:25,32.47438338585198,-111.29315866157413,32.421600000000005
2025-05-04T17:23:26,32.474436443299055,-111.29319646395743,26.3808
2025-05-04T17:23:27,32.474467204883695,-111.29318146035075,18.349200000000003
2025-05-04T17:23:28,32.4745531193912,-111.29321180284023,28.666800000000002
2025-05-04T17:23:29,32.47462193481624,-111.29316293634474,31.194
2025-05-04T17:23:30,32.47471279464662,-111.29315287806094,34.9272
2025-05-04T17:23:31,32.47479686513543,-111.29317006096244,35.1252
2025-05-04T17:23:32,32.47487070970237,-111.29323166795075,34.7472
2025-05-04T17:23:33,32.47492594644427,-111.2933139782399,34.0848
2025-05-04T17:23:34,32.474959725514054,-111.29340668208897,34.232400000000005
2025-05-04T17:23:35,32.475037509575486,-111.29351355135441,42.4116
2025-05-04T17:23:36,32.47505821287632,-111.29359988495708,37.5516
2025-05-04T17:23:37,32.47507497668266,-111.29370214417577,36.9792
2025-05-04T17:23:38,32.475076066330075,-111.29373910836875,26.496000000000002
2025-05-04T17:23:39,32.47503709048033,-111.29376157186925,16.7328
2025-05-04T17:23:40,32.47500607743859,-111.29377448000014,13.1112
2025-05-04T17:23:41,32.47493835166097,-111.29378537647426,18.342
2025-05-04T17:23:42,32.474854700267315,-111.29377087578177,24.3468
2025-05-04T17:23:43,32.47478052042425,-111.29370516166091,28.479599999999998
2025-05-04T17:23:44,32.47473676688969,-111.29361472092569,29.5524
2025-05-04T17:23:45,32.47468454763293,-111.29354548640549,29.4696
2025-05-04T17:23:46,32.47463224455714,-111.29350659437478,26.0964
2025-05-04T17:23:47,32.47448748908937,-111.2935589812696,34.7076
2025-05-04T17:23:48,32.47441465035081,-111.29358337260783,30.672
2025-05-04T17:23:49,32.474376847967505,-111.29359426908195,23.7528
2025-05-04T17:23:50,32.474348014220595,-111.29359569400549,18.1656
2025-05-04T17:23:51,32.47429118491709,-111.29358907230198,18.9144
2025-05-04T17:23:52,32.47420761734247,-111.29360290244222,26.2908
2025-05-04T17:23:53,32.47413804754615,-111.29359661601484,27.4068
2025-05-04T17:23:54,32.47404056601226,-111.29359778948128,32.302800000000005
2025-05-04T17:23:55,32.47394802980125,-111.2936229351908,34.772400000000005
2025-05-04T17:23:56,32.47388759627938,-111.2936898227781,32.119200000000006
2025-05-04T17:23:57,32.47386831790209,-111.29378462210298,29.556000000000004
2025-05-04T17:23:58,32.47387175448239,-111.2938748113811,29.707200000000004
2025-05-04T17:23:59,32.473901929333806,-111.29396701231599,30.762
2025-05-04T17:24:00,32.47395649552345,-111.29402761347592,28.5768
2025-05-04T17:24:01,32.47401164844632,-111.29406516440213,26.1828
2025-05-04T17:24:02,32.47406596317887,-111.29405963234603,22.6368
2025-05-04T17:24:03,32.474079709500074,-111.29402761347592,14.4036
2025-05-04T17:24:04,32.474122708663344,-111.29402610473335,15.620400000000002
2025-05-04T17:24:05,32.474182387813926,-111.29405359737575,19.915200000000002
2025-05-04T17:24:06,32.474245419725776,-111.2940579559654,23.4036
2025-05-04T17:24:07,32.47432052157819,-111.29406591877341,27.8424
2025-05-04T17:24:08,32.474400820210576,-111.29406122490764,30.293999999999997
2025-05-04T17:24:09,32.474478436633945,-111.29405837506056,30.574800000000003
2025-05-04T17:24:10,32.474539540708065,-111.29406600259244,26.0784
2025-05-04T17:24:11,32.47454172000289,-111.29406902007759,14.0652
2025-05-04T17:24:12,32.47455253265798,-111.29405720159411,9.010800000000001
2025-05-04T17:24:13,32.47458463534713,-111.29406105726957,10.663200000000002
2025-05-04T17:24:14,32.47462838888168,-111.2940748874098,14.22
2025-05-04T17:24:15,32.47466719709337,-111.29408285021782,15.426
2025-05-04T17:24:16,32.47469435445964,-111.294075390324,13.2516
2025-05-04T17:24:17,32.47473576106131,-111.29407974891365,14.094000000000001
2025-05-04T17:24:18,32.47477884404361,-111.29407505504787,15.8652
2025-05-04T17:24:19,32.47483341023326,-111.29408192820847,19.6488
2025-05-04T17:24:20,32.474912870675325,-111.29409827291965,26.1324
2025-05-04T17:24:21,32.474998869001865,-111.2941163778305,30.1284
2025-05-04T17:24:22,32.47507237829268,-111.29412283189595,28.6596
2025-05-04T17:24:23,32.47512719593942,-111.29411176778376,23.180400000000002
2025-05-04T17:24:24,32.4751543533057,-111.2940634880215,19.695600000000002
2025-05-04T17:24:25,32.47518813237548,-111.29397908225656,24.8256
2025-05-04T17:24:26,32.475229036062956,-111.293900962919,28.555200000000003
2025-05-04T17:24:27,32.47526977211237,-111.29382904618979,27.691200000000002
2025-05-04T17:24:28,32.47532073408365,-111.2937968596816,23.3748
2025-05-04T17:24:29,32.47535727918148,-111.29378638230264,19.159200000000002
2025-05-04T17:24:30,32.47539491392672,-111.29379174672067,16.9416
2025-05-04T17:24:31,32.475421568378806,-111.29384673200548,14.9868
2025-05-04T17:24:32,32.47543187811971,-111.29391110502183,16.192800000000002
2025-05-04T17:24:33,32.475432716310024,-111.29395175725222,14.7528
2025-05-04T17:24:34,32.47546557337046,-111.29399282857776,16.0956
2025-05-04T17:24:35,32.4755307007581,-111.2940302118659,21.459600000000002
2025-05-04T17:24:36,32.47560806572437,-111.29399576224387,24.246000000000002
2025-05-04T17:24:37,32.47568174265325,-111.29390683025122,31.4424
2025-05-04T17:24:38,32.47574360109866,-111.29383256658912,33.080400000000004
2025-05-04T17:24:39,32.475814847275615,-111.2938161380589,29.5164
2025-05-04T17:24:40,32.475881818681955,-111.29381706006825,26.8776
2025-05-04T17:24:41,32.47592029161751,-111.29385896958411,21.5964
2025-05-04T17:24:42,32.47594124637544,-111.2939612288028,25.0272
2025-05-04T17:24:43,32.47591836377978,-111.29407430067658,29.498400000000004
2025-05-04T17:24:44,32.475897911936045,-111.29414655268192,25.635600000000004
2025-05-04T17:24:45,32.47591174207628,-111.294170524925,16.0092
2025-05-04T17:24:46,32.47591668739915,-111.29420153796673,13.2264
2025-05-04T17:24:47,32.475937055423856,-111.294289464131,21.729599999999998
2025-05-04T17:24:48,32.475938983261585,-111.29439633339643,28.6056
2025-05-04T17:24:49,32.47592892497778,-111.29448803141713,30.942000000000004
2025-05-04T17:24:50,32.475936552509665,-111.29457210190594,30.376800000000003
2025-05-04T17:24:51,32.475964883342385,-111.294667404145,32.2776
2025-05-04T17:24:52,32.47600947506726,-111.294757258147,33.7608
2025-05-04T17:24:53,32.47606638818979,-111.2948452681303,35.262
2025-05-04T17:24:54,32.476107543334365,-111.29491500556469,30.996
2025-05-04T17:24:55,32.47611223720014,-111.29500946961343,29.5848
2025-05-04T17:24:56,32.47607175260782,-111.29509664140642,28.0656
2025-05-04T17:24:57,32.47602850198746,-111.2951217032969,21.3372
2025-05-04T17:24:58,32.47598960995674,-111.29512916319072,17.4816
2025-05-04T17:24:59,32.475957004353404,-111.29513645544648,14.886
2025-05-04T17:25:00,32.47591886669397,-111.29512279294431,15.224400000000001
2025-05-04T17:25:01,32.47584787197411,-111.29510778933764,21.985200000000003
2025-05-04T17:25:02,32.4757672380656,-111.29505489952862,29.433600000000002
2025-05-04T17:25:03,32.47569833882153,-111.29499983042479,31.607999999999997
2025-05-04T17:25:04,32.47564025223255,-111.29492045380175,33.066
2025-05-04T17:25:05,32.47559046372771,-111.29483386874199,33.696
2025-05-04T17:25:06,32.47555014677346,-111.29476119764149,30.4884
2025-05-04T17:25:07,32.47553514316678,-111.29472507163882,21.517200000000003
2025-05-04T17:25:08,32.47549306601286,-111.2946845870465,20.322
2025-05-04T17:25:09,32.47544294223189,-111.2946486286819,21.8808
2025-05-04T17:25:10,32.475367253646255,-111.2945897039026,29.372400000000003
2025-05-04T17:25:11,32.47528829611838,-111.294532623142,33.620400000000004
2025-05-04T17:25:12,32.475200705230236,-111.29449356347322,34.5708
2025-05-04T17:25:13,32.475106325000525,-111.2944845110178,34.848
2025-05-04T17:25:14,32.475011609494686,-111.29449976608157,35.874
2025-05-04T17:25:15,32.47491488233209,-111.29452155902982,36.81
2025-05-04T17:25:16,32.474840953946114,-111.29454896785319,32.7384
2025-05-04T17:25:17,32.47481538914144,-111.29466279409826,31.0536
2025-05-04T17:25:18,32.47483198530972,-111.29479388706386,34.9272
2025-05-04T17:25:19,32.47483332641423,-111.29490888677537,36.8316
2025-05-04T17:25:20,32.47481379657984,-111.29501818679273,37.4076
2025-05-04T17:25:21,32.47482016682625,-111.2951407302171,39.528000000000006
2025-05-04T17:25:22,32.47488755732775,-111.29522974602878,37.332
2025-05-04T17:25:23,32.47500540688634,-111.29523544572294,37.0116
2025-05-04T17:25:24,32.475117640569806,-111.29517895169556,39.672
2025-05-04T17:25:25,32.47521059587598,-111.2951507885009,38.9232
2025-05-04T17:25:26,32.47530246153474,-111.29515179432929,37.368
2025-05-04T17:25:27,32.47541352175176,-111.29518213681877,40.3668
2025-05-04T17:25:28,32.47551720589399,-111.29525908268988,43.3656
2025-05-04T17:25:29,32.475605718791485,-111.29535094834864,45.3924
2025-05-04T17:25:30,32.47570320032537,-111.2954137288034,44.985600000000005
2025-05-04T17:25:31,32.47582490555942,-111.29540408961475,44.91
2025-05-04T17:25:32,32.47595239430666,-111.29537709988654,46.9224
2025-05-04T17:25:33,32.47606278397143,-111.29537894390523,44.550000000000004
2025-05-04T17:25:34,32.47613319195807,-111.29539109766483,34.992000000000004
2025-05-04T17:25:35,32.47620636597276,-111.29539453424513,31.4892
2025-05-04T17:25:36,32.47625481337309,-111.29540543071926,27.3024
2025-05-04T17:25:37,32.4763301666826,-111.29535815678537,28.71
2025-05-04T17:25:38,32.476423205807805,-111.29529386758804,33.876000000000005
2025-05-04T17:25:39,32.476480370387435,-111.29519789479673,35.9712
2025-05-04T17:25:40,32.476507695391774,-111.2951077055186,32.6052
2025-05-04T17:25:41,32.47650568373501,-111.29502824507654,27.5796
2025-05-04T17:25:42,32.47648405842483,-111.29496932029724,22.3164
2025-05-04T17:25:43,32.47646704316139,-111.29493688233197,16.2252
2025-05-04T17:25:44,32.476444160565734,-111.2949248123914,12.232800000000001
2025-05-04T17:25:45,32.47641859576106,-111.29489396698773,12.978
2025-05-04T17:25:46,32.476433431729674,-111.2948505487293,12.5568
2025-05-04T17:25:47,32.4764493573457,-111.29480822011828,13.1364
2025-05-04T17:25:48,32.4764615111053,-111.29479112103581,10.404
2025-05-04T17:25:49,32.47647676616907,-111.29477234557271,10.1664
2025-05-04T17:25:50,32.476474503055215,-111.2947194557637,14.1768
2025-05-04T17:25:51,32.47643276117742,-111.29463312216103,23.3136
2025-05-04T17:25:52,32.476342152804136,-111.29459741525352,28.7928
2025-05-04T17:25:53,32.47627099044621,-111.2946124188602,26.3016
2025-05-04T17:25:54,32.47623033821583,-111.29462440498173,19.706400000000002
2025-05-04T17:25:55,32.47620368376374,-111.29457327537239,16.999200000000002
2025-05-04T17:25:56,32.4761922005564,-111.29449247382581,19.926000000000002
2025-05-04T17:25:57,32.476178370416164,-111.29435274749994,32.796
2025-05-04T17:25:58,32.47617971152067,-111.29425342194736,33.5664
2025-05-04T17:25:59,32.47619706206024,-111.29417153075337,31.5648
2025-05-04T17:26:00,32.47623201459646,-111.29408000037074,32.864399999999996
2025-05-04T17:26:01,32.476309379562736,-111.29400070756674,35.0676
2025-05-04T17:26:02,32.476372327655554,-111.29391638562083,35.848800000000004
2025-05-04T17:26:03,32.47640334069729,-111.29382594488561,33.620400000000004
2025-05-04T17:26:04,32.47640501707792,-111.29373952746391,30.5784
2025-05-04T17:26:05,32.47640644200146,-111.29363651387393,31.0392
2025-05-04T17:26:06,32.47638104483485,-111.29356786608696,25.981199999999998
2025-05-04T17:26:07,32.47637157328427,-111.29353844560683,17.8056
2025-05-04T17:26:08,32.476389426738024,-111.29348706454039,17.244
2025-05-04T17:26:09,32.47639210894704,-111.29340207204223,22.518
2025-05-04T17:26:10,32.47638255357742,-111.29335043951869,20.3076
2025-05-04T17:26:11,32.476380625739694,-111.29328262992203,21.6324
2025-05-04T17:26:12,32.47638875618577,-111.2931786943227,28.8828
2025-05-04T17:26:13,32.47639135457575,-111.29306587390602,34.3584
2025-05-04T17:26:14,32.47636964544654,-111.29295464605093,36.6012
2025-05-04T17:26:15,32.47634198516607,-111.29287283867598,33.4224
2025-05-04T17:26:16,32.47629001736641,-111.29283403046429,27.1692
2025-05-04T17:26:17,32.476220866665244,-111.29282229579985,24.624
2025-05-04T17:26:18,32.476163702085614,-111.29287216812372,22.233600000000003
2025-05-04T17:26:19,32.47611567378044,-111.29292774014175,23.1624
2025-05-04T17:26:20,32.47608030214906,-111.29300870932639,25.7724
2025-05-04T17:26:21,32.476060101762414,-111.29309026524425,27.5868
2025-05-04T17:26:22,32.47605792246759,-111.29317634738982,28.188000000000002
2025-05-04T17:26:23,32.47603579424322,-111.29327416419983,31.046400000000002
2025-05-04T17:26:24,32.476026909425855,-111.2933737412095,32.004000000000005
2025-05-04T17:26:25,32.476013246923685,-111.29343970678747,26.2404
2025-05-04T17:26:26,32.475985921919346,-111.29349150694907,20.354400000000002
2025-05-04T17:26:27,32.475958010181785,-111.29351581446826,17.3808
2025-05-04T17:26:28,32.475946359336376,-111.2935021519661,12.5676
2025-05-04T17:26:29,32.47592272236943,-111.29352050833404,13.114799999999999
2025-05-04T17:26:30,32.47586681507528,-111.29350575618446,17.5788
2025-05-04T17:26:31,32.47580378316343,-111.29345848225057,23.3424
2025-05-04T17:26:32,32.475756173953414,-111.29339477978647,25.8912
2025-05-04T17:26:33,32.475760113447905,-111.29331666044891,24.1488
2025-05-04T17:26:34,32.47578433714807,-111.29322261549532,27.2016
2025-05-04T17:26:35,32.4758121650666,-111.29312798380852,30.348
2025-05-04T17:26:36,32.47581509873271,-111.29303972236812,30.078000000000003
2025-05-04T17:26:37,32.47580830939114,-111.29295355640352,29.286
2025-05-04T17:26:38,32.47581166215241,-111.29287937656045,27.1872
2025-05-04T17:26:39,32.47579556889832,-111.29279991611838,26.7588
2025-05-04T17:26:40,32.475740583613515,-111.29273571074009,26.8668
2025-05-04T17:26:41,32.47567009180784,-111.29272137768567,25.1244
2025-05-04T17:26:42,32.47560781426728,-111.29276219755411,22.8348
2025-05-04T17:26:43,32.47556196525693,-111.29277636297047,20.354400000000002
2025-05-04T17:26:44,32.47552206739783,-111.29281206987798,19.0872
2025-05-04T17:26:45,32.475496334955096,-111.29287258721888,20.1168
2025-05-04T17:26:46,32.47550907544792,-111.29296369850636,24.1092
2025-05-04T17:26:47,32.475518714636564,-111.29306470043957,28.666800000000002
2025-05-04T17:26:48,32.47551443986595,-111.29314759746194,27.1656
2025-05-04T17:26:49,32.47551963664591,-111.29321800544858,25.4556
2025-05-04T17:26:50,32.47549851424992,-111.29324331879616,19.368
2025-05-04T17:26:51,32.4754944909364,-111.29331833682954,21.96
2025-05-04T17:26:52,32.47549398802221,-111.29335873760283,17.582400000000003
2025-05-04T17:26:53,32.475495832040906,-111.29341162741184,17.712
2025-05-04T17:26:54,32.47546951286495,-111.29345663823187,17.3808
2025-05-04T17:26:55,32.47541536577046,-111.29348119720817,17.514000000000003
2025-05-04T17:26:56,32.47531813569367,-111.29347298294306,25.6212
2025-05-04T17:26:57,32.47522157616913,-111.2934244517237,33.1704
2025-05-04T17:26:58,32.4751680996269,-111.29339938983321,27.9252
2025-05-04T17:26:59,32.47514069080353,-111.29336351528764,20.6604
2025-05-04T17:27:00,32.47514161281288,-111.2933013215661,17.7192
2025-05-04T17:27:01,32.47514856979251,-111.29322898574173,20.43
2025-05-04T17:27:02,32.47514521703124,-111.29314382560551,22.903200000000002
2025-05-04T17:27:03,32.4751421995461,-111.29309286363423,20.599200000000003
2025-05-04T17:27:04,32.47512895613909,-111.29304064437747,19.7496
2025-05-04T17:27:05,32.47511059977114,-111.29297962412238,19.9404
2025-05-04T17:27:06,32.47510062530637,-111.29292690195143,19.5012
2025-05-04T17:27:07,32.47506257146597,-111.29285657778382,24.192
2025-05-04T17:27:08,32.47498881071806,-111.29279857501388,29.3328
2025-05-04T17:27:09,32.474923599511385,-111.2927854154259,26.172
2025-05-04T17:27:10,32.47490230947733,-111.2927973177284,16.034399999999998
2025-05-04T17:27:11,32.47489250265062,-111.29278114065528,11.0592
2025-05-04T17:27:12,32.47485511936247,-111.29275658167899,13.784400000000002
2025-05-04T17:27:13,32.47480818070471,-111.29274786449969,15.858
2025-05-04T17:27:14,32.47476350516081,-111.29274417646229,16.38
2025-05-04T17:27:15,32.47472687624395,-111.29274216480553,16.214399999999998
2025-05-04T17:27:16,32.474678345024586,-111.29275121726096,18.4104
2025-05-04T17:27:17,32.47459712438285,-111.29275473766029,25.326
2025-05-04T17:27:18,32.47451422736049,-111.29275842569768,29.3004
2025-05-04T17:27:19,32.474445747211576,-111.29275842569768,28.6452
2025-05-04T17:27:20,32.47438539750874,-111.29275071434677,27.0972
2025-05-04T17:27:21,32.47430702671409,-111.29274811595678,29.1024
2025-05-04T17:27:22,32.474220525473356,-111.29274560138583,31.4928
2025-05-04T17:27:23,32.47416587546468,-111.29275473766029,24.782400000000003
2025-05-04T17:27:24,32.47413419187069,-111.29278047010303,19.5624
2025-05-04T17:27:25,32.474114410579205,-111.29277778789401,15.642
2025-05-04T17:27:26,32.47406722046435,-111.29277435131371,17.974800000000002
2025-05-04T17:27:27,32.47399630956352,-111.29278122447431,23.6556
2025-05-04T17:27:28,32.473919447511435,-111.29278717562556,27.5832
2025-05-04T17:27:29,32.47385976836085,-111.29282732494175,27.3996
2025-05-04T17:27:30,32.4738347902894,-111.29291080869734,26.0532
2025-05-04T17:27:31,32.47386102564633,-111.29300912842155,25.999200000000002
2025-05-04T17:27:32,32.473894050344825,-111.29306361079216,23.3244
2025-05-04T17:27:33,32.47393352910876,-111.29310484975576,21.4416
2025-05-04T17:27:34,32.473980048671365,-111.29312295466661,20.322
2025-05-04T17:27:35,32.474056826904416,-111.29312748089433,24.3144
2025-05-04T17:27:36,32.474142741411924,-111.29313577897847,28.8216
2025-05-04T17:27:37,32.47423343360424,-111.29313158802688,32.3496
2025-05-04T17:27:38,32.47432680800557,-111.29311490803957,34.7688
2025-05-04T17:27:39,32.47440232895315,-111.29315773956478,32.1156
2025-05-04T17:27:40,32.47443325817585,-111.29319512285292,22.312800000000003
2025-05-04T17:27:41,32.474483298137784,-111.29318280145526,20.5092
2025-05-04T17:27:42,32.474532248452306,-111.29314240068197,23.148
2025-05-04T17:27:43,32.47464196756482,-111.29312655888498,33.5844
2025-05-04T17:27:44,32.47473726980388,-111.29313309676945,36.198
2025-05-04T17:27:45,32.474830728024244,-111.29317844286561,38.1132
2025-05-04T17:27:46,32.474888479337096,-111.29324683919549,33.5916
2025-05-04T17:27:47,32.474932819604874,-111.29330098628998,28.8864
2025-05-04T17:27:48,32.47498881071806,-111.29335404373705,28.836
2025-05-04T17:27:49,32.474999874830246,-111.2935246154666,32.7924
2025-05-04T17:27:50,32.475047232583165,-111.29359552636743,30.0924
2025-05-04T17:27:51,32.475077491253614,-111.29365839064121,28.4148
2025-05-04T17:27:52,32.475058967247605,-111.29370641894639,19.7316
2025-05-04T17:27:53,32.47503415681422,-111.29373944364488,14.8716
2025-05-04T17:27:54,32.47498051263392,-111.29378026351333,18.666
2025-05-04T17:27:55,32.47488671913743,-111.29377397708595,25.1712
2025-05-04T17:27:56,32.47480323538184,-111.29373852163553,27.770400000000002
2025-05-04T17:27:57,32.47474456205964,-111.29367255605757,28.566
2025-05-04T17:27:58,32.47468588873744,-111.29358949139714,30.884400000000003
2025-05-04T17:27:59,32.474602153524756,-111.29355579614639,31.759199999999996
2025-05-04T17:28:00,32.4745153170079,-111.29353458993137,32.5188
2025-05-04T17:28:01,32.47442504391074,-111.2935692910105,32.6988
2025-05-04T17:28:02,32.47436469420791,-111.29359116777778,26.8452
2025-05-04T17:28:03,32.474342649802566,-111.29356987774372,16.0668
2025-05-04T17:28:04,32.474293783307076,-111.29357004538178,18.882
2025-05-04T17:28:05,32.47422203421593,-111.29359091632068,25.541999999999998
2025-05-04T17:28:06,32.47416093014181,-111.29356702789664,25.2252
2025-05-04T17:28:07,32.47407593764365,-111.29357666708529,30.4128
2025-05-04T17:28:08,32.47398323379457,-111.29359602928162,33.757200000000005
2025-05-04T17:28:09,32.47390947304666,-111.29362561739981,31.5792
2025-05-04T17:28:10,32.47386446222663,-111.29371027462184,30.042
2025-05-04T17:28:11,32.47385021299124,-111.29378881305456,27.460800000000003
2025-05-04T17:28:12,32.47386060655117,-111.2938888091594,29.2284
2025-05-04T17:28:13,32.47390469536185,-111.29399098455906,31.960800000000003
2025-05-04T17:28:14,32.47398021630943,-111.2940524239093,31.377599999999997
2025-05-04T17:28:15,32.474062610417604,-111.29406290128827,29.613600000000005
2025-05-04T17:28:16,32.47415137477219,-111.29405175335705,29.718000000000004
2025-05-04T17:28:17,32.47423049993813,-111.29404932260513,28.5228
2025-05-04T17:28:18,32.474317252635956,-111.29406390711665,31.0032
2025-05-04T17:28:19,32.47441314160824,-111.29406499676406,32.7528
2025-05-04T17:28:20,32.474492182955146,-111.29404840059578,31.0392
2025-05-04T17:28:21,32.4745359364897,-111.29406021907926,22.8672
2025-05-04T17:28:22,32.47454498894513,-111.29406273365021,13.446
2025-05-04T17:28:23,32.47457306832075,-111.29406399093568,12.906
2025-05-04T17:28:24,32.474607517942786,-111.29406784661114,13.4928
2025-05-04T17:28:25,32.47464255429804,-111.29406181164086,13.662
2025-05-04T17:28:26,32.47468153014779,-111.29405644722283,14.1588
2025-05-04T17:28:27,32.47472260147333,-111.29406189545989,15.192
2025-05-04T17:28:28,32.47476853430271,-111.29407748579979,16.344
2025-05-04T17:28:29,32.47480667196214,-111.29407983273268,16.401600000000002
2025-05-04T17:28:30,32.47486559674144,-111.29408452659845,20.8584
2025-05-04T17:28:31,32.47495369054377,-111.29410455934703,27.9936
2025-05-04T17:28:32,32.475033989176154,-111.29412308335304,30.445200000000003
2025-05-04T17:28:33,32.47509685344994,-111.29412207752466,27.262800000000002
2025-05-04T17:28:34,32.47513582929969,-111.29409718327224,21.2112
2025-05-04T17:28:35,32.47514965943992,-111.29404798150063,17.3844
2025-05-04T17:28:36,32.47518804855645,-111.29396583884954,24.505200000000002
2025-05-04T17:28:37,32.475222665816545,-111.29388369619846,28.296000000000003
2025-05-04T17:28:38,32.4752645753324,-111.2938314769417,25.5132
2025-05-04T17:28:39,32.47529533691704,-111.29381965845823,18.36
2025-05-04T17:28:40,32.47531335800886,-111.29379057325423,15.0876
2025-05-04T17:28:41,32.47536180540919,-111.29377749748528,16.1316
2025-05-04T17:28:42,32.475394662469625,-111.29378537647426,14.1732
2025-05-04T17:28:43,32.475425926968455,-111.29385913722217,16.0524
2025-05-04T17:28:44,32.47542902827263,-111.29391227848828,14.662800000000002
2025-05-04T17:28:45,32.47544361278415,-111.29396424628794,15.6024
2025-05-04T17:28:46,32.47548711486161,-111.29402467980981,20.4876
2025-05-04T17:28:47,32.47555358335376,-111.29404529929161,23.5296
2025-05-04T17:28:48,32.47562994249165,-111.29399282857776,26.8524
2025-05-04T17:28:49,32.47569976374507,-111.29391923546791,29.764800000000005
2025-05-04T17:28:50,32.47575592249632,-111.29384061321616,31.0428
2025-05-04T17:28:51,32.475828006863594,-111.29379409365356,30.146400000000003
2025-05-04T17:28:52,32.475898833945394,-111.29379987716675,27.748800000000003
2025-05-04T17:28:53,32.47594837099314,-111.29387699067593,25.4772
2025-05-04T17:28:54,32.475928254425526,-111.29399551078677,28.0044
2025-05-04T17:28:55,32.475910149514675,-111.29408285021782,27.3132
2025-05-04T17:28:56,32.47591249644756,-111.29415803588927,24.066
2025-05-04T17:28:57,32.475919453427196,-111.29418209195137,13.2804
2025-05-04T17:28:58,32.47592666186392,-111.29423699341714,15.7896
2025-05-04T17:28:59,32.47592649422586,-111.29433841444552,25.948800000000002
2025-05-04T17:29:00,32.475937055423856,-111.29443011246622,28.4436
2025-05-04T17:29:01,32.475942838937044,-111.2945328745991,31.445999999999998
2025-05-04T17:29:02,32.475963374599814,-111.29464921541512,35.4816
2025-05-04T17:29:03,32.476008385419846,-111.2947622872889,37.8396
2025-05-04T17:29:04,32.476077787578106,-111.29486463032663,39.9204
2025-05-04T17:29:05,32.47614065185189,-111.29496982321143,40.1004
2025-05-04T17:29:06,32.47613319195807,-111.2950804643333,36.69840000000001
2025-05-04T17:29:07,32.47605683282018,-111.29516956396401,33.8328
2025-05-04T17:29:08,32.47597569599748,-111.29516386426985,25.4592
2025-05-04T17:29:09,32.47593009844422,-111.29514408297837,16.8804
2025-05-04T17:29:10,32.475871592760086,-111.2951283250004,19.119600000000002
2025-05-04T17:29:11,32.475803112611175,-111.29507501609623,26.838
2025-05-04T17:29:12,32.47573119588196,-111.29500343464315,30.592799999999997
2025-05-04T17:29:13,32.475667744874954,-111.29491399973631,33.919200000000004
2025-05-04T17:29:14,32.47560203075409,-111.29483328200877,33.5124
2025-05-04T17:29:15,32.47555911540985,-111.29477846436203,26.6004
2025-05-04T17:29:16,32.47550589032471,-111.29471803084016,26.2404
2025-05-04T17:29:17,32.47546247206628,-111.29468022845685,22.1472
2025-05-04T17:29:18,32.47541385702789,-111.29465273581445,21.8448
2025-05-04T17:29:19,32.4753509927541,-111.29457402974367,29.3112
2025-05-04T17:29:20,32.475283266976476,-111.29451451823115,31.899600000000003
2025-05-04T17:29:21,32.47518972493708,-111.29448786377907,34.2792
2025-05-04T17:29:22,32.47509433887899,-111.2944757938385,35.3232
2025-05-04T17:29:23,32.47499970719218,-111.29448157735169,35.9676
2025-05-04T17:29:24,32.47490423731506,-111.29449171945453,36.262800000000006
2025-05-04T17:29:25,32.474819077178836,-111.29453505389392,34.9848
2025-05-04T17:29:26,32.47479099780321,-111.29464854486287,31.428
2025-05-04T17:29:27,32.47480851598084,-111.29478148184717,35.3664
2025-05-04T17:29:28,32.474807845428586,-111.29490410909057,37.63440000000001
2025-05-04T17:29:29,32.47479728423059,-111.29502438940108,38.534400000000005
2025-05-04T17:29:30,32.474803403019905,-111.29514953121543,39.5244
2025-05-04T17:29:31,32.474889401346445,-111.2952234596014,35.8092
2025-05-04T17:29:32,32.47505871579051,-111.29520066082478,38.3868
2025-05-04T17:29:33,32.475165417417884,-111.29515958949924,40.507200000000005
2025-05-04T17:29:34,32.475258372724056,-111.2951201107353,39.434400000000004
2025-05-04T17:29:35,32.47535937465727,-111.29513125866652,39.186
2025-05-04T17:29:36,32.475464064627886,-111.29519797861576,41.8068
2025-05-04T17:29:37,32.4755653180182,-111.29529017955065,45.9972
2025-05-04T17:29:38,32.47565290890634,-111.29537374712527,45.4608
2025-05-04T17:29:39,32.47577352449298,-111.29539696499705,45.8532
2025-05-04T17:29:40,32.47590553946793,-111.29537651315331,48.6432
2025-05-04T17:29:41,32.47601701878011,-111.29537165164948,46.242000000000004
2025-05-04T17:29:42,32.47609413228929,-111.29538640379906,37.083600000000004
2025-05-04T17:29:43,32.476157918572426,-111.29538900218904,30.1392
2025-05-04T17:29:44,32.47624643146992,-111.29539428278804,34.9992
2025-05-04T17:29:45,32.47632605955005,-111.2954409699887,37.2096
2025-05-04T17:29:46,32.47638867236674,-111.29536041989923,32.0508
2025-05-04T17:29:47,32.47646209783852,-111.29525656811893,36.036
2025-05-04T17:29:48,32.47650166042149,-111.29512581042945,39.1752
2025-05-04T17:29:49,32.476511215791106,-111.29498826339841,42.0696
2025-05-04T17:29:50,32.476493529975414,-111.2948606070131,41.7132
2025-05-04T17:29:51,32.47647726908326,-111.29474552348256,39.8412
2025-05-04T17:29:52,32.47644013725221,-111.29466363228858,33.523199999999996
2025-05-04T17:29:53,32.47635740786791,-111.29462381824851,31.4784
2025-05-04T17:29:54,32.476253639906645,-111.29463697783649,32.69520000000001
2025-05-04T17:29:55,32.47620787471533,-111.29464284516871,24.6492
2025-05-04T17:29:56,32.47617912478745,-111.29461283795536,19.224
2025-05-04T17:29:57,32.47614643536508,-111.29451493732631,24.282
2025-05-04T17:29:58,32.47613285668194,-111.29439339973032,31.445999999999998
2025-05-04T17:29:59,32.47614827938378,-111.29429214634001,32.4108
2025-05-04T17:30:00,32.47617577202618,-111.2941959220916,33.3648
2025-05-04T17:30:01,32.476206198334694,-111.29410388879478,32.8896
2025-05-04T17:30:02,32.47626998461783,-111.29400850273669,35.604000000000006
2025-05-04T17:30:03,32.476353300735354,-111.29392066039145,39.204
2025-05-04T17:30:04,32.47639948502183,-111.2938248552382,37.0404
2025-05-04T17:30:05,32.476392863318324,-111.29371698014438,33.0696
2025-05-04T17:30:06,32.47637107037008,-111.29365285858512,26.4708
2025-05-04T17:30:07,32.476364113390446,-111.29360960796475,20.1024
2025-05-04T17:30:08,32.476378194987774,-111.29354515112936,19.476000000000003
2025-05-04T17:30:09,32.47637115418911,-111.29348027519882,19.89
2025-05-04T17:30:10,32.47636025771499,-111.2934035807848,22.6548
2025-05-04T17:30:11,32.4763700645417,-111.29332940094173,24.256800000000002
2025-05-04T17:30:12,32.476375764235854,-111.29324625246227,26.6796
2025-05-04T17:30:13,32.4763766862452,-111.29314131103456,31.284
2025-05-04T17:30:14,32.47637685388327,-111.29303276538849,34.7112
2025-05-04T17:30:15,32.476361095905304,-111.29293612204492,33.912
2025-05-04T17:30:16,32.47631340287626,-111.29287250339985,29.559600000000003
2025-05-04T17:30:17,32.47624794021249,-111.29285800270736,24.775199999999998
2025-05-04T17:30:18,32.476175939664245,-111.2928771134466,24.6564
2025-05-04T17:30:19,32.476117853075266,-111.29293444566429,25.3836
2025-05-04T17:30:20,32.47608348727226,-111.29300175234675,24.965999999999998
2025-05-04T17:30:21,32.47608088888228,-111.29309311509132,26.3556
2025-05-04T17:30:22,32.476083151996136,-111.29318431019783,27.5436
2025-05-04T17:30:23,32.47606873512268,-111.29327852278948,29.797199999999997
2025-05-04T17:30:24,32.476041577756405,-111.293367119506,30.848400000000005
2025-05-04T17:30:25,32.47600553557277,-111.2934601586312,32.9364
2025-05-04T17:30:26,32.47592741623521,-111.29350542090833,30.9744
2025-05-04T17:30:27,32.47585650533438,-111.29353207536042,30.009600000000002
2025-05-04T17:30:28,32.4757862649858,-111.29349242895842,27.072
2025-05-04T17:30:29,32.4757257476449,-111.29336426965892,31.2588
2025-05-04T17:30:30,32.47574578039348,-111.29324935376644,31.2228
2025-05-04T17:30:31,32.475800178945065,-111.29312572069466,35.9352
2025-05-04T17:30:32,32.47581543400884,-111.29302958026528,33.49080000000001
2025-05-04T17:30:33,32.475805040448904,-111.29294022917747,30.5532
2025-05-04T17:30:34,32.475783582776785,-111.29286278039217,27.684
2025-05-04T17:30:35,32.47576832771301,-111.29278792999685,26.377200000000002
2025-05-04T17:30:36,32.47572725638747,-111.29272112622857,25.6644
2025-05-04T17:30:37,32.47566321864724,-111.29270662553608,23.0508
2025-05-04T17:30:38,32.47559146955609,-111.29275524057448,23.400000000000002
2025-05-04T17:30:39,32.47554578818381,-111.29276437684894,20.9052
2025-05-04T17:30:40,32.475514356046915,-111.29277544096112,16.430400000000002
2025-05-04T17:30:41,32.47549507766962,-111.29284853115678,18.5832
2025-05-04T17:30:42,32.475507063791156,-111.29295523278415,26.276400000000002
2025-05-04T17:30:43,32.47552734799683,-111.29304089583457,27.968400000000003
2025-05-04T17:30:44,32.4755272641778,-111.29311549477279,25.253999999999998
2025-05-04T17:30:45,32.475546291098,-111.29317081533372,23.0184
2025-05-04T17:30:46,32.4755478836596,-111.2932362779975,23.346
2025-05-04T17:30:47,32.47553707100451,-111.29327483475208,19.7532
2025-05-04T17:30:48,32.4755254201591,-111.293343314901,19.7244
2025-05-04T17:30:49,32.47550329193473,-111.29338949918747,18.511200000000002
2025-05-04T17:30:50,32.4754683393985,-111.29341238178313,14.547600000000001
2025-05-04T17:30:51,32.47541427612305,-111.2934035807848,15.321600000000002
2025-05-04T17:30:52,32.47530480846763,-111.29342185333371,26.8632
2025-05-04T17:30:53,32.47521596029401,-111.29337340593338,32.0544
2025-05-04T17:30:54,32.475164076313376,-111.29335572011769,26.3088
2025-05-04T17:30:55,32.475148402154446,-111.29330299794674,19.4616
2025-05-04T17:30:56,32.475164495408535,-111.29323745146394,19.8396
2025-05-04T17:30:57,32.47515452094376,-111.29316855221987,22.215600000000002
2025-05-04T17:30:58,32.47514261864126,-111.29310225136578,21.8268
2025-05-04T17:30:59,32.47513155452907,-111.2930634431541,18.791999999999998
2025-05-04T17:31:00,32.4751284532249,-111.29300929605961,18.27
2025-05-04T17:31:01,32.47511722147465,-111.29295514896512,18.0468
2025-05-04T17:31:02,32.47509400360286,-111.29289672710001,20.847600000000003
2025-05-04T17:31:03,32.47504010796547,-111.29282095469534,26.9172
2025-05-04T17:31:04,32.47497330419719,-111.29276655614376,28.7316
2025-05-04T17:31:05,32.474909853190184,-111.29277812317014,23.9688
2025-05-04T17:31:06,32.47486324980855,-111.29280192777514,19.767599999999998
2025-05-04T17:31:07,32.47486475855112,-111.29278264939785,10.3356
2025-05-04T17:31:08,32.47484271414578,-111.29275909624994,10.602
2025-05-04T17:31:09,32.474796613678336,-111.29274409264326,14.453999999999999
2025-05-04T17:31:10,32.47474305331707,-111.2927439250052,17.2908
2025-05-04T17:31:11,32.4747016467154,-111.29274643957615,17.6616
2025-05-04T17:31:12,32.474636770784855,-111.2927476130426,22.122
2025-05-04T17:31:13,32.474555131047964,-111.29275859333575,26.9172
2025-05-04T17:31:14,32.47449050657451,-111.29276018589735,26.3952
2025-05-04T17:31:15,32.474428648129106,-111.29275691695511,25.768800000000002
2025-05-04T17:31:16,32.47435698285699,-111.29275457002223,27.3528
2025-05-04T17:31:17,32.47426989488304,-111.29275004379451,31.3956
2025-05-04T17:31:18,32.47419269755483,-111.2927455175668,30.348
2025-05-04T17:31:19,32.474144753068686,-111.29273780621588,23.709600000000002
2025-05-04T17:31:20,32.47409253381193,-111.29272439517081,23.9436
2025-05-04T17:31:21,32.47408775612712,-111.29273713566363,16.6572
2025-05-04T17:31:22,32.47404048219323,-111.29274618811905,18.6192
2025-05-04T17:31:23,32.47397594153881,-111.29275817424059,23.0544
2025-05-04T17:31:24,32.4739090539515,-111.29278088919818,25.1136
2025-05-04T17:31:25,32.47386203147471,-111.29283134825528,23.230800000000002
2025-05-04T17:31:26,32.47385708615184,-111.29289111122489,18.666
2025-05-04T17:31:27,32.47386462986469,-111.29295866936445,18.936
2025-05-04T17:31:28,32.473893044516444,-111.29301398992538,19.4616
2025-05-04T17:31:29,32.47393595986068,-111.29306838847697,21.0816
2025-05-04T17:31:30,32.47397334314883,-111.29308816976845,18.4392
2025-05-04T17:31:31,32.474025562405586,-111.29310023970902,19.6632
2025-05-04T17:31:32,32.474104100838304,-111.29310929216444,25.243199999999998
2025-05-04T17:31:33,32.47418163344264,-111.29312379285693,28.407600000000002
2025-05-04T17:31:34,32.47426989488304,-111.29311448894441,31.633200000000002
2025-05-04T17:31:35,32.474346589297056,-111.29312764853239,30.121200000000005
2025-05-04T17:31:36,32.474389504641294,-111.29316528327763,23.094
2025-05-04T17:31:37,32.47440526261926,-111.29318246617913,14.148000000000001
2025-05-04T17:31:38,32.47443116270006,-111.29318037070334,12.596400000000001
2025-05-04T17:31:39,32.474468629807234,-111.29314340651035,16.261200000000002
2025-05-04T17:31:40,32.47458371333778,-111.29312806762755,30.355200000000004
2025-05-04T17:31:41,32.474695360288024,-111.29315539263189,38.0412
2025-05-04T17:31:42,32.474777000024915,-111.29319302737713,37.0332
2025-05-04T17:31:43,32.47484522871673,-111.29323300905526,32.8104
2025-05-04T17:31:44,32.474872302263975,-111.29328883253038,25.2684
2025-05-04T17:31:45,32.47492644935846,-111.29334717057645,27.8064
2025-05-04T17:31:46,32.47494086623192,-111.29340869374573,25.8444
2025-05-04T17:31:47,32.47498285956681,-111.29348555579782,27.3168
2025-05-04T17:31:48,32.47501680627465,-111.29355730488896,27.241200000000003
2025-05-04T17:31:49,32.47503130696714,-111.29361086525023,21.5928
2025-05-04T17:31:50,32.47502560727298,-111.2936488352716,15.584399999999999
2025-05-04T17:31:51,32.475009597837925,-111.29366769455373,10.872
2025-05-04T17:31:52,32.47498244047165,-111.2937122862786,14.893199999999998
2025-05-04T17:31:53,32.47492829337716,-111.29372779279947,18.6048
2025-05-04T17:31:54,32.47486366890371,-111.29372804425657,21.7872
2025-05-04T17:31:55,32.47479569166899,-111.29369761794806,23.835600000000003
2025-05-04T17:31:56,32.4747225176543,-111.29361136816442,30.736800000000002
2025-05-04T17:31:57,32.47464624233544,-111.29356199875474,32.6268
2025-05-04T17:31:58,32.47455412521958,-111.29356593824923,33.501599999999996
2025-05-04T17:31:59,32.47446494176984,-111.29359602928162,34.308
2025-05-04T17:32:00,32.474398389458656,-111.29359829239547,29.3436
2025-05-04T17:32:01,32.47434080578387,-111.29359343089163,27.4464
2025-05-04T17:32:02,32.47432387433946,-111.29359351471066,18.817200000000003
2025-05-04T17:32:03,32.47425748966634,-111.29357851110399,21.9276
2025-05-04T17:32:04,32.47417953796685,-111.2935885693878,28.3896
2025-05-04T17:32:05,32.474116925150156,-111.29358270205557,28.458000000000002
2025-05-04T17:32:06,32.47402195818722,-111.29359217360616,33.5772
2025-05-04T17:32:07,32.47392933815718,-111.29361279308796,35.244
2025-05-04T17:32:08,32.473862282931805,-111.29367750138044,32.5764
2025-05-04T17:32:09,32.47383361682296,-111.29377431236207,30.430799999999998
2025-05-04T17:32:10,32.47386211529374,-111.29389274865389,32.583600000000004
2025-05-04T17:32:11,32.47390863485634,-111.29399123601615,34.7652
2025-05-04T17:32:12,32.47397057712078,-111.29404588602483,30.6144
2025-05-04T17:32:13,32.47404031455517,-111.29406524822116,26.91
2025-05-04T17:32:14,32.474083229899406,-111.29404781386256,20.1096
2025-05-04T17:32:15,32.47412874363363,-111.29405141808093,19.018800000000002
2025-05-04T17:32:16,32.474186243489385,-111.29405560903251,20.642400000000002
2025-05-04T17:32:17,32.474249778315425,-111.2940767314285,24.2496
2025-05-04T17:32:18,32.474328484386206,-111.29408159293234,28.843200000000003
2025-05-04T17:32:19,32.47442093677819,-111.29408502951264,33.3144
2025-05-04T17:32:20,32.47449377551675,-111.29407773725688,30.592799999999997
2025-05-04T17:32:21,32.47454607859254,-111.29407564178109,23.8968
2025-05-04T17:32:22,32.47454381547868,-111.29407731816173,11.750399999999999
2025-05-04T17:32:23,32.47454264201224,-111.29408519715071,5.1335999999999995
2025-05-04T17:32:24,32.47459125705063,-111.29406751133502,11.5524
2025-05-04T17:32:25,32.474635262042284,-111.29407220520079,14.104800000000001
2025-05-04T17:32:26,32.4746844638139,-111.294080670923,16.3728
2025-05-04T17:32:27,32.47472151182592,-111.29409366287291,15.732000000000001
2025-05-04T17:32:28,32.47475520707667,-111.29409056156874,14.644799999999998
2025-05-04T17:32:29,32.47479619458318,-111.29408846609294,15.109200000000001
2025-05-04T17:32:30,32.47483441606164,-111.29409391433,16.2756
2025-05-04T17:32:31,32.47491060756147,-111.29410598427057,23.814
2025-05-04T17:32:32,32.47499627061188,-111.29412048496306,29.069999999999997
2025-05-04T17:32:33,32.47507581487298,-111.29412928596139,29.8836
2025-05-04T17:32:34,32.47513356618583,-111.2941129412502,25.4556
2025-05-04T17:32:35,32.47516659088433,-111.2940962612629,19.7784
2025-05-04T17:32:36,32.475184528157115,-111.29407044500113,14.904
2025-05-04T17:32:37,32.47519810684025,-111.29403566010296,13.3596
2025-05-04T17:32:38,32.47521017678082,-111.29398419521749,16.2
2025-05-04T17:32:39,32.47522643767297,-111.29389962181449,23.2668
2025-05-04T17:32:40,32.475277399644256,-111.29384622909129,23.410800000000002
2025-05-04T17:32:41,32.47533054091036,-111.29380406811833,23.3244
2025-05-04T17:32:42,32.47537932358682,-111.2937801796943,22.8384
2025-05-04T17:32:43,32.475400445982814,-111.29381680861115,14.932799999999999
2025-05-04T17:32:44,32.475425926968455,-111.29385611973703,12.844800000000001
2025-05-04T17:32:45,32.47543975710869,-111.29390850663185,14.2416
2025-05-04T17:32:46,32.47544310986996,-111.29395209252834,14.353200000000001
2025-05-04T17:32:47,32.47548443265259,-111.29399366676807,18.1476
2025-05-04T17:32:48,32.47554872184992,-111.2940233387053,22.521600000000003
2025-05-04T17:32:49,32.475636564195156,-111.29398947581649,27.8964
2025-05-04T17:32:50,32.47570068575442,-111.29389878362417,32.058
2025-05-04T17:32:51,32.475761119276285,-111.29383415915072,31.827599999999997
2025-05-04T17:32:52,32.47581618838012,-111.29380758851767,26.8884
2025-05-04T17:32:53,32.475856924429536,-111.2938142940402,20.6784
2025-05-04T17:32:54,32.47590847313404,-111.29386022686958,21.0744
2025-05-04T17:32:55,32.475946778431535,-111.2939183972776,21.636
2025-05-04T17:32:56,32.47593613341451,-111.29403037950397,26.2224
2025-05-04T17:32:57,32.47588726691902,-111.29412752576172,29.682
2025-05-04T17:32:58,32.47586849145591,-111.29419147968292,26.1432
2025-05-04T17:32:59,32.475876454263926,-111.29424151964486,22.2228
2025-05-04T17:33:00,32.47590587474406,-111.29428133368492,20.5272
2025-05-04T17:33:01,32.475914005190134,-111.29437278024852,25.721999999999998
2025-05-04T17:33:02,32.475923309102654,-111.2944620475173,28.4544
2025-05-04T17:33:03,32.47593202628195,-111.29457822069526,33.9264
2025-05-04T17:33:04,32.475967314094305,-111.29468936473131,36.6912
2025-05-04T17:33:05,32.47602514922619,-111.29478206858039,37.782
2025-05-04T17:33:06,32.47608038596809,-111.29488977603614,40.1796
2025-05-04T17:33:07,32.4761023465544,-111.29500418901443,38.836800000000004
2025-05-04T17:33:08,32.476052390411496,-111.29510854370892,34.812
2025-05-04T17:33:09,32.47597779147327,-111.29513033665717,25.8516
2025-05-04T17:33:10,32.475908724591136,-111.2951024249196,22.5576
2025-05-04T17:33:11,32.475862791761756,-111.2950643710792,22.9536
2025-05-04T17:33:12,32.47580436989665,-111.2950455956161,24.044400000000003
2025-05-04T17:33:13,32.47573195025325,-111.29498474299908,29.847600000000003
2025-05-04T17:33:14,32.475670175626874,-111.29490712657571,32.9652
2025-05-04T17:33:15,32.475603707134724,-111.29482632502913,35.3772
2025-05-04T17:33:16,32.47555509209633,-111.29475231282413,32.25600000000001
2025-05-04T17:33:17,32.475525587797165,-111.29470772109926,25.318800000000003
2025-05-04T17:33:18,32.475503124296665,-111.29467276856303,19.256400000000003
2025-05-04T17:33:19,32.475460544228554,-111.29463538527489,19.8936
2025-05-04T17:33:20,32.47539424337447,-111.2945711798966,25.8912
2025-05-04T17:33:21,32.4752957560122,-111.29451870918274,33.9696
2025-05-04T17:33:22,32.47520338743925,-111.29448023624718,36.684
2025-05-04T17:33:23,32.47510867193341,-111.29446690902114,36.489599999999996
2025-05-04T17:33:24,32.475012531504035,-111.29447696730494,36.2556
2025-05-04T17:33:25,32.474916810169816,-111.2945120036602,36.9576
2025-05-04T17:33:26,32.4748398642987,-111.29455734975636,34.2468
2025-05-04T17:33:27,32.47480751015246,-111.29466178826988,32.7132
2025-05-04T17:33:28,32.47482804581523,-111.29479405470192,35.625600000000006
2025-05-04T17:33:29,32.47482578270137,-111.2949163466692,38.3688
2025-05-04T17:33:30,32.47481228783727,-111.29503386095166,39.0276
2025-05-04T17:33:31,32.4748313985765,-111.29515590146184,39.250800000000005
2025-05-04T17:33:32,32.474917732179165,-111.29521097056568,34.2828
2025-05-04T17:33:33,32.47504681348801,-111.29520233720541,38.1312
2025-05-04T17:33:34,32.475146893411875,-111.2951700668782,39.1248
2025-05-04T17:33:35,32.47523666359484,-111.29514525644481,38.152800000000006
2025-05-04T17:33:36,32.475338503718376,-111.29515623673797,39.052800000000005
2025-05-04T17:33:37,32.4754408467561,-111.2952168378979,40.7412
2025-05-04T17:33:38,32.475540759041905,-111.29531666636467,45.6912
2025-05-04T17:33:39,32.47563916258514,-111.29538631998003,46.4364
2025-05-04T17:33:40,32.47574578039348,-111.29540626890957,43.9632
2025-05-04T17:33:41,32.47588592581451,-111.2953891698271,48.8556
2025-05-04T17:33:42,32.47601039707661,-111.29537617787719,48.8196
2025-05-04T17:33:43,32.47609614394605,-111.29538447596133,39.4416
2025-05-04T17:33:44,32.47615607455373,-111.29540216177702,30.6108
2025-05-04T17:33:45,32.47624073177576,-111.29540610127151,32.6484
2025-05-04T17:33:46,32.47632564045489,-111.2953997310251,34.0596
2025-05-04T17:33:47,32.47641901485622,-111.29532504826784,36.651599999999995
2025-05-04T17:33:48,32.476481292396784,-111.29522077739239,37.4328
2025-05-04T17:33:49,32.4765080306679,-111.2951029278338,37.364399999999996
2025-05-04T17:33:50,32.47651389800012,-111.29498071968555,36.781200000000005
2025-05-04T17:33:51,32.47650367207825,-111.2948383949697,40.3632
2025-05-04T17:33:52,32.476482801139355,-111.29471928812563,38.7036
2025-05-04T17:33:53,32.47643074952066,-111.29463521763682,34.6824
2025-05-04T17:33:54,32.47633050195873,-111.29460889846087,32.684400000000004
2025-05-04T17:33:55,32.47623519971967,-111.29457771778107,34.8516
2025-05-04T17:33:56,32.476150123402476,-111.29451376385987,39.2112
2025-05-04T17:33:57,32.47627191245556,-111.29444075748324,31.874399999999998
2025-05-04T17:33:58,32.476226314902306,-111.29439365118742,27.5544
2025-05-04T17:33:59,32.47621198184788,-111.29432190209627,26.9604
2025-05-04T17:34:00,32.47621667571366,-111.29423598758876,30.2436
2025-05-04T17:34:01,32.47622011229396,-111.29414873197675,32.443200000000004
2025-05-04T17:34:02,32.476254561915994,-111.29405745305121,32.443200000000004
2025-05-04T17:34:03,32.476323293522,-111.29397623240948,34.146
2025-05-04T17:34:04,32.476390013471246,-111.29387699067593,37.7064
2025-05-04T17:34:05,32.47642094269395,-111.29377062432468,36.846
2025-05-04T17:34:06,32.47642379254103,-111.293671047315,36.846
2025-05-04T17:34:07,32.47641792520881,-111.29363039508462,29.1852
2025-05-04T17:34:08,32.47637316584587,-111.29356166347861,16.3872
2025-05-04T17:34:09,32.476377692073584,-111.29349620081484,20.1672
2025-05-04T17:34:10,32.47637936845422,-111.29342570900917,22.784399999999998
2025-05-04T17:34:11,32.47637593187392,-111.29335345700383,24.048
2025-05-04T17:34:12,32.47636470012367,-111.29328698851168,22.7952
2025-05-04T17:34:13,32.47636520303786,-111.29320719279349,25.488
2025-05-04T17:34:14,32.476372411474586,-111.29311113618314,30.6864
2025-05-04T17:34:15,32.47638590633869,-111.29299898631871,34.912800000000004
2025-05-04T17:34:16,32.47636394575238,-111.29288524389267,36.45
2025-05-04T17:34:17,32.47630409896374,-111.29281483590603,32.8752
2025-05-04T17:34:18,32.47622069902718,-111.29281466826797,27.8676
2025-05-04T17:34:19,32.476144256070256,-111.29286663606763,27.7128
2025-05-04T17:34:20,32.476085582748055,-111.29297166131437,28.0908
2025-05-04T17:34:21,32.47607016004622,-111.29305489361286,26.974800000000002
2025-05-04T17:34:22,32.4760711658746,-111.2931580748409,29.509199999999996
2025-05-04T17:34:23,32.47606395743787,-111.29325773566961,31.6476
2025-05-04T17:34:24,32.476035710424185,-111.29336535930634,34.50600000000001
2025-05-04T17:34:25,32.47599790804088,-111.29347633570433,37.422
2025-05-04T17:34:26,32.47594225220382,-111.29353056661785,31.086
2025-05-04T17:34:27,32.47585901990533,-111.29353291355073,28.944
2025-05-04T17:34:28,32.47579079121351,-111.29349175840616,26.4204
2025-05-04T17:34:29,32.475737147033215,-111.29339125938714,27.8892
2025-05-04T17:34:30,32.47575885616243,-111.29327852278948,28.036800000000003
2025-05-04T17:34:31,32.47581426054239,-111.2931562308222,34.7616
2025-05-04T17:34:32,32.47583236545324,-111.29305732436478,33.5052
2025-05-04T17:34:33,32.47581551782787,-111.29296185448766,30.9348
2025-05-04T17:34:34,32.475801184773445,-111.2928771134466,28.6596
2025-05-04T17:34:35,32.47579523362219,-111.29279807209969,26.7516
2025-05-04T17:34:36,32.47577159665525,-111.29272431135178,25.4052
2025-05-04T17:34:37,32.47569205239415,-111.29268097691238,26.812800000000003
2025-05-04T17:34:38,32.47561443597078,-111.29270595498383,25.689600000000002
2025-05-04T17:34:39,32.47556439600885,-111.29275716841221,22.960800000000003
2025-05-04T17:34:40,32.47551418840885,-111.29279421642423,22.5756
2025-05-04T17:34:41,32.47547655366361,-111.29284702241421,23.471999999999998
2025-05-04T17:34:42,32.47547848150134,-111.29293268546462,24.285600000000002
2025-05-04T17:34:43,32.47549130581319,-111.29301952198148,26.4528
2025-05-04T17:34:44,32.47551620006561,-111.29311348311603,28.4652
2025-05-04T17:34:45,32.475518714636564,-111.29317098297179,23.3712
2025-05-04T17:34:46,32.47552055865526,-111.29323309287429,23.0076
2025-05-04T17:34:47,32.47550178319216,-111.2932687997818,19.3716
2025-05-04T17:34:48,32.47550144791603,-111.29332546144724,18.8604
2025-05-04T17:34:49,32.47549801133573,-111.29337231628597,18.1368
2025-05-04T17:34:50,32.475460628047585,-111.29343048669398,21.438000000000002
2025-05-04T17:34:51,32.47539600357413,-111.29348035901785,23.976000000000003
2025-05-04T17:34:52,32.47529315762222,-111.29346761852503,29.5272
2025-05-04T17:34:53,32.4752061534673,-111.29341095685959,32.9508
2025-05-04T17:34:54,32.47515577822924,-111.29338178783655,26.6904
2025-05-04T17:34:55,32.47513901442289,-111.29335957579315,17.2548
2025-05-04T17:34:56,32.47513306327164,-111.29330241121352,16.5276
2025-05-04T17:34:57,32.47513725422323,-111.29324030131102,18.81
2025-05-04T17:34:58,32.47513264417648,-111.29316410981119,21.6432
2025-05-04T17:34:59,32.475137589499354,-111.29310711286962,20.0592
2025-05-04T17:35:00,32.475127782672644,-111.2930716574192,17.506800000000002
2025-05-04T17:35:01,32.4751057382673,-111.29300694912672,19.1808
2025-05-04T17:35:02,32.475098948925734,-111.29296227358282,17.3952
2025-05-04T17:35:03,32.47507933527231,-111.29289555363357,20.973599999999998
2025-05-04T17:35:04,32.47502292506397,-111.29280838184059,28.5588
2025-05-04T17:35:05,32.47495310381055,-111.29276932217181,28.1124
2025-05-04T17:35:06,32.47490532696247,-111.29279664717615,20.1888
2025-05-04T17:35:07,32.47490524314344,-111.29280553199351,9.867600000000001
2025-05-04T17:35:08,32.4748797621578,-111.29278365522623,10.0908
2025-05-04T17:35:09,32.474840534850955,-111.2927624490112,13.968
2025-05-04T17:35:10,32.474801391363144,-111.29274727776647,15.8904
2025-05-04T17:35:11,32.474765768274665,-111.2927404884249,15.591600000000001
2025-05-04T17:35:12,32.47472000308335,-111.29274317063391,17.208000000000002
2025-05-04T17:35:13,32.47465906664729,-111.29275691695511,21.5352
2025-05-04T17:35:14,32.474587904289365,-111.2927555758506,25.0812
2025-05-04T17:35:15,32.47451238334179,-111.29276068881154,27.532799999999998
2025-05-04T17:35:16,32.474438371136785,-111.29276345483959,28.9548
2025-05-04T17:35:17,32.4743720702827,-111.29275658167899,28.9512
2025-05-04T17:35:18,32.47429219074547,-111.29275800660253,30.4632
2025-05-04T17:35:19,32.47421449050307,-111.2927590124309,29.9016
2025-05-04T17:35:20,32.47417367063463,-111.29276010207832,21.9024
2025-05-04T17:35:21,32.47413620352745,-111.29275708459318,20.0016
2025-05-04T17:35:22,32.47410912998021,-111.29275247454643,16.884
2025-05-04T17:35:23,32.47406093403697,-111.29276001825929,17.442
2025-05-04T17:35:24,32.47398239560425,-111.29276990890503,23.3136
2025-05-04T17:35:25,32.47391198761761,-111.29278206266463,25.8984
2025-05-04T17:35:26,32.47385214082897,-111.2928369641304,27.306
2025-05-04T17:35:27,32.473837891593575,-111.29294542595744,28.3716
2025-05-04T17:35:28,32.473855912685394,-111.29300502128899,23.8572
2025-05-04T17:35:29,32.473897151649,-111.29305137321353,21.020400000000002
2025-05-04T17:35:30,32.47394853271544,-111.29309747368097,22.248
2025-05-04T17:35:31,32.474010810256004,-111.29311733879149,23.742
2025-05-04T17:35:32,32.47409085743129,-111.2931273970753,27.7632
2025-05-04T17:35:33,32.47417761012912,-111.29312270320952,30.492000000000004
2025-05-04T17:35:34,32.47425095178187,-111.29311490803957,29.430000000000003
2025-05-04T17:35:35,32.47430174611509,-111.29311306402087,24.775199999999998
2025-05-04T17:35:36,32.474357234314084,-111.29313209094107,22.9104
2025-05-04T17:35:37,32.474390510469675,-111.29316486418247,18.2592
2025-05-04T17:35:38,32.47439621016383,-111.29317970015109,10.231200000000001
2025-05-04T17:35:39,32.474412554875016,-111.2931654509157,8.384400000000001
2025-05-04T17:35:40,32.4744616728276,-111.29316134378314,14.450400000000002
2025-05-04T17:35:41,32.474560579285026,-111.29312982782722,27.4536
2025-05-04T17:35:42,32.47467708773911,-111.29313820973039,37.1016
2025-05-04T17:35:43,32.47476258315146,-111.29317349754274,36.4068
2025-05-04T17:35:44,32.47482553124428,-111.29321046173573,30.9744
2025-05-04T17:35:45,32.47486308217049,-111.29327005706728,25.0812
2025-05-04T17:35:46,32.47487397864461,-111.29333099350333,22.338
2025-05-04T17:35:47,32.474886886775494,-111.2933879904449,21.942
2025-05-04T17:35:48,32.474899711087346,-111.29342436790466,17.2512
2025-05-04T17:35:49,32.474984619766474,-111.29353140480816,28.692
2025-05-04T17:35:50,32.47503248043358,-111.29359904676676,27.2664
2025-05-04T17:35:51,32.47504245489836,-111.29364506341517,20.376
2025-05-04T17:35:52,32.475026194006205,-111.29367842338979,14.4648
2025-05-04T17:35:53,32.475020326673985,-111.29371999762952,13.374
2025-05-04T17:35:54,32.47495838440955,-111.29374648444355,17.8164
2025-05-04T17:35:55,32.47488856315613,-111.29375327378511,22.644000000000002
2025-05-04T17:35:56,32.4748158082366,-111.2937262840569,26.2728
2025-05-04T17:35:57,32.474759900942445,-111.29368630237877,25.8444
2025-05-04T17:35:58,32.47471799142659,-111.29362335428596,26.0532
2025-05-04T17:35:59,32.47465739026666,-111.29356174729764,29.5308
2025-05-04T17:36:00,32.474568793550134,-111.29355093464255,31.733999999999998
2025-05-04T17:36:01,32.4744738265872,-111.2935920059681,34.2036
2025-05-04T17:36:02,32.47441942803562,-111.29363240674138,27.0864
2025-05-04T17:36:03,32.47438103891909,-111.29363726824522,20.988
2025-05-04T17:36:04,32.47435128316283,-111.29365822300315,17.4096
2025-05-04T17:36:05,32.47432756237686,-111.29363156855106,11.0664
2025-05-04T17:36:06,32.474274756386876,-111.29362762905657,15.209999999999999
2025-05-04T17:36:07,32.47421977110207,-111.29359561018646,19.7496
2025-05-04T17:36:08,32.474144250154495,-111.29358211532235,24.786
2025-05-04T17:36:09,32.47404861263931,-111.2935915030539,30.668400000000002
2025-05-04T17:36:10,32.473968816921115,-111.29361564293504,30.661199999999997
2025-05-04T17:36:11,32.473936630412936,-111.29365813918412,23.994
2025-05-04T17:36:12,32.47391726821661,-111.29372645169497,21.8448
2025-05-04T17:36:13,32.47388457879424,-111.29378990270197,23.040000000000003
2025-05-04T17:36:14,32.473865719512105,-111.29387212917209,25.6824
2025-05-04T17:36:15,32.47388491407037,-111.29395946860313,26.9568
2025-05-04T17:36:16,32.47393487021327,-111.29403272643685,27.8784
2025-05-04T17:36:17,32.47399195097387,-111.29406390711665,24.678
2025-05-04T17:36:18,32.47405565343797,-111.294070109725,22.8312
2025-05-04T17:36:19,32.474104100838304,-111.2940669246018,20.422800000000002
2025-05-04T17:36:20,32.474151123315096,-111.29406256601214,19.6092
2025-05-04T17:36:21,32.474205270409584,-111.29406600259244,20.3796
2025-05-04T17:36:22,32.474267799407244,-111.29407161846757,22.982400000000002
2025-05-04T17:36:23,32.4743615090847,-111.2940737977624,30.042
2025-05-04T17:36:24,32.474450189620256,-111.29406658932567,33.040800000000004
2025-05-04T17:36:25,32.47451833449304,-111.29405502229929,28.018800000000002
2025-05-04T17:36:26,32.474554628133774,-111.2940680142492,20.214000000000002
2025-05-04T17:36:27,32.47457005083561,-111.29406340420246,13.8168
2025-05-04T17:36:28,32.47459217905998,-111.2940645776689,11.4624
2025-05-04T17:36:29,32.4746342562139,-111.294059548527,14.004000000000001
2025-05-04T17:36:30,32.474674908444285,-111.2940577045083,15.4116
2025-05-04T17:36:31,32.47471069917083,-111.2940613925457,15.5952
2025-05-04T17:36:32,32.474749172106385,-111.29406415857375,15.858
2025-05-04T17:36:33,32.474789237603545,-111.29406776279211,15.361200000000002
2025-05-04T17:36:34,32.47484405525029,-111.29407899454236,19.479599999999998
2025-05-04T17:36:35,32.47492762282491,-111.29408477805555,26.755200000000002
2025-05-04T17:36:36,32.475011609494686,-111.29410036839545,30.3588
2025-05-04T17:36:37,32.47508503496647,-111.2941168807447,28.418400000000002
2025-05-04T17:36:38,32.47513574548066,-111.29410011693835,22.903200000000002
2025-05-04T17:36:39,32.475147815421224,-111.29406130872667,16.3872
2025-05-04T17:36:40,32.475180672481656,-111.29398536868393,21.384
2025-05-04T17:36:41,32.47522962279618,-111.29391278140247,26.568
2025-05-04T17:36:42,32.475272538140416,-111.29383072257042,29.509199999999996
2025-05-04T17:36:43,32.4753200635314,-111.29376995377243,27.910800000000002
2025-05-04T17:36:44,32.475359458476305,-111.29376014694571,19.8504
2025-05-04T17:36:45,32.47539835050702,-111.29380499012768,15.3468
2025-05-04T17:36:46,32.47542844153941,-111.29388730041683,19.6164
2025-05-04T17:36:47,32.47543288394809,-111.29394832067192,19.4544
2025-05-04T17:36:48,32.47544721700251,-111.2939781602472,16.83
2025-05-04T17:36:49,32.475491389632225,-111.2940235901624,19.612800000000004
2025-05-04T17:36:50,32.47556196525693,-111.29402828402817,21.1968
2025-05-04T17:36:51,32.475651651620865,-111.29395770840347,29.048400000000004
2025-05-04T17:36:52,32.47572038322687,-111.2938647530973,34.794
2025-05-04T17:36:53,32.47577880509198,-111.29382971674204,30.4776
2025-05-04T17:36:54,32.475859774276614,-111.29382544197142,29.7
2025-05-04T17:36:55,32.47591811232269,-111.29386466927826,25.869600000000002
2025-05-04T17:36:56,32.47592657804489,-111.29395158961415,23.7132
2025-05-04T17:36:57,32.4759001750499,-111.29406491294503,29.1816
2025-05-04T17:36:58,32.47589657083154,-111.29413967952132,27.1008
2025-05-04T17:36:59,32.47590805403888,-111.29417664371431,19.238400000000002
2025-05-04T17:37:00,32.47591526247561,-111.29419290460646,12.736799999999999
2025-05-04T17:37:01,32.4759157653898,-111.29425685852766,17.6184
2025-05-04T17:37:02,32.47592682950199,-111.29436708055437,27.529200000000003
2025-05-04T17:37:03,32.47594057582319,-111.29447596147656,33.2892
2025-05-04T17:37:04,32.47594895772636,-111.29457143135369,34.0884
2025-05-04T17:37:05,32.47598717920482,-111.29467486403883,35.9748
2025-05-04T17:37:06,32.47604954056442,-111.29477645270526,38.574
2025-05-04T17:37:07,32.47610695660114,-111.29488164559007,40.0356
2025-05-04T17:37:08,32.476124139502645,-111.29499631002545,37.583999999999996
2025-05-04T17:37:09,32.476086001843214,-111.29509999416769,34.1352
2025-05-04T17:37:10,32.47601827606559,-111.29515363834798,27.828000000000003
2025-05-04T17:37:11,32.47596748173237,-111.2951991520822,26.2188
2025-05-04T17:37:12,32.47592708095908,-111.2951182667166,17.8164
2025-05-04T17:37:13,32.475864719599485,-111.29507610574365,22.2804
2025-05-04T17:37:14,32.47578366659582,-111.29505833610892,26.884800000000002
2025-05-04T17:37:15,32.4757035356015,-111.29500402137637,31.744799999999998
2025-05-04T17:37:16,32.475630613043904,-111.29493202082813,34.4412
2025-05-04T17:37:17,32.47557856142521,-111.29484987817705,33.678000000000004
2025-05-04T17:37:18,32.47556548565626,-111.2947696633637,26.982
2025-05-04T17:37:19,32.475557774305344,-111.29473420791328,18.1584
2025-05-04T17:37:20,32.47549172490835,-111.29470160230994,20.6172
2025-05-04T17:37:21,32.47543154284358,-111.2946589384228,24.840000000000003
2025-05-04T17:37:22,32.47537982650101,-111.29459448158741,27.680400000000002
2025-05-04T17:37:23,32.47529877349734,-111.29453212022781,32.2956
2025-05-04T17:37:24,32.47519249096513,-111.29449901171029,36.9396
2025-05-04T17:37:25,32.47509676963091,-111.29450077190995,37.2132
2025-05-04T17:37:26,32.47500046156347,-111.29452147521079,37.6092
2025-05-04T17:37:27,32.474917732179165,-111.29454201087356,35.2656
2025-05-04T17:37:28,32.47485872358084,-111.29457101225853,30.214800000000004
2025-05-04T17:37:29,32.47482368722558,-111.2946465332061,27.6588
2025-05-04T17:37:30,32.47482712380588,-111.2947575096041,30.276
2025-05-04T17:37:31,32.47483307495713,-111.29486840218306,34.1208
2025-05-04T17:37:32,32.47482184320688,-111.2949768640101,36.0216
2025-05-04T17:37:33,32.4748208373785,-111.29508716985583,36.169200000000004
2025-05-04T17:37:34,32.47486115433276,-111.29519487731159,37.1772
2025-05-04T17:37:35,32.47496307827532,-111.29522698000073,34.174800000000005
2025-05-04T17:37:36,32.47508939355612,-111.29520208574831,38.538000000000004
2025-05-04T17:37:37,32.47520003467798,-111.2951507885009,41.1876
2025-05-04T17:37:38,32.47529466636479,-111.29513964056969,38.7504
2025-05-04T17:37:39,32.475401032716036,-111.29516277462244,39.5388
2025-05-04T17:37:40,32.47549206018448,-111.29523829557002,40.4136
2025-05-04T17:37:41,32.47557579539716,-111.29533384926617,43.3008
2025-05-04T17:37:42,32.475676545873284,-111.29539201967418,44.7228
2025-05-04T17:37:43,32.475804537534714,-111.29536452703178,45.8568
2025-05-04T17:37:44,32.47593445703387,-111.29535606130958,49.193999999999996
2025-05-04T17:37:45,32.47604467906058,-111.2953682988882,45.5292
2025-05-04T17:37:46,32.47612103819847,-111.29536620341241,35.830799999999996
2025-05-04T17:37:47,32.47617342509329,-111.29536989144981,28.5876
2025-05-04T17:37:48,32.47622933238745,-111.29535958170891,27.8964
2025-05-04T17:37:49,32.47631692327559,-111.29532647319138,32.436
2025-05-04T17:37:50,32.47640476562083,-111.29526092670858,36.45
2025-05-04T17:37:51,32.47645899653435,-111.29515732638538,37.9404
2025-05-04T17:37:52,32.47648011893034,-111.29504165612161,38.2068
2025-05-04T17:37:53,32.4765011575073,-111.29491299390793,41.0112
2025-05-04T17:37:54,32.47649470344186,-111.2947990000248,39.8772
2025-05-04T17:37:55,32.47647785581648,-111.29469246603549,37.598400000000005
2025-05-04T17:37:56,32.476427648216486,-111.29460169002414,35.4384
2025-05-04T17:37:57,32.4763301666826,-111.2945690844208,33.5664
2025-05-04T17:37:58,32.4762646201998,-111.29458392038941,26.298
2025-05-04T17:37:59,32.47621717862785,-111.29459096118808,21.038400000000003
2025-05-04T17:38:00,32.47619672678411,-111.2945587746799,15.840000000000002
2025-05-04T17:38:01,32.47619521804154,-111.29446146078408,20.5668
2025-05-04T17:38:02,32.47615188360214,-111.294352915138,29.412
2025-05-04T17:38:03,32.47618708759546,-111.29425451159477,31.978799999999996
2025-05-04T17:38:04,32.4762077908963,-111.2941647414118,32.583600000000004
2025-05-04T17:38:05,32.476230254396796,-111.29406910389662,33.0912
2025-05-04T17:38:06,32.47630024328828,-111.29399098455906,34.2864
2025-05-04T17:38:07,32.47636394575238,-111.29390733316541,35.625600000000006
2025-05-04T17:38:08,32.47639839537442,-111.29380700178444,35.0784
2025-05-04T17:38:09,32.476384649053216,-111.29369962960482,32.688
2025-05-04T17:38:10,32.476364616304636,-111.29364263266325,25.4268
2025-05-04T17:38:11,32.47636050917208,-111.29358974285424,21.5928
2025-05-04T17:38:12,32.47636679559946,-111.29353249445558,20.3364
2025-05-04T17:38:13,32.47637593187392,-111.29346502013505,21.729599999999998
2025-05-04T17:38:14,32.476369393989444,-111.29337935708463,25.0164
2025-05-04T17:38:15,32.47637182474136,-111.29329679533839,27.288
2025-05-04T17:38:16,32.47637459076941,-111.29322169348598,27.5652
2025-05-04T17:38:17,32.476384062319994,-111.29311641678214,31.1976
2025-05-04T17:38:18,32.476381212472916,-111.29299705848098,35.049600000000005
2025-05-04T17:38:19,32.47636335901916,-111.29289278760552,34.538399999999996
2025-05-04T17:38:20,32.476299572736025,-111.29283679649234,30.661199999999997
2025-05-04T17:38:21,32.47619999572635,-111.29285523667932,29.5344
2025-05-04T17:38:22,32.476122714579105,-111.2929109763354,30.0384
2025-05-04T17:38:23,32.47608734294772,-111.29299378953874,28.1556
2025-05-04T17:38:24,32.47605892829597,-111.29307073540986,27.8604
2025-05-04T17:38:25,32.476058676838875,-111.29317274317145,30.0924
2025-05-04T17:38:26,32.476048953831196,-111.29327081143856,31.402800000000003
2025-05-04T17:38:27,32.47603101655841,-111.29337432794273,33.4224
2025-05-04T17:38:28,32.47600520029664,-111.29345999099314,31.604400000000002
2025-05-04T17:38:29,32.47596521861851,-111.29351179115474,25.632
2025-05-04T17:38:30,32.47586974874139,-111.29351648502052,27.759600000000002
2025-05-04T17:38:31,32.47576346620917,-111.29344624467194,33.4296
2025-05-04T17:38:32,32.47572583146393,-111.29336074925959,29.797199999999997
2025-05-04T17:38:33,32.47575198300183,-111.29323862493038,29.4552
2025-05-04T17:38:34,32.47580143623054,-111.29311893135309,35.7012
2025-05-04T17:38:35,32.475815769284964,-111.29301105625927,35.553599999999996
2025-05-04T17:38:36,32.47579548507929,-111.2929167598486,33.066
2025-05-04T17:38:37,32.47578634880483,-111.29284299910069,28.242
2025-05-04T17:38:38,32.475785510614514,-111.29275976680219,28.0836
2025-05-04T17:38:39,32.47573924250901,-111.29270595498383,25.1316
2025-05-04T17:38:40,32.475663805380464,-111.29270520061255,23.6016
2025-05-04T17:38:41,32.47558878734708,-111.29273939877748,25.6176
2025-05-04T17:38:42,32.47554201632738,-111.29276529885828,22.8564
2025-05-04T17:38:43,32.4754995200783,-111.29279589280486,20.8944
2025-05-04T17:38:44,32.475479235872626,-111.29286898300052,21.6036
2025-05-04T17:38:45,32.47547747567296,-111.29296436905861,26.0244
2025-05-04T17:38:46,32.47550563886762,-111.29306277260184,29.645999999999997
2025-05-04T17:38:47,32.47552030719817,-111.29313510842621,26.2548
2025-05-04T17:38:48,32.47556774877012,-111.29319093190134,25.9272
2025-05-04T17:38:49,32.47553899884224,-111.29321264103055,15.7176
2025-05-04T17:38:50,32.475521732121706,-111.29326662048697,16.8516
2025-05-04T17:38:51,32.4754926469177,-111.29332076758146,18.392400000000002
2025-05-04T17:38:52,32.47547680512071,-111.29340232349932,23.274
2025-05-04T17:38:53,32.47541402466595,-111.29345663823187,27.576
2025-05-04T17:38:54,32.475330205634236,-111.2934934347868,29.952
2025-05-04T17:38:55,32.475247560068965,-111.29344674758613,30.9204
2025-05-04T17:38:56,32.47518192976713,-111.29339913837612,30.2472
2025-05-04T17:38:57,32.47513499110937,-111.29336988553405,25.1244
2025-05-04T17:38:58,32.47513306327164,-111.2933137267828,18.6336
2025-05-04T17:38:59,32.475148905068636,-111.29325153306127,18.756
2025-05-04T17:39:00,32.47514261864126,-111.29317374899983,22.3164
2025-05-04T17:39:01,32.47512694448233,-111.29310769960284,21.3516
2025-05-04T17:39:02,32.47512702830136,-111.2930597551167,19.6776
2025-05-04T17:39:03,32.47511252760887,-111.2930042669177,19.497600000000002
2025-05-04T17:39:04,32.475103391334414,-111.29294752143323,19.368
2025-05-04T17:39:05,32.475082352757454,-111.29288071766496,23.0076
2025-05-04T17:39:06,32.475022338330746,-111.29282070323825,27.172800000000002
2025-05-04T17:39:07,32.47495771385729,-111.29278818145394,26.1792
2025-05-04T17:39:08,32.47490918263793,-111.29280511289835,19.8396
2025-05-04T17:39:09,32.47490138746798,-111.29280469380319,11.6676
2025-05-04T17:39:10,32.47487196698785,-111.29278189502656,12.006
2025-05-04T17:39:11,32.47483005747199,-111.29275498911738,15.760800000000001
2025-05-04T17:39:12,32.47478697448969,-111.29274752922356,16.9632
2025-05-04T17:39:13,32.47474288567901,-111.29274317063391,17.665200000000002
2025-05-04T17:39:14,32.47469217516482,-111.29274719394743,19.159200000000002
2025-05-04T17:39:15,32.474618246778846,-111.29274459555745,24.3288
2025-05-04T17:39:16,32.47454666532576,-111.29274216480553,25.3512
2025-05-04T17:39:17,32.4744772631675,-111.29272766411304,25.5276
2025-05-04T17:39:18,32.47442512772977,-111.29272380843759,23.986800000000002
2025-05-04T17:39:19,32.47435396537185,-111.2927267421037,26.8056
2025-05-04T17:39:20,32.474263943731785,-111.29273847676814,31.0428
2025-05-04T17:39:21,32.47419445775449,-111.29273797385395,27.9864
2025-05-04T17:39:22,32.47416880913079,-111.29271500743926,18.720000000000002
2025-05-04T17:39:23,32.47414190322161,-111.29272062331438,15.3468
2025-05-04T17:39:24,32.4740871693939,-111.29273168742657,18.3996
2025-05-04T17:39:25,32.474019108340144,-111.2927423324436,22.95
2025-05-04T17:39:26,32.4739576689899,-111.29275046288967,24.206400000000002
2025-05-04T17:39:27,32.473897906020284,-111.29276563413441,23.471999999999998
2025-05-04T17:39:28,32.473834874108434,-111.2928356230259,26.928
2025-05-04T17:39:29,32.4738313537091,-111.29291768185794,24.0984
2025-05-04T17:39:30,32.4738487880677,-111.29299404099584,23.6016
2025-05-04T17:39:31,32.473888266831636,-111.29305640235543,23.4612
2025-05-04T17:39:32,32.47393981553614,-111.29309512674809,22.0428
2025-05-04T17:39:33,32.47399463318288,-111.29311013035476,21.7116
2025-05-04T17:39:34,32.4740612693131,-111.29311432130635,24.4188
2025-05-04T17:39:35,32.474150117486715,-111.29312789998949,29.869200000000003
2025-05-04T17:39:36,32.47423628345132,-111.29311968572438,31.809600000000003
2025-05-04T17:39:37,32.47432085685432,-111.2931165844202,31.9896
2025-05-04T17:39:38,32.47438975609839,-111.29316276870668,29.3688
2025-05-04T17:39:39,32.47442554682493,-111.29320316947997,22.5
2025-05-04T17:39:40,32.47447072528303,-111.29322186112404,22.1256
2025-05-04T17:39:41,32.47453719377518,-111.29318187944591,25.668
2025-05-04T17:39:42,32.47463199310005,-111.29314969293773,32.864399999999996
2025-05-04T17:39:43,32.47472872026265,-111.29315254278481,36.144
2025-05-04T17:39:44,32.47480667196214,-111.29319596104324,34.8408
2025-05-04T17:39:45,32.47485629282892,-111.29324440844357,29.6568
2025-05-04T17:39:46,32.47488345019519,-111.29330509342253,25.1748
2025-05-04T17:39:47,32.474921671673656,-111.29336762242019,26.665200000000002
2025-05-04T17:39:48,32.47492477297783,-111.29345244728029,26.2728
2025-05-04T17:39:49,32.474974393844604,-111.29354003816843,29.642400000000002
2025-05-04T17:39:50,32.475024266168475,-111.29359762184322,27.126
2025-05-04T17:39:51,32.47505301609635,-111.29362704232335,20.4804
2025-05-04T17:39:52,32.47506550513208,-111.2936760764569,19.062
2025-05-04T17:39:53,32.47504128143191,-111.29369066096842,12.69
2025-05-04T17:39:54,32.47502150014043,-111.29374656826258,16.232400000000002
2025-05-04T17:39:55,32.47495838440955,-111.29377523437142,19.314
2025-05-04T17:39:56,32.4748760741204,-111.29378034733236,25.2036
2025-05-04T17:39:57,32.47479820623994,-111.29375838674605,26.9172
2025-05-04T17:39:58,32.47474615462124,-111.29368311725557,27.482400000000002
2025-05-04T17:39:59,32.47468781657517,-111.29360726103187,30.564
2025-05-04T17:40:00,32.47461170889437,-111.29355931654572,32.47560000000001
2025-05-04T17:40:01,32.47452914714813,-111.29355990327895,32.2488
2025-05-04T17:40:02,32.47445077635348,-111.29359276033938,31.2156
2025-05-04T17:40:03,32.474394449964166,-111.29362570121884,26.8452
2025-05-04T17:40:04,32.47434642165899,-111.2936382740736,23.85
2025-05-04T17:40:05,32.474329490214586,-111.29359108395875,16.038
2025-05-04T17:40:06,32.47426277026534,-111.2935656029731,20.718
2025-05-04T17:40:07,32.474203845486045,-111.29355143755674,22.982400000000002
2025-05-04T17:40:08,32.4741284083575,-111.2935656029731,27.0972
2025-05-04T17:40:09,32.47403260320425,-111.2935983762145,33.0552
2025-05-04T17:40:10,32.473936630412936,-111.29364523105323,36.972
2025-05-04T17:40:11,32.47387686744332,-111.29367808811367,32.025600000000004
2025-05-04T17:40:12,32.47384644113481,-111.29378286190331,31.338
2025-05-04T17:40:13,32.47386856935918,-111.29388101398945,30.6144
2025-05-04T17:40:14,32.473913580179214,-111.2939717900008,31.9248
2025-05-04T17:40:15,32.47399002313614,-111.29402216523886,30.4524
2025-05-04T17:40:16,32.47407258488238,-111.29404873587191,30.3588
2025-05-04T17:40:17,32.47413729317486,-111.29405074752867,27.864
2025-05-04T17:40:18,32.47420761734247,-111.29404756240547,27.651600000000002
2025-05-04T17:40:19,32.47428665868938,-111.29404907114804,29.9628
2025-05-04T17:40:20,32.47437701560557,-111.29405711777508,33.3972
2025-05-04T17:40:21,32.47446393594146,-111.29405208863318,33.1848
2025-05-04T17:40:22,32.47452369891107,-111.29407480359077,27.3996
2025-05-04T17:40:23,32.47456175275147,-111.2940613925457,21.2256
2025-05-04T17:40:24,32.4745982978493,-111.29407119937241,19.8396
2025-05-04T17:40:25,32.47461514547467,-111.29406365565956,15.364799999999999
2025-05-04T17:40:26,32.4746432248503,-111.29407019354403,13.751999999999999
2025-05-04T17:40:27,32.47466325759888,-111.2940957583487,11.829600000000001
2025-05-04T17:40:28,32.474688068032265,-111.29410489462316,10.1808
2025-05-04T17:40:29,32.47471765615046,-111.29407647997141,11.016
2025-05-04T17:40:30,32.47475386597216,-111.29407899454236,12.898800000000001
2025-05-04T17:40:31,32.474793177098036,-111.29410087130964,15.026400000000002
2025-05-04T17:40:32,32.474840031936765,-111.29409726709127,17.6868
2025-05-04T17:40:33,32.47491706162691,-111.294104475528,24.5124
2025-05-04T17:40:34,32.47501320205629,-111.29412056878209,31.374
2025-05-04T17:40:35,32.47509735636413,-111.29412132315338,31.438800000000004
2025-05-04T17:40:36,32.47511914931238,-111.29411185160279,19.2132
2025-05-04T17:40:37,32.47513147071004,-111.29407589323819,13.741200000000001
2025-05-04T17:40:38,32.4751456361264,-111.29402811639011,14.3748
2025-05-04T17:40:39,32.475171871483326,-111.29400305449963,13.0392
2025-05-04T17:40:40,32.475182600319386,-111.29397849552333,10.9296
2025-05-04T17:40:41,32.47518293559551,-111.29395360127091,9.8352
2025-05-04T17:40:42,32.47520498000085,-111.29392895847559,11.1204
2025-05-04T17:40:43,32.47523942962289,-111.29388461820781,16.1784
2025-05-04T17:40:44,32.47526750899851,-111.29383097402751,18.3384
2025-05-04T17:40:45,32.475306149572134,-111.29378604702652,19.584000000000003
2025-05-04T17:40:46,32.47533716261387,-111.29378470592201,14.832
2025-05-04T17:40:47,32.47536800801754,-111.29383281804621,13.3236
2025-05-04T17:40:48,32.47542425058782,-111.29386927932501,18.212400000000002
2025-05-04T17:40:49,32.47545090503991,-111.29392200149596,19.584000000000003
2025-05-04T17:40:50,32.475445875898004,-111.29396248608828,16.034399999999998
2025-05-04T17:40:51,32.47549457475543,-111.29400808364153,19.62
2025-05-04T17:40:52,32.47556942515075,-111.2940114364028,23.3532
2025-05-04T17:40:53,32.4756586086005,-111.29394329153001,30.6468
2025-05-04T17:40:54,32.47571527026594,-111.2938695307821,31.183200000000003
2025-05-04T17:40:55,32.47578836046159,-111.29382477141917,31.125600000000002
2025-05-04T17:40:56,32.47586002573371,-111.29381513223052,28.8828
2025-05-04T17:40:57,32.47592029161751,-111.29383432678878,25.192800000000002
2025-05-04T17:40:58,32.47592439875007,-111.29394630901515,23.7888
2025-05-04T17:40:59,32.475900845602155,-111.29406675696373,30.4776
2025-05-04T17:41:00,32.47588383033872,-111.29414428956807,27.8352
2025-05-04T17:41:01,32.47589682228863,-111.294178487733,18.6444
2025-05-04T17:41:02,32.475908221676946,-111.29418611526489,11.3004
2025-05-04T17:41:03,32.47590973041952,-111.29423674196005,14.2668
2025-05-04T17:41:04,32.475920375436544,-111.29436154849827,27.5616
2025-05-04T17:41:05,32.47592758387327,-111.29447093233466,33.3684
2025-05-04T17:41:06,32.475932110100985,-111.29457034170628,34.4304
2025-05-04T17:41:07,32.47596370987594,-111.29467042163014,35.2764
2025-05-04T17:41:08,32.47602070681751,-111.29475792869925,35.676
2025-05-04T17:41:09,32.47607418335974,-111.29486580379307,38.599199999999996
2025-05-04T17:41:10,32.47608960606158,-111.29497183486819,36.6804
2025-05-04T17:41:11,32.47607787139714,-111.29507929086685,35.071200000000005
2025-05-04T17:41:12,32.47601970098913,-111.29515062086284,29.7468
2025-05-04T17:41:13,32.475944850593805,-111.29516168497503,26.247600000000002
2025-05-04T17:41:14,32.47591668739915,-111.29510334692895,17.773200000000003
2025-05-04T17:41:15,32.47587486170232,-111.2950937077403,17.8776
2025-05-04T17:41:16,32.47581023722887,-111.29505624063313,23.3388
2025-05-04T17:41:17,32.47573840431869,-111.29498960450292,29.8404
2025-05-04T17:41:18,32.475670175626874,-111.29491316154599,33.6924
2025-05-04T17:41:19,32.47561192139983,-111.2948315218091,34.416000000000004
2025-05-04T17:41:20,32.47556649148464,-111.29475926980376,31.521600000000003
2025-05-04T17:41:21,32.475543608888984,-111.29472616128623,21.8016
2025-05-04T17:41:22,32.475508069619536,-111.29469749517739,18.6228
2025-05-04T17:41:23,32.47545157559216,-111.2946658115834,21.6792
2025-05-04T17:41:24,32.475380916148424,-111.29458802752197,29.833200000000005
2025-05-04T17:41:25,32.475302293896675,-111.2945307791233,33.4764
2025-05-04T17:41:26,32.47521596029401,-111.29449021071196,35.013600000000004
2025-05-04T17:41:27,32.47511537745595,-111.29448459483683,36.7164
2025-05-04T17:41:28,32.4750161357224,-111.29449859261513,37.8936
2025-05-04T17:41:29,32.4749246891588,-111.29451150074601,37.0188
2025-05-04T17:41:30,32.474845899268985,-111.29455408081412,34.736399999999996
2025-05-04T17:41:31,32.47482125647366,-111.29467142745852,32.8176
2025-05-04T17:41:32,32.474833745509386,-111.2947971560061,35.8416
2025-05-04T17:41:33,32.47484749183059,-111.29491534084082,38.4876
2025-05-04T17:41:34,32.47481874190271,-111.29502958618104,39.193200000000004
2025-05-04T17:41:35,32.47482812963426,-111.29514936357737,39.8952
2025-05-04T17:41:36,32.47489660978317,-111.29521323367953,33.7536
2025-05-04T17:41:37,32.47498394921422,-111.29525572992861,33.436800000000005
2025-05-04T17:41:38,32.47506164945662,-111.29530166275799,34.196400000000004
2025-05-04T17:41:39,32.47519785538316,-111.29516914486885,38.6028
2025-05-04T17:41:40,32.47530883178115,-111.29516193643212,39.366
2025-05-04T17:41:41,32.47542567551136,-111.29519521258771,41.641200000000005
2025-05-04T17:41:42,32.47552391141653,-111.29528657533228,44.211600000000004
2025-05-04T17:41:43,32.47560756281018,-111.29536318592727,44.4924
2025-05-04T17:41:44,32.47572340071201,-111.29538975656033,45.0144
2025-05-04T17:41:45,32.47584410011768,-111.29538321867585,45.9792
2025-05-04T17:41:46,32.47596035711467,-111.29537022672594,45.8748
2025-05-04T17:41:47,32.476060185581446,-111.29537290893495,42.300000000000004
2025-05-04T17:41:48,32.476127073168755,-111.29537869244814,32.9436
2025-05-04T17:41:49,32.476210221648216,-111.29537492059171,32.8536
2025-05-04T17:41:50,32.47626403346658,-111.29538648761809,31.77
2025-05-04T17:41:51,32.476337710395455,-111.2953669577837,32.0328
2025-05-04T17:41:52,32.47640920802951,-111.29529914818704,31.953599999999998
2025-05-04T17:41:53,32.47645664960146,-111.29514777101576,39.816
2025-05-04T17:41:54,32.47648783028126,-111.29501458257437,42.894
2025-05-04T17:41:55,32.476495960727334,-111.29488508217037,43.1388
2025-05-04T17:41:56,32.47647978365421,-111.29475650377572,42.3108
2025-05-04T17:41:57,32.47644533403218,-111.29465986043215,36.6624
2025-05-04T17:41:58,32.47637199237943,-111.29459674470127,33.696
2025-05-04T17:41:59,32.47626847587526,-111.29461510106921,31.960800000000003
2025-05-04T17:42:00,32.47620359994471,-111.29462080076337,27.36
2025-05-04T17:42:01,32.4761747661978,-111.29456782713532,21.7728
2025-05-04T17:42:02,32.47614509426057,-111.29448685795069,24.822
2025-05-04T17:42:03,32.476140232756734,-111.29437269642949,31.226399999999998
2025-05-04T17:42:04,32.47617719694972,-111.29426599480212,33.7248
2025-05-04T17:42:05,32.47620712034404,-111.29416256211698,35.766000000000005
2025-05-04T17:42:06,32.47625372372568,-111.29407849162817,34.8768
2025-05-04T17:42:07,32.47628808952868,-111.29397857934237,36.36
2025-05-04T17:42:08,32.47635992243886,-111.29389006644487,38.8584
2025-05-04T17:42:09,32.47640644200146,-111.29378470592201,38.862
2025-05-04T17:42:10,32.47640719637275,-111.29369761794806,31.626
2025-05-04T17:42:11,32.47637065127492,-111.2936506792903,22.136400000000002
2025-05-04T17:42:12,32.47634927742183,-111.29359628073871,20.2932
2025-05-04T17:42:13,32.47636009007692,-111.29354607313871,17.424
2025-05-04T17:42:14,32.476384649053216,-111.29344968125224,24.7572
2025-05-04T17:42:15,32.47637593187392,-111.29336602985859,26.964000000000002
2025-05-04T17:42:16,32.476372914388776,-111.29328656941652,27.6156
2025-05-04T17:42:17,32.47637685388327,-111.29319679923356,29.0988
2025-05-04T17:42:18,32.47638640925288,-111.29309604875743,31.842000000000002
2025-05-04T17:42:19,32.47638188302517,-111.29298431798816,34.8264
2025-05-04T17:42:20,32.47635246254504,-111.29288339987397,34.6428
2025-05-04T17:42:21,32.4762870837003,-111.29283470101655,29.714399999999998
2025-05-04T17:42:22,32.47619052417576,-111.29284928552806,29.350800000000003
2025-05-04T17:42:23,32.47611936181784,-111.29289823584259,29.4552
2025-05-04T17:42:24,32.476072926074266,-111.29297560080886,29.095200000000002
2025-05-04T17:42:25,32.476056246086955,-111.29306520335376,27.8784
2025-05-04T17:42:26,32.47606580145657,-111.29317701794207,31.255200000000002
2025-05-04T17:42:27,32.476053312420845,-111.29328045062721,32.8788
2025-05-04T17:42:28,32.47603068128228,-111.29339360632002,35.91
2025-05-04T17:42:29,32.475979970768094,-111.29348664544523,35.7228
2025-05-04T17:42:30,32.475904701277614,-111.29352821968496,31.716
2025-05-04T17:42:31,32.475818702951074,-111.29348555579782,28.6092
2025-05-04T17:42:32,32.475732788443565,-111.29340559244156,32.688
2025-05-04T17:42:33,32.475706804543734,-111.29331146366894,30.121200000000005
2025-05-04T17:42:34,32.47575256973505,-111.29319026134908,31.334400000000002
2025-05-04T17:42:35,32.47577855363488,-111.29308464936912,33.260400000000004
2025-05-04T17:42:36,32.47576866298914,-111.29297568462789,34.5456
2025-05-04T17:42:37,32.47577360831201,-111.29287200048566,33.436800000000005
2025-05-04T17:42:38,32.47577469795942,-111.29279606044292,29.5956
2025-05-04T17:42:39,32.475748881697655,-111.29272699356079,26.0604
2025-05-04T17:42:40,32.475675623863935,-111.29269673489034,24.5844
2025-05-04T17:42:41,32.47561519034207,-111.29274199716747,21.5244
2025-05-04T17:42:42,32.47556439600885,-111.29276990890503,20.5632
2025-05-04T17:42:43,32.47551376931369,-111.29278298467398,20.4588
2025-05-04T17:42:44,32.475485522300005,-111.29282020032406,18.3816
2025-05-04T17:42:45,32.47547990642488,-111.29289438016713,19.7316
2025-05-04T17:42:46,32.475506644696,-111.29298641346395,24.3936
2025-05-04T17:42:47,32.47551083564758,-111.29308674484491,28.4832
2025-05-04T17:42:48,32.475505555048585,-111.29314826801419,24.1848
2025-05-04T17:42:49,32.475522151216865,-111.29322806373239,27.5652
2025-05-04T17:42:50,32.47550597414374,-111.29326385445893,20.1132
2025-05-04T17:42:51,32.47550781816244,-111.29329956136644,16.012800000000002
2025-05-04T17:42:52,32.475504549220204,-111.29336485639215,18.8424
2025-05-04T17:42:53,32.47549943625927,-111.2934072688222,16.8768
2025-05-04T17:42:54,32.47542919591069,-111.2934469152242,21.5316
2025-05-04T17:42:55,32.4753303732723,-111.29346652887762,30.1248
2025-05-04T17:42:56,32.4752283655107,-111.29345730878413,34.970400000000005
2025-05-04T17:42:57,32.47517212294042,-111.29340467043221,29.8728
2025-05-04T17:42:58,32.47514186426997,-111.29336980171502,21.988799999999998
2025-05-04T17:42:59,32.47514949180186,-111.29331976175308,16.473599999999998
2025-05-04T17:43:00,32.47515242546797,-111.29325488582253,19.306800000000003
2025-05-04T17:43:01,32.475137170404196,-111.29317978397012,21.9276
2025-05-04T17:43:02,32.47513063251972,-111.2931165844202,21.276
2025-05-04T17:43:03,32.475126357749104,-111.29306118004024,20.3796
2025-05-04T17:43:04,32.475118059664965,-111.29300334490836,19.602
2025-05-04T17:43:05,32.475111270323396,-111.29294995218515,18.3132
2025-05-04T17:43:06,32.47507573105395,-111.29289345815778,21.945600000000002
2025-05-04T17:43:07,32.4750264454633,-111.29282237961888,26.4708
2025-05-04T17:43:08,32.47496584430337,-111.29278415814042,25.9524
2025-05-04T17:43:09,32.47491563670337,-111.29279932938516,20.0952
2025-05-04T17:43:10,32.474894346669316,-111.2928165961057,13.7268
2025-05-04T17:43:11,32.47487012296915,-111.29281215369701,10.774799999999999
2025-05-04T17:43:12,32.474836679175496,-111.29277736879885,13.2264
2025-05-04T17:43:13,32.474789237603545,-111.29276328720152,16.253999999999998
2025-05-04T17:43:14,32.474746741354465,-111.29275482147932,17.3124
2025-05-04T17:43:15,32.474712962284684,-111.2927523907274,16.142400000000002
2025-05-04T17:43:16,32.47465982101858,-111.29276395775378,19.2132
2025-05-04T17:43:17,32.47458807192743,-111.29276663996279,24.1056
2025-05-04T17:43:18,32.474509198218584,-111.29277544096112,27.396
2025-05-04T17:43:19,32.4744394607842,-111.29277150146663,27.5436
2025-05-04T17:43:20,32.47437307611108,-111.292764544487,27.324
2025-05-04T17:43:21,32.47429009526968,-111.2927627004683,29.9088
2025-05-04T17:43:22,32.474210718646646,-111.2927523907274,30.376800000000003
2025-05-04T17:43:23,32.47416252270341,-111.2927555758506,23.5512
2025-05-04T17:43:24,32.47411382384598,-111.29275406710804,21.369600000000002
2025-05-04T17:43:25,32.47410141862929,-111.29275063052773,14.2272
2025-05-04T17:43:26,32.474056826904416,-111.29275850951672,16.5456
2025-05-04T17:43:27,32.4740041885525,-111.29276697523892,19.278000000000002
2025-05-04T17:43:28,32.47392506338656,-111.29277393221855,25.578000000000003
2025-05-04T17:43:29,32.47386060655117,-111.29280745983124,26.172
2025-05-04T17:43:30,32.47382992878556,-111.29287267103791,23.7924
2025-05-04T17:43:31,32.473824648186564,-111.29293268546462,19.965600000000002
2025-05-04T17:43:32,32.473835879936814,-111.2929873354733,18.594
2025-05-04T17:43:33,32.47387343086302,-111.29304500296712,20.134800000000002
2025-05-04T17:43:34,32.47391869314015,-111.29309864714742,22.6008
2025-05-04T17:43:35,32.4739714153111,-111.2931255530566,22.255200000000002
2025-05-04T17:43:36,32.47403956018388,-111.29312706179917,23.8212
2025-05-04T17:43:37,32.47412555851042,-111.29313167184591,29.073600000000003
2025-05-04T17:43:38,32.47422203421593,-111.29313301295042,33.166799999999995
2025-05-04T17:43:39,32.47431046329439,-111.29311800934374,33.57
2025-05-04T17:43:40,32.47439227066934,-111.29315556026995,31.773600000000002
2025-05-04T17:43:41,32.474423199892044,-111.29319604486227,21.5604
2025-05-04T17:43:42,32.47445899061859,-111.29319679923356,18.6588
2025-05-04T17:43:43,32.47451674193144,-111.29319118335843,22.9356
2025-05-04T17:43:44,32.47461749240756,-111.29315941594541,32.094
2025-05-04T17:43:45,32.474717907607555,-111.29315732046962,36.723600000000005
2025-05-04T17:43:46,32.47480214573443,-111.29318028688431,35.8956
2025-05-04T17:43:47,32.47485235333443,-111.29326066933572,31.971600000000002
2025-05-04T17:43:48,32.474909434095025,-111.29333518445492,31.669200000000004
2025-05-04T17:43:49,32.47487749904394,-111.29347776062787,33.066
2025-05-04T17:43:50,32.47491689398885,-111.29358421079814,36.709199999999996
2025-05-04T17:43:51,32.47498260810971,-111.29363684915006,31.9284
2025-05-04T17:43:52,32.475005239248276,-111.29369661211967,25.8336
2025-05-04T17:43:53,32.47497213073075,-111.29371874034405,15.505200000000002
2025-05-04T17:43:54,32.47496919706464,-111.29374112002552,11.246400000000001
2025-05-04T17:43:55,32.47492636553943,-111.29377364180982,15.4152
2025-05-04T17:43:56,32.474841037765145,-111.2937796767801,23.950799999999997
2025-05-04T17:43:57,32.47476249933243,-111.29373726435006,28.918799999999997
2025-05-04T17:43:58,32.474718913435936,-111.29366953857243,28.026
2025-05-04T17:43:59,32.47466158121824,-111.29359267652035,30.639599999999998
2025-05-04T17:44:00,32.47457700781524,-111.2935571372509,32.85
2025-05-04T17:44:01,32.47447055764496,-111.29357658326626,36.2376
2025-05-04T17:44:02,32.47439034283161,-111.29361673258245,33.8364
2025-05-04T17:44:03,32.47435455210507,-111.2936350889504,24.57
2025-05-04T17:44:04,32.47430417686701,-111.29363022744656,21.9096
2025-05-04T17:44:05,32.474212646484375,-111.29357893019915,28.5912
2025-05-04T17:44:06,32.47415388934314,-111.29356543533504,28.515600000000003
2025-05-04T17:44:07,32.474084654822946,-111.2935798522085,28.9476
2025-05-04T17:44:08,32.473983904346824,-111.2936004716903,35.1576
2025-05-04T17:44:09,32.473910730332136,-111.29363567568362,32.5404
2025-05-04T17:44:10,32.473864294588566,-111.29372133873403,30.456000000000003
2025-05-04T17:44:11,32.47384409420192,-111.29382250830531,31.507200000000005
2025-05-04T17:44:12,32.473867647349834,-111.2939215824008,31.9248
2025-05-04T17:44:13,32.473924392834306,-111.2939992826432,31.089599999999997
2025-05-04T17:44:14,32.47400770895183,-111.2940336484462,29.0232
2025-05-04T17:44:15,32.47409697622061,-111.29405485466123,30.884400000000003
2025-05-04T17:44:16,32.47417316772044,-111.2940391805023,29.772
2025-05-04T17:44:17,32.47424164786935,-111.29403465427458,28.6344
2025-05-04T17:44:18,32.47432630509138,-111.29405929706991,31.521600000000003
2025-05-04T17:44:19,32.474417332559824,-111.29408125765622,34.0848
2025-05-04T17:44:20,32.47449327260256,-111.29409207031131,32.2128
2025-05-04T17:44:21,32.474538115784526,-111.29407740198076,23.759999999999998
2025-05-04T17:44:22,32.47454415075481,-111.29408536478877,13.302
2025-05-04T17:44:23,32.474558567628264,-111.2940891366452,9.6876
2025-05-04T17:44:24,32.474599136039615,-111.29408100619912,11.934
2025-05-04T17:44:25,32.47464884072542,-111.29407715052366,15.7176
2025-05-04T17:44:26,32.47468873858452,-111.29407061263919,15.8652
2025-05-04T17:44:27,32.4747241102159,-111.29407404921949,15.1632
2025-05-04T17:44:28,32.47475730255246,-111.29408184438944,14.616
2025-05-04T17:44:29,32.474787728860974,-111.2940767314285,13.878
2025-05-04T17:44:30,32.47483097948134,-111.29407916218042,16.2648
2025-05-04T17:44:31,32.47490189038217,-111.2940907292068,22.849200000000003
2025-05-04T17:44:32,32.47499618679285,-111.29411545582116,30.348
2025-05-04T17:44:33,32.47507422231138,-111.29412576556206,30.1392
2025-05-04T17:44:34,32.47512015514076,-111.29412475973368,23.2344
2025-05-04T17:44:35,32.47513582929969,-111.29409114830196,16.3008
2025-05-04T17:44:36,32.47515401802957,-111.29403591156006,17.9064
2025-05-04T17:44:37,32.475197184830904,-111.2939683534205,24.0408
2025-05-04T17:44:38,32.47523624449968,-111.29387715831399,29.556000000000004
2025-05-04T17:44:39,32.47528234496713,-111.29382225684822,26.6724
2025-05-04T17:44:40,32.475324254482985,-111.29379811696708,21.409200000000002
2025-05-04T17:44:41,32.475353088229895,-111.29382032901049,14.8428
2025-05-04T17:44:42,32.475393656641245,-111.29387062042952,16.721999999999998
2025-05-04T17:44:43,32.47542173601687,-111.29393038339913,19.011599999999998
2025-05-04T17:44:44,32.47542953118682,-111.29397070035338,16.56
2025-05-04T17:44:45,32.47545417398214,-111.29401638172567,17.9604
2025-05-04T17:44:46,32.47551318258047,-111.29404932260513,20.534399999999998
2025-05-04T17:44:47,32.47558870352805,-111.2940249312669,23.2452
2025-05-04T17:44:48,32.47566715814173,-111.29392233677208,31.809600000000003
2025-05-04T17:44:49,32.47571828775108,-111.29382611252367,34.2468
2025-05-04T17:44:50,32.475792383775115,-111.29380691796541,30.869999999999997
2025-05-04T17:44:51,32.47586832381785,-111.29381555132568,27.864
2025-05-04T17:44:52,32.47591249644756,-111.29389995709062,25.11
2025-05-04T17:44:53,32.475922806188464,-111.29401378333569,29.1024
2025-05-04T17:44:54,32.47589824721217,-111.29410866647959,29.0808
2025-05-04T17:44:55,32.475891541689634,-111.29417153075337,23.5548
2025-05-04T17:44:56,32.47589908540249,-111.29419567063451,15.7968
2025-05-04T17:44:57,32.47591442428529,-111.2942291982472,14.702399999999999
2025-05-04T17:44:58,32.47592615894973,-111.29430471919477,20.7756
2025-05-04T17:44:59,32.475916519761086,-111.29442390985787,29.847600000000003
2025-05-04T17:45:00,32.47592708095908,-111.29452181048691,32.0976
2025-05-04T17:45:01,32.47595876455307,-111.29463957622647,36.4932
2025-05-04T17:45:02,32.47600436210632,-111.29474979825318,38.7468
2025-05-04T17:45:03,32.476066052913666,-111.29484660923481,39.762
2025-05-04T17:45:04,32.47610544785857,-111.2949665542692,41.0976
2025-05-04T17:45:05,32.47607711702585,-111.29508540965617,37.674
2025-05-04T17:45:06,32.47600872069597,-111.29513846710324,29.1744
2025-05-04T17:45:07,32.47595029883087,-111.2951198592782,21.2076
2025-05-04T17:45:08,32.47589414007962,-111.29509337246418,21.628800000000002
2025-05-04T17:45:09,32.475847117602825,-111.29509127698839,21.2328
2025-05-04T17:45:10,32.4757812358439,-111.29503813572228,26.200799999999997
2025-05-04T17:45:11,32.4757035356015,-111.29497166723013,32.4144
2025-05-04T17:45:12,32.47564653865993,-111.29488944076002,34.311600000000006
2025-05-04T17:45:13,32.47558685950935,-111.29481291398406,34.8264
2025-05-04T17:45:14,32.475534807890654,-111.29474317654967,32.5296
2025-05-04T17:45:15,32.47551812790334,-111.29471501335502,21.744
2025-05-04T17:45:16,32.475467920303345,-111.29469338804483,20.4588
2025-05-04T17:45:17,32.475412683561444,-111.29465818405151,23.1156
2025-05-04T17:45:18,32.47533858753741,-111.29457771778107,31.1868
2025-05-04T17:45:19,32.47526013292372,-111.29451552405953,34.6608
2025-05-04T17:45:20,32.47516751289368,-111.29448216408491,36.1836
2025-05-04T17:45:21,32.47506785206497,-111.29448249936104,37.299600000000005
2025-05-04T17:45:22,32.47497607022524,-111.29450462758541,36.9792
2025-05-04T17:45:23,32.47488420456648,-111.29453547298908,36.838800000000006
2025-05-04T17:45:24,32.47481974773109,-111.29456070251763,30.848400000000005
2025-05-04T17:45:25,32.474796529859304,-111.29466849379241,29.714399999999998
2025-05-04T17:45:26,32.474810276180506,-111.29479078575969,33.2676
2025-05-04T17:45:27,32.47480222955346,-111.2949089705944,36.5904
2025-05-04T17:45:28,32.47479694895446,-111.29502899944782,38.023199999999996
2025-05-04T17:45:29,32.474824944511056,-111.29515154287219,40.0032
2025-05-04T17:45:30,32.47491504997015,-111.29520929418504,36.378
2025-05-04T17:45:31,32.47504681348801,-111.29520275630057,39.942
2025-05-04T17:45:32,32.475152257829905,-111.29516067914665,41.0112
2025-05-04T17:45:33,32.47524915263057,-111.29514089785516,40.0932
2025-05-04T17:45:34,32.47535727918148,-111.2951581645757,41.382
2025-05-04T17:45:35,32.47546523809433,-111.29521231167018,43.254000000000005
2025-05-04T17:45:36,32.47555567882955,-111.29531817510724,46.137600000000006
2025-05-04T17:45:37,32.475636480376124,-111.29540517926216,45.2952
2025-05-04T17:45:38,32.47574913315475,-111.29541984759271,43.6572
2025-05-04T17:45:39,32.47588106431067,-111.2953873258084,46.227599999999995
2025-05-04T17:45:40,32.475998578593135,-111.29534315317869,46.872
2025-05-04T17:45:41,32.476085079833865,-111.29534122534096,38.8764
2025-05-04T17:45:42,32.476148614659905,-111.29532328806818,31.402800000000003
2025-05-04T17:45:43,32.47625129297376,-111.29528783261776,39.204
2025-05-04T17:45:44,32.476356318220496,-111.29524072632194,46.4652
2025-05-04T17:45:45,32.47639646753669,-111.295275259763,36.6768
2025-05-04T17:45:46,32.47647902928293,-111.29520149901509,38.7108
2025-05-04T17:45:47,32.476494116708636,-111.29508515819907,37.2924
2025-05-04T17:45:48,32.476505767554045,-111.29495859146118,40.0644
2025-05-04T17:45:49,32.47650409117341,-111.29482774995267,42.27120000000001
2025-05-04T17:45:50,32.476488249376416,-111.29471006803215,40.5
2025-05-04T17:45:51,32.47646922245622,-111.29462138749659,34.704
2025-05-04T17:45:52,32.47639462351799,-111.29456950351596,30.4776
2025-05-04T17:45:53,32.47630116529763,-111.29459188319743,26.8452
2025-05-04T17:45:54,32.476234612986445,-111.2945970799774,24.1992
2025-05-04T17:45:55,32.476212149485946,-111.29457025788724,17.0316
2025-05-04T17:45:56,32.47617753222585,-111.29448836669326,22.3596
2025-05-04T17:45:57,32.47615515254438,-111.2943772226572,29.574
2025-05-04T17:45:58,32.47617384418845,-111.29426088184118,33.3504
2025-05-04T17:45:59,32.47620150446892,-111.29416096955538,34.776
2025-05-04T17:46:00,32.47622564435005,-111.29405049607158,37.2492
2025-05-04T17:46:01,32.47628322802484,-111.29395930096507,38.098800000000004
2025-05-04T17:46:02,32.47635397128761,-111.29386969842017,39.9204
2025-05-04T17:46:03,32.476398311555386,-111.29376148805022,39.8556
2025-05-04T17:46:04,32.4763994012028,-111.2936488352716,36.6876
2025-05-04T17:46:05,32.47636176645756,-111.29359577782452,26.514000000000003
2025-05-04T17:46:06,32.47634726576507,-111.29354766570032,21.916800000000002
2025-05-04T17:46:07,32.476366544142365,-111.29348295740783,21.7044
2025-05-04T17:46:08,32.47636813670397,-111.2934019882232,24.534000000000002
2025-05-04T17:46:09,32.476366460323334,-111.29331934265792,26.229599999999998
2025-05-04T17:46:10,32.47636863961816,-111.29323929548264,27.0288
2025-05-04T17:46:11,32.476375764235854,-111.29313779063523,31.4784
2025-05-04T17:46:12,32.47637651860714,-111.2930232938379,35.712
2025-05-04T17:46:13,32.47636729851365,-111.29290577955544,38.4156
2025-05-04T17:46:14,32.47631893493235,-111.29282187670469,35.7552
2025-05-04T17:46:15,32.47621952556074,-111.29281491972506,31.680000000000003
2025-05-04T17:46:16,32.47613268904388,-111.29286579787731,30.869999999999997
2025-05-04T17:46:17,32.47607904486358,-111.29294643178582,29.602800000000002
2025-05-04T17:46:18,32.4760627001524,-111.29303980618715,28.1484
2025-05-04T17:46:19,32.47605632990599,-111.29313820973039,29.570400000000003
2025-05-04T17:46:20,32.476054737344384,-111.2932495214045,33.3972
2025-05-04T17:46:21,32.47603143565357,-111.29336083307862,35.906400000000005
2025-05-04T17:46:22,32.47599891386926,-111.293451692909,34.459199999999996
2025-05-04T17:46:23,32.47595499269664,-111.29349041730165,25.5852
2025-05-04T17:46:24,32.47583856806159,-111.29349016584456,31.089599999999997
2025-05-04T17:46:25,32.47574427165091,-111.29342386499047,34.671600000000005
2025-05-04T17:46:26,32.475721472874284,-111.29334138706326,29.430000000000003
2025-05-04T17:46:27,32.47574728913605,-111.29321565851569,31.9176
2025-05-04T17:46:28,32.47579271905124,-111.29309018142521,37.4688
2025-05-04T17:46:29,32.47581643983722,-111.29301600158215,31.2804
2025-05-04T17:46:30,32.47581015340984,-111.29292271099985,30.121200000000005
2025-05-04T17:46:31,32.475794730708,-111.29283662885427,30.0348
2025-05-04T17:46:32,32.47577302157879,-111.29276513122022,27.9468
2025-05-04T17:46:33,32.47571820393205,-111.29271048121154,26.2548
2025-05-04T17:46:34,32.47563170269132,-111.29271852783859,25.981199999999998
2025-05-04T17:46:35,32.47557529248297,-111.29272062331438,24.3756
2025-05-04T17:46:36,32.475541764870286,-111.29274912178516,18.7812
2025-05-04T17:46:37,32.47550102882087,-111.29277678206563,18.532799999999998
2025-05-04T17:46:38,32.475477643311024,-111.29285548813641,21.8088
2025-05-04T17:46:39,32.47549667023122,-111.29295389167964,25.606800000000003
2025-05-04T17:46:40,32.47551661916077,-111.29305623471737,29.509199999999996
2025-05-04T17:46:41,32.47552231885493,-111.29313712008297,26.7264
2025-05-04T17:46:42,32.47551502659917,-111.29318548366427,21.2364
2025-05-04T17:46:43,32.475514356046915,-111.29321549087763,14.6484
2025-05-04T17:46:44,32.47552625834942,-111.29327869042754,17.496000000000002
2025-05-04T17:46:45,32.47551058419049,-111.2933428119868,19.1088
2025-05-04T17:46:46,32.47550672851503,-111.29339846782386,18.6408
2025-05-04T17:46:47,32.475471775978804,-111.29345077089965,18.3312
2025-05-04T17:46:48,32.47537010349333,-111.29346560686827,25.776
2025-05-04T17:46:49,32.475273963063955,-111.29345772787929,30.816000000000003
2025-05-04T17:46:50,32.47520422562957,-111.29341606982052,29.3112
2025-05-04T17:46:51,32.47515267692506,-111.29336502403021,26.3016
2025-05-04T17:46:52,32.47515209019184,-111.29330148920417,20.314799999999998
2025-05-04T17:46:53,32.4751575384289,-111.29324214532971,19.9044
2025-05-04T17:46:54,32.47515192255378,-111.29318037070334,19.6848
2025-05-04T17:46:55,32.475140606984496,-111.29311147145927,20.232
2025-05-04T17:46:56,32.47512962669134,-111.29306252114475,19.1484
2025-05-04T17:46:57,32.47511981986463,-111.29299672320485,20.1132
2025-05-04T17:46:58,32.47511093504727,-111.29294626414776,19.4436
2025-05-04T17:46:59,32.47508394531906,-111.2928885128349,21.2364
2025-05-04T17:47:00,32.47502937912941,-111.29281416535378,26.3124
2025-05-04T17:47:01,32.47496198862791,-111.29277250729501,26.4816
2025-05-04T17:47:02,32.474933406338096,-111.2927886005491,17.352
2025-05-04T17:47:03,32.47492594644427,-111.29280611872673,9.3528
2025-05-04T17:47:04,32.47490717098117,-111.29279161803424,8.4384
2025-05-04T17:47:05,32.47487355954945,-111.29278256557882,10.5732
2025-05-04T17:47:06,32.474839109927416,-111.29277703352273,12.2688
2025-05-04T17:47:07,32.47480851598084,-111.29276605322957,12.7584
2025-05-04T17:47:08,32.47478001751006,-111.2927624490112,11.7936
2025-05-04T17:47:09,32.474752608686686,-111.29275834187865,11.862
2025-05-04T17:47:10,32.47470944188535,-111.29275750368834,14.7996
2025-05-04T17:47:11,32.47464288957417,-111.29276337102056,21.6504
2025-05-04T17:47:12,32.47456753626466,-111.29276127554476,25.362000000000002
2025-05-04T17:47:13,32.474507354199886,-111.29276035353541,24.1992
2025-05-04T17:47:14,32.474457481876016,-111.29276236519217,22.2408
2025-05-04T17:47:15,32.474400736391544,-111.29274995997548,23.180400000000002
2025-05-04T17:47:16,32.474318677559495,-111.29274149425328,27.5508
2025-05-04T17:47:17,32.47424223460257,-111.29274476319551,28.512
2025-05-04T17:47:18,32.47421331703663,-111.29276328720152,19.8684
2025-05-04T17:47:19,32.474190182983875,-111.29277393221855,13.985999999999999
2025-05-04T17:47:20,32.474173502996564,-111.29277443513274,10.314000000000002
2025-05-04T17:47:21,32.47413762845099,-111.29277862608433,11.620800000000001
2025-05-04T17:47:22,32.47408180497587,-111.2927849125117,16.7544
2025-05-04T17:47:23,32.474013324826956,-111.29279404878616,22.626
2025-05-04T17:47:24,32.473936630412936,-111.29280410706997,26.733600000000003
2025-05-04T17:47:25,32.47387569397688,-111.29283335991204,25.992
2025-05-04T17:47:26,32.47385423630476,-111.29290812648833,23.076
2025-05-04T17:47:27,32.473857840523124,-111.29297040402889,20.412
2025-05-04T17:47:28,32.47387703508139,-111.29301398992538,17.7624
2025-05-04T17:47:29,32.473915088921785,-111.29306009039283,18.3888
2025-05-04T17:47:30,32.47394308447838,-111.29309076815844,16.5168
2025-05-04T17:47:31,32.473987927660346,-111.29310116171837,16.8228
2025-05-04T17:47:32,32.47404282912612,-111.29310434684157,19.706400000000002
2025-05-04T17:47:33,32.474113907665014,-111.29312664270401,24.4332
2025-05-04T17:47:34,32.47418590821326,-111.29312865436077,26.6688
2025-05-04T17:47:35,32.4742769356817,-111.29312421195209,31.3524
2025-05-04T17:47:36,32.474362179636955,-111.29314558580518,32.119200000000006
2025-05-04T17:47:37,32.47440534643829,-111.29318875260651,24.7356
2025-05-04T17:47:38,32.47442747466266,-111.29321205429733,17.604
2025-05-04T17:47:39,32.47447240166366,-111.29319068044424,18.684
2025-05-04T17:47:40,32.47455261647701,-111.29315539263189,26.3988
2025-05-04T17:47:41,32.474655797705054,-111.2931631039828,33.8436
2025-05-04T17:47:42,32.47474439442158,-111.29319277592003,35.5752
2025-05-04T17:47:43,32.4748226813972,-111.29323359578848,34.7328
2025-05-04T17:47:44,32.47487171553075,-111.29328154027462,28.1376
2025-05-04T17:47:45,32.47490071691573,-111.2933430634439,24.9372
2025-05-04T17:47:46,32.47492871247232,-111.2934308219701,28.6812
2025-05-04T17:47:47,32.47498302720487,-111.29355705343187,39.034800000000004
2025-05-04T17:47:48,32.4750214163214,-111.29363056272268,34.0776
2025-05-04T17:47:49,32.47503818012774,-111.29367238841951,22.9752
2025-05-04T17:47:50,32.47502351179719,-111.29370289854705,14.940000000000001
2025-05-04T17:47:51,32.47501119039953,-111.29371454939246,9.619200000000001
2025-05-04T17:47:52,32.47497598640621,-111.29375050775707,13.2876
2025-05-04T17:47:53,32.47491178102791,-111.29375251941383,18.511200000000002
2025-05-04T17:47:54,32.474838607013226,-111.29371639341116,24.267599999999998
2025-05-04T17:47:55,32.474784292280674,-111.29367440007627,24.4728
2025-05-04T17:47:56,32.47474757954478,-111.29362779669464,22.572
2025-05-04T17:47:57,32.474710531532764,-111.29356962628663,23.5872
2025-05-04T17:47:58,32.474635345861316,-111.29352956078947,28.1232
2025-05-04T17:47:59,32.4745396245271,-111.2935365177691,31.690800000000003
2025-05-04T17:48:00,32.47445169836283,-111.29357021301985,33.372
2025-05-04T17:48:01,32.47438623569906,-111.29360013641417,29.710800000000003
2025-05-04T17:48:02,32.47436134144664,-111.29361111670732,20.5776
2025-05-04T17:48:03,32.47436544857919,-111.2935986276716,6.894
2025-05-04T17:48:04,32.47431021183729,-111.29359125159681,12.4092
2025-05-04T17:48:05,32.47423083521426,-111.2935933470726,22.136400000000002
2025-05-04T17:48:06,32.47414089739323,-111.29358722828329,29.357999999999997
2025-05-04T17:48:07,32.47404593043029,-111.29359728656709,33.5772
2025-05-04T17:48:08,32.47396554797888,-111.29363374784589,33.5448
2025-05-04T17:48:09,32.47390251606703,-111.29369594156742,31.622400000000003
2025-05-04T17:48:10,32.47386840172112,-111.29377766512334,28.418400000000002
2025-05-04T17:48:11,32.47386144474149,-111.29388067871332,30.276
2025-05-04T17:48:12,32.4739143345505,-111.29398033954203,32.6196
2025-05-04T17:48:13,32.473995136097074,-111.29402451217175,30.8916
2025-05-04T17:48:14,32.47407124377787,-111.29405217245221,30.290399999999998
2025-05-04T17:48:15,32.474139388650656,-111.29405158571899,27.597600000000003
2025-05-04T17:48:16,32.47421516105533,-111.29404622130096,28.1952
2025-05-04T17:48:17,32.474288921803236,-111.29403599537909,29.3976
2025-05-04T17:48:18,32.47436938807368,-111.29404094070196,31.1976
2025-05-04T17:48:19,32.47445438057184,-111.29404881969094,32.382
2025-05-04T17:48:20,32.47451179660857,-111.29406700842083,27.1296
2025-05-04T17:48:21,32.474547838792205,-111.29406583495438,19.7712
2025-05-04T17:48:22,32.474573738873005,-111.2940685171634,15.584399999999999
2025-05-04T17:48:23,32.47459561564028,-111.29407254047692,12.610800000000001
2025-05-04T17:48:24,32.474629227072,-111.29406960681081,12.8916
2025-05-04T17:48:25,32.47465722262859,-111.29406868480146,12.232800000000001
2025-05-04T17:48:26,32.474692510440946,-111.29407287575305,13.1256
2025-05-04T17:48:27,32.47473048046231,-111.29406910389662,13.9788
2025-05-04T17:48:28,32.47476811520755,-111.29407664760947,14.000399999999999
2025-05-04T17:48:29,32.47480281628668,-111.29408100619912,14.6988
2025-05-04T17:48:30,32.474859645590186,-111.29408109001815,19.612800000000004
2025-05-04T17:48:31,32.47493784874678,-111.29409139975905,26.1072
2025-05-04T17:48:32,32.47502661310136,-111.29410204477608,31.2048
2025-05-04T17:48:33,32.47508947737515,-111.29411646164954,27.324
2025-05-04T17:48:34,32.47511588037014,-111.2940891366452,17.982
2025-05-04T17:48:35,32.47512862086296,-111.29406382329762,13.9464
2025-05-04T17:48:36,32.475154185667634,-111.29400464706123,17.8776
2025-05-04T17:48:37,32.47519634664059,-111.29392066039145,25.977600000000002
2025-05-04T17:48:38,32.47523423284292,-111.29383684135973,28.8936
2025-05-04T17:48:39,32.47527454979718,-111.29380339756608,23.0364
2025-05-04T17:48:40,32.47530531138182,-111.29378445446491,17.8452
2025-05-04T17:48:41,32.47533473186195,-111.29377841949463,14.493599999999999
2025-05-04T17:48:42,32.47538426890969,-111.29381689243019,15.8076
2025-05-04T17:48:43,32.47541243210435,-111.29387045279145,16.6284
2025-05-04T17:48:44,32.47541771270335,-111.29391906782985,15.5016
2025-05-04T17:48:45,32.47543305158615,-111.29396181553602,15.515999999999998
2025-05-04T17:48:46,32.47546917758882,-111.29399291239679,16.3152
2025-05-04T17:48:47,32.47553262859583,-111.29403012804687,19.9908
2025-05-04T17:48:48,32.47562977485359,-111.29401939921081,26.2116
2025-05-04T17:48:49,32.47568995691836,-111.29394228570163,28.6632
2025-05-04T17:48:50,32.475757682695985,-111.29387020133436,32.8932
2025-05-04T17:48:51,32.4758174456656,-111.29384404979646,29.4372
2025-05-04T17:48:52,32.47588072903454,-111.29382879473269,26.7192
2025-05-04T17:48:53,32.47592548839748,-111.29386592656374,22.0752
2025-05-04T17:48:54,32.475928254425526,-111.29397162236273,23.709600000000002
2025-05-04T17:48:55,32.47590210288763,-111.29407505504787,28.4688
2025-05-04T17:48:56,32.47590059414506,-111.29414043389261,24.5448
2025-05-04T17:48:57,32.4759020190686,-111.29417245276272,16.8336
2025-05-04T17:48:58,32.47590830549598,-111.29419315606356,12.405600000000002
2025-05-04T17:48:59,32.47589824721217,-111.29426104947925,18.5904
2025-05-04T17:49:00,32.47590637765825,-111.2943637277931,27.0792
2025-05-04T17:49:01,32.47591903433204,-111.29447093233466,32.1768
2025-05-04T17:49:02,32.47593286447227,-111.29455550573766,31.4352
2025-05-04T17:49:03,32.47596161440015,-111.29464460536838,31.806000000000004
2025-05-04T17:49:04,32.476014168933034,-111.29474359564483,35.1216
2025-05-04T17:49:05,32.47607259079814,-111.29484074190259,37.8684
2025-05-04T17:49:06,32.476103939116,-111.29493369720876,34.757999999999996
2025-05-04T17:49:07,32.47610041871667,-111.29503419622779,32.5872
2025-05-04T17:49:08,32.476049875840545,-111.2951079569757,28.53
2025-05-04T17:49:09,32.476005954667926,-111.29513134248555,20.973599999999998
2025-05-04T17:49:10,32.47595683671534,-111.29511700943112,16.8804
2025-05-04T17:49:11,32.475920375436544,-111.29510720260441,16.344
2025-05-04T17:49:12,32.47586689889431,-111.2950802128762,20.271600000000003
2025-05-04T17:49:13,32.47578299604356,-111.2950419075787,28.3032
2025-05-04T17:49:14,32.47571577318013,-111.2949834857136,31.312800000000003
2025-05-04T17:49:15,32.47565232217312,-111.29490586929023,33.6384
2025-05-04T17:49:16,32.47560705989599,-111.2948230560869,31.960800000000003
2025-05-04T17:49:17,32.47556992806494,-111.29476815462112,26.694
2025-05-04T17:49:18,32.47554696165025,-111.29473269917071,21.6396
2025-05-04T17:49:19,32.475501699373126,-111.29471560008824,18.5184
2025-05-04T17:49:20,32.475452329963446,-111.294677965343,21.2256
2025-05-04T17:49:21,32.47539650648832,-111.29462138749659,24.9768
2025-05-04T17:49:22,32.47530992142856,-111.29454704001546,34.1064
2025-05-04T17:49:23,32.47522635385394,-111.29450471140444,35.467200000000005
2025-05-04T17:49:24,32.47513289563358,-111.29448828287423,36.205200000000005
2025-05-04T17:49:25,32.47503432445228,-111.29449733532965,36.7524
2025-05-04T17:49:26,32.47494522482157,-111.294514099136,36.0036
2025-05-04T17:49:27,32.47485687956214,-111.29454008303583,35.3052
2025-05-04T17:49:28,32.47482033446431,-111.29461862146854,29.502000000000002
2025-05-04T17:49:29,32.47482603415847,-111.29473973996937,31.41
2025-05-04T17:49:30,32.474843300879,-111.29486463032663,36.9324
2025-05-04T17:49:31,32.47483634389937,-111.29496336914599,35.1288
2025-05-04T17:49:32,32.474818574264646,-111.29506663419306,34.974000000000004
2025-05-04T17:49:33,32.47483290731907,-111.29517056979239,34.5024
2025-05-04T17:49:34,32.47491664253175,-111.29520719870925,29.430000000000003
2025-05-04T17:49:35,32.47502837330103,-111.2952078692615,34.3224
2025-05-04T17:49:36,32.475123926997185,-111.29515196196735,36.936
2025-05-04T17:49:37,32.47521000914276,-111.2951285764575,36.0396
2025-05-04T17:49:38,32.47532123699784,-111.29515020176768,39.3984
2025-05-04T17:49:39,32.47542458586395,-111.29519739188254,41.4828
2025-05-04T17:49:40,32.47552189975977,-111.29526779986918,43.531200000000005
2025-05-04T17:49:41,32.47561242431402,-111.29535287618637,45.586800000000004
2025-05-04T17:49:42,32.475715605542064,-111.29538699053228,44.2044
2025-05-04T17:49:43,32.475839657709,-111.29537391476333,45.5184
2025-05-04T17:49:44,32.475971756502986,-111.29537827335298,48.4416
2025-05-04T17:49:45,32.4760730098933,-111.29538648761809,43.315200000000004
2025-05-04T17:49:46,32.47614651918411,-111.2953685503453,34.632
2025-05-04T17:49:47,32.476257076486945,-111.29536058753729,40.050000000000004
2025-05-04T17:49:48,32.47632438316941,-111.29533175379038,38.671200000000006
2025-05-04T17:49:49,32.476332345977426,-111.29530920647085,25.8876
2025-05-04T17:49:50,32.476429995149374,-111.29522957839072,34.495200000000004
2025-05-04T17:49:51,32.47647978365421,-111.29511097446084,38.8836
2025-05-04T17:49:52,32.47650442644954,-111.29498289898038,40.6332
2025-05-04T17:49:53,32.476495457813144,-111.2948595173657,40.0428
2025-05-04T17:49:54,32.476467126980424,-111.29473839886487,39.9024
2025-05-04T17:49:55,32.47642647475004,-111.29464410245419,35.7984
2025-05-04T17:49:56,32.47636972926557,-111.29458107054234,32.1228
2025-05-04T17:49:57,32.476314743980765,-111.29454083740711,27.594
2025-05-04T17:49:58,32.476258501410484,-111.29455517046154,19.8684
2025-05-04T17:49:59,32.47623234987259,-111.29457310773432,14.0904
2025-05-04T17:50:00,32.47617719694972,-111.29452365450561,21.5712
2025-05-04T17:50:01,32.47613905929029,-111.29441468976438,29.923199999999998
2025-05-04T17:50:02,32.4761538952589,-111.29430430009961,32.3964
2025-05-04T17:50:03,32.476171581074595,-111.29420530982316,33.0624
2025-05-04T17:50:04,32.476198906078935,-111.29410992376506,33.1992
2025-05-04T17:50:05,32.47624316252768,-111.29400816746056,36.396
2025-05-04T17:50:06,32.47632195241749,-111.29392887465656,38.257200000000005
2025-05-04T17:50:07,32.47638691216707,-111.29382946528494,40.3056
2025-05-04T17:50:08,32.47640551999211,-111.29372779279947,35.5248
2025-05-04T17:50:09,32.47638959437609,-111.29364497959614,29.268000000000004
2025-05-04T17:50:10,32.47636034153402,-111.29359820857644,22.341600000000003
2025-05-04T17:50:11,32.47636185027659,-111.29356803372502,15.800400000000002
2025-05-04T17:50:12,32.47637107037008,-111.29349058493972,20.422800000000002
2025-05-04T17:50:13,32.47637894935906,-111.29341514781117,23.1372
2025-05-04T17:50:14,32.47637961991131,-111.29332898184657,25.9632
2025-05-04T17:50:15,32.476378781720996,-111.29324675537646,27.4896
2025-05-04T17:50:16,32.47638573870063,-111.29314868710935,30.963600000000003
2025-05-04T17:50:17,32.47639152221382,-111.2930391356349,34.934400000000004
2025-05-04T17:50:18,32.47637542895973,-111.29292807541788,36.4536
2025-05-04T17:50:19,32.4763320107013,-111.29284341819584,33.523199999999996
2025-05-04T17:50:20,32.47624810785055,-111.29282698966563,28.944
2025-05-04T17:50:21,32.476164288818836,-111.29286085255444,28.839599999999997
2025-05-04T17:50:22,32.47609497047961,-111.29292765632272,30.304799999999997
2025-05-04T17:50:23,32.47605783864856,-111.29302069544792,30.927599999999998
2025-05-04T17:50:24,32.4760434217751,-111.29312773235142,32.3352
2025-05-04T17:50:25,32.476049456745386,-111.29322093911469,31.183200000000003
2025-05-04T17:50:26,32.47603805735707,-111.29331657662988,31.654799999999998
2025-05-04T17:50:27,32.47602900490165,-111.29340274259448,30.726000000000003
2025-05-04T17:50:28,32.47599388472736,-111.29346812143922,26.8776
2025-05-04T17:50:29,32.475897492840886,-111.29351053386927,29.9736
2025-05-04T17:50:30,32.475815350189805,-111.29350072704256,29.5524
2025-05-04T17:50:31,32.475749384611845,-111.29338757134974,30.895200000000003
2025-05-04T17:50:32,32.47573396191001,-111.29327299073339,31.899600000000003
2025-05-04T17:50:33,32.4757239036262,-111.29315698519349,35.2512
2025-05-04T17:50:34,32.47577696107328,-111.293073752895,30.873600000000003
2025-05-04T17:50:35,32.47577788308263,-111.2929630279541,32.961600000000004
2025-05-04T17:50:36,32.47577796690166,-111.29285490140319,33.296400000000006
2025-05-04T17:50:37,32.4757688306272,-111.29277384839952,30.474
2025-05-04T17:50:38,32.475728848949075,-111.29271710291505,26.9172
2025-05-04T17:50:39,32.47564595192671,-111.29271928220987,24.732
2025-05-04T17:50:40,32.47557956725359,-111.29275012761354,24.3972
2025-05-04T17:50:41,32.47552868910134,-111.29276462830603,21.9708
2025-05-04T17:50:42,32.47549884952605,-111.29281139932573,19.3608
2025-05-04T17:50:43,32.475494742393494,-111.29290360026062,23.4036
2025-05-04T17:50:44,32.475521145388484,-111.29301281645894,29.2608
2025-05-04T17:50:45,32.47552500106394,-111.2931102141738,30.369600000000002
2025-05-04T17:50:46,32.47552776709199,-111.29318146035075,26.4708
2025-05-04T17:50:47,32.47552785091102,-111.29329805262387,33.7788
2025-05-04T17:50:48,32.475512344390154,-111.2933306582272,25.509600000000002
2025-05-04T17:50:49,32.47550153173506,-111.29335932433605,19.9008
2025-05-04T17:50:50,32.47550589032471,-111.293417327106,20.120400000000004
2025-05-04T17:50:51,32.475467417389154,-111.29345739260316,18.7056
2025-05-04T17:50:52,32.47540706768632,-111.29342252388597,17.1216
2025-05-04T17:50:53,32.47531520202756,-111.29346367903054,25.9848
2025-05-04T17:50:54,32.47520514763892,-111.29344725050032,34.473600000000005
2025-05-04T17:50:55,32.47515334747732,-111.29340316168964,28.5948
2025-05-04T17:50:56,32.47513742186129,-111.2933639343828,19.627200000000002
2025-05-04T17:50:57,32.47514865361154,-111.29331406205893,14.817599999999999
2025-05-04T17:50:58,32.475142534822226,-111.29325178451836,17.9172
2025-05-04T17:50:59,32.47513901442289,-111.2931757606566,21.0852
2025-05-04T17:51:00,32.475136164575815,-111.29312630742788,18.432000000000002
2025-05-04T17:51:01,32.47513247653842,-111.29307668656111,17.0964
2025-05-04T17:51:02,32.47513381764293,-111.29301524721086,18.3672
2025-05-04T17:51:03,32.47510624118149,-111.29296906292439,17.8488
2025-05-04T17:51:04,32.475075060501695,-111.29290368407965,21.8556
2025-05-04T17:51:05,32.47503097169101,-111.29281550645828,28.026
2025-05-04T17:51:06,32.474972801283,-111.2927730102092,26.200799999999997
2025-05-04T17:51:07,32.474926952272654,-111.29280494526029,18.612000000000002
2025-05-04T17:51:08,32.47490029782057,-111.29282087087631,13.7484
2025-05-04T17:51:09,32.474869871512055,-111.29280008375645,12.7656
2025-05-04T17:51:10,32.474838607013226,-111.29277016036212,14.184
2025-05-04T17:51:11,32.47480608522892,-111.29275490529835,14.3316
2025-05-04T17:51:12,32.47475327923894,-111.29274099133909,17.3088
2025-05-04T17:51:13,32.47471572831273,-111.29273663274944,16.8336
2025-05-04T17:51:14,32.474658228456974,-111.29274627193809,20.4264
2025-05-04T17:51:15,32.474582958966494,-111.29275457002223,25.221600000000002
2025-05-04T17:51:16,32.474500481039286,-111.29276395775378,28.5012
2025-05-04T17:51:17,32.47443535365164,-111.29276068881154,27.5184
2025-05-04T17:51:18,32.4743617605418,-111.29275633022189,28.3824
2025-05-04T17:51:19,32.47427551075816,-111.29275498911738,31.194
2025-05-04T17:51:20,32.474203342571855,-111.29275297746062,29.581200000000003
2025-05-04T17:51:21,32.47416352853179,-111.29276010207832,21.726000000000003
2025-05-04T17:51:22,32.47413603588939,-111.29275130107999,17.535600000000002
2025-05-04T17:51:23,32.474116841331124,-111.2927476130426,13.1076
2025-05-04T17:51:24,32.474062610417604,-111.29274887032807,16.869600000000002
2025-05-04T17:51:25,32.47399144805968,-111.29275549203157,22.6332
2025-05-04T17:51:26,32.47390947304666,-111.29277217201889,28.17
2025-05-04T17:51:27,32.473846944049,-111.29282087087631,27.990000000000002
2025-05-04T17:51:28,32.4738297611475,-111.29291273653507,26.262
2025-05-04T17:51:29,32.473860858008265,-111.29300074651837,25.491600000000002
2025-05-04T17:51:30,32.473898911848664,-111.29306017421186,24.5376
2025-05-04T17:51:31,32.47394652105868,-111.29310007207096,22.8672
2025-05-04T17:51:32,32.47400754131377,-111.29311800934374,23.4612
2025-05-04T17:51:33,32.47408096678555,-111.2931202724576,25.6644
2025-05-04T17:51:34,32.4741733353585,-111.29311985336244,30.938399999999998
2025-05-04T17:51:35,32.47426209971309,-111.29311381839216,33.1884
2025-05-04T17:51:36,32.4743493553251,-111.2931152433157,32.8464
2025-05-04T17:51:37,32.474406603723764,-111.29310669377446,27.162
2025-05-04T17:51:38,32.47444733977318,-111.29318858496845,22.3524
2025-05-04T17:51:39,32.47444549575448,-111.29316880367696,11.127600000000001
2025-05-04T17:51:40,32.474507773295045,-111.29313435405493,19.0836
2025-05-04T17:51:41,32.474632915109396,-111.29313259385526,34.65
2025-05-04T17:51:42,32.47471975162625,-111.29313871264458,35.1
2025-05-04T17:51:43,32.47477632947266,-111.29317249171436,29.638800000000003
2025-05-04T17:51:44,32.474808264523745,-111.29322563298047,23.2272
2025-05-04T17:51:45,32.47483885847032,-111.29328405484557,22.053600000000003
2025-05-04T17:51:46,32.47485050931573,-111.29334549419582,22.276799999999998
2025-05-04T17:51:47,32.47486081905663,-111.29338203929365,18.936
2025-05-04T17:51:48,32.47488780878484,-111.29343777894974,20.4192
2025-05-04T17:51:49,32.474919743835926,-111.29349452443421,21.2652
2025-05-04T17:51:50,32.474938770756125,-111.29353844560683,18.6408
2025-05-04T17:51:51,32.47495452873409,-111.29359804093838,19.2024
2025-05-04T17:51:52,32.4749608989805,-111.2936541158706,19.134
2025-05-04T17:51:53,32.47496307827532,-111.2936953548342,15.584399999999999
2025-05-04T17:51:54,32.474922090768814,-111.29374304786325,17.0784
2025-05-04T17:51:55,32.47484313324094,-111.29376349970698,23.1696
2025-05-04T17:51:56,32.47475906275213,-111.29371865652502,27.6228
2025-05-04T17:51:57,32.47471438720822,-111.29361849278212,30.286800000000003
2025-05-04T17:51:58,32.47466526925564,-111.29355076700449,30.3156
2025-05-04T17:51:59,32.47457189485431,-111.29355420358479,31.438800000000004
2025-05-04T17:52:00,32.47447072528303,-111.29358773119748,35.0388
2025-05-04T17:52:01,32.47438338585198,-111.29361522383988,34.6896
2025-05-04T17:52:02,32.474312307313085,-111.29363944754004,32.3532
2025-05-04T17:52:03,32.474259501323104,-111.29363022744656,27.1116
2025-05-04T17:52:04,32.47424382716417,-111.29357851110399,19.6164
2025-05-04T17:52:05,32.47418255545199,-111.2935764156282,23.5548
2025-05-04T17:52:06,32.47409840114415,-111.29356853663921,29.523600000000002
2025-05-04T17:52:07,32.47400779277086,-111.29357834346592,33.0624
2025-05-04T17:52:08,32.47392414137721,-111.29360952414572,34.0812
2025-05-04T17:52:09,32.473867228254676,-111.29368060268462,31.392000000000003
2025-05-04T17:52:10,32.47384149581194,-111.29378302954137,31.1868
2025-05-04T17:52:11,32.473869575187564,-111.29388528876007,30.999600000000004
2025-05-04T17:52:12,32.47391575947404,-111.29398377612233,33.39
2025-05-04T17:52:13,32.47399538755417,-111.29404110834002,33.012
2025-05-04T17:52:14,32.47407618910074,-111.29406390711665,31.248
2025-05-04T17:52:15,32.47415472753346,-111.29404714331031,29.898
2025-05-04T17:52:16,32.47422446496785,-111.29402962513268,29.1564
2025-05-04T17:52:17,32.47430317103863,-111.29403716884553,30.607200000000002
2025-05-04T17:52:18,32.4743910972029,-111.29406072199345,33.0948
2025-05-04T17:52:19,32.47448111884296,-111.29407086409628,34.4556
2025-05-04T17:52:20,32.47453727759421,-111.29405887797475,26.9676
2025-05-04T17:52:21,32.47455303557217,-111.29406583495438,16.401600000000002
2025-05-04T17:52:22,32.47455194592476,-111.29406918771565,8.967600000000001
2025-05-04T17:52:23,32.47458312660456,-111.2940664216876,10.5084
2025-05-04T17:52:24,32.47462545521557,-111.2940732948482,13.435200000000002
2025-05-04T17:52:25,32.474667113274336,-111.29407161846757,14.8968
2025-05-04T17:52:26,32.47470256872475,-111.29407111555338,14.2272
2025-05-04T17:52:27,32.47473333030939,-111.29406365565956,13.0824
2025-05-04T17:52:28,32.47477046214044,-111.29406281746924,13.5144
2025-05-04T17:52:29,32.47481497004628,-111.29407589323819,16.5456
2025-05-04T17:52:30,32.47488076798618,-111.29408528096974,21.492
2025-05-04T17:52:31,32.474964167922735,-111.29408251494169,26.517599999999998
2025-05-04T17:52:32,32.47502443380654,-111.2940439581871,25.221600000000002
2025-05-04T17:52:33,32.4750557821244,-111.29403297789395,17.7804
2025-05-04T17:52:34,32.47508076019585,-111.29405401647091,14.277600000000001
2025-05-04T17:52:35,32.47514571994543,-111.29405946470797,20.142
2025-05-04T17:52:36,32.475192407146096,-111.29401369951665,20.5848
2025-05-04T17:52:37,32.47519508935511,-111.29396667703986,15.8256
2025-05-04T17:52:38,32.47518486343324,-111.29394320771098,9.579600000000001
2025-05-04T17:52:39,32.47519760392606,-111.2939437944442,6.3468
2025-05-04T17:52:40,32.47522585093975,-111.29392761737108,9.81
2025-05-04T17:52:41,32.475241189822555,-111.29387573339045,13.4244
2025-05-04T17:52:42,32.47525217011571,-111.2938230112195,15.858
2025-05-04T17:52:43,32.47528209351003,-111.2937904894352,15.75
2025-05-04T17:52:44,32.47532945126295,-111.2937675230205,17.55
2025-05-04T17:52:45,32.47538569383323,-111.29377825185657,17.744400000000002
2025-05-04T17:52:46,32.47543162666261,-111.29384153522551,18.460800000000003
2025-05-04T17:52:47,32.47543774545193,-111.29391378723085,18.7056
2025-05-04T17:52:48,32.475435649976134,-111.29395561292768,16.4268
2025-05-04T17:52:49,32.47546766884625,-111.29399894736707,17.2332
2025-05-04T17:52:50,32.47552424669266,-111.29402400925756,17.6724
2025-05-04T17:52:51,32.475624829530716,-111.29395955242217,27.1692
2025-05-04T17:52:52,32.47569389641285,-111.29387908615172,32.6016
2025-05-04T17:52:53,32.475765645504,-111.29382762126625,33.5124
2025-05-04T17:52:54,32.47583479620516,-111.29380733706057,30.297600000000003
2025-05-04T17:52:55,32.475902354344726,-111.2938280403614,26.157600000000002
2025-05-04T17:52:56,32.475924817845225,-111.29389098845422,19.584000000000003
2025-05-04T17:52:57,32.47591911815107,-111.29399182274938,23.907600000000002
2025-05-04T17:52:58,32.4758967384696,-111.29407497122884,25.056
2025-05-04T17:52:59,32.475883243605494,-111.29412702284753,21.326400000000003
2025-05-04T17:53:00,32.475887602195144,-111.29414135590196,13.7232
2025-05-04T17:53:01,32.475895984098315,-111.2941821757704,13.6908
2025-05-04T17:53:02,32.475911574438214,-111.29425350576639,19.9404
2025-05-04T17:53:03,32.4759260751307,-111.29435165785253,26.7228
2025-05-04T17:53:04,32.47592515312135,-111.29444452933967,29.5956
2025-05-04T17:53:05,32.47591719031334,-111.2945601157844,34.4304
2025-05-04T17:53:06,32.47594501823187,-111.29467687569559,37.242000000000004
2025-05-04T17:53:07,32.4760021828115,-111.29477745853364,37.9728
2025-05-04T17:53:08,32.47607250697911,-111.29486714489758,38.376000000000005
2025-05-04T17:53:09,32.47609765268862,-111.2949678953737,35.46
2025-05-04T17:53:10,32.47605800628662,-111.2950440030545,27.9324
2025-05-04T17:53:11,32.476001009345055,-111.2950818054378,22.302000000000003
2025-05-04T17:53:12,32.47597292996943,-111.29509974271059,16.6536
2025-05-04T17:53:13,32.47595834545791,-111.29508440382779,10.278
2025-05-04T17:53:14,32.47591928578913,-111.29510158672929,13.4856
2025-05-04T17:53:15,32.47586119920015,-111.29508415237069,19.0224
2025-05-04T17:53:16,32.475795317441225,-111.29504685290158,24.1488
2025-05-04T17:53:17,32.4757363088429,-111.29501240327954,26.085600000000003
2025-05-04T17:53:18,32.47567679733038,-111.2949663028121,27.2016
2025-05-04T17:53:19,32.475614100694656,-111.29488809965551,32.0976
2025-05-04T17:53:20,32.47556339018047,-111.29480897448957,32.4684
2025-05-04T17:53:21,32.47551997192204,-111.29474267363548,29.602800000000002
2025-05-04T17:53:22,32.47550094500184,-111.29468559287488,24.6312
2025-05-04T17:53:23,32.475462052971125,-111.29465625621378,21.204
2025-05-04T17:53:24,32.4754202272743,-111.29463572055101,20.322
2025-05-04T17:53:25,32.47534688562155,-111.29457981325686,28.0944
2025-05-04T17:53:26,32.47526935301721,-111.29452725872397,32.544
2025-05-04T17:53:27,32.47518754564226,-111.29449289292097,34.5456
2025-05-04T17:53:28,32.475094674155116,-111.29447545856237,35.892
2025-05-04T17:53:29,32.47499601915479,-111.29447964951396,36.684
2025-05-04T17:53:30,32.47489979490638,-111.29450186155736,37.1268
2025-05-04T17:53:31,32.474830308929086,-111.29454586654902,33.6456
2025-05-04T17:53:32,32.47480516321957,-111.29465457983315,31.4352
2025-05-04T17:53:33,32.47482301667333,-111.29477854818106,33.519600000000004
2025-05-04T17:53:34,32.474839026108384,-111.29487552680075,31.9176
2025-05-04T17:53:35,32.474826369434595,-111.29495079629123,28.5696
2025-05-04T17:53:36,32.474817987531424,-111.29502790980041,27.223200000000002
2025-05-04T17:53:37,32.47480298392475,-111.29508876241744,23.220000000000002
2025-05-04T17:53:38,32.47478320263326,-111.29510569386184,14.547600000000001
2025-05-04T17:53:39,32.474751099944115,-111.29509873688221,11.217600000000001
2025-05-04T17:53:40,32.474741293117404,-111.29510661587119,8.035200000000001
2025-05-04T17:53:41,32.474760403856635,-111.2951214518398,3.3588000000000005
2025-05-04T17:53:42,32.47476954013109,-111.2951283250004,3.1248
2025-05-04T17:53:43,32.47477096505463,-111.29512899555266,1.6488
2025-05-04T17:53:44,32.47476886957884,-111.29513075575233,0.6624
2025-05-04T17:53:45,32.474770713597536,-111.29513218067586,1.0512
2025-05-04T17:53:46,32.47477440163493,-111.29512974992394,0.8280000000000001
2025-05-04T17:53:47,32.47477381490171,-111.29513318650424,1.1052
2025-05-04T17:53:48,32.47477054595947,-111.29512555897236,0.23040000000000002
2025-05-04T17:53:49,32.474774988368154,-111.29512840881944,1.7604
2025-05-04T17:53:50,32.47477926313877,-111.29512430168688,1.2240000000000002
2025-05-04T17:53:51,32.47477674856782,-111.29512304440141,0.342
2025-05-04T17:53:52,32.474775491282344,-111.29512203857303,0.3492
2025-05-04T17:53:53,32.4747777543962,-111.29512304440141,0.9936000000000001
2025-05-04T17:53:54,32.47477523982525,-111.29512438550591,0.468
2025-05-04T17:53:55,32.474776497110724,-111.29512388259172,0.4428
2025-05-04T17:53:56,32.47477565892041,-111.29512203857303,0.5075999999999999
2025-05-04T17:53:57,32.4747708812356,-111.29512229003012,0.2772
2025-05-04T17:53:58,32.474769707769156,-111.29512371495366,0.468
2025-05-04T17:53:59,32.47476518154144,-111.29512547515333,0.162
2025-05-04T17:54:00,32.47476794756949,-111.29512346349657,0.3024
2025-05-04T17:54:01,32.47476803138852,-111.2951235473156,0.3348
2025-05-04T17:54:02,32.47477205470204,-111.29512337967753,1.3752
2025-05-04T17:54:03,32.47476979158819,-111.29512597806752,0.648
2025-05-04T17:54:04,32.474771132692695,-111.29512648098171,0.4536
2025-05-04T17:54:05,32.47477180324495,-111.29512388259172,0.07919999999999999
2025-05-04T17:54:06,32.47477440163493,-111.29512530751526,0.5940000000000001
2025-05-04T17:54:07,32.47477297671139,-111.29512472078204,0.0828
2025-05-04T17:54:08,32.474775072187185,-111.29512581042945,0.864
2025-05-04T17:54:09,32.47477331198752,-111.29512446932495,0.54
2025-05-04T17:54:10,32.474770126864314,-111.29513695836067,1.9260000000000002
2025-05-04T17:54:11,32.474779933691025,-111.29518079571426,9.428400000000002
2025-05-04T17:54:12,32.474801894277334,-111.29524718038738,16.3548
2025-05-04T17:54:13,32.474867943674326,-111.29525665193796,18.5076
2025-05-04T17:54:14,32.47491999529302,-111.29524785093963,19.036800000000003
2025-05-04T17:54:15,32.47491488233209,-111.29522890783846,10.044
2025-05-04T17:54:16,32.47492083348334,-111.29520376212895,7.6356
2025-05-04T17:54:17,32.474919157102704,-111.29519051872194,5.4072000000000005
2025-05-04T17:54:18,32.474925527349114,-111.29517786204815,5.6772
2025-05-04T17:54:19,32.47497766278684,-111.29515338689089,14.0904
2025-05-04T17:54:20,32.47507547959685,-111.29515439271927,26.6796
2025-05-04T17:54:21,32.47517069801688,-111.29515238106251,33.303599999999996
2025-05-04T17:54:22,32.47525577433407,-111.2951391376555,34.65
2025-05-04T17:54:23,32.4753578659147,-111.29514886066318,38.088
2025-05-04T17:54:24,32.475456437096,-111.29519898444414,40.5288
2025-05-04T17:54:25,32.47552877292037,-111.29529512487352,40.4388
2025-05-04T17:54:26,32.47561812400818,-111.29537098109722,41.6808
2025-05-04T17:54:27,32.47573488391936,-111.29539956338704,44.0604
2025-05-04T17:54:28,32.4758589360863,-111.29539218731225,45.8928
2025-05-04T17:54:29,32.475978126749396,-111.29537433385849,46.6236
2025-05-04T17:54:30,32.476077284663916,-111.29536645486951,42.400800000000004
2025-05-04T17:54:31,32.47613076120615,-111.29535731859505,30.877200000000002
2025-05-04T17:54:32,32.4761956371367,-111.295354552567,28.850399999999997
2025-05-04T17:54:33,32.47626654803753,-111.29536427557468,30.9708
2025-05-04T17:54:34,32.476360592991114,-111.29534256644547,34.0776
2025-05-04T17:54:35,32.47642865404487,-111.2952546402812,35.2044
2025-05-04T17:54:36,32.47647584415972,-111.29512907937169,39.3804
2025-05-04T17:54:37,32.47649176977575,-111.29499899223447,40.5972
2025-05-04T17:54:38,32.476487662643194,-111.2948727607727,40.4964
2025-05-04T17:54:39,32.476460337638855,-111.29477058537304,37.0368
2025-05-04T17:54:40,32.47641918249428,-111.29468006081879,34.5276
2025-05-04T17:54:41,32.47636444866657,-111.29461602307856,32.9256
2025-05-04T17:54:42,32.47630367986858,-111.2946000136435,28.0584
2025-05-04T17:54:43,32.47625439427793,-111.29461443051696,22.1904
2025-05-04T17:54:44,32.47624081559479,-111.29463639110327,12.376800000000001
2025-05-04T17:54:45,32.47620955109596,-111.29459540359676,14.0112
2025-05-04T17:54:46,32.476176442578435,-111.29452122375369,21.1176
2025-05-04T17:54:47,32.47613813728094,-111.29443019628525,26.262
2025-05-04T17:54:48,32.47615607455373,-111.29436515271664,22.273200000000003
2025-05-04T17:54:49,32.4761713296175,-111.29432760179043,18.2376
2025-05-04T17:54:50,32.47616068460047,-111.29427144303918,19.249200000000002
2025-05-04T17:54:51,32.47616755776107,-111.29419039003551,23.616
2025-05-04T17:54:52,32.47620452195406,-111.29407606087625,32.443200000000004
2025-05-04T17:54:53,32.476286413148046,-111.29400833509862,34.171200000000006
2025-05-04T17:54:54,32.476357240229845,-111.29393180832267,35.9208
2025-05-04T17:54:55,32.4763991497457,-111.2938246037811,37.2708
2025-05-04T17:54:56,32.47640501707792,-111.29371739923954,33.7968
2025-05-04T17:54:57,32.476385571062565,-111.29365847446024,25.452
2025-05-04T17:54:58,32.47634567320347,-111.29363190382719,18.6048
2025-05-04T17:54:59,32.47631164267659,-111.29357339814305,22.5756
2025-05-04T17:55:00,32.476366963237524,-111.29349754191935,22.024800000000003
2025-05-04T17:55:01,32.47636838816106,-111.2934292294085,22.482
2025-05-04T17:55:02,32.47636578977108,-111.29337994381785,19.4688
2025-05-04T17:55:03,32.47636545449495,-111.29329981282353,22.8456
2025-05-04T17:55:04,32.476370399817824,-111.29321230575442,26.5896
2025-05-04T17:55:05,32.47637987136841,-111.29309688694775,32.9328
2025-05-04T17:55:06,32.476379703730345,-111.29298239015043,36.1872
2025-05-04T17:55:07,32.47635413892567,-111.29288088530302,35.46360000000001
2025-05-04T17:55:08,32.47628993354738,-111.29282078705728,31.464000000000002
2025-05-04T17:55:09,32.47620896436274,-111.29281743429601,28.7208
2025-05-04T17:55:10,32.476140232756734,-111.29286294803023,26.7588
2025-05-04T17:55:11,32.476085498929024,-111.29290443845093,25.243199999999998
2025-05-04T17:55:12,32.47606202960014,-111.29297032020986,22.5288
2025-05-04T17:55:13,32.476061191409826,-111.29306059330702,24.282
2025-05-04T17:55:14,32.47605809010565,-111.29314868710935,26.6616
2025-05-04T17:55:15,32.47603738680482,-111.29324181005359,29.293200000000002
2025-05-04T17:55:16,32.47602514922619,-111.293343314901,32.0472
2025-05-04T17:55:17,32.47601048089564,-111.29343870095909,32.5764
2025-05-04T17:55:18,32.475930685177445,-111.29350936040282,33.5628
2025-05-04T17:55:19,32.47584745287895,-111.29352419637144,31.957200000000004
2025-05-04T17:55:20,32.47577201575041,-111.29345001652837,29.843999999999998
2025-05-04T17:55:21,32.47572767548263,-111.29335815086961,30.718799999999998
2025-05-04T17:55:22,32.47574971988797,-111.29323585890234,31.525199999999998
2025-05-04T17:55:23,32.475805291906,-111.29312789998949,34.9596
2025-05-04T17:55:24,32.47583328746259,-111.2930375430733,32.6196
2025-05-04T17:55:25,32.475829096511006,-111.29294576123357,30.5496
2025-05-04T17:55:26,32.475802609696984,-111.29285423085093,30.801599999999997
2025-05-04T17:55:27,32.475782660767436,-111.29277284257114,30.524399999999996
2025-05-04T17:55:28,32.47574410401285,-111.29271794110537,26.478
2025-05-04T17:55:29,32.47567336075008,-111.29272255115211,23.230800000000002
2025-05-04T17:55:30,32.47560890391469,-111.2927558273077,22.9104
2025-05-04T17:55:31,32.47555274516344,-111.29276286810637,22.4388
2025-05-04T17:55:32,32.47550228610635,-111.29280385561287,23.1264
2025-05-04T17:55:33,32.475483594462276,-111.29287652671337,23.148
2025-05-04T17:55:34,32.47549658641219,-111.29298054613173,27.2736
2025-05-04T17:55:35,32.475520223379135,-111.29308632574975,31.456799999999998
2025-05-04T17:55:36,32.47552148066461,-111.29316645674407,28.1772
2025-05-04T17:55:37,32.47553313151002,-111.29322814755142,25.056
2025-05-04T17:55:38,32.47550580650568,-111.29326083697379,19.314
2025-05-04T17:55:39,32.475510500371456,-111.29330115392804,16.9416
2025-05-04T17:55:40,32.47551452368498,-111.2933634314686,18.5652
2025-05-04T17:55:41,32.47551494278014,-111.29341967403889,19.519199999999998
2025-05-04T17:55:42,32.475461047142744,-111.29346476867795,19.994400000000002
2025-05-04T17:55:43,32.47535333968699,-111.29349301569164,28.767599999999998
2025-05-04T17:55:44,32.47525627724826,-111.29346049390733,32.9508
2025-05-04T17:55:45,32.4751939997077,-111.29342000931501,29.8836
2025-05-04T17:55:46,32.475151335820556,-111.29339042119682,23.252399999999998
2025-05-04T17:55:47,32.475155275315046,-111.29334448836744,15.364799999999999
2025-05-04T17:55:48,32.47514630667865,-111.29329461604357,16.1172
2025-05-04T17:55:49,32.475133733823895,-111.29322152584791,20.826
2025-05-04T17:55:50,32.47513633221388,-111.2931459210813,21.8916
2025-05-04T17:55:51,32.475132308900356,-111.29310728050768,17.6724
2025-05-04T17:55:52,32.47513641603291,-111.29306570626795,15.728399999999999
2025-05-04T17:55:53,32.475118562579155,-111.29300896078348,17.265600000000003
2025-05-04T17:55:54,32.475095596164465,-111.29295439459383,19.6812
2025-05-04T17:55:55,32.47505980543792,-111.29286755807698,26.2836
2025-05-04T17:55:56,32.47500347904861,-111.29280167631805,28.2816
2025-05-04T17:55:57,32.47492577880621,-111.29278399050236,26.6004
2025-05-04T17:55:58,32.47489828616381,-111.29281349480152,16.8768
2025-05-04T17:55:59,32.47488101944327,-111.2927904445678,12.3228
2025-05-04T17:56:00,32.47484187595546,-111.29277057945728,14.4684
2025-05-04T17:56:01,32.47480172663927,-111.29276144318283,15.447600000000001
2025-05-04T17:56:02,32.47475286014378,-111.29275138489902,17.748
2025-05-04T17:56:03,32.47471078298986,-111.29274283535779,18.349200000000003
2025-05-04T17:56:04,32.47464490123093,-111.29274250008166,22.4028
2025-05-04T17:56:05,32.47455923818052,-111.29276261664927,28.3896
2025-05-04T17:56:06,32.47448639944196,-111.2927663885057,28.8576
2025-05-04T17:56:07,32.474424205720425,-111.29275783896446,26.9784
2025-05-04T17:56:08,32.474362682551146,-111.29275850951672,25.070400000000003
2025-05-04T17:56:09,32.47430669143796,-111.29275968298316,22.8168
2025-05-04T17:56:10,32.47427592985332,-111.29276060499251,17.604
2025-05-04T17:56:11,32.4742457550019,-111.29276337102056,14.6592
2025-05-04T17:56:12,32.47421247884631,-111.29276580177248,12.9204
2025-05-04T17:56:13,32.47419445775449,-111.29275750368834,10.177200000000001
2025-05-04T17:56:14,32.47417090460658,-111.29275172017515,10.5552
2025-05-04T17:56:15,32.4741320963949,-111.2927560787648,13.3452
2025-05-04T17:56:16,32.47408448718488,-111.29275641404092,16.7796
2025-05-04T17:56:17,32.47402883134782,-111.29275255836546,19.8828
2025-05-04T17:56:18,32.47396261431277,-111.2927489541471,23.3424
2025-05-04T17:56:19,32.47388172894716,-111.29278910346329,28.9548
2025-05-04T17:56:20,32.47383604757488,-111.29286454059184,28.4832
2025-05-04T17:56:21,32.473830515518785,-111.29294517450035,24.994799999999998
2025-05-04T17:56:22,32.47385716997087,-111.29302497021854,24.6276
2025-05-04T17:56:23,32.473905785009265,-111.29307107068598,23.097600000000003
2025-05-04T17:56:24,32.473976444453,-111.29310694523156,25.2936
2025-05-04T17:56:25,32.47404291294515,-111.29311457276344,25.243199999999998
2025-05-04T17:56:26,32.474132012575865,-111.29311608150601,30.157200000000003
2025-05-04T17:56:27,32.4742269795388,-111.29311884753406,34.2288
2025-05-04T17:56:28,32.4743168335408,-111.29311541095376,35.013600000000004
2025-05-04T17:56:29,32.47440098784864,-111.29314382560551,33.4296
2025-05-04T17:56:30,32.47443409636617,-111.29318112507463,23.032799999999998
2025-05-04T17:56:31,32.47448556125164,-111.29318816587329,23.230800000000002
2025-05-04T17:56:32,32.474541468545794,-111.29314860329032,26.5788
2025-05-04T17:56:33,32.4746310710907,-111.29312044009566,33.3144
2025-05-04T17:56:34,32.47472318820655,-111.29311608150601,35.5392
2025-05-04T17:56:35,32.47481144964695,-111.29315095022321,36.504000000000005
2025-05-04T17:56:36,32.474854281172156,-111.29323720000684,30.9348
2025-05-04T17:56:37,32.474884958937764,-111.29332277923822,29.134800000000002
2025-05-04T17:56:38,32.474889904260635,-111.29342864267528,30.859199999999998
2025-05-04T17:56:39,32.47492376714945,-111.29346175119281,23.9904
2025-05-04T17:56:40,32.47497674077749,-111.29353693686426,26.4276
2025-05-04T17:56:41,32.47502711601555,-111.29361220635474,26.3196
2025-05-04T17:56:42,32.475022338330746,-111.29365126602352,18.1296
2025-05-04T17:56:43,32.47499534860253,-111.29368278197944,14.133600000000001
2025-05-04T17:56:44,32.474963162094355,-111.29371304064989,14.4792
2025-05-04T17:56:45,32.474902560934424,-111.29372754134238,18.8892
2025-05-04T17:56:46,32.47480273246765,-111.29370423965156,28.638
2025-05-04T17:56:47,32.47474028728902,-111.29364632070065,30.438000000000002
2025-05-04T17:56:48,32.474699383601546,-111.2935587298125,29.5416
2025-05-04T17:56:49,32.47464448213577,-111.2935143057257,27.2016
2025-05-04T17:56:50,32.474546413868666,-111.2935225199908,30.016799999999996
2025-05-04T17:56:51,32.474446250125766,-111.29355948418379,34.736399999999996
2025-05-04T17:56:52,32.47436108998954,-111.29358764737844,34.7112
2025-05-04T17:56:53,32.47430291958153,-111.29358446225524,30.3264
2025-05-04T17:56:54,32.47421834617853,-111.29358530044556,32.0328
2025-05-04T17:56:55,32.47423980385065,-111.29356786608696,17.7912
2025-05-04T17:56:56,32.47418423183262,-111.29355764016509,20.898
2025-05-04T17:56:57,32.47412019409239,-111.29355789162219,23.7708
2025-05-04T17:56:58,32.474028496071696,-111.29357993602753,30.2436
2025-05-04T17:56:59,32.47394576668739,-111.29360189661384,32.364000000000004
2025-05-04T17:57:00,32.47388851828873,-111.29367012530565,31.1292
2025-05-04T17:57:01,32.473850632086396,-111.29375226795673,29.491200000000003
2025-05-04T17:57:02,32.47384409420192,-111.29384396597743,29.048400000000004
2025-05-04T17:57:03,32.47387980110943,-111.29394580610096,31.3596
2025-05-04T17:57:04,32.47395632788539,-111.29403423517942,35.0604
2025-05-04T17:57:05,32.474032770842314,-111.29406231455505,32.022
2025-05-04T17:57:06,32.4741233792156,-111.29404932260513,31.2084
2025-05-04T17:57:07,32.4741939548403,-111.29403406754136,29.0988
2025-05-04T17:57:08,32.47427928261459,-111.29404169507325,31.683600000000002
2025-05-04T17:57:09,32.47437265701592,-111.29406742751598,34.3836
2025-05-04T17:57:10,32.47446460649371,-111.29407078027725,35.190000000000005
2025-05-04T17:57:11,32.47452084906399,-111.29406063817441,27.45
2025-05-04T17:57:12,32.47454859316349,-111.29406248219311,18.522
2025-05-04T17:57:13,32.47456577606499,-111.29407404921949,13.4604
2025-05-04T17:57:14,32.474594861269,-111.29407865926623,12.3012
2025-05-04T17:57:15,32.474630400538445,-111.29407128319144,13.194
2025-05-04T17:57:16,32.47466635890305,-111.29407027736306,13.7592
2025-05-04T17:57:17,32.47469326481223,-111.29407430067658,12.153599999999999
2025-05-04T17:57:18,32.47472536750138,-111.29407270811498,12.1968
2025-05-04T17:57:19,32.47476979158819,-111.29408645443618,14.421600000000002
2025-05-04T17:57:20,32.474811282008886,-111.29409274086356,16.282799999999998
2025-05-04T17:57:21,32.474864004179835,-111.2940976023674,19.8396
2025-05-04T17:57:22,32.47494815848768,-111.29411277361214,27.144000000000002
2025-05-04T17:57:23,32.47503683902323,-111.2941187247634,31.2912
2025-05-04T17:57:24,32.47510808520019,-111.29412241280079,28.3644
2025-05-04T17:57:25,32.47512384317815,-111.29410439170897,16.4196
2025-05-04T17:57:26,32.47515158727765,-111.29408159293234,15.073200000000002
2025-05-04T17:57:27,32.47517405077815,-111.29398545250297,22.5972
2025-05-04T17:57:28,32.47521738521755,-111.29389794543386,29.5884
2025-05-04T17:57:29,32.47526507824659,-111.29383281804621,29.1564
2025-05-04T17:57:30,32.4753028806299,-111.29379560239613,23.58
2025-05-04T17:57:31,32.47533439658582,-111.29379409365356,17.2044
2025-05-04T17:57:32,32.475374629721045,-111.29379786550999,15.181199999999999
2025-05-04T17:57:33,32.475399021059275,-111.29383943974972,12.834
2025-05-04T17:57:34,32.47541888616979,-111.29391764290631,17.4528
2025-05-04T17:57:35,32.47542307712138,-111.29395712167025,15.9192
2025-05-04T17:57:36,32.475444953888655,-111.29398670978844,15.303600000000001
2025-05-04T17:57:37,32.475495748221874,-111.29402426071465,18.971999999999998
2025-05-04T17:57:38,32.475574873387814,-111.29401571117342,22.3344
2025-05-04T17:57:39,32.475662967190146,-111.29393935203552,31.456799999999998
2025-05-04T17:57:40,32.4757482111454,-111.29386408254504,37.7856
2025-05-04T17:57:41,32.47579959221184,-111.29381546750665,33.300000000000004
2025-05-04T17:57:42,32.47586362995207,-111.29381999373436,27.8028
2025-05-04T17:57:43,32.47589875012636,-111.29385771229863,18.2484
2025-05-04T17:57:44,32.475921800360084,-111.29396047443151,22.741200000000003
2025-05-04T17:57:45,32.47590503655374,-111.29408268257976,30.7872
2025-05-04T17:57:46,32.475911071524024,-111.29415116272867,26.7228
2025-05-04T17:57:47,32.47591878287494,-111.29418334923685,18.7632
2025-05-04T17:57:48,32.47591526247561,-111.29422039724886,15.980400000000001
2025-05-04T17:57:49,32.475919369608164,-111.29429834894836,21.369600000000002
2025-05-04T17:57:50,32.47592406347394,-111.29440622404218,29.0412
2025-05-04T17:57:51,32.475929679349065,-111.29449683241546,30.6
2025-05-04T17:57:52,32.47594359330833,-111.29460789263248,33.876000000000005
2025-05-04T17:57:53,32.47599556110799,-111.29472540691495,38.2644
2025-05-04T17:57:54,32.47606169432402,-111.29481978714466,39.5856
2025-05-04T17:57:55,32.47610444203019,-111.29493612796068,40.176
2025-05-04T17:57:56,32.47610695660114,-111.2950421590358,35.6004
2025-05-04T17:57:57,32.47604224830866,-111.29512052983046,30.0132
2025-05-04T17:57:58,32.475972259417176,-111.29513561725616,24.4476
2025-05-04T17:57:59,32.475915094837546,-111.29508884623647,22.017599999999998
2025-05-04T17:58:00,32.47587863355875,-111.29509479738772,19.0512
2025-05-04T17:58:01,32.47582096606493,-111.29506286233664,21.916800000000002
2025-05-04T17:58:02,32.475749803707004,-111.2950062006712,27.342
2025-05-04T17:58:03,32.47568274848163,-111.29494090564549,31.507200000000005
2025-05-04T17:58:04,32.47562365606427,-111.29485792480409,34.434
2025-05-04T17:58:05,32.47557453811169,-111.29477846436203,32.7492
2025-05-04T17:58:06,32.47553153894842,-111.29472984932363,27.979200000000002
2025-05-04T17:58:07,32.475500609725714,-111.29468777216971,23.032799999999998
2025-05-04T17:58:08,32.47546431608498,-111.29464594647288,22.4604
2025-05-04T17:58:09,32.47539767995477,-111.29459138028324,27.2268
2025-05-04T17:58:10,32.475326685234904,-111.29454335197806,30.168000000000003
2025-05-04T17:58:11,32.47523507103324,-111.29449674859643,34.369200000000006
2025-05-04T17:58:12,32.47514161281288,-111.29447705112398,35.4996
2025-05-04T17:58:13,32.47503667138517,-111.2944895401597,37.782
2025-05-04T17:58:14,32.4749347474426,-111.29450286738575,39.2652
2025-05-04T17:58:15,32.474859058856964,-111.29452709108591,34.164
2025-05-04T17:58:16,32.47481136582792,-111.29459573887289,29.1816
2025-05-04T17:58:17,32.474804325029254,-111.2947260774672,32.5692
2025-05-04T17:58:18,32.47481136582792,-111.29484174773097,35.622
2025-05-04T17:58:19,32.4748242739588,-111.29496110603213,37.6956
2025-05-04T17:58:20,32.47481781989336,-111.29507225006819,37.724399999999996
2025-05-04T17:58:21,32.47484765946865,-111.2951666302979,34.722
2025-05-04T17:58:22,32.47493466362357,-111.29521046765149,32.3244
2025-05-04T17:58:23,32.475015968084335,-111.29523754119873,32.1732
2025-05-04T17:58:24,32.475151335820556,-111.29512639716268,38.239200000000004
2025-05-04T17:58:25,32.47525317594409,-111.29512413404882,38.934
2025-05-04T17:58:26,32.475357027724385,-111.29514986649156,40.269600000000004
2025-05-04T17:58:27,32.47546029277146,-111.29521080292761,42.224399999999996
2025-05-04T17:58:28,32.4755581934005,-111.29529923200607,45.0324
2025-05-04T17:58:29,32.4756602011621,-111.29536360502243,46.062
2025-05-04T17:58:30,32.47578006237745,-111.29537282511592,45.9144
2025-05-04T17:58:31,32.47591543011367,-111.29535681568086,49.2588
2025-05-04T17:58:32,32.476032357662916,-111.29535715095699,47.088
2025-05-04T17:58:33,32.47610796242952,-111.29536276683211,37.2312
2025-05-04T17:58:34,32.4761557392776,-111.29536159336567,27.680400000000002
2025-05-04T17:58:35,32.476236121729016,-111.29534399136901,32.5548
2025-05-04T17:58:36,32.47626420110464,-111.29532613791525,26.0928
2025-05-04T17:58:37,32.47633536346257,-111.2952771037817,27.7632
2025-05-04T17:58:38,32.476433012634516,-111.2952427379787,32.8788
2025-05-04T17:58:39,32.476476933807135,-111.2951320130378,35.7228
2025-05-04T17:58:40,32.47650023549795,-111.29499890841544,39.830400000000004
2025-05-04T17:58:41,32.476496547460556,-111.29486823454499,41.4036
2025-05-04T17:58:42,32.476484728977084,-111.29474527202547,42.0012
2025-05-04T17:58:43,32.47644457966089,-111.29464326426387,38.6028
2025-05-04T17:58:44,32.47638590633869,-111.29458660259843,31.824
2025-05-04T17:58:45,32.476309295743704,-111.29458232782781,26.5392
2025-05-04T17:58:46,32.47623536735773,-111.29460169002414,24.678
2025-05-04T17:58:47,32.47616487555206,-111.29460722208023,27.3708
2025-05-04T17:58:48,32.47616680338979,-111.29457562230527,16.9848
2025-05-04T17:58:49,32.47616730630398,-111.29449959844351,17.0892
2025-05-04T17:58:50,32.476138388738036,-111.2943706009537,29.523600000000002
2025-05-04T17:58:51,32.47614534571767,-111.29426230676472,33.0696
2025-05-04T17:58:52,32.47618021443486,-111.29416247829795,33.998400000000004
2025-05-04T17:58:53,32.47621474787593,-111.294064829126,34.9488
2025-05-04T17:58:54,32.47629429213703,-111.29397489130497,38.0772
2025-05-04T17:58:55,32.47636872343719,-111.29388176836073,40.370400000000004
2025-05-04T17:58:56,32.476398311555386,-111.29376081749797,39.4668
2025-05-04T17:58:57,32.476373836398125,-111.29366501234472,32.5116
2025-05-04T17:58:58,32.4763407278806,-111.29362762905657,21.9492
2025-05-04T17:58:59,32.4763473495841,-111.29357574507594,18.666
2025-05-04T17:59:00,32.47636671178043,-111.29350332543254,22.255200000000002
2025-05-04T17:59:01,32.47636578977108,-111.29341187886894,26.82
2025-05-04T17:59:02,32.47636076062918,-111.29334373399615,24.7356
2025-05-04T17:59:03,32.47636252082884,-111.29326863214374,24.483600000000003
2025-05-04T17:59:04,32.476367047056556,-111.29316955804825,29.163600000000002
2025-05-04T17:59:05,32.47637894935906,-111.29304810427129,35.748
2025-05-04T17:59:06,32.47637559659779,-111.29293293692172,37.007999999999996
2025-05-04T17:59:07,32.47633125633001,-111.29286160692573,31.240800000000004
2025-05-04T17:59:08,32.47624064795673,-111.29284434020519,28.6704
2025-05-04T17:59:09,32.47614442370832,-111.29288482479751,30.9096
2025-05-04T17:59:10,32.47608692385256,-111.29296193830669,30.131999999999998
2025-05-04T17:59:11,32.47606177814305,-111.29305430687964,29.559600000000003
2025-05-04T17:59:12,32.47606856748462,-111.29316561855376,31.9968
2025-05-04T17:59:13,32.47607074677944,-111.2932656146586,33.2928
2025-05-04T17:59:14,32.476044511422515,-111.29335806705058,33.181200000000004
2025-05-04T17:59:15,32.47600260190666,-111.29346233792603,35.8272
2025-05-04T17:59:16,32.47593479231,-111.29351573064923,31.575600000000005
2025-05-04T17:59:17,32.475854996591806,-111.29350801929832,28.828799999999998
2025-05-04T17:59:18,32.47576296329498,-111.2934551294893,32.2344
2025-05-04T17:59:19,32.47571753337979,-111.29336326383054,30.96
2025-05-04T17:59:20,32.47573748230934,-111.29323057830334,33.2784
2025-05-04T17:59:21,32.47577662579715,-111.29310694523156,37.900800000000004
2025-05-04T17:59:22,32.47578400187194,-111.29300585947931,35.9964
2025-05-04T17:59:23,32.4757759552449,-111.2928990740329,34.7076
2025-05-04T17:59:24,32.475770339369774,-111.29280176013708,32.5152
2025-05-04T17:59:25,32.47575885616243,-111.29272297024727,28.897199999999998
2025-05-04T17:59:26,32.47571191750467,-111.2926939688623,21.9708
2025-05-04T17:59:27,32.47562591917813,-111.29271928220987,23.1624
2025-05-04T17:59:28,32.47555911540985,-111.2927471101284,24.6924
2025-05-04T17:59:29,32.47550077736378,-111.29277250729501,24.444
2025-05-04T17:59:30,32.47546263970435,-111.29281542263925,21.8592
2025-05-04T17:59:31,32.47545937076211,-111.29290946759284,23.799599999999998
2025-05-04T17:59:32,32.475495329126716,-111.293012984097,28.8468
2025-05-04T17:59:33,32.475516786798835,-111.29310778342187,30.3912
2025-05-04T17:59:34,32.475517289713025,-111.29317014478147,24.9408
2025-05-04T17:59:35,32.47553673572838,-111.29325270652771,28.062
2025-05-04T17:59:36,32.47552491724491,-111.29330601543188,23.709600000000002
2025-05-04T17:59:37,32.47552106156945,-111.29333443008363,17.6004
2025-05-04T17:59:38,32.47551645152271,-111.29339536651969,18.4464
2025-05-04T17:59:39,32.47549851424992,-111.29345680586994,21.250799999999998
2025-05-04T17:59:40,32.475424418225884,-111.2934915907681,24.523200000000003
2025-05-04T17:59:41,32.47531780041754,-111.29349041730165,30.852
2025-05-04T17:59:42,32.475236831232905,-111.2934532854706,31.7556
2025-05-04T17:59:43,32.47518477961421,-111.29339201375842,28.119600000000002
2025-05-04T17:59:44,32.47515971772373,-111.293361838907,20.3616
2025-05-04T17:59:45,32.47515628114343,-111.29329528659582,19.1124
2025-05-04T17:59:46,32.475152257829905,-111.29322663880885,21.6468
2025-05-04T17:59:47,32.47515343129635,-111.29314835183322,23.112000000000002
2025-05-04T17:59:48,32.475143959745765,-111.2931030895561,19.404
2025-05-04T17:59:49,32.475129794329405,-111.2930581625551,17.456400000000002
2025-05-04T17:59:50,32.4751144554466,-111.29298272542655,20.3508
2025-05-04T17:59:51,32.4751059897244,-111.29291734658182,21.3624
2025-05-04T17:59:52,32.47506198473275,-111.29283864051104,26.334000000000003
2025-05-04T17:59:53,32.4750005453825,-111.29276596941054,29.124
2025-05-04T17:59:54,32.474938770756125,-111.29275155253708,24.235200000000003
2025-05-04T17:59:55,32.47490867972374,-111.29277778789401,16.606800000000003
2025-05-04T17:59:56,32.474886886775494,-111.29277518950403,12.6756
2025-05-04T17:59:57,32.47486165724695,-111.29275163635612,12.3984
2025-05-04T17:59:58,32.4748208373785,-111.29274903796613,13.9968
2025-05-04T17:59:59,32.47476509772241,-111.29274400882423,17.8956
2025-05-04T18:00:00,32.474727714434266,-111.29273763857782,16.9956
2025-05-04T18:00:01,32.47468991205096,-111.29273403435946,17.1216
2025-05-04T18:00:02,32.4746207613498,-111.29273252561688,22.662
2025-05-04T18:00:03,32.4745412170887,-111.29274174571037,27.7812
2025-05-04T18:00:04,32.474473156034946,-111.29275113344193,27.288
2025-05-04T18:00:05,32.47440283186734,-111.2927526421845,27.4572
2025-05-04T18:00:06,32.474317168816924,-111.29274560138583,30.225600000000004
2025-05-04T18:00:07,32.47422521933913,-111.29274442791939,33.1416
2025-05-04T18:00:08,32.47416545636952,-111.29275482147932,27.0972
2025-05-04T18:00:09,32.4741215351969,-111.29274903796613,22.780800000000003
2025-05-04T18:00:10,32.474071411415935,-111.29276161082089,22.7952
2025-05-04T18:00:11,32.47405691072345,-111.29275314509869,16.635600000000004
2025-05-04T18:00:12,32.473995639011264,-111.29275482147932,20.4768
2025-05-04T18:00:13,32.47392849996686,-111.29276714287698,24.4908
2025-05-04T18:00:14,32.473863707855344,-111.29281726665795,27.2088
2025-05-04T18:00:15,32.47383118607104,-111.2929041031748,27.1296
2025-05-04T18:00:16,32.47383210808039,-111.29300653003156,28.7712
2025-05-04T18:00:17,32.47385817579925,-111.2930716574192,24.8976
2025-05-04T18:00:18,32.47392129153013,-111.29311759024858,24.642
2025-05-04T18:00:19,32.473993794992566,-111.29314759746194,26.5788
2025-05-04T18:00:20,32.474070489406586,-111.29314122721553,28.198800000000002
2025-05-04T18:00:21,32.47416394762695,-111.29314198158681,32.360400000000006
2025-05-04T18:00:22,32.47426168061793,-111.29313016310334,35.6652
2025-05-04T18:00:23,32.47435295954347,-111.29312655888498,35.2368
2025-05-04T18:00:24,32.47443216852844,-111.29315296187997,32.0328
2025-05-04T18:00:25,32.474467707797885,-111.29317425191402,23.040000000000003
2025-05-04T18:00:26,32.474559573456645,-111.29319260828197,31.7088
2025-05-04T18:00:27,32.474619671702385,-111.29317156970501,32.245200000000004
2025-05-04T18:00:28,32.474721260368824,-111.2931564822793,37.8972
2025-05-04T18:00:29,32.47481589205563,-111.29316947422922,38.25
2025-05-04T18:00:30,32.474890826269984,-111.29322437569499,35.6148
2025-05-04T18:00:31,32.474938267841935,-111.29330023191869,31.41
2025-05-04T18:00:32,32.47498772107065,-111.29338463768363,33.0624
2025-05-04T18:00:33,32.475010100752115,-111.29347013309598,32.832
2025-05-04T18:00:34,32.47505092062056,-111.29357038065791,35.37
2025-05-04T18:00:35,32.47511059977114,-111.29365285858512,36.1908
2025-05-04T18:00:36,32.475124849006534,-111.29369292408228,25.56
2025-05-04T18:00:37,32.475080424919724,-111.29371823742986,13.8168
2025-05-04T18:00:38,32.47503851540387,-111.29373257048428,13.1688
2025-05-04T18:00:39,32.4749902356416,-111.293760901317,17.0604
2025-05-04T18:00:40,32.47490616515279,-111.29375671036541,23.252399999999998
2025-05-04T18:00:41,32.47481916099787,-111.29371899180114,28.5516
2025-05-04T18:00:42,32.47475428506732,-111.293636681512,30.3156
2025-05-04T18:00:43,32.47471572831273,-111.2935537006706,27.971999999999998
2025-05-04T18:00:44,32.47462771832943,-111.29352143034339,30.052800000000005
2025-05-04T18:00:45,32.47451665811241,-111.2935764156282,34.6824
2025-05-04T18:00:46,32.47443216852844,-111.29360633902252,33.652800000000006
2025-05-04T18:00:47,32.47437466867268,-111.2936144694686,28.3428
2025-05-04T18:00:48,32.47432320378721,-111.29362368956208,24.4296
2025-05-04T18:00:49,32.474328484386206,-111.29364816471934,14.9724
2025-05-04T18:00:50,32.47435010969639,-111.29363500513136,4.3992
2025-05-04T18:00:51,32.47436787933111,-111.29362318664789,2.2356000000000003
2025-05-04T18:00:52,32.47437064535916,-111.2936194986105,1.3968
2025-05-04T18:00:53,32.47433762066066,-111.29361178725958,5.8212
2025-05-04T18:00:54,32.474303003400564,-111.29360214807093,10.548
2025-05-04T18:00:55,32.47425774112344,-111.29358932375908,15.7032
2025-05-04T18:00:56,32.47419269755483,-111.29357901401818,21.582
2025-05-04T18:00:57,32.47409664094448,-111.29357633180916,29.952
2025-05-04T18:00:58,32.47401533648372,-111.29359326325357,31.284
2025-05-04T18:00:59,32.47395792044699,-111.29361044615507,27.4176
2025-05-04T18:01:00,32.473913580179214,-111.29365084692836,23.756400000000003
2025-05-04T18:01:01,32.47389614582062,-111.29371513612568,21.0708
2025-05-04T18:01:02,32.47389195486903,-111.2937849573791,21.988799999999998
2025-05-04T18:01:03,32.473890697583556,-111.29386181943119,24.1632
2025-05-04T18:01:04,32.47391031123698,-111.29393641836941,24.4224
2025-05-04T18:01:05,32.47394761070609,-111.29398293793201,21.1752
2025-05-04T18:01:06,32.47398030012846,-111.2939995341003,16.8984
2025-05-04T18:01:07,32.47399597428739,-111.29400699399412,12.1356
2025-05-04T18:01:08,32.47404442168772,-111.29403113387525,15.753600000000002
2025-05-04T18:01:09,32.47411575168371,-111.29404814913869,21.700799999999997
2025-05-04T18:01:10,32.47417325153947,-111.29404538311064,22.561200000000003
2025-05-04T18:01:11,32.474228823557496,-111.29405183717608,22.715999999999998
2025-05-04T18:01:12,32.47429353184998,-111.29406843334436,24.5736
2025-05-04T18:01:13,32.474365532398224,-111.29407295957208,26.3736
2025-05-04T18:01:14,32.474446250125766,-111.29408318549395,29.322
2025-05-04T18:01:15,32.47449712827802,-111.29408804699779,25.7652
2025-05-04T18:01:16,32.47454130090773,-111.2940769828856,20.642400000000002
2025-05-04T18:01:17,32.47454901225865,-111.29407991655171,12.582
2025-05-04T18:01:18,32.47456778772175,-111.29407153464854,9.8604
2025-05-04T18:01:19,32.47460466809571,-111.29407446831465,12.4452
2025-05-04T18:01:20,32.47463375329971,-111.2940804194659,13.2156
2025-05-04T18:01:21,32.474667616188526,-111.29407580941916,13.5288
2025-05-04T18:01:22,32.47470315545797,-111.29407916218042,13.5396
2025-05-04T18:01:23,32.47474120929837,-111.29407706670463,14.500799999999998
2025-05-04T18:01:24,32.47477624565363,-111.29407916218042,13.586400000000001
2025-05-04T18:01:25,32.47481589205563,-111.29408854991198,15.2748
2025-05-04T18:01:26,32.47488034889102,-111.29409483633935,20.6784
2025-05-04T18:01:27,32.47496743686497,-111.29410916939378,27.3528
2025-05-04T18:01:28,32.47504094615579,-111.29412492737174,28.828799999999998
2025-05-04T18:01:29,32.47510272078216,-111.2941324710846,26.1648
2025-05-04T18:01:30,32.47512669302523,-111.29411587491632,17.4744
2025-05-04T18:01:31,32.47515150345862,-111.29407966509461,15.7896
2025-05-04T18:01:32,32.47517857700586,-111.29400548525155,20.9268
2025-05-04T18:01:33,32.475215373560786,-111.29393055103719,25.2684
2025-05-04T18:01:34,32.4752542655915,-111.29385704174638,27.5652
2025-05-04T18:01:35,32.47530640102923,-111.29380758851767,26.2728
2025-05-04T18:01:36,32.47535048983991,-111.29379300400615,21.6612
2025-05-04T18:01:37,32.4753821734339,-111.29381764680147,14.7996
2025-05-04T18:01:38,32.47541083954275,-111.29387682303786,15.292800000000002
2025-05-04T18:01:39,32.4754030443728,-111.2939318921417,14.893199999999998
2025-05-04T18:01:40,32.475403882563114,-111.29394329153001,9.7668
2025-05-04T18:01:41,32.47542768716812,-111.29396164789796,9.7884
2025-05-04T18:01:42,32.475469345226884,-111.29400833509862,16.2576
2025-05-04T18:01:43,32.47552835382521,-111.29403700120747,19.8756
2025-05-04T18:01:44,32.47560873627663,-111.29400816746056,24.2496
2025-05-04T18:01:45,32.47567822225392,-111.2939215824008,29.649600000000003
2025-05-04T18:01:46,32.4757379014045,-111.29387548193336,29.408400000000004
2025-05-04T18:01:47,32.475791377946734,-111.29385268315673,26.0424
2025-05-04T18:01:48,32.47585943900049,-111.29382938146591,26.1648
2025-05-04T18:01:49,32.47591517865658,-111.29385955631733,23.011200000000002
2025-05-04T18:01:50,32.47592146508396,-111.29396106116474,22.5288
2025-05-04T18:01:51,32.47591123916209,-111.29406675696373,27.5148
2025-05-04T18:01:52,32.47589975595474,-111.29413657821715,24.8436
2025-05-04T18:01:53,32.47590662911534,-111.29416583105922,17.0136
2025-05-04T18:01:54,32.475926242768764,-111.29417111165822,10.674
2025-05-04T18:01:55,32.475930601358414,-111.2942136079073,12.8268
2025-05-04T18:01:56,32.47592154890299,-111.29432349465787,24.9084
2025-05-04T18:01:57,32.47591727413237,-111.29444067366421,32.5548
2025-05-04T18:01:58,32.47592364437878,-111.29452398978174,31.384800000000002
2025-05-04T18:01:59,32.475951639935374,-111.29461577162147,32.223600000000005
2025-05-04T18:02:00,32.476007798686624,-111.29472213797271,36.6876
2025-05-04T18:02:01,32.476066052913666,-111.29482196643949,38.674800000000005
2025-05-04T18:02:02,32.476100753992796,-111.29492791369557,38.1276
2025-05-04T18:02:03,32.47610628604889,-111.29502556286752,34.6572
2025-05-04T18:02:04,32.47606236487627,-111.29511918872595,31.4928
2025-05-04T18:02:05,32.4759984947741,-111.29514181986451,23.511599999999998
2025-05-04T18:02:06,32.475936049595475,-111.29511466249824,19.9728
2025-05-04T18:02:07,32.47590838931501,-111.29509513266385,16.650000000000002
2025-05-04T18:02:08,32.475861283019185,-111.29508608020842,18.4176
2025-05-04T18:02:09,32.47578199021518,-111.2950350344181,26.157600000000002
2025-05-04T18:02:10,32.47570085339248,-111.29497535526752,31.7124
2025-05-04T18:02:11,32.47564452700317,-111.29489287734032,33.3108
2025-05-04T18:02:12,32.47559557668865,-111.29482188262045,31.251599999999996
2025-05-04T18:02:13,32.47555366717279,-111.2947696633637,26.7192
2025-05-04T18:02:14,32.47553111985326,-111.29473906941712,18.9252
2025-05-04T18:02:15,32.47549465857446,-111.29470562562346,17.8992
2025-05-04T18:02:16,32.475445037707686,-111.29467209801078,20.808
2025-05-04T18:02:17,32.47540405020118,-111.29461979493499,23.1408
2025-05-04T18:02:18,32.475313525646925,-111.29455382935703,32.814
2025-05-04T18:02:19,32.475226018577814,-111.29451158456504,35.5356
2025-05-04T18:02:20,32.47513088397682,-111.29449247382581,36.9468
2025-05-04T18:02:21,32.47503415681422,-111.29449867643416,37.364399999999996
2025-05-04T18:02:22,32.474939273670316,-111.294514099136,37.7748
2025-05-04T18:02:23,32.47485294006765,-111.29454175941646,35.708400000000005
2025-05-04T18:02:24,32.474801978096366,-111.29461669363081,31.226399999999998
2025-05-04T18:02:25,32.47481010854244,-111.29474502056837,32.6016
2025-05-04T18:02:26,32.47483005747199,-111.29485775716603,34.830000000000005
2025-05-04T18:02:27,32.4748261179775,-111.29495104774833,33.318000000000005
2025-05-04T18:02:28,32.47481010854244,-111.29505422897637,33.652800000000006
2025-05-04T18:02:29,32.47481497004628,-111.29514534026384,31.960800000000003
2025-05-04T18:02:30,32.47487531974912,-111.29521591588855,29.923199999999998
2025-05-04T18:02:31,32.474939776584506,-111.29528087563813,29.635199999999998
2025-05-04T18:02:32,32.47496735304594,-111.29531364887953,22.032
2025-05-04T18:02:33,32.47496726922691,-111.29536494612694,17.6508
2025-05-04T18:02:34,32.474965676665306,-111.29539503715932,14.3172
2025-05-04T18:02:35,32.474984619766474,-111.29543334245682,14.2452
2025-05-04T18:02:36,32.47500993311405,-111.29546544514596,13.586400000000001
2025-05-04T18:02:37,32.47503180988133,-111.29547332413495,10.360800000000001
2025-05-04T18:02:38,32.475053602829576,-111.29545848816633,7.6932
2025-05-04T18:02:39,32.47506500221789,-111.29545957781374,5.7312
2025-05-04T18:02:40,32.475051674991846,-111.29546334967017,0.324
2025-05-04T18:02:41,32.47504689730704,-111.29546452313662,0.2736
2025-05-04T18:02:42,32.475042371079326,-111.2954689655453,0.37079999999999996
2025-05-04T18:02:43,32.475051172077656,-111.295460248366,2.52
2025-05-04T18:02:44,32.4750454723835,-111.29545823670924,0.3492
2025-05-04T18:02:45,32.475041868165135,-111.29545890726149,0.108
2025-05-04T18:02:46,32.4750401917845,-111.29545764997602,0.1728
2025-05-04T18:02:47,32.475037928670645,-111.29545580595732,0.2556
2025-05-04T18:02:48,32.47503851540387,-111.29545689560473,0.1944
2025-05-04T18:02:49,32.47503910213709,-111.29546460695565,0.5616
2025-05-04T18:02:50,32.475037928670645,-111.29546443931758,0.8208000000000001
2025-05-04T18:02:51,32.47504027560353,-111.29545899108052,1.8972000000000002
2025-05-04T18:02:52,32.47503465972841,-111.29546066746116,0.2592
2025-05-04T18:02:53,32.47502711601555,-111.29546477459371,0.3852
2025-05-04T18:02:54,32.475010603666306,-111.29546963609755,3.5496
2025-05-04T18:02:55,32.47502124868333,-111.29545077681541,1.6128
2025-05-04T18:02:56,32.475031642243266,-111.29544189199805,2.8872000000000004
2025-05-04T18:02:57,32.47503558173776,-111.29544298164546,2.3292
2025-05-04T18:02:58,32.47503273189068,-111.29544742405415,0.5004000000000001
2025-05-04T18:02:59,32.47502887621522,-111.29545077681541,0.2196
2025-05-04T18:03:00,32.47502711601555,-111.29545119591057,0.3132
2025-05-04T18:03:01,32.475027199834585,-111.29545019008219,0.1512
2025-05-04T18:03:02,32.47502367943525,-111.29545086063445,0.0936
2025-05-04T18:03:03,32.475023344159126,-111.29544918425381,0.28800000000000003
2025-05-04T18:03:04,32.47502854093909,-111.29544683732092,0.7668
2025-05-04T18:03:05,32.475029127672315,-111.29544918425381,0.8352
2025-05-04T18:03:06,32.47502879239619,-111.29545052535832,0.792
2025-05-04T18:03:07,32.47503122314811,-111.29545270465314,1.4220000000000002
2025-05-04T18:03:08,32.47503264807165,-111.29545480012894,1.2312
2025-05-04T18:03:09,32.47502929531038,-111.29545538686216,0.0
2025-05-04T18:03:10,32.47502929531038,-111.29545538686216,0.0
2025-05-04T18:03:11,32.475028624758124,-111.29545832052827,0.48960000000000004
2025-05-04T18:03:12,32.475028121843934,-111.29546066746116,0.14400000000000002
2025-05-04T18:03:13,32.47502954676747,-111.29546041600406,0.0
2025-05-04T18:03:14,32.475029630586505,-111.29545890726149,0.4032
2025-05-04T18:03:15,32.47502896003425,-111.29545697942376,0.0
2025-05-04T18:03:16,32.47502954676747,-111.2954533752054,0.0
2025-05-04T18:03:17,32.47503239661455,-111.29545228555799,0.522
2025-05-04T18:03:18,32.475029630586505,-111.29545303992927,0.1908
2025-05-04T18:03:19,32.47502904385328,-111.29545287229121,0.36000000000000004
2025-05-04T18:03:20,32.47502887621522,-111.2954533752054,0.0
2025-05-04T18:03:21,32.475029630586505,-111.29544356837869,0.8928
2025-05-04T18:03:22,32.475023260340095,-111.29544633440673,0.558
2025-05-04T18:03:23,32.47501512989402,-111.29544792696834,0.1548
2025-05-04T18:03:24,32.47501135803759,-111.29544985480607,0.5112
2025-05-04T18:03:25,32.475014962255955,-111.29544658586383,1.1880000000000002
2025-05-04T18:03:26,32.47501370497048,-111.2954430654645,0.6732
2025-05-04T18:03:27,32.47501068748534,-111.2954428140074,0.6228
2025-05-04T18:03:28,32.475011106580496,-111.29543744958937,1.2528
2025-05-04T18:03:29,32.475016890093684,-111.2954272236675,1.6344
2025-05-04T18:03:30,32.475019320845604,-111.29543191753328,0.0
2025-05-04T18:03:31,32.47502015903592,-111.29543451592326,0.5436
2025-05-04T18:03:32,32.47502150014043,-111.29543158225715,0.1548
2025-05-04T18:03:33,32.475022254511714,-111.29543040879071,0.3744
2025-05-04T18:03:34,32.47501948848367,-111.29543258808553,0.234
2025-05-04T18:03:35,32.47501730918884,-111.2954343482852,0.0
2025-05-04T18:03:36,32.47501730918884,-111.2954343482852,0.0
2025-05-04T18:03:37,32.475019404664636,-111.2954377848655,0.18359999999999999
2025-05-04T18:03:38,32.47501906938851,-111.29543853923678,0.0
2025-05-04T18:03:39,32.47501663863659,-111.2954380363226,0.0
2025-05-04T18:03:40,32.47502611018717,-111.29542705602944,2.2536
2025-05-04T18:03:41,32.47502837330103,-111.29542822949588,2.0664
2025-05-04T18:03:42,32.47503038495779,-111.29542923532426,1.1232
2025-05-04T18:03:43,32.47502904385328,-111.29543166607618,0.5796
2025-05-04T18:03:44,32.47502602636814,-111.29543309099972,0.0936
2025-05-04T18:03:45,32.47502837330103,-111.29543652758002,0.26639999999999997
2025-05-04T18:03:46,32.47502678073943,-111.29543904215097,0.198
2025-05-04T18:03:47,32.47502057813108,-111.29543426446617,0.3816
2025-05-04T18:03:48,32.475012447685,-111.29543208517134,0.4176
2025-05-04T18:03:49,32.47501605190337,-111.29542990587652,0.9
2025-05-04T18:03:50,32.475011609494686,-111.29542822949588,0.3348
2025-05-04T18:03:51,32.475007670000196,-111.29542454145849,1.0655999999999999
2025-05-04T18:03:52,32.475005155429244,-111.29542177543044,0.7704
2025-05-04T18:03:53,32.47500113211572,-111.2954224459827,0.0756
2025-05-04T18:03:54,32.47500046156347,-111.29542294889688,0.2628
2025-05-04T18:03:55,32.47499962337315,-111.29542370326817,0.7056
2025-05-04T18:03:56,32.474999791011214,-111.29542127251625,1.3428
2025-05-04T18:03:57,32.47499727644026,-111.29542387090623,0.2016
2025-05-04T18:03:58,32.47499534860253,-111.29542370326817,0.26639999999999997
2025-05-04T18:03:59,32.47499618679285,-111.29542110487819,0.3888
2025-05-04T18:04:00,32.474998785182834,-111.29542152397335,0.48600000000000004
2025-05-04T18:04:01,32.47499995864928,-111.29542160779238,0.0
2025-05-04T18:04:02,32.47499995864928,-111.29542160779238,0.0
2025-05-04T18:04:03,32.474999288097024,-111.2954237870872,0.6624
2025-05-04T18:04:04,32.47499912045896,-111.29542596638203,0.26639999999999997
2025-05-04T18:04:05,32.475006664171815,-111.29543032497168,2.1744
2025-05-04T18:04:06,32.47500699944794,-111.29544080235064,0.7236
2025-05-04T18:04:07,32.47502024285495,-111.29543527029455,2.6172
2025-05-04T18:04:08,32.47502166777849,-111.29543602466583,1.8108
2025-05-04T18:04:09,32.475017476826906,-111.2954409699887,0.23040000000000002
2025-05-04T18:04:10,32.47503625229001,-111.29544700495899,4.1148
2025-05-04T18:04:11,32.4750317260623,-111.29544708877802,1.3212
2025-05-04T18:04:12,32.475029630586505,-111.29544499330223,0.07200000000000001
2025-05-04T18:04:13,32.475030636414886,-111.29544675350189,0.14400000000000002
2025-05-04T18:04:14,32.47502971440554,-111.29545195028186,0.1512
2025-05-04T18:04:15,32.475024685263634,-111.29545689560473,0.9036000000000001
2025-05-04T18:04:16,32.47501999139786,-111.29545211791992,0.0936
2025-05-04T18:04:17,32.47502158395946,-111.29545211791992,0.63
2025-05-04T18:04:18,32.475019320845604,-111.2954531237483,0.4536
2025-05-04T18:04:19,32.47501898556948,-111.2954565603286,0.4284
2025-05-04T18:04:20,32.47501462697983,-111.29545270465314,0.1908
2025-05-04T18:04:21,32.475016890093684,-111.29545421339571,0.396
2025-05-04T18:04:22,32.475014543160796,-111.29545345902443,0.5184
2025-05-04T18:04:23,32.47501362115145,-111.29545329138637,0.0
2025-05-04T18:04:24,32.47501923702657,-111.29545119591057,1.4364000000000001
2025-05-04T18:04:25,32.47502736747265,-111.29545429721475,2.5128
2025-05-04T18:04:26,32.47503088787198,-111.29545647650957,1.7207999999999999
2025-05-04T18:04:27,32.47502066195011,-111.2954604998231,0.8748
2025-05-04T18:04:28,32.47501680627465,-111.29544423893094,2.2212
2025-05-04T18:04:30,32.47502971440554,-111.29545186646283,1.2708
2025-05-04T18:04:31,32.47502778656781,-111.29545019008219,0.432
2025-05-04T18:04:32,32.475032061338425,-111.29545094445348,0.4248
2025-05-04T18:04:33,32.47503725811839,-111.29545697942376,1.854
2025-05-04T18:04:34,32.4750351626426,-111.29545136354864,0.6804
2025-05-04T18:04:35,32.475034492090344,-111.29545119591057,0.1476
2025-05-04T18:04:36,32.47503541409969,-111.29545069299638,0.0936
2025-05-04T18:04:37,32.47503474354744,-111.29544750787318,0.234
2025-05-04T18:04:38,32.47503315098584,-111.29544532857835,0.1548
2025-05-04T18:04:39,32.4750333186239,-111.2954449094832,0.3816
2025-05-04T18:04:40,32.475033486261964,-111.29544423893094,0.4284
2025-05-04T18:04:41,32.47503231279552,-111.29544205963612,0.2916
2025-05-04T18:04:42,32.4750314746052,-111.2954414729029,0.28800000000000003
2025-05-04T18:04:43,32.47503139078617,-111.29544449038804,1.4292
2025-05-04T18:04:44,32.47503080405295,-111.29544172435999,0.12600000000000003
2025-05-04T18:04:45,32.47503868304193,-111.29544021561742,1.9476000000000002
2025-05-04T18:04:46,32.475037006661296,-111.29543904215097,0.6876
2025-05-04T18:04:47,32.47503558173776,-111.29543845541775,0.16920000000000002
2025-05-04T18:04:48,32.47503968887031,-111.29544088616967,0.198
2025-05-04T18:04:49,32.47504346072674,-111.29543912597,0.9612
2025-05-04T18:04:50,32.47504455037415,-111.29543920978904,1.1376
2025-05-04T18:04:51,32.475045807659626,-111.29544214345515,0.6588
2025-05-04T18:04:52,32.47504756785929,-111.29544566385448,0.2088
2025-05-04T18:04:53,32.47504832223058,-111.29544591531157,0.057600000000000005
2025-05-04T18:04:54,32.475053602829576,-111.29544692113996,0.648
2025-05-04T18:04:55,32.47505427338183,-111.29545035772026,0.2988
2025-05-04T18:04:56,32.4750541895628,-111.29545295611024,0.2592
2025-05-04T18:04:57,32.47505301609635,-111.295454967767,0.0864
2025-05-04T18:04:58,32.47505226172507,-111.29546083509922,0.1476
2025-05-04T18:04:59,32.475053519010544,-111.29545957781374,0.1008
2025-05-04T18:05:00,32.4750523455441,-111.29545270465314,1.4328
2025-05-04T18:05:01,32.475059386342764,-111.29545446485281,1.4904
2025-05-04T18:05:02,32.47505477629602,-111.29545412957668,0.7200000000000001
2025-05-04T18:05:03,32.47504848986864,-111.29545161500573,0.1188
2025-05-04T18:05:04,32.475049244239926,-111.29545161500573,0.25200000000000006
2025-05-04T18:05:05,32.47504614293575,-111.29545329138637,0.24840000000000004
2025-05-04T18:05:06,32.475048741325736,-111.29545287229121,0.7056
2025-05-04T18:05:07,32.475048657506704,-111.29545278847218,0.5724
2025-05-04T18:05:08,32.47504748404026,-111.2954552192241,0.28800000000000003
2025-05-04T18:05:09,32.47504639439285,-111.29545764997602,0.24840000000000004
2025-05-04T18:05:10,32.47505008243024,-111.29545806907117,0.6444
2025-05-04T18:05:11,32.47505293227732,-111.29545832052827,0.6408
2025-05-04T18:05:12,32.47505527921021,-111.29545832052827,0.6516
2025-05-04T18:05:13,32.47505569830537,-111.29545723088086,0.7200000000000001
2025-05-04T18:05:14,32.4750541895628,-111.29545957781374,0.3276
2025-05-04T18:05:15,32.47505175881088,-111.29545731469989,0.1368
2025-05-04T18:05:16,32.475054021924734,-111.29545714706182,0.0972
2025-05-04T18:05:17,32.4750576261431,-111.29545689560473,1.026
2025-05-04T18:05:18,32.4750541895628,-111.29545421339571,0.4464
2025-05-04T18:05:19,32.47505175881088,-111.29545731469989,0.81
2025-05-04T18:05:20,32.47505201026797,-111.29545773379505,0.648
2025-05-04T18:05:21,32.47505444101989,-111.29545605741441,0.864
2025-05-04T18:05:22,32.47505519539118,-111.29545429721475,0.7848
2025-05-04T18:05:23,32.47505628503859,-111.29544792696834,1.314
2025-05-04T18:05:24,32.47505804523826,-111.29544817842543,1.0008000000000001
2025-05-04T18:05:25,32.47505678795278,-111.2954512797296,0.8352
2025-05-04T18:05:26,32.475059386342764,-111.29545320756733,0.9468000000000001
2025-05-04T18:05:27,32.475060895085335,-111.2954547163099,1.0080000000000002
2025-05-04T18:05:28,32.475059386342764,-111.29545211791992,0.1944
2025-05-04T18:05:29,32.475063409656286,-111.29545060917735,0.6696
2025-05-04T18:05:30,32.475060895085335,-111.29545002244413,0.18000000000000002
2025-05-04T18:05:31,32.47506173327565,-111.29545236937702,0.26639999999999997
2025-05-04T18:05:32,32.475062906742096,-111.29545195028186,0.1296
2025-05-04T18:05:33,32.47506215237081,-111.29545278847218,0.324
2025-05-04T18:05:34,32.475067265331745,-111.29545295611024,1.0332
2025-05-04T18:05:35,32.47506659477949,-111.29545404575765,0.5147999999999999
2025-05-04T18:05:36,32.47506894171238,-111.29545480012894,0.8028000000000001
2025-05-04T18:05:37,32.47506801970303,-111.29545505158603,0.24840000000000004
2025-05-04T18:05:38,32.47507003135979,-111.29545530304313,0.2808
2025-05-04T18:05:39,32.47507145628333,-111.2954547163099,0.5147999999999999
2025-05-04T18:05:40,32.47507179155946,-111.29545253701508,0.6768000000000001
2025-05-04T18:05:41,32.47507078573108,-111.29545060917735,0.4572
2025-05-04T18:05:42,32.47507045045495,-111.29544935189188,0.0
2025-05-04T18:05:43,32.47507086955011,-111.29544851370156,0.9288000000000001
2025-05-04T18:05:44,32.475066762417555,-111.29544893279672,0.13319999999999999
2025-05-04T18:05:45,32.47506617568433,-111.29545270465314,0.234
2025-05-04T18:05:46,32.47506701387465,-111.29545387811959,0.54
2025-05-04T18:05:47,32.475067684426904,-111.29545563831925,0.4212
2025-05-04T18:05:48,32.47506441548467,-111.29545832052827,0.1512
2025-05-04T18:05:49,32.47506156563759,-111.29545764997602,0.3276
2025-05-04T18:05:50,32.47506014071405,-111.29545806907117,0.3816
2025-05-04T18:05:51,32.47505871579051,-111.29545982927084,0.6228
2025-05-04T18:05:52,32.47505720704794,-111.29545932635665,0.2772
2025-05-04T18:05:53,32.47505829669535,-111.29546008072793,0.26639999999999997
2025-05-04T18:05:54,32.47505812905729,-111.29546142183244,0.4176
2025-05-04T18:05:55,32.475059470161796,-111.29546075128019,0.846
2025-05-04T18:05:56,32.475055530667305,-111.29546100273728,0.4428
2025-05-04T18:05:57,32.47505636885762,-111.2954599969089,0.4752
2025-05-04T18:05:58,32.47505628503859,-111.29546410404146,0.9828000000000001
2025-05-04T18:05:59,32.47505125589669,-111.29546804353595,0.12600000000000003
2025-05-04T18:06:00,32.47505427338183,-111.29546125419438,1.1628
2025-05-04T18:06:01,32.47505125589669,-111.29546334967017,0.3744
2025-05-04T18:06:02,32.47505226172507,-111.29546226002276,0.6228
2025-05-04T18:06:03,32.475054021924734,-111.2954620923847,0.5760000000000001
2025-05-04T18:06:04,32.47505368664861,-111.29545899108052,0.5868
2025-05-04T18:06:05,32.47505226172507,-111.2954533752054,0.8136
2025-05-04T18:06:06,32.47505268082023,-111.29544960334897,0.9324
2025-05-04T18:06:07,32.475053602829576,-111.29544767551124,0.6444
2025-05-04T18:06:08,32.47505427338183,-111.2954478431493,0.3276
2025-05-04T18:06:09,32.47505611740053,-111.29544264636934,0.9288000000000001
2025-05-04T18:06:10,32.475053602829576,-111.29544239491224,0.5760000000000001
2025-05-04T18:06:11,32.475050669163465,-111.29544381983578,0.6768000000000001
2025-05-04T18:06:12,32.47504983097315,-111.29544381983578,0.5436
2025-05-04T18:06:13,32.47504756785929,-111.29544700495899,0.2628
2025-05-04T18:06:14,32.47504262253642,-111.29544666968286,0.12240000000000001
2025-05-04T18:06:15,32.47504320926964,-111.29544759169221,0.0504
2025-05-04T18:06:16,32.47504781931639,-111.29544373601675,1.4256000000000002
2025-05-04T18:06:17,32.47504740022123,-111.2954425625503,1.2204000000000002
2025-05-04T18:06:18,32.47504153288901,-111.29544666968286,0.15839999999999999
2025-05-04T18:06:19,32.4750420358032,-111.29544390365481,0.846
2025-05-04T18:06:20,32.475042371079326,-111.29544365219772,0.5904
2025-05-04T18:06:21,32.47503801248968,-111.29544566385448,0.2232
2025-05-04T18:06:22,32.475036000832915,-111.29544549621642,0.2808
2025-05-04T18:06:23,32.475040359422565,-111.29544189199805,1.5264
2025-05-04T18:06:24,32.47504052706063,-111.29544063471258,0.8064
2025-05-04T18:06:25,32.47504010796547,-111.29544164054096,0.216
2025-05-04T18:06:26,32.475040359422565,-111.29544474184513,0.1944
2025-05-04T18:06:27,32.475042371079326,-111.29544415511191,1.1808
2025-05-04T18:06:28,32.475042371079326,-111.29545019008219,1.1880000000000002
2025-05-04T18:06:29,32.47504354454577,-111.29545756615698,0.5544
2025-05-04T18:06:30,32.475042873993516,-111.29545597359538,1.0908
2025-05-04T18:06:31,32.47503977268934,-111.29545731469989,0.3132
2025-05-04T18:06:32,32.47504396364093,-111.29545647650957,0.7020000000000001
2025-05-04T18:06:33,32.475042790174484,-111.29545857198536,0.1008
2025-05-04T18:06:34,32.47504488565028,-111.29545580595732,0.2556
2025-05-04T18:06:35,32.475045220926404,-111.2954547163099,0.5760000000000001
2025-05-04T18:06:36,32.4750470649451,-111.29545689560473,1.044
2025-05-04T18:06:37,32.4750436283648,-111.29545530304313,0.5796
2025-05-04T18:06:38,32.475038431584835,-111.29545605741441,0.162
2025-05-04T18:06:39,32.4750385992229,-111.29545480012894,0.15839999999999999
2025-05-04T18:06:40,32.47503784485161,-111.2954552192241,0.0
2025-05-04T18:06:41,32.47504304163158,-111.29545069299638,0.648
2025-05-04T18:06:42,32.475042371079326,-111.2954512797296,0.2232
2025-05-04T18:06:43,32.47504245489836,-111.29545002244413,0.4356
2025-05-04T18:06:44,32.475040443241596,-111.29545102827251,0.0756
2025-05-04T18:06:45,32.47504253871739,-111.29544926807284,0.5292
2025-05-04T18:06:46,32.475045723840594,-111.29544868133962,0.9972000000000001
2025-05-04T18:06:47,32.47504488565028,-111.29545161500573,0.2556
2025-05-04T18:06:48,32.47504421509802,-111.29545295611024,0.3744
2025-05-04T18:06:49,32.47504304163158,-111.29545195028186,0.36360000000000003
2025-05-04T18:06:50,32.475041868165135,-111.29544457420707,0.9612
2025-05-04T18:06:51,32.4750436283648,-111.29544348455966,0.8064
2025-05-04T18:06:52,32.47504421509802,-111.29544616676867,0.36360000000000003
2025-05-04T18:06:53,32.47504513710737,-111.29544876515865,0.234
2025-05-04T18:06:54,32.47504438273609,-111.2954480946064,0.2772
2025-05-04T18:06:55,32.475045220926404,-111.29544692113996,0.14400000000000002
2025-05-04T18:06:56,32.47504496946931,-111.29544700495899,0.0
2025-05-04T18:06:57,32.47504907660186,-111.29545086063445,0.1476
2025-05-04T18:06:58,32.475049244239926,-111.29545111209154,0.0
2025-05-04T18:06:59,32.475049244239926,-111.29545111209154,0.0
2025-05-04T18:07:00,32.475049244239926,-111.29545111209154,0.0
2025-05-04T18:07:01,32.475049244239926,-111.29545111209154,0.0
2025-05-04T18:07:02,32.475048238411546,-111.29545371048152,0.24120000000000003
2025-05-04T18:07:03,32.47504832223058,-111.29545572213829,0.3204
2025-05-04T18:07:04,32.47504689730704,-111.29545647650957,0.4716
2025-05-04T18:07:05,32.475045220926404,-111.29545823670924,0.108
2025-05-04T18:07:06,32.47504312545061,-111.29546125419438,0.1872
2025-05-04T18:07:07,32.47504077851772,-111.29545974545181,0.0936
2025-05-04T18:07:08,32.47504245489836,-111.29545932635665,0.3024
2025-05-04T18:07:09,32.47504404745996,-111.2954599969089,0.3888
2025-05-04T18:07:10,32.47504421509802,-111.29545764997602,0.0
2025-05-04T18:07:11,32.47504538856447,-111.29545781761408,0.18359999999999999
2025-05-04T18:07:12,32.475048741325736,-111.29546066746116,0.46440000000000003
2025-05-04T18:07:13,32.47504832223058,-111.29546100273728,0.0
2025-05-04T18:07:14,32.47504832223058,-111.29546100273728,0.0
2025-05-04T18:07:15,32.475048741325736,-111.29545672796667,0.4932
2025-05-04T18:07:16,32.475049244239926,-111.29545513540506,0.1728
2025-05-04T18:07:17,32.47505184262991,-111.29545446485281,0.1908
2025-05-04T18:07:18,32.47505150735378,-111.29545480012894,0.0
2025-05-04T18:07:19,32.47505041770637,-111.29545186646283,0.6264
2025-05-04T18:07:20,32.47504698112607,-111.29545438103378,0.2844
2025-05-04T18:07:21,32.47504740022123,-111.29545245319605,0.6084
2025-05-04T18:07:22,32.47504270635545,-111.29545270465314,0.3312
2025-05-04T18:07:23,32.47504262253642,-111.29544859752059,0.8748
2025-05-04T18:07:24,32.47503952123225,-111.29544910043478,0.0468
2025-05-04T18:07:25,32.47504010796547,-111.29544591531157,0.216
2025-05-04T18:07:26,32.47503826394677,-111.29544775933027,0.1188
2025-05-04T18:07:27,32.475040862336755,-111.29544516094029,0.5508
2025-05-04T18:07:28,32.47503918595612,-111.2954446580261,0.0
2025-05-04T18:07:29,32.475037425756454,-111.29544482566416,0.0252
2025-05-04T18:07:30,32.47503725811839,-111.2954446580261,0.48960000000000004
2025-05-04T18:07:31,32.47503809630871,-111.29544365219772,0.4356
2025-05-04T18:07:32,32.47503926977515,-111.29544608294964,0.3348
2025-05-04T18:07:33,32.47504002414644,-111.29544700495899,0.3852
2025-05-04T18:07:34,32.47504119761288,-111.2954459991306,0.24120000000000003
2025-05-04T18:07:35,32.475043293088675,-111.29544415511191,0.7128000000000001
2025-05-04T18:07:36,32.47504614293575,-111.2954465020448,0.4428
2025-05-04T18:07:37,32.475046310573816,-111.2954446580261,0.846
2025-05-04T18:07:38,32.475046226754785,-111.29544918425381,0.2268
2025-05-04T18:07:39,32.47504656203091,-111.29545136354864,0.0324
2025-05-04T18:07:40,32.475046729668975,-111.2954515311867,0.2952
2025-05-04T18:07:41,32.47504991479218,-111.2954515311867,0.6120000000000001
2025-05-04T18:07:42,32.47505041770637,-111.29545052535832,0.5616
2025-05-04T18:07:43,32.47504396364093,-111.2954515311867,0.0756
2025-05-04T18:07:44,32.47504253871739,-111.29545295611024,0.3096
2025-05-04T18:07:45,32.475039437413216,-111.2954547163099,0.108
2025-05-04T18:07:46,32.475039437413216,-111.29545714706182,0.1008
2025-05-04T18:07:47,32.47503901831806,-111.29545773379505,0.0
2025-05-04T18:07:48,32.4750401917845,-111.29545622505248,0.07919999999999999
2025-05-04T18:07:49,32.47503968887031,-111.29545488394797,0.198
2025-05-04T18:07:50,32.47503960505128,-111.2954531237483,0.24480000000000002
2025-05-04T18:07:51,32.47503910213709,-111.29545211791992,0.2844
2025-05-04T18:07:52,32.475042790174484,-111.29545144736767,0.1476
2025-05-04T18:07:53,32.47504639439285,-111.2954512797296,0.432
2025-05-04T18:07:54,32.47504740022123,-111.29545144736767,0.36719999999999997
2025-05-04T18:07:55,32.47504639439285,-111.2954512797296,0.2088
2025-05-04T18:07:56,32.47504438273609,-111.29545052535832,0.162
2025-05-04T18:07:57,32.47504371218383,-111.29544901661575,0.3024
2025-05-04T18:07:58,32.47504488565028,-111.29545086063445,0.2916
2025-05-04T18:07:59,32.47504513710737,-111.2954515311867,0.54
2025-05-04T18:08:00,32.47504455037415,-111.29545195028186,0.0
2025-05-04T18:08:01,32.47504455037415,-111.29545195028186,0.0
2025-05-04T18:08:02,32.47504455037415,-111.29545195028186,0.0
2025-05-04T18:08:03,32.47504455037415,-111.29545195028186,0.0
2025-05-04T18:08:04,32.47504455037415,-111.29545195028186,0.0
2025-05-04T18:08:05,32.4750438798219,-111.29545639269054,0.1188
2025-05-04T18:08:06,32.4750436283648,-111.29545639269054,0.0
2025-05-04T18:08:07,32.4750436283648,-111.29545639269054,0.0
2025-05-04T18:08:08,32.4750420358032,-111.29545907489955,0.33840000000000003
2025-05-04T18:08:09,32.47504555620253,-111.29546016454697,0.6696
2025-05-04T18:08:10,32.47504907660186,-111.29546226002276,0.7956
2025-05-04T18:08:11,32.47505033388734,-111.29546418786049,0.81
2025-05-04T18:08:12,32.47504983097315,-111.29546033218503,1.2240000000000002
2025-05-04T18:08:13,32.475039437413216,-111.29546091891825,0.35640000000000005
2025-05-04T18:08:14,32.47504153288901,-111.29545890726149,0.6804
2025-05-04T18:08:15,32.47504119761288,-111.29546133801341,0.1368
2025-05-04T18:08:16,32.47504010796547,-111.29546108655632,0.5832
2025-05-04T18:08:17,32.475041365250945,-111.29545974545181,1.242
2025-05-04T18:08:18,32.475039353594184,-111.29545748233795,0.8028000000000001
2025-05-04T18:08:19,32.475037006661296,-111.29546033218503,0.1404
2025-05-04T18:08:20,32.47503876686096,-111.29545882344246,0.6012000000000001
2025-05-04T18:08:21,32.47503801248968,-111.29545974545181,0.4464
2025-05-04T18:08:22,32.475037928670645,-111.29546267911792,0.6876
2025-05-04T18:08:23,32.47504589147866,-111.29546259529889,1.5336
2025-05-04T18:08:24,32.475044718012214,-111.29546200856566,0.5472
2025-05-04T18:08:25,32.475046729668975,-111.2954636849463,0.2952
2025-05-04T18:08:26,32.47504496946931,-111.29546334967017,0.26639999999999997
2025-05-04T18:08:27,32.47504446655512,-111.29546100273728,0.18359999999999999
2025-05-04T18:08:28,32.47504446655512,-111.29546150565147,0.2016
2025-05-04T18:08:29,32.47504052706063,-111.29545915871859,0.162
2025-05-04T18:08:30,32.47503776103258,-111.29545605741441,0.1116
2025-05-04T18:08:31,32.47503415681422,-111.29545605741441,0.09000000000000001
2025-05-04T18:08:32,32.47503340244293,-111.29545630887151,0.3744
2025-05-04T18:08:33,32.4750349111855,-111.29545421339571,0.6876
2025-05-04T18:08:34,32.475033989176154,-111.29545697942376,0.2268
2025-05-04T18:08:35,32.47503432445228,-111.29545848816633,0.1764
2025-05-04T18:08:36,32.475031642243266,-111.29545890726149,0.11520000000000001
2025-05-04T18:08:37,32.475027618929744,-111.2954568117857,0.07919999999999999
2025-05-04T18:08:38,32.475026696920395,-111.2954552192241,0.28800000000000003
2025-05-04T18:08:39,32.47502661310136,-111.29545421339571,0.5004000000000001
2025-05-04T18:08:40,32.47502535581589,-111.29545295611024,0.2808
2025-05-04T18:08:41,32.475025188177824,-111.29545429721475,0.3816
2025-05-04T18:08:42,32.47501948848367,-111.29545530304313,0.3996
2025-05-04T18:08:43,32.475016973912716,-111.2954533752054,0.198
2025-05-04T18:08:44,32.47502108104527,-111.29545253701508,0.3312
2025-05-04T18:08:45,32.475023344159126,-111.29545572213829,0.2952
2025-05-04T18:08:46,32.47502451762557,-111.29545228555799,0.6264
2025-05-04T18:08:47,32.475025774911046,-111.29545262083411,0.4284
2025-05-04T18:08:48,32.47502342797816,-111.29545563831925,0.2628
2025-05-04T18:08:49,32.47503122314811,-111.29545362666249,1.4184
2025-05-04T18:08:50,32.47503424063325,-111.29545572213829,0.9144
2025-05-04T18:08:51,32.47503046877682,-111.29546142183244,0.2088
2025-05-04T18:08:52,32.47502837330103,-111.2954650260508,0.3528
2025-05-04T18:08:53,32.47503021731973,-111.29546376876533,0.0
2025-05-04T18:08:54,32.4750317260623,-111.2954615894705,0.6048
2025-05-04T18:08:55,32.47503315098584,-111.29546100273728,0.5724
2025-05-04T18:08:56,32.47503533028066,-111.29546150565147,0.5940000000000001
2025-05-04T18:08:57,32.475036503747106,-111.2954586558044,0.6084
2025-05-04T18:08:58,32.475037928670645,-111.29546016454697,0.432
2025-05-04T18:08:59,32.475033989176154,-111.29546284675598,0.3924
2025-05-04T18:09:00,32.475034492090344,-111.29546318203211,0.31679999999999997
2025-05-04T18:09:01,32.47503876686096,-111.29546226002276,1.1124
2025-05-04T18:09:02,32.475039437413216,-111.29546175710857,0.5760000000000001
2025-05-04T18:09:03,32.475042371079326,-111.29546293057501,0.9252
2025-05-04T18:09:04,32.47503968887031,-111.29546594806015,0.198
2025-05-04T18:09:05,32.47504069469869,-111.29546142183244,0.15839999999999999
2025-05-04T18:09:06,32.47504555620253,-111.29546058364213,0.666
2025-05-04T18:09:07,32.475047232583165,-111.29546142183244,0.6264
2025-05-04T18:09:08,32.47504371218383,-111.295460248366,0.1296
2025-05-04T18:09:09,32.47504455037415,-111.29545857198536,0.6228
2025-05-04T18:09:10,32.47504354454577,-111.2954581528902,0.4572
2025-05-04T18:09:11,32.475042371079326,-111.2954584043473,0.396
2025-05-04T18:09:12,32.475042873993516,-111.295460248366,0.3816
2025-05-04T18:09:13,32.47504295781255,-111.29546150565147,0.5796
2025-05-04T18:09:14,32.4750470649451,-111.29545982927084,1.0548
2025-05-04T18:09:15,32.47504463419318,-111.29545873962343,0.5327999999999999
2025-05-04T18:09:16,32.475047232583165,-111.29545245319605,0.3024
2025-05-04T18:09:17,32.47505092062056,-111.29545069299638,0.2808
2025-05-04T18:09:18,32.475050669163465,-111.29545329138637,0.07919999999999999
2025-05-04T18:09:19,32.47505092062056,-111.29545136354864,0.5184
2025-05-04T18:09:20,32.47505301609635,-111.29545144736767,0.7164
2025-05-04T18:09:21,32.47505142353475,-111.29545270465314,0.1512
2025-05-04T18:09:22,32.47505343519151,-111.29545739851892,0.8208000000000001
2025-05-04T18:09:23,32.47506349347532,-111.2954581528902,1.8864
2025-05-04T18:09:24,32.47506651096046,-111.29545890726149,1.9080000000000001
2025-05-04T18:09:25,32.4750644993037,-111.2954568117857,1.1088
2025-05-04T18:09:26,32.475062655285,-111.29545790143311,0.324
2025-05-04T18:09:27,32.47506248764694,-111.29545547068119,1.062
2025-05-04T18:09:28,32.47506097890437,-111.29545262083411,1.3716000000000002
2025-05-04T18:09:29,32.47506357729435,-111.29544641822577,1.8900000000000001
2025-05-04T18:09:30,32.47506408020854,-111.29543971270323,1.9188
2025-05-04T18:09:31,32.4750644993037,-111.29543267190456,2.6136
2025-05-04T18:09:32,32.47507330030203,-111.29541624337435,4.932
2025-05-04T18:09:33,32.47510364279151,-111.29540962167084,8.744399999999999
2025-05-04T18:09:34,32.47513641603291,-111.2954052630812,11.2536
2025-05-04T18:09:35,32.47517019510269,-111.29540283232927,12.4092
2025-05-04T18:09:36,32.47519634664059,-111.29539168439806,11.934
2025-05-04T18:09:37,32.47522476129234,-111.29538405686617,11.7756
2025-05-04T18:09:38,32.47524479404092,-111.29536385647953,10.4976
2025-05-04T18:09:39,32.475251415744424,-111.29534600302577,7.8660000000000005
2025-05-04T18:09:40,32.47525418177247,-111.2953357771039,4.4388000000000005
2025-05-04T18:09:41,32.47525217011571,-111.29534038715065,1.0512
2025-05-04T18:09:42,32.47524747624993,-111.29534969106317,0.4212
2025-05-04T18:09:43,32.47525066137314,-111.29534206353128,1.2996
2025-05-04T18:09:44,32.47525217011571,-111.29534055478871,0.6335999999999999
2025-05-04T18:09:45,32.475252505391836,-111.29534072242677,0.6552
2025-05-04T18:09:46,32.47525116428733,-111.29534122534096,0.5004000000000001
2025-05-04T18:09:47,32.4752492364496,-111.29534021951258,0.48240000000000005
2025-05-04T18:09:48,32.47524873353541,-111.2953429017216,0.2556
2025-05-04T18:09:49,32.47524965554476,-111.2953442428261,0.1188
2025-05-04T18:09:50,32.475249068811536,-111.29534214735031,0.2268
2025-05-04T18:09:51,32.47524982318282,-111.29534323699772,0.0648
2025-05-04T18:09:52,32.47524772770703,-111.29533636383712,0.9072
2025-05-04T18:09:53,32.47524789534509,-111.29533770494163,0.33840000000000003
2025-05-04T18:09:54,32.47525158338249,-111.29533477127552,2.1204
2025-05-04T18:09:55,32.4752542655915,-111.29531498998404,5.094
2025-05-04T18:09:56,32.4752648267895,-111.2952715717256,10.0188
2025-05-04T18:09:57,32.47526633553207,-111.29523796029389,10.486799999999999
2025-05-04T18:09:58,32.475268514826894,-111.29521918483078,7.9956000000000005
2025-05-04T18:09:59,32.475272538140416,-111.29521415568888,4.453200000000001
2025-05-04T18:10:00,32.47527278959751,-111.29521784372628,1.7352
2025-05-04T18:10:01,32.47527463361621,-111.2952147424221,1.0044000000000002
2025-05-04T18:10:02,32.47528058476746,-111.29519395530224,5.7492
2025-05-04T18:10:03,32.475302712991834,-111.2951679714024,9.2448
2025-05-04T18:10:04,32.475359458476305,-111.2951441667974,16.3368
2025-05-04T18:10:05,32.47543682344258,-111.29521105438471,25.218
2025-05-04T18:10:06,32.47550128027797,-111.29529780708253,31.683600000000002
2025-05-04T18:10:07,32.47556934133172,-111.29536083899438,32.7492
2025-05-04T18:10:08,32.47566799633205,-111.29537165164948,34.610400000000006
2025-05-04T18:10:09,32.4757862649858,-111.2953772675246,40.9572
2025-05-04T18:10:10,32.47589313425124,-111.29537559114397,42.159600000000005
2025-05-04T18:10:11,32.47599237598479,-111.29537550732493,40.492799999999995
2025-05-04T18:10:12,32.47607175260782,-111.29537877626717,34.8948
2025-05-04T18:10:13,32.47610963881016,-111.29538221284747,24.5124
2025-05-04T18:10:14,32.476176442578435,-111.29538841545582,27.0144
2025-05-04T18:10:15,32.47620737180114,-111.29537181928754,23.598
2025-05-04T18:10:16,32.47630460187793,-111.29534843377769,30.524399999999996
2025-05-04T18:10:17,32.47638422995806,-111.29531549289823,31.366799999999998
2025-05-04T18:10:18,32.476451117545366,-111.29519236274064,37.044
2025-05-04T18:10:19,32.476475927978754,-111.295050624758,40.4784
2025-05-04T18:10:20,32.476484309881926,-111.29492229782045,41.6124
2025-05-04T18:10:21,32.47646536678076,-111.29480076022446,40.8276
2025-05-04T18:10:22,32.47645229101181,-111.29471166059375,34.9308
2025-05-04T18:10:23,32.47640870511532,-111.29462105222046,33.652800000000006
2025-05-04T18:10:24,32.47632974758744,-111.29461543634534,28.2636
2025-05-04T18:10:25,32.47628213837743,-111.29461644217372,21.4344
2025-05-04T18:10:26,32.47622447088361,-111.29460613243282,20.2212
2025-05-04T18:10:27,32.476183231920004,-111.29458199255168,19.656
2025-05-04T18:10:28,32.476149536669254,-111.29448836669326,25.4556
2025-05-04T18:10:29,32.47614576481283,-111.29437043331563,31.3308
2025-05-04T18:10:30,32.476164707913995,-111.29425534978509,34.4844
2025-05-04T18:10:31,32.476180382072926,-111.29417303949594,32.3748
2025-05-04T18:10:32,32.47621516697109,-111.2940669246018,35.38440000000001
2025-05-04T18:10:33,32.476292196661234,-111.2939765676856,38.4336
2025-05-04T18:10:34,32.4763647839427,-111.29388000816107,41.1804
2025-05-04T18:10:35,32.47640191577375,-111.29377523437142,38.314800000000005
2025-05-04T18:10:36,32.4763906840235,-111.29368554800749,30.805200000000003
2025-05-04T18:10:37,32.476361598819494,-111.29363601095974,22.5504
2025-05-04T18:10:38,32.47635908424854,-111.2935880664736,18.1944
2025-05-04T18:10:39,32.476373501122,-111.29350726492703,21.8448
2025-05-04T18:10:40,32.476381212472916,-111.29342931322753,24.372
2025-05-04T18:10:41,32.47637568041682,-111.29335379227996,24.7176
2025-05-04T18:10:42,32.47637760825455,-111.29327760078013,25.9452
2025-05-04T18:10:43,32.47637467458844,-111.29317852668464,30.448800000000002
2025-05-04T18:10:44,32.476376770064235,-111.29305958747864,35.0928
2025-05-04T18:10:45,32.47636176645756,-111.29294726997614,36.6768
2025-05-04T18:10:46,32.476322036236525,-111.29286881536245,32.864399999999996
2025-05-04T18:10:47,32.476241402328014,-111.29285112954676,28.756800000000002
2025-05-04T18:10:48,32.47614509426057,-111.29289362579584,30.672
2025-05-04T18:10:49,32.476081140339375,-111.29296721890569,31.4964
2025-05-04T18:10:50,32.47605842538178,-111.29306101240218,30.186
2025-05-04T18:10:51,32.4760558269918,-111.29316100850701,30.6036
2025-05-04T18:10:52,32.47605004347861,-111.29325974732637,31.662
2025-05-04T18:10:53,32.476035291329026,-111.29335555247962,31.903200000000002
2025-05-04T18:10:54,32.47600897215307,-111.29343191161752,29.8404
2025-05-04T18:10:55,32.475931188091636,-111.29348916001618,30.8988
2025-05-04T18:10:56,32.47585910372436,-111.29349695518613,29.199600000000004
2025-05-04T18:10:57,32.47577218338847,-111.29343744367361,31.356000000000005
2025-05-04T18:10:58,32.47572130523622,-111.29337131045759,28.864800000000002
2025-05-04T18:10:59,32.47573060914874,-111.2932926043868,22.1832
2025-05-04T18:11:00,32.47575642541051,-111.29323988221586,18.3708
2025-05-04T18:11:01,32.47576874680817,-111.29319311119616,17.085600000000003
2025-05-04T18:11:02,32.475761622190475,-111.29312613978982,19.8216
2025-05-04T18:11:03,32.47575642541051,-111.29306838847697,20.4696
2025-05-04T18:11:04,32.47576338239014,-111.2930145766586,18.9288
2025-05-04T18:11:05,32.47577796690166,-111.2929582502693,17.9208
2025-05-04T18:11:06,32.475781654939055,-111.2929165083915,15.9012
2025-05-04T18:11:07,32.475779140368104,-111.2928736768663,15.0228
2025-05-04T18:11:08,32.47578056529164,-111.29282179288566,16.4268
2025-05-04T18:11:09,32.47577830217779,-111.29276379011571,17.7624
2025-05-04T18:11:10,32.47572926804423,-111.29271768964827,19.4904
2025-05-04T18:11:11,32.475663805380464,-111.29270100966096,20.7468
2025-05-04T18:11:12,32.475621812045574,-111.29270008765161,18.788400000000003
2025-05-04T18:11:13,32.47560538351536,-111.2927180249244,13.222800000000001
2025-05-04T18:11:14,32.4755809083581,-111.2927349563688,11.9448
2025-05-04T18:11:15,32.47554880566895,-111.29274434410036,11.9556
2025-05-04T18:11:16,32.47551469132304,-111.29277217201889,14.716800000000001
2025-05-04T18:11:17,32.475488455966115,-111.29285180009902,21.3408
2025-05-04T18:11:18,32.47548317536712,-111.29294752143323,26.5284
2025-05-04T18:11:19,32.475499268621206,-111.29304718226194,29.797199999999997
2025-05-04T18:11:20,32.47551611624658,-111.29312085919082,25.5996
2025-05-04T18:11:21,32.47550882399082,-111.29319847561419,26.1792
2025-05-04T18:11:22,32.47549558058381,-111.29322563298047,18.5436
2025-05-04T18:11:23,32.47547806240618,-111.29328581504524,19.807199999999998
2025-05-04T18:11:24,32.47548904269934,-111.2933554686606,20.4876
2025-05-04T18:11:25,32.4754942394793,-111.2934157345444,20.750400000000003
2025-05-04T18:11:26,32.47547244653106,-111.29346191883087,19.259999999999998
2025-05-04T18:11:27,32.47537479735911,-111.29348010756075,23.922
2025-05-04T18:11:28,32.47525854036212,-111.29343844950199,33.0552
2025-05-04T18:11:29,32.47518813237548,-111.29340098239481,31.5108
2025-05-04T18:11:30,32.47514471411705,-111.29337793216109,23.5512
2025-05-04T18:11:31,32.47514144517481,-111.29333216696978,17.009999999999998
2025-05-04T18:11:32,32.47515217401087,-111.29327164962888,17.744400000000002
2025-05-04T18:11:33,32.47514806687832,-111.29320149309933,20.6748
2025-05-04T18:11:34,32.4751385115087,-111.29313762299716,20.4444
2025-05-04T18:11:35,32.47513549402356,-111.2930943723768,18.1692
2025-05-04T18:11:36,32.47512518428266,-111.29303452558815,18.723599999999998
2025-05-04T18:11:37,32.47511940076947,-111.29297057166696,19.6416
2025-05-04T18:11:38,32.47509333305061,-111.29289890639484,22.9392
2025-05-04T18:11:39,32.47503868304193,-111.29281181842089,28.450799999999997
2025-05-04T18:11:40,32.474976824596524,-111.29277359694242,25.869600000000002
2025-05-04T18:11:41,32.474930975586176,-111.29278373904526,19.1664
2025-05-04T18:11:42,32.47490432113409,-111.29279354587197,14.119200000000001
2025-05-04T18:11:43,32.47488370165229,-111.29277870990336,11.4336
2025-05-04T18:11:44,32.47484288178384,-111.2927476130426,15.152399999999998
2025-05-04T18:11:45,32.47479627840221,-111.29273923113942,16.9632
2025-05-04T18:11:46,32.47475679963827,-111.29273990169168,16.416
2025-05-04T18:11:47,32.474724277853966,-111.29274174571037,14.785200000000001
2025-05-04T18:11:48,32.47466837055981,-111.29275280982256,19.206
2025-05-04T18:11:49,32.474583545699716,-111.29274995997548,26.776799999999998
2025-05-04T18:11:50,32.47449578717351,-111.29274828359485,30.8916
2025-05-04T18:11:51,32.474429151043296,-111.29275088198483,29.293200000000002
2025-05-04T18:11:52,32.474351366981864,-111.29274451173842,30.862800000000004
2025-05-04T18:11:53,32.47425338253379,-111.29274333827198,35.0676
2025-05-04T18:11:54,32.474184315651655,-111.29274912178516,30.1392
2025-05-04T18:11:55,32.47414483688772,-111.29276219755411,21.924
2025-05-04T18:11:56,32.47412505559623,-111.2927526421845,16.192800000000002
2025-05-04T18:11:57,32.47412689961493,-111.2927370518446,11.1636
2025-05-04T18:11:58,32.47410284355283,-111.29269069992006,14.2884
2025-05-04T18:11:59,32.47400242835283,-111.29278298467398,24.922800000000002
2025-05-04T18:12:00,32.47391969896853,-111.29277862608433,26.5968
2025-05-04T18:12:01,32.473864294588566,-111.29283025860786,25.884
2025-05-04T18:12:02,32.47385289520025,-111.29290586337447,23.2956
2025-05-04T18:12:03,32.473852057009935,-111.29297216422856,20.991600000000002
2025-05-04T18:12:04,32.47386454604566,-111.29302731715143,18.723599999999998
2025-05-04T18:12:05,32.47388801537454,-111.29306436516345,16.9128
2025-05-04T18:12:06,32.47392422519624,-111.29309923388064,17.535600000000002
2025-05-04T18:12:07,32.473965883255005,-111.29312521778047,17.5104
2025-05-04T18:12:08,32.47404081746936,-111.29313879646361,22.820400000000003
2025-05-04T18:12:09,32.47411139309406,-111.29314944148064,24.458399999999997
2025-05-04T18:12:10,32.47414802201092,-111.29314667545259,17.1648
2025-05-04T18:12:11,32.474186746403575,-111.29312773235142,15.7824
2025-05-04T18:12:12,32.474253633990884,-111.29311490803957,23.356800000000003
2025-05-04T18:12:13,32.47434868477285,-111.2931445799768,31.233600000000003
2025-05-04T18:12:14,32.47442068532109,-111.2931892555207,29.9808
2025-05-04T18:12:15,32.474454045295715,-111.2932082824409,19.458000000000002
2025-05-04T18:12:16,32.474472569301724,-111.29318665713072,12.013200000000001
2025-05-04T18:12:17,32.474523866549134,-111.29314349032938,19.782
2025-05-04T18:12:18,32.474623527377844,-111.2931445799768,30.938399999999998
2025-05-04T18:12:19,32.474719332531095,-111.29315380007029,35.1864
2025-05-04T18:12:20,32.47479694895446,-111.29317944869399,32.6988
2025-05-04T18:12:21,32.47485478408635,-111.29325446672738,31.2696
2025-05-04T18:12:22,32.47493617236614,-111.29333107732236,26.838
2025-05-04T18:12:23,32.47494497336447,-111.2934117950499,26.9064
2025-05-04T18:12:24,32.47498202137649,-111.29351916722953,34.668000000000006
2025-05-04T18:12:25,32.475028708577156,-111.29359250888228,33.3288
2025-05-04T18:12:26,32.47504698112607,-111.2936707958579,29.5164
2025-05-04T18:12:27,32.47504270635545,-111.29368169233203,16.776
2025-05-04T18:12:28,32.475023260340095,-111.2937035690993,11.1492
2025-05-04T18:12:29,32.47499216347933,-111.29372821189463,11.8008
2025-05-04T18:12:30,32.474944135174155,-111.29376282915473,16.8048
2025-05-04T18:12:31,32.4748588912189,-111.29374707117677,23.7168
2025-05-04T18:12:32,32.47477666474879,-111.29368931986392,29.257200000000005
2025-05-04T18:12:33,32.47472343966365,-111.29361011087894,30.798
2025-05-04T18:12:34,32.474676836282015,-111.29354598931968,28.969200000000004
2025-05-04T18:12:35,32.474591340869665,-111.29353886470199,29.9556
2025-05-04T18:12:36,32.47449033893645,-111.29357465542853,33.818400000000004
2025-05-04T18:12:37,32.47441607527435,-111.29361329600215,30.888
2025-05-04T18:12:38,32.47436779551208,-111.29361220635474,24.7284
2025-05-04T18:12:39,32.47434725984931,-111.29362972453237,18.5652
2025-05-04T18:12:40,32.47432144358754,-111.29358840174973,13.7736
2025-05-04T18:12:41,32.47429344803095,-111.2935935985297,13.1076
2025-05-04T18:12:42,32.47423670254648,-111.29358496516943,18.7272
2025-05-04T18:12:43,32.47415196150541,-111.29358999431133,26.4816
2025-05-04T18:12:44,32.474058670923114,-111.29358496516943,32.2164
2025-05-04T18:12:45,32.47396512888372,-111.29360315389931,34.7436
2025-05-04T18:12:46,32.47389631345868,-111.2936575524509,32.5404
2025-05-04T18:12:47,32.47385096736252,-111.29375654272735,32.086800000000004
2025-05-04T18:12:48,32.47385163791478,-111.29386701621115,32.1768
2025-05-04T18:12:49,32.47389975003898,-111.29395821131766,31.0716
2025-05-04T18:12:50,32.4739505443722,-111.29402057267725,28.836
2025-05-04T18:12:51,32.474009888246655,-111.29403624683619,24.3108
2025-05-04T18:12:52,32.474068058654666,-111.29404060542583,22.7304
2025-05-04T18:12:53,32.474141819402575,-111.29404094070196,25.002000000000002
2025-05-04T18:12:54,32.474217591807246,-111.29404429346323,27.882
2025-05-04T18:12:55,32.4742906820029,-111.29405845887959,29.4552
2025-05-04T18:12:56,32.4743823800236,-111.2940735463053,32.8716
2025-05-04T18:12:57,32.47447323985398,-111.29407103173435,33.43320000000001
2025-05-04T18:12:58,32.474517077207565,-111.29406935535371,24.1812
2025-05-04T18:12:59,32.4745324999094,-111.29406583495438,14.889600000000002
2025-05-04T18:13:00,32.474545910954475,-111.29406793043017,10.3824
2025-05-04T18:13:01,32.47457390651107,-111.29407044500113,10.141200000000001
2025-05-04T18:13:02,32.47461128979921,-111.29407337866724,12.186
2025-05-04T18:13:03,32.47464129701257,-111.29407589323819,12.376800000000001
2025-05-04T18:13:04,32.47467323206365,-111.29408159293234,12.880799999999999
2025-05-04T18:13:05,32.47470835223794,-111.2940801680088,13.6512
2025-05-04T18:13:06,32.47473961673677,-111.29408033564687,12.852
2025-05-04T18:13:07,32.47477289289236,-111.29408109001815,13.114799999999999
2025-05-04T18:13:08,32.47481589205563,-111.29408670589328,15.926400000000001
2025-05-04T18:13:09,32.47489199973643,-111.29410154186189,23.1552
2025-05-04T18:13:10,32.47499375604093,-111.2941271904856,31.698
2025-05-04T18:13:11,32.47506709769368,-111.29414009861648,29.775600000000004
2025-05-04T18:13:12,32.475102385506034,-111.2941301241517,20.340000000000003
2025-05-04T18:13:13,32.47511185705662,-111.29410623572767,12.24
2025-05-04T18:13:14,32.47513901442289,-111.2940735463053,14.1264
2025-05-04T18:13:15,32.475185031071305,-111.29399341531098,23.799599999999998
2025-05-04T18:13:16,32.47522325254977,-111.29389861598611,29.7468
2025-05-04T18:13:17,32.47526650317013,-111.29382996819913,28.918799999999997
2025-05-04T18:13:18,32.475313525646925,-111.29380113445222,24.1704
2025-05-04T18:13:19,32.475365744903684,-111.29380205646157,20.6856
2025-05-04T18:13:20,32.47540161944926,-111.29382133483887,15.829200000000002
2025-05-04T18:13:21,32.4754202272743,-111.29388847388327,16.473599999999998
2025-05-04T18:13:22,32.47542751953006,-111.2939472310245,17.7228
2025-05-04T18:13:23,32.4754530005157,-111.29396818578243,14.382000000000001
2025-05-04T18:13:24,32.47548669576645,-111.29400908946991,17.017200000000003
2025-05-04T18:13:25,32.47554847039282,-111.2940455507487,21.7512
2025-05-04T18:13:26,32.47562994249165,-111.29400758072734,25.8192
2025-05-04T18:13:27,32.47569347731769,-111.29391185939312,31.9356
2025-05-04T18:13:28,32.475752318277955,-111.29383633844554,33.2676
2025-05-04T18:13:29,32.4758311919868,-111.29381027072668,31.895999999999997
2025-05-04T18:13:30,32.47590897604823,-111.29381865262985,29.1492
2025-05-04T18:13:31,32.47595834545791,-111.29388604313135,25.6392
2025-05-04T18:13:32,32.47595373541117,-111.29400900565088,29.1564
2025-05-04T18:13:33,32.47592062689364,-111.29410699009895,30.9924
2025-05-04T18:13:34,32.475884249433875,-111.29418184049428,28.4724
2025-05-04T18:13:35,32.47588248923421,-111.29419583827257,17.2872
2025-05-04T18:13:36,32.47589313425124,-111.29423456266522,15.145199999999999
2025-05-04T18:13:37,32.475912077352405,-111.29432961344719,24.534000000000002
2025-05-04T18:13:38,32.47591903433204,-111.29443396814167,30.9024
2025-05-04T18:13:39,32.47592884115875,-111.29453329369426,32.9904
2025-05-04T18:13:40,32.47593864798546,-111.29463706165552,34.4808
2025-05-04T18:13:41,32.47599589638412,-111.2947487924248,38.2176
2025-05-04T18:13:42,32.47606873512268,-111.29486865364015,43.9056
2025-05-04T18:13:43,32.47611366212368,-111.29497971385717,42.0336
2025-05-04T18:13:44,32.476102178916335,-111.2950886785984,36.3924
2025-05-04T18:13:45,32.47603730298579,-111.29514751955867,27.414
2025-05-04T18:13:46,32.47597309760749,-111.2951460108161,20.3688
2025-05-04T18:13:47,32.475921800360084,-111.29511072300375,18.8388
2025-05-04T18:13:48,32.47587779536843,-111.29510150291026,19.206
2025-05-04T18:13:49,32.47582180425525,-111.29507300443947,22.208399999999997
2025-05-04T18:13:50,32.475738655775785,-111.29501885734499,29.574
2025-05-04T18:13:51,32.475668750703335,-111.29494031891227,33.912
2025-05-04T18:13:52,32.475612591952085,-111.29485591314733,34.254000000000005
2025-05-04T18:13:53,32.47557286173105,-111.29478760063648,30.3912
2025-05-04T18:13:54,32.47553740628064,-111.29474250599742,25.012800000000002
2025-05-04T18:13:55,32.475507566705346,-111.2947004288435,21.2652
2025-05-04T18:13:56,32.47546272352338,-111.29470059648156,18.3564
2025-05-04T18:13:57,32.475411677733064,-111.29464368335903,22.7088
2025-05-04T18:13:58,32.47532836161554,-111.29456900060177,31.986
2025-05-04T18:13:59,32.47523808851838,-111.29452130757272,35.8632
2025-05-04T18:14:00,32.47514287009835,-111.29448987543583,37.2024
2025-05-04T18:14:01,32.475037509575486,-111.29450261592865,38.592000000000006
2025-05-04T18:14:02,32.47493650764227,-111.29452197812498,38.7864
2025-05-04T18:14:03,32.47485553845763,-111.29454452544451,34.8948
2025-05-04T18:14:04,32.47481631115079,-111.29458559677005,26.0964
2025-05-04T18:14:05,32.474806839600205,-111.29467360675335,24.019199999999998
2025-05-04T18:14:06,32.47482754290104,-111.29478273913264,29.325600000000005
2025-05-04T18:14:07,32.47484061866999,-111.2948917876929,34.0308
2025-05-04T18:14:08,32.474829806014895,-111.29499421454966,34.596
2025-05-04T18:14:09,32.47482159174979,-111.2950973957777,34.8408
2025-05-04T18:14:10,32.47485939413309,-111.2951890937984,33.3828
2025-05-04T18:14:11,32.47494472190738,-111.29521197639406,29.1924
2025-05-04T18:14:12,32.47506860643625,-111.29517970606685,35.553599999999996
2025-05-04T18:14:13,32.47516290284693,-111.29516034387052,36.9468
2025-05-04T18:14:14,32.47525284066796,-111.2951455079019,36.122400000000006
2025-05-04T18:14:15,32.4753544293344,-111.29515673965216,37.206
2025-05-04T18:14:16,32.475453251972795,-111.29521122202277,39.4272
2025-05-04T18:14:17,32.475519301369786,-111.29529437050223,38.21040000000001
2025-05-04T18:14:18,32.475570095703006,-111.29536419175565,33.9732
2025-05-04T18:14:19,32.47562784701586,-111.29538682289422,28.188000000000002
2025-05-04T18:14:20,32.475712755694985,-111.29538003355265,29.9448
2025-05-04T18:14:21,32.47581250034273,-111.29538833163679,35.110800000000005
2025-05-04T18:14:22,32.47591903433204,-111.29539595916867,38.732400000000005
2025-05-04T18:14:23,32.476024059578776,-111.29538103938103,40.338
2025-05-04T18:14:24,32.47609899379313,-111.29539000801742,33.912
2025-05-04T18:14:25,32.47613612562418,-111.29541976377368,24.8292
2025-05-04T18:14:26,32.47619966045022,-111.29541398026049,26.3988
2025-05-04T18:14:27,32.476246263831854,-111.29539688117802,25.5636
2025-05-04T18:14:28,32.47634533792734,-111.2953447457403,32.5764
2025-05-04T18:14:29,32.47642991133034,-111.2952702306211,36.234
2025-05-04T18:14:30,32.47646729461849,-111.29513670690358,39.8628
2025-05-04T18:14:31,32.47648850083351,-111.29501198418438,40.6872
2025-05-04T18:14:32,32.47649126686156,-111.2948830705136,40.914
2025-05-04T18:14:33,32.4764771014452,-111.29474937915802,42.0552
2025-05-04T18:14:34,32.47644332237542,-111.29465457983315,36.8496
2025-05-04T18:14:35,32.47636889107525,-111.2945952359587,33.260400000000004
2025-05-04T18:14:36,32.47626663185656,-111.29461476579309,30.2796
2025-05-04T18:14:37,32.4762524664402,-111.29460956901312,16.8948
2025-05-04T18:14:38,32.476216508075595,-111.29458735696971,17.0892
2025-05-04T18:14:39,32.47617811895907,-111.29451678134501,22.784399999999998
2025-05-04T18:14:40,32.47612196020782,-111.29442919045687,30.560400000000005
2025-05-04T18:14:41,32.4761316832155,-111.2943322956562,30.1032
2025-05-04T18:14:42,32.476156912744045,-111.29423917271197,30.654000000000003
2025-05-04T18:14:43,32.47617828659713,-111.29415392875671,30.877200000000002
2025-05-04T18:14:44,32.47621885500848,-111.29405234009027,34.7328
2025-05-04T18:14:45,32.476305440068245,-111.29396273754537,39.056400000000004
2025-05-04T18:14:46,32.476370902732015,-111.29386114887893,40.5216
2025-05-04T18:14:47,32.47640836983919,-111.29376324824989,36.5472
2025-05-04T18:14:48,32.47639160603285,-111.29367934539914,29.509199999999996
2025-05-04T18:14:49,32.47636629268527,-111.29362234845757,23.7636
2025-05-04T18:14:50,32.47635698877275,-111.29358680918813,18.104400000000002
2025-05-04T18:14:51,32.476371405646205,-111.29350097849965,23.180400000000002
2025-05-04T18:14:52,32.476375345140696,-111.29341908730567,25.761599999999998
2025-05-04T18:14:53,32.476370399817824,-111.29333862103522,26.208000000000002
2025-05-04T18:14:54,32.47636377811432,-111.29325597546995,27.9216
2025-05-04T18:14:55,32.47637517750263,-111.29315480589867,31.7088
2025-05-04T18:14:56,32.47637802734971,-111.29303854890168,35.7588
2025-05-04T18:14:57,32.47635941952467,-111.29292220808566,37.8432
2025-05-04T18:14:58,32.47630946338177,-111.29284241236746,34.362
2025-05-04T18:14:59,32.47622245922685,-111.29283796995878,29.2392
2025-05-04T18:15:00,32.47613763436675,-111.29287912510335,29.3292
2025-05-04T18:15:01,32.47607166878879,-111.29296571016312,31.194
2025-05-04T18:15:02,32.47605063021183,-111.29305799491704,30.240000000000002
2025-05-04T18:15:03,32.476057168096304,-111.29316033795476,30.877200000000002
2025-05-04T18:15:04,32.47605809010565,-111.29326293244958,32.2344
2025-05-04T18:15:05,32.476036632433534,-111.29336225800216,33.1992
2025-05-04T18:15:06,32.476003943011165,-111.29345110617578,32.522400000000005
2025-05-04T18:15:07,32.47594610787928,-111.2935209274292,30.6792
2025-05-04T18:15:08,32.475888691842556,-111.29354699514806,26.992800000000003
2025-05-04T18:15:09,32.475800262764096,-111.29349913448095,27.0864
2025-05-04T18:15:10,32.47573354281485,-111.29339377395809,29.581200000000003
2025-05-04T18:15:11,32.475732788443565,-111.29326628521085,30.9816
2025-05-04T18:15:12,32.47576958499849,-111.29313251003623,36.1008
2025-05-04T18:15:13,32.47576489113271,-111.29303527995944,34.0164
2025-05-04T18:15:14,32.47575785033405,-111.29293017089367,33.498
2025-05-04T18:15:15,32.4757672380656,-111.29284207709134,30.571200000000005
2025-05-04T18:15:16,32.47575416229665,-111.29277996718884,25.7544
2025-05-04T18:15:17,32.47572180815041,-111.29274073988199,19.602
2025-05-04T18:15:18,32.47565475292504,-111.29274149425328,18.349200000000003
2025-05-04T18:15:19,32.475597420707345,-111.29275230690837,19.6524
2025-05-04T18:15:20,32.475549476221204,-111.29277158528566,19.728
2025-05-04T18:15:21,32.47550429776311,-111.29279790446162,20.4804
2025-05-04T18:15:22,32.475471775978804,-111.29283956252038,19.706400000000002
2025-05-04T18:15:23,32.4754667468369,-111.29292606376112,22.9356
2025-05-04T18:15:24,32.47548828832805,-111.2930203601718,27.5472
2025-05-04T18:15:25,32.47549834661186,-111.29310702905059,26.982
2025-05-04T18:15:26,32.47550077736378,-111.29316193051636,21.8088
2025-05-04T18:15:27,32.47551544569433,-111.29323937930167,26.064
2025-05-04T18:15:28,32.47549943625927,-111.29325354471803,16.473599999999998
2025-05-04T18:15:29,32.475515361875296,-111.29330911673605,17.2404
2025-05-04T18:15:30,32.47552424669266,-111.2933496851474,15.354
2025-05-04T18:15:31,32.47551494278014,-111.29340802319348,16.4952
2025-05-04T18:15:32,32.47545551508665,-111.29345462657511,20.988
2025-05-04T18:15:33,32.475385777652264,-111.29346669651568,23.094
2025-05-04T18:15:34,32.47529324144125,-111.2934413831681,28.4544
2025-05-04T18:15:35,32.47520338743925,-111.29340006038547,31.4316
2025-05-04T18:15:36,32.475166423246264,-111.29337172955275,22.784399999999998
2025-05-04T18:15:37,32.47516457922757,-111.29333468154073,14.9868
2025-05-04T18:15:38,32.47515217401087,-111.29327240400016,17.6976
2025-05-04T18:15:39,32.4751421995461,-111.29319193772972,22.0968
2025-05-04T18:15:40,32.47514328919351,-111.29311566241086,23.1732
2025-05-04T18:15:41,32.475125854834914,-111.29304030910134,26.3304
2025-05-04T18:15:42,32.47513649985194,-111.29300753585994,19.6488
2025-05-04T18:15:43,32.47511529363692,-111.29296361468732,17.1936
2025-05-04T18:15:44,32.47510087676346,-111.29291960969567,17.074800000000003
2025-05-04T18:15:45,32.47506307438016,-111.29283646121621,24.3684
2025-05-04T18:15:46,32.47499995864928,-111.29277451895177,27.738
2025-05-04T18:15:47,32.474935753270984,-111.29276907071471,24.174
2025-05-04T18:15:48,32.474905578419566,-111.29280058667064,16.3404
2025-05-04T18:15:49,32.474896693602204,-111.29279262386262,9.6732
2025-05-04T18:15:50,32.474864004179835,-111.29276865161955,11.9052
2025-05-04T18:15:51,32.47481572441757,-111.2927489541471,15.6996
2025-05-04T18:15:52,32.474773647263646,-111.29274090752006,16.5888
2025-05-04T18:15:53,32.474741293117404,-111.2927331123501,15.336
2025-05-04T18:15:54,32.474700724706054,-111.29273646511137,16.243199999999998
2025-05-04T18:15:55,32.47463157400489,-111.29275088198483,21.9816
2025-05-04T18:15:56,32.47454222291708,-111.2927590124309,28.6992
2025-05-04T18:15:57,32.474466785788536,-111.29275297746062,29.304000000000002
2025-05-04T18:15:58,32.474404172971845,-111.29275012761354,27.7128
2025-05-04T18:15:59,32.474324963986874,-111.29274937324226,29.502000000000002
2025-05-04T18:16:00,32.474236031994224,-111.29274618811905,32.1804
2025-05-04T18:16:01,32.474177945405245,-111.2927471101284,25.8048
2025-05-04T18:16:02,32.47415665537119,-111.29275834187865,17.6508
2025-05-04T18:16:03,32.47412145137787,-111.29277594387531,18.018
2025-05-04T18:16:04,32.474107537418604,-111.29277502186596,13.9068
2025-05-04T18:16:05,32.4740647058934,-111.29276898689568,15.138
2025-05-04T18:16:06,32.47399689629674,-111.29276379011571,20.9268
2025-05-04T18:16:07,32.47392104007304,-111.29277627915144,25.9416
2025-05-04T18:16:08,32.47386052273214,-111.29282405599952,26.8236
2025-05-04T18:16:09,32.473822720348835,-111.29290896467865,27.3348
2025-05-04T18:16:10,32.473833952099085,-111.29301030188799,28.0584
2025-05-04T18:16:11,32.473862282931805,-111.29306939430535,23.9904
2025-05-04T18:16:12,32.47392321936786,-111.29311264492571,22.5828
2025-05-04T18:16:13,32.47398138977587,-111.29313670098782,22.7052
2025-05-04T18:16:14,32.474056240171194,-111.29314851947129,26.1216
2025-05-04T18:16:15,32.47415439225733,-111.2931615114212,32.464800000000004
2025-05-04T18:16:16,32.474250700324774,-111.29314323887229,35.3052
2025-05-04T18:16:17,32.47433736920357,-111.29312295466661,33.919200000000004
2025-05-04T18:16:18,32.474403753876686,-111.29314525052905,29.073600000000003
2025-05-04T18:16:19,32.474434431642294,-111.29317198880017,19.098
2025-05-04T18:16:20,32.47448321431875,-111.29318682476878,21.459600000000002
2025-05-04T18:16:21,32.47452545911074,-111.29315195605159,22.734
2025-05-04T18:16:22,32.47462981380522,-111.29313703626394,32.364000000000004
2025-05-04T18:16:23,32.47472947463393,-111.29313703626394,37.2888
2025-05-04T18:16:24,32.4748121201992,-111.29317911341786,36.0396
2025-05-04T18:16:25,32.4748728889972,-111.29325807094574,33.573600000000006
2025-05-04T18:16:26,32.47490029782057,-111.29335203208029,31.669200000000004
2025-05-04T18:16:27,32.474946146830916,-111.29343241453171,33.2028
2025-05-04T18:16:28,32.474973890930414,-111.29351656883955,32.6232
2025-05-04T18:16:29,32.47502292506397,-111.29361145198345,33.71040000000001
2025-05-04T18:16:30,32.475031055510044,-111.29365746863186,23.2164
2025-05-04T18:16:31,32.4750023894012,-111.29366886802018,12.582
2025-05-04T18:16:32,32.47500071302056,-111.29369401372969,10.0044
2025-05-04T18:16:33,32.47496341355145,-111.29374782554805,15.580800000000002
2025-05-04T18:16:34,32.47488034889102,-111.29375394433737,22.6548
2025-05-04T18:16:35,32.474798038601875,-111.29372921772301,27.8712
2025-05-04T18:16:36,32.47473291121423,-111.29366375505924,29.5848
2025-05-04T18:16:37,32.474687146022916,-111.29358186386526,30.996
2025-05-04T18:16:38,32.47461455874145,-111.2935452349484,31.1292
2025-05-04T18:16:39,32.47450618073344,-111.29356803372502,35.3052
2025-05-04T18:16:40,32.47443719767034,-111.29360768012702,31.816799999999997
2025-05-04T18:16:41,32.474406100809574,-111.29363316111267,21.135600000000004
2025-05-04T18:16:42,32.47438246384263,-111.29362092353404,15.8436
2025-05-04T18:16:43,32.474348936229944,-111.29360399208963,17.3484
2025-05-04T18:16:44,32.47430115938187,-111.29359913058579,18.723599999999998
2025-05-04T18:16:45,32.474233098328114,-111.29358412697911,23.112000000000002
2025-05-04T18:16:46,32.474170066416264,-111.29358286969364,25.02
2025-05-04T18:16:47,32.47408490628004,-111.29358404316008,29.7576
2025-05-04T18:16:48,32.47398599982262,-111.29360290244222,34.9668
2025-05-04T18:16:49,32.47390938922763,-111.29365520551801,34.5816
2025-05-04T18:16:50,32.47385700233281,-111.29375704564154,34.9848
2025-05-04T18:16:51,32.473850045353174,-111.29386726766825,34.1532
2025-05-04T18:16:52,32.47391643002629,-111.29398494958878,36.36
2025-05-04T18:16:53,32.47400779277086,-111.29405510611832,37.1484
2025-05-04T18:16:54,32.47408934868872,-111.29408293403685,34.6248
2025-05-04T18:16:55,32.47416679747403,-111.29405041225255,29.714399999999998
2025-05-04T18:16:56,32.47424550354481,-111.29405368119478,30.1032
2025-05-04T18:16:57,32.474326556548476,-111.29405284300447,31.536
2025-05-04T18:16:58,32.47442403808236,-111.29406952299178,35.416799999999995
2025-05-04T18:16:59,32.474519507959485,-111.2940732948482,35.928000000000004
2025-05-04T18:17:00,32.47455353848636,-111.29407061263919,23.9616
2025-05-04T18:17:01,32.474543396383524,-111.29406860098243,9.9324
2025-05-04T18:17:02,32.47455060482025,-111.29407044500113,5.3208
2025-05-04T18:17:03,32.47458765283227,-111.29407773725688,9.504000000000001
2025-05-04T18:17:04,32.4746308196336,-111.29407958127558,13.741200000000001
2025-05-04T18:17:05,32.474674824625254,-111.2940801680088,15.904800000000002
2025-05-04T18:17:06,32.47470432892442,-111.29407756961882,14.1768
2025-05-04T18:17:07,32.47474062256515,-111.2940817605704,14.119200000000001
2025-05-04T18:17:08,32.4747761618346,-111.29407824017107,14.6592
2025-05-04T18:17:09,32.47483198530972,-111.29408595152199,18.6984
2025-05-04T18:17:10,32.47491664253175,-111.2941100075841,27.0
2025-05-04T18:17:11,32.47501177713275,-111.29412978887558,32.637600000000006
2025-05-04T18:17:12,32.47509090229869,-111.29413976334035,30.636
2025-05-04T18:17:13,32.47514127753675,-111.29411679692566,24.03
2025-05-04T18:17:14,32.47515929862857,-111.29407589323819,18.324
2025-05-04T18:17:15,32.475175727158785,-111.2939905654639,22.824
2025-05-04T18:17:16,32.47522526420653,-111.29389123991132,31.1904
2025-05-04T18:17:17,32.475278321653605,-111.29383097402751,29.142000000000003
2025-05-04T18:17:18,32.47532207518816,-111.29379853606224,24.3648
2025-05-04T18:17:19,32.47536214068532,-111.29380473867059,18.846
2025-05-04T18:17:20,32.475391225889325,-111.29382451996207,14.4036
2025-05-04T18:17:21,32.475416623055935,-111.29388956353068,16.261200000000002
2025-05-04T18:17:22,32.475426932796836,-111.29393231123686,15.199200000000001
2025-05-04T18:17:23,32.4754598736763,-111.2939765676856,17.269199999999998
2025-05-04T18:17:24,32.4754979275167,-111.29402283579111,19.386
2025-05-04T18:17:25,32.47557654976845,-111.2940458022058,24.012
2025-05-04T18:17:26,32.475669756531715,-111.29399123601615,29.854799999999997
2025-05-04T18:17:27,32.47575801797211,-111.29394731484354,33.6384
2025-05-04T18:17:28,32.475779224187136,-111.29383415915072,30.668400000000002
2025-05-04T18:17:29,32.47584091499448,-111.29382787272334,25.9344
2025-05-04T18:17:30,32.47591199353337,-111.29383893683553,24.2532
2025-05-04T18:17:31,32.47593680396676,-111.29392015747726,22.1436
2025-05-04T18:17:32,32.47592858970165,-111.29403289407492,28.2888
2025-05-04T18:17:33,32.47591249644756,-111.29412677139044,29.3328
2025-05-04T18:17:34,32.475907634943724,-111.29416700452566,20.4264
2025-05-04T18:17:35,32.47589925304055,-111.29417940974236,12.2112
2025-05-04T18:17:36,32.475888105109334,-111.29422668367624,14.8464
2025-05-04T18:17:37,32.475893553346395,-111.29433715716004,25.700400000000002
2025-05-04T18:17:38,32.475913502275944,-111.29444880411029,32.3568
2025-05-04T18:17:39,32.475927751511335,-111.2945394963026,32.0796
2025-05-04T18:17:40,32.47596178203821,-111.29464460536838,34.552800000000005
2025-05-04T18:17:41,32.47602196410298,-111.29476077854633,39.5676
2025-05-04T18:17:42,32.47609036043286,-111.294886758551,45.1368
2025-05-04T18:17:43,32.47611357830465,-111.29499966278672,41.4828
2025-05-04T18:17:44,32.4761023465544,-111.29509530030191,34.3872
2025-05-04T18:17:45,32.476012324914336,-111.29512463696301,24.8796
2025-05-04T18:17:46,32.475969241932034,-111.29513461142778,19.447200000000002
2025-05-04T18:17:47,32.47593194246292,-111.29511248320341,16.8804
2025-05-04T18:17:48,32.475875951349735,-111.29510259255767,19.9692
2025-05-04T18:17:49,32.4758018553257,-111.2950735911727,25.5456
2025-05-04T18:17:50,32.47573438100517,-111.29500553011894,30.150000000000002
2025-05-04T18:17:51,32.475672690197825,-111.2949266564101,33.3252
2025-05-04T18:17:52,32.47561418451369,-111.29484233446419,34.5708
2025-05-04T18:17:53,32.47557286173105,-111.29478533752263,28.238400000000002
2025-05-04T18:17:54,32.475526593625546,-111.2947432603687,25.596
2025-05-04T18:17:55,32.47550253756344,-111.29471811465919,19.4004
2025-05-04T18:17:56,32.47545585036278,-111.2946602795273,22.9284
2025-05-04T18:17:57,32.47540664859116,-111.29461627453566,24.4044
2025-05-04T18:17:58,32.475334061309695,-111.29456179216504,29.7936
2025-05-04T18:17:59,32.47525275684893,-111.29450873471797,33.742799999999995
2025-05-04T18:18:00,32.47515846043825,-111.29448308609426,35.946
2025-05-04T18:18:01,32.4750539381057,-111.29448886960745,38.052
2025-05-04T18:18:02,32.474947487935424,-111.29450596868992,39.4992
2025-05-04T18:18:03,32.47486081905663,-111.2945296894759,36.6804
2025-05-04T18:18:04,32.474813628941774,-111.2945912964642,30.0816
2025-05-04T18:18:05,32.47481773607433,-111.29472305998206,31.2696
2025-05-04T18:18:06,32.47484221123159,-111.29484493285418,35.4276
2025-05-04T18:18:07,32.47484581544995,-111.2949493713677,35.8632
2025-05-04T18:18:08,32.474827375262976,-111.29504551179707,34.2108
2025-05-04T18:18:09,32.474827375262976,-111.2951269838959,30.736800000000002
2025-05-04T18:18:10,32.4748694524169,-111.29519102163613,26.9604
2025-05-04T18:18:11,32.47496685013175,-111.29519923590124,27.6984
2025-05-04T18:18:12,32.475074054673314,-111.29517744295299,33.462
2025-05-04T18:18:13,32.47516759671271,-111.29515036940575,35.5068
2025-05-04T18:18:14,32.47526164166629,-111.29514140076935,36.1908
2025-05-04T18:18:15,32.475366331636906,-111.29516906104982,38.628
2025-05-04T18:18:16,32.47547110542655,-111.29522614181042,41.292
2025-05-04T18:18:17,32.47556146234274,-111.29531851038337,44.3916
2025-05-04T18:18:18,32.475661374628544,-111.29537676461041,44.82
2025-05-04T18:18:19,32.47577176429331,-111.29537927918136,43.3008
2025-05-04T18:18:20,32.475901767611504,-111.29536771215498,47.239200000000004
2025-05-04T18:18:21,32.476020120084286,-111.29537450149655,46.9836
2025-05-04T18:18:22,32.47610528022051,-111.29538875073195,38.4372
2025-05-04T18:18:23,32.476157834753394,-111.29539059475064,28.735200000000003
2025-05-04T18:18:24,32.47623955830932,-111.29540375433862,33.2208
2025-05-04T18:18:25,32.476361682638526,-111.29541230387986,43.099199999999996
2025-05-04T18:18:26,32.47647969983518,-111.29541967995465,45.4104
2025-05-04T18:18:27,32.476348942145705,-111.29533250816166,22.536
2025-05-04T18:18:28,32.476432928815484,-111.29521884955466,36.5292
2025-05-04T18:18:29,32.47647676616907,-111.29507644101977,41.2416
2025-05-04T18:18:30,32.476500906050205,-111.2949559930712,40.2264
2025-05-04T18:18:31,32.47649436816573,-111.29483386874199,39.4236
2025-05-04T18:18:32,32.47647668235004,-111.29472624510527,37.6524
2025-05-04T18:18:33,32.47644977644086,-111.29462365061045,36.2772
2025-05-04T18:18:34,32.476362939924,-111.2945830821991,31.7232
2025-05-04T18:18:35,32.47625548392534,-111.29459087736905,34.534800000000004
2025-05-04T18:18:36,32.476168647408485,-111.29459272138774,34.272
2025-05-04T18:18:37,32.476159427315,-111.29457612521946,17.856
2025-05-04T18:18:38,32.47612489387393,-111.2945344671607,21.3084
2025-05-04T18:18:39,32.47610100544989,-111.29444553516805,27.471600000000002
2025-05-04T18:18:40,32.47612925246358,-111.29435081966221,29.257200000000005
2025-05-04T18:18:41,32.47613528743386,-111.294268341735,28.1232
2025-05-04T18:18:42,32.47614433988929,-111.2941681779921,29.5416
2025-05-04T18:18:43,32.476198403164744,-111.29406658932567,33.3108
2025-05-04T18:18:44,32.47629387304187,-111.29397539421916,37.6632
2025-05-04T18:18:45,32.476372327655554,-111.29386852495372,40.9428
2025-05-04T18:18:46,32.47639906592667,-111.29376257769763,38.0124
2025-05-04T18:18:47,32.476384146139026,-111.29368336871266,30.214800000000004
2025-05-04T18:18:48,32.47635589912534,-111.29363039508462,22.9068
2025-05-04T18:18:49,32.47636076062918,-111.29358345642686,18.349200000000003
2025-05-04T18:18:50,32.47636528685689,-111.2935085222125,22.1256
2025-05-04T18:18:51,32.47636880725622,-111.29343962296844,22.698
2025-05-04T18:18:52,32.47637182474136,-111.2933705560863,23.2848
2025-05-04T18:18:53,32.47637157328427,-111.29329889081419,23.256
2025-05-04T18:18:54,32.4763785302639,-111.29320400767028,28.5588
2025-05-04T18:18:55,32.47638079337776,-111.29310049116611,32.7312
2025-05-04T18:18:56,32.476376350969076,-111.29298306070268,35.3556
2025-05-04T18:18:57,32.47635145671666,-111.29288541153073,33.0336
2025-05-04T18:18:58,32.47629093937576,-111.29283109679818,28.036800000000003
2025-05-04T18:18:59,32.47620653361082,-111.29283277317882,26.870400000000004
2025-05-04T18:19:00,32.47612254694104,-111.29287350922823,27.6048
2025-05-04T18:19:01,32.47606739401817,-111.29294567741454,27.6048
2025-05-04T18:19:02,32.47605507262051,-111.29304659552872,27.7056
2025-05-04T18:19:03,32.47604920528829,-111.29315128549933,30.0564
2025-05-04T18:19:04,32.47604266740382,-111.29324826411903,30.834
2025-05-04T18:19:05,32.476041158661246,-111.29335689358413,32.4576
2025-05-04T18:19:06,32.47603705152869,-111.29343694075942,28.638
2025-05-04T18:19:07,32.475982401520014,-111.29353358410299,32.3676
2025-05-04T18:19:08,32.475905790925026,-111.29357448779047,30.826800000000002
2025-05-04T18:19:09,32.47580839321017,-111.29353702068329,31.507200000000005
2025-05-04T18:19:10,32.47573806904256,-111.29344917833805,31.384800000000002
2025-05-04T18:19:11,32.47573480010033,-111.29330450668931,35.3736
2025-05-04T18:19:12,32.47576137073338,-111.29318975843489,33.8076
2025-05-04T18:19:13,32.47576656751335,-111.29307123832405,35.1936
2025-05-04T18:19:14,32.475769920274615,-111.2929564062506,35.622
2025-05-04T18:19:15,32.475788444280624,-111.2928580865264,31.7088
2025-05-04T18:19:16,32.4757828284055,-111.29277870990336,26.6688
2025-05-04T18:19:17,32.47572356835008,-111.29272288642824,25.740000000000002
2025-05-04T18:19:18,32.47563740238547,-111.29271903075278,28.116
2025-05-04T18:19:19,32.475574957206845,-111.29273973405361,24.267599999999998
2025-05-04T18:19:20,32.47552005574107,-111.29276697523892,23.3712
2025-05-04T18:19:21,32.47547454200685,-111.29280335269868,22.338
2025-05-04T18:19:22,32.47545836493373,-111.29287694580853,22.6152
2025-05-04T18:19:23,32.47549071907997,-111.29298976622522,28.8576
2025-05-04T18:19:24,32.47550815343857,-111.29310744814575,27.9252
2025-05-04T18:19:25,32.475506477057934,-111.29317215643823,23.835600000000003
2025-05-04T18:19:26,32.475512344390154,-111.29322932101786,23.2632
2025-05-04T18:19:27,32.47550857253373,-111.29326703958213,18.0684
2025-05-04T18:19:28,32.47550932690501,-111.29333040677011,19.1808
2025-05-04T18:19:29,32.47550589032471,-111.29339218139648,19.983600000000003
2025-05-04T18:19:30,32.47549549676478,-111.29344054497778,19.4328
2025-05-04T18:19:31,32.475424418225884,-111.29348664544523,23.749200000000002
2025-05-04T18:19:32,32.475316962227225,-111.2934931833297,31.165200000000002
2025-05-04T18:19:33,32.47522241435945,-111.29344766959548,34.0884
2025-05-04T18:19:34,32.475172290578485,-111.2934072688222,27.3528
2025-05-04T18:19:35,32.47514504939318,-111.29337851889431,20.3292
2025-05-04T18:19:36,32.47514555230737,-111.29333367571235,15.429599999999999
2025-05-04T18:19:37,32.47513398528099,-111.29329176619649,15.508799999999999
2025-05-04T18:19:38,32.475134739652276,-111.29321574233472,19.566
2025-05-04T18:19:39,32.47514278627932,-111.29314332269132,20.4804
2025-05-04T18:19:40,32.47512954287231,-111.2930975575,18.414
2025-05-04T18:19:41,32.475118143483996,-111.29303276538849,19.695600000000002
2025-05-04T18:19:43,32.475111689418554,-111.29297660663724,19.2204
2025-05-04T18:19:43,32.475096518173814,-111.29291617311537,21.268800000000002
2025-05-04T18:19:44,32.47505477629602,-111.29283319227397,26.9028
2025-05-04T18:19:45,32.474980261176825,-111.29279463551939,27.532799999999998
2025-05-04T18:19:46,32.47493248432875,-111.29280226305127,20.8728
2025-05-04T18:19:47,32.47490624897182,-111.2928142491728,14.4648
2025-05-04T18:19:48,32.47489158064127,-111.2927938811481,10.828800000000001
2025-05-04T18:19:49,32.47484824620187,-111.29276974126697,14.8032
2025-05-04T18:19:50,32.47480692341924,-111.29275876097381,15.9984
2025-05-04T18:19:51,32.47476451098919,-111.2927505467087,16.3584
2025-05-04T18:19:52,32.47472025454044,-111.29274878650904,17.1036
2025-05-04T18:19:53,32.474662670865655,-111.2927521392703,20.462400000000002
2025-05-04T18:19:54,32.47458538971841,-111.29276580177248,25.5132
2025-05-04T18:19:55,32.47450014576316,-111.29276504740119,29.275199999999998
2025-05-04T18:19:56,32.47441993094981,-111.29276253283024,30.931200000000004
2025-05-04T18:19:57,32.47435295954347,-111.29275071434677,29.933999999999997
2025-05-04T18:19:58,32.474271235987544,-111.29273369908333,31.384800000000002
2025-05-04T18:19:59,32.474203342571855,-111.29272758029401,28.508399999999998
2025-05-04T18:20:00,32.47417869977653,-111.29273939877748,18.0576
2025-05-04T18:20:01,32.474148608744144,-111.29274618811905,15.6708
2025-05-04T18:20:02,32.47413653880358,-111.29275247454643,11.5272
2025-05-04T18:20:03,32.47409119270742,-111.2927555758506,14.637599999999999
2025-05-04T18:20:04,32.47403293848038,-111.29275071434677,19.047600000000003
2025-05-04T18:20:05,32.473955573514104,-111.29276370629668,24.9876
2025-05-04T18:20:06,32.47388198040426,-111.2928060349077,28.062
2025-05-04T18:20:07,32.47382984496653,-111.29286428913474,26.6076
2025-05-04T18:20:08,32.4738194514066,-111.29294249229133,23.756400000000003
2025-05-04T18:20:09,32.47386001981795,-111.29301365464926,22.474800000000002
2025-05-04T18:20:10,32.47392221353948,-111.29307727329433,26.0532
2025-05-04T18:20:11,32.473973175510764,-111.29311926662922,25.3404
2025-05-04T18:20:12,32.47403302229941,-111.29312940873206,24.5952
2025-05-04T18:20:13,32.474108040332794,-111.29313862882555,26.9892
2025-05-04T18:20:14,32.47419973835349,-111.29314181394875,31.2804
2025-05-04T18:20:15,32.474289843812585,-111.29313284531236,33.519600000000004
2025-05-04T18:20:16,32.47437215410173,-111.29314851947129,32.428799999999995
2025-05-04T18:20:17,32.47442454099655,-111.29319545812905,25.4628
2025-05-04T18:20:18,32.47446259483695,-111.29319537431002,20.970000000000002
2025-05-04T18:20:19,32.47450056485832,-111.2931699771434,21.9384
2025-05-04T18:20:20,32.47458094730973,-111.29312848672271,29.466
2025-05-04T18:20:21,32.47468865476549,-111.29311650060117,36.6624
2025-05-04T18:20:22,32.47478697448969,-111.29314533434808,37.0728
2025-05-04T18:20:23,32.474856628105044,-111.29320082254708,33.5448
2025-05-04T18:20:24,32.474891832098365,-111.29327475093305,28.2528
2025-05-04T18:20:25,32.47491898946464,-111.29334742203355,26.1468
2025-05-04T18:20:26,32.47492292895913,-111.29344280809164,27.971999999999998
2025-05-04T18:20:27,32.47497011907399,-111.29354137927294,32.7024
2025-05-04T18:20:28,32.475026277825236,-111.29362327046692,33.962399999999995
2025-05-04T18:20:29,32.475053602829576,-111.29365487024188,23.3244
2025-05-04T18:20:30,32.47501973994076,-111.29367875866592,12.8232
2025-05-04T18:20:31,32.474976908415556,-111.29370331764221,12.4308
2025-05-04T18:20:32,32.47495553456247,-111.29373173229396,13.0968
2025-05-04T18:20:33,32.474898705258965,-111.29375293850899,18.3744
2025-05-04T18:20:34,32.47481941245496,-111.2937400303781,23.540399999999998
2025-05-04T18:20:35,32.47475537471473,-111.2936765793711,27.1188
2025-05-04T18:20:36,32.474696869030595,-111.293591754511,31.3056
2025-05-04T18:20:37,32.47462587431073,-111.29355126991868,31.554000000000002
2025-05-04T18:20:38,32.47452327981591,-111.29356971010566,33.9408
2025-05-04T18:20:39,32.474440801888704,-111.29360843449831,31.820400000000003
2025-05-04T18:20:40,32.474400820210576,-111.29363617859781,23.1264
2025-05-04T18:20:41,32.47437416575849,-111.293660486117,18.021600000000003
2025-05-04T18:20:42,32.474365532398224,-111.29363005980849,11.2572
2025-05-04T18:20:43,32.47435128316283,-111.29363559186459,7.3511999999999995
2025-05-04T18:20:45,32.47416688129306,-111.29359351471066,24.771600000000003
2025-05-04T18:20:46,32.47406546026468,-111.29359720274806,31.7772
2025-05-04T18:20:47,32.47395825572312,-111.29360667429864,37.666799999999995
2025-05-04T18:20:48,32.47389094904065,-111.29363567568362,33.13440000000001
2025-05-04T18:20:49,32.47387276031077,-111.29374598152936,28.875600000000002
2025-05-04T18:20:50,32.4738643784076,-111.29382753744721,28.0728
2025-05-04T18:20:51,32.47386991046369,-111.29392786882818,31.7088
2025-05-04T18:20:52,32.473929254338145,-111.29401009529829,32.6196
2025-05-04T18:20:53,32.4740163423121,-111.29406650550663,34.4268
2025-05-04T18:20:54,32.47410242445767,-111.29407203756273,32.5332
2025-05-04T18:20:55,32.47418448328972,-111.2940664216876,31.4244
2025-05-04T18:20:56,32.474278109148145,-111.29405518993735,33.6924
2025-05-04T18:20:57,32.47436771169305,-111.29405653104186,34.7292
2025-05-04T18:20:58,32.474465360865,-111.29406809806824,37.0512
2025-05-04T18:20:59,32.474555214866996,-111.29409248940647,35.269200000000005
2025-05-04T18:21:00,32.47460877522826,-111.29410229623318,28.6524
2025-05-04T18:21:01,32.474639285355806,-111.29411939531565,23.7528
2025-05-04T18:21:02,32.474619168788195,-111.29409131594002,11.4264
2025-05-04T18:21:03,32.474644063040614,-111.29409500397742,10.609200000000001
2025-05-04T18:21:04,32.47467566281557,-111.2940944172442,11.7576
2025-05-04T18:21:05,32.47470843605697,-111.29409642890096,12.6684
2025-05-04T18:21:06,32.47473869472742,-111.29409131594002,12.6972
2025-05-04T18:21:07,32.47477188706398,-111.29408963955939,13.014000000000001
2025-05-04T18:21:08,32.474801391363144,-111.29408586770296,13.23
2025-05-04T18:21:09,32.47485998086631,-111.2941010389477,19.5336
2025-05-04T18:21:10,32.4749471526593,-111.29411721602082,27.9648
2025-05-04T18:21:11,32.475034995004535,-111.29413858987391,32.464800000000004
2025-05-04T18:21:12,32.4750988651067,-111.2941409368068,27.568800000000003
2025-05-04T18:21:13,32.47513641603291,-111.29412367008626,20.3688
2025-05-04T18:21:14,32.475155191496015,-111.29408746026456,16.5816
2025-05-04T18:21:15,32.47518285177648,-111.29401545971632,21.5676
2025-05-04T18:21:16,32.47523297555745,-111.29393180832267,29.1456
2025-05-04T18:21:17,32.47526633553207,-111.29384974949062,29.357999999999997
2025-05-04T18:21:18,32.47531394474208,-111.29381689243019,24.217200000000002
2025-05-04T18:21:19,32.47535577043891,-111.29381035454571,20.4444
2025-05-04T18:21:20,32.47540421783924,-111.29383457824588,19.159200000000002
2025-05-04T18:21:21,32.475435733795166,-111.29384497180581,16.401600000000002
2025-05-04T18:21:22,32.47544629499316,-111.29389274865389,13.662
2025-05-04T18:21:23,32.47546624392271,-111.29393180832267,14.76
2025-05-04T18:21:24,32.47549415566027,-111.29398201592267,18.4572
2025-05-04T18:21:25,32.47553447261453,-111.2940336484462,21.0924
2025-05-04T18:21:26,32.47560043819249,-111.29403415136039,21.509999999999998
2025-05-04T18:21:27,32.475683838129044,-111.29394304007292,29.3976
2025-05-04T18:21:28,32.47574678622186,-111.29384765401483,34.3476
2025-05-04T18:21:29,32.475799759849906,-111.29379484802485,30.938399999999998
2025-05-04T18:21:30,32.47588198632002,-111.29379325546324,29.3004
2025-05-04T18:21:31,32.47593085281551,-111.29383080638945,22.536
2025-05-04T18:21:32,32.475945353507996,-111.29393113777041,23.151600000000002
2025-05-04T18:21:33,32.475965889170766,-111.29400012083352,22.5792
2025-05-04T18:21:34,32.47596563771367,-111.29407438449562,20.8944
2025-05-04T18:21:35,32.47596178203821,-111.29414336755872,20.8944
2025-05-04T18:21:36,32.47596404515207,-111.29416901618242,13.510800000000001
2025-05-04T18:21:37,32.4759659729898,-111.29425191320479,21.0312
2025-05-04T18:21:38,32.475969744846225,-111.29433682188392,21.0312
2025-05-04T18:21:39,32.47597636654973,-111.29444721154869,26.8992
2025-05-04T18:21:40,32.475984413176775,-111.29454930312932,28.695600000000002
2025-05-04T18:21:41,32.476020539179444,-111.29466405138373,35.114399999999996
2025-05-04T18:21:42,32.4760727584362,-111.294757258147,35.2152
2025-05-04T18:21:43,32.47611936181784,-111.29485306330025,35.2152
2025-05-04T18:21:44,32.476153057068586,-111.29495515488088,35.269200000000005
2025-05-04T18:21:45,32.476154146716,-111.29506227560341,35.269200000000005
2025-05-04T18:21:46,32.47612732462585,-111.29512036219239,26.712
2025-05-04T18:21:47,32.476090947166085,-111.29518792033195,26.712
2025-05-04T18:21:48,32.47603051364422,-111.29521440714598,25.7364
2025-05-04T18:21:49,32.475986341014504,-111.29520074464381,20.818800000000003
2025-05-04T18:21:50,32.47593152336776,-111.29517970606685,20.6172
2025-05-04T18:21:51,32.47585826553404,-111.29513846710324,24.786
2025-05-04T18:21:52,32.475794814527035,-111.29507635720074,24.786
2025-05-04T18:21:53,32.47568325139582,-111.29493218846619,33.004799999999996
2025-05-04T18:21:54,32.475612508133054,-111.29485448822379,34.538399999999996
2025-05-04T18:21:55,32.47555953450501,-111.2947813142091,31.428
2025-05-04T18:21:56,32.47553807683289,-111.29472934640944,22.370400000000004
2025-05-04T18:21:57,32.475497759878635,-111.29466111771762,23.4756
2025-05-04T18:21:58,32.47545945458114,-111.29463186487556,23.6556
2025-05-04T18:21:59,32.47539105825126,-111.2945897039026,27.9612
2025-05-04T18:22:00,32.475305227562785,-111.29454058595002,32.4504
2025-05-04T18:22:01,32.47521160170436,-111.29450873471797,35.3052
2025-05-04T18:22:02,32.475114623084664,-111.2944932281971,36.522
2025-05-04T18:22:03,32.475011106580496,-111.29449859261513,38.5272
2025-05-04T18:22:04,32.4749194085598,-111.29452365450561,37.134
2025-05-04T18:22:05,32.47485260479152,-111.29456321708858,31.978799999999996
2025-05-04T18:22:06,32.47482561506331,-111.29463664256036,26.208000000000002
2025-05-04T18:22:07,32.47483290731907,-111.29472557455301,26.1252
2025-05-04T18:22:08,32.47484623454511,-111.2948177754879,29.5848
2025-05-04T18:22:09,32.47483927756548,-111.2949160952121,31.356000000000005
2025-05-04T18:22:10,32.47481589205563,-111.29500502720475,30.6216
2025-05-04T18:22:11,32.474803905934095,-111.29506512545049,25.3404
2025-05-04T18:22:12,32.47479200363159,-111.29510099999607,18.212400000000002
2025-05-04T18:22:13,32.47477808967233,-111.29511340521276,11.4696
2025-05-04T18:22:14,32.47475780546665,-111.29511608742177,8.4636
2025-05-04T18:22:15,32.47475286014378,-111.29513310268521,6.426
2025-05-04T18:22:16,32.47476023621857,-111.29513427615166,2.1311999999999998
2025-05-04T18:22:17,32.474766271188855,-111.29512262530625,0.23040000000000002
2025-05-04T18:22:18,32.474764008075,-111.29512446932495,1.0080000000000002
2025-05-04T18:22:19,32.47476392425597,-111.29512337967753,0.6228
2025-05-04T18:22:20,32.47476794756949,-111.29512296058238,0.7595999999999999
2025-05-04T18:22:21,32.47476660646498,-111.29512631334364,1.2204000000000002
2025-05-04T18:22:22,32.4747674446553,-111.29512706771493,1.278
2025-05-04T18:22:23,32.474764762446284,-111.29512681625783,1.0080000000000002
2025-05-04T18:22:24,32.47477046214044,-111.29513008520007,1.1268
2025-05-04T18:22:25,32.47477096505463,-111.29512748681009,0.12240000000000001
2025-05-04T18:22:26,32.474771216511726,-111.2951304204762,0.6335999999999999
2025-05-04T18:22:27,32.474768282845616,-111.29513368941844,0.8928
2025-05-04T18:22:28,32.47476635500789,-111.2951407302171,1.1088
2025-05-04T18:22:29,32.474763840436935,-111.29514173604548,0.5760000000000001
2025-05-04T18:22:30,32.47476593591273,-111.29514559172094,0.8676
2025-05-04T18:22:31,32.47476224787533,-111.29514668136835,0.7164
2025-05-04T18:22:32,32.47476073913276,-111.2951455079019,0.4536
2025-05-04T18:22:33,32.474760822951794,-111.29514181986451,0.1296
2025-05-04T18:22:34,32.474759398028255,-111.29514559172094,0.8388000000000001
2025-05-04T18:22:35,32.47475956566632,-111.29515045322478,1.4292
2025-05-04T18:22:36,32.474758727476,-111.29515439271927,1.9188
2025-05-04T18:22:37,32.47475755400956,-111.29517300054431,4.5936
2025-05-04T18:22:38,32.474756045266986,-111.29520351067185,7.6032
2025-05-04T18:22:39,32.47475428506732,-111.29524089396,10.6596
2025-05-04T18:22:40,32.47475235722959,-111.29527660086751,12.063600000000001
2025-05-04T18:22:41,32.474757470190525,-111.29532102495432,13.4496
2025-05-04T18:22:42,32.47476300224662,-111.29535874351859,13.3596
2025-05-04T18:22:43,32.47477280907333,-111.29539369605482,12.924
2025-05-04T18:22:44,32.47478596866131,-111.29542571492493,12.0708
2025-05-04T18:22:45,32.47479879297316,-111.29545253701508,10.872
2025-05-04T18:22:46,32.47481781989336,-111.29546997137368,9.7668
2025-05-04T18:22:47,32.47483349405229,-111.29546754062176,6.9444
2025-05-04T18:22:48,32.47485067695379,-111.2954547163099,6.2856000000000005
2025-05-04T18:22:49,32.47486668638885,-111.29545253701508,5.2488
2025-05-04T18:22:50,32.47487154789269,-111.29545086063445,3.2004
2025-05-04T18:22:51,32.47486324980855,-111.29545010626316,0.216
2025-05-04T18:22:52,32.47486182488501,-111.29545195028186,0.1368
2025-05-04T18:22:53,32.474862998351455,-111.29545060917735,0.1512
2025-05-04T18:22:54,32.47486341744661,-111.29544977098703,0.24480000000000002
2025-05-04T18:22:55,32.474861992523074,-111.29544842988253,0.0864
2025-05-04T18:22:56,32.47486316598952,-111.29544675350189,0.2808
2025-05-04T18:22:57,32.474860567599535,-111.2954459991306,0.6732
2025-05-04T18:22:58,32.47486224398017,-111.29544884897768,2.2464
2025-05-04T18:22:59,32.47486341744661,-111.29544725641608,1.5228
2025-05-04T18:23:00,32.47486375272274,-111.29544884897768,0.5832
2025-05-04T18:23:01,32.474866937845945,-111.29544817842543,0.5976
2025-05-04T18:23:02,32.47486308217049,-111.2954499386251,0.162
2025-05-04T18:23:03,32.47486174106598,-111.29545555450022,0.5940000000000001
2025-05-04T18:23:04,32.47486081905663,-111.29545555450022,0.5760000000000001
2025-05-04T18:23:05,32.47486081905663,-111.29545622505248,0.8136
2025-05-04T18:23:06,32.47486132197082,-111.29545723088086,0.5688
2025-05-04T18:23:07,32.47486224398017,-111.29545480012894,0.3024
2025-05-04T18:23:08,32.47485981322825,-111.29545597359538,0.1512
2025-05-04T18:23:09,32.47485780157149,-111.29545303992927,0.216
2025-05-04T18:23:10,32.47485922649503,-111.2954531237483,0.468
2025-05-04T18:23:11,32.47485796920955,-111.29545362666249,0.4968000000000001
2025-05-04T18:23:12,32.47485453262925,-111.29545387811959,0.1116
2025-05-04T18:23:13,32.47485143132508,-111.29545480012894,0.1116
2025-05-04T18:23:14,32.47485092841089,-111.29545303992927,0.061200000000000004
2025-05-04T18:23:15,32.474852772429585,-111.29545488394797,0.8892
2025-05-04T18:23:16,32.47485285624862,-111.29545781761408,0.5832
2025-05-04T18:23:17,32.474857131019235,-111.29545102827251,1.7496
2025-05-04T18:23:18,32.47487397864461,-111.2954412214458,4.8204
2025-05-04T18:23:19,32.474909434095025,-111.29543384537101,9.3204
2025-05-04T18:23:20,32.474939273670316,-111.29542764276266,11.185200000000002
2025-05-04T18:23:21,32.47496819123626,-111.29542135633528,12.1068
2025-05-04T18:23:22,32.47500389814377,-111.29540576599538,13.7088
2025-05-04T18:23:23,32.47503784485161,-111.29540098831058,13.6944
2025-05-04T18:23:24,32.47507522813976,-111.29539428278804,14.0472
2025-05-04T18:23:25,32.47510674409568,-111.29539646208286,13.5936
2025-05-04T18:23:26,32.47513792477548,-111.2954013235867,13.1508
2025-05-04T18:23:27,32.475169356912374,-111.29540392197669,12.895199999999999
2025-05-04T18:23:28,32.47519634664059,-111.29540559835732,11.304
2025-05-04T18:23:29,32.475213864818215,-111.29540593363345,8.424
2025-05-04T18:23:30,32.47522057034075,-111.2954031676054,5.202
2025-05-04T18:23:31,32.4752251803875,-111.29539495334029,3.6251999999999995
2025-05-04T18:23:32,32.475227527320385,-111.2953928578645,2.0412
2025-05-04T18:23:33,32.47522450983524,-111.2953926064074,0.1296
2025-05-04T18:23:34,32.47522392310202,-111.2953926064074,0.054
2025-05-04T18:23:35,32.47522300109267,-111.29539453424513,0.108
2025-05-04T18:23:36,32.475225096568465,-111.2953928578645,0.4356
2025-05-04T18:23:37,32.475223168730736,-111.29539486952126,0.028800000000000003
2025-05-04T18:23:38,32.475224090740085,-111.29539327695966,0.057600000000000005
2025-05-04T18:23:39,32.47522761113942,-111.2953896727413,1.2744
2025-05-04T18:23:40,32.47523766942322,-111.29538338631392,3.654
2025-05-04T18:23:41,32.47524487785995,-111.29536586813629,4.7988
2025-05-04T18:23:42,32.47524831444025,-111.2953442428261,5.4648
2025-05-04T18:23:43,32.47524529695511,-111.29533267579973,4.3128
2025-05-04T18:23:44,32.47524378821254,-111.29534373991191,0.4284
2025-05-04T18:23:45,32.47524596750736,-111.29534357227385,0.2088
2025-05-04T18:23:46,32.47524571605027,-111.29534415900707,0.4284
2025-05-04T18:23:47,32.47524730861187,-111.29534524865448,0.5292
2025-05-04T18:23:48,32.47524797916412,-111.29534516483545,1.0295999999999998
2025-05-04T18:23:49,32.47525032609701,-111.2953460868448,0.41040000000000004
2025-05-04T18:23:50,32.47525175102055,-111.29534625448287,0.2232
2025-05-04T18:23:51,32.4752542655915,-111.29534147679806,0.47880000000000006
2025-05-04T18:23:52,32.4752542655915,-111.29534323699772,0.216
2025-05-04T18:23:53,32.475255858153105,-111.2953463383019,0.07919999999999999
2025-05-04T18:23:54,32.4752545170486,-111.29534591920674,0.1188
2025-05-04T18:23:55,32.475255439057946,-111.29534558393061,0.3924
2025-05-04T18:23:56,32.475252924486995,-111.29534298554063,0.7164
2025-05-04T18:23:57,32.47525401413441,-111.29534348845482,0.4932
2025-05-04T18:23:58,32.47525309212506,-111.29534407518804,0.81
2025-05-04T18:23:59,32.47524932026863,-111.2953394651413,1.9440000000000002
2025-05-04T18:24:00,32.475258372724056,-111.29532814957201,3.5928
2025-05-04T18:24:01,32.47526180930436,-111.29529202356935,8.3124
2025-05-04T18:24:02,32.475271951407194,-111.29524944350123,11.376000000000001
2025-05-04T18:24:03,32.4752769805491,-111.29521507769823,11.2032
2025-05-04T18:24:04,32.475289553403854,-111.29518465138972,11.574
2025-05-04T18:24:05,32.47533171437681,-111.29515690729022,15.0408
2025-05-04T18:24:06,32.47541042044759,-111.29517417401075,21.945600000000002
2025-05-04T18:24:07,32.47548342682421,-111.29526436328888,29.923199999999998
2025-05-04T18:24:08,32.4755547568202,-111.29533862695098,33.8544
2025-05-04T18:24:09,32.47564058750868,-111.29537492059171,34.5924
2025-05-04T18:24:10,32.47574619948864,-111.29538405686617,37.5084
2025-05-04T18:24:11,32.47585901990533,-111.29538372159004,41.688
2025-05-04T18:24:12,32.47596429660916,-111.29538791254163,42.066
2025-05-04T18:24:13,32.47605951502919,-111.29538925364614,39.1752
2025-05-04T18:24:14,32.47610628604889,-111.29538615234196,27.2772
2025-05-04T18:24:15,32.47615909203887,-111.29538020119071,24.9264
2025-05-04T18:24:16,32.47620712034404,-111.29539713263512,25.8012
2025-05-04T18:24:17,32.47629194520414,-111.29538305103779,29.8044
2025-05-04T18:24:18,32.47638599015772,-111.2953355256468,34.3656
2025-05-04T18:24:19,32.47645136900246,-111.29523737356067,37.224000000000004
2025-05-04T18:24:20,32.47648221440613,-111.29510879516602,39.636
2025-05-04T18:24:21,32.47649478726089,-111.29498608410358,40.1328
2025-05-04T18:24:22,32.47649805620313,-111.29486127756536,40.482
2025-05-04T18:24:23,32.47648447751999,-111.29474585875869,39.193200000000004
2025-05-04T18:24:24,32.47645027935505,-111.29464929923415,35.874
2025-05-04T18:24:25,32.4763732496649,-111.29462742246687,29.7936
2025-05-04T18:24:26,32.476297141984105,-111.29464192315936,24.9408
2025-05-04T18:24:27,32.47626855969429,-111.29464946687222,16.4088
2025-05-04T18:24:28,32.47623075731099,-111.2946140114218,17.197200000000002
2025-05-04T18:24:29,32.476190607994795,-111.29454242996871,22.9392
2025-05-04T18:24:30,32.47614065185189,-111.29444788210094,29.826
2025-05-04T18:24:31,32.47615808621049,-111.29434905946255,29.800800000000002
2025-05-04T18:24:32,32.476171497255564,-111.29425308667123,30.942000000000004
2025-05-04T18:24:33,32.47618951834738,-111.29417354241014,29.487600000000004
2025-05-04T18:24:34,32.4762300029397,-111.29407027736306,34.1784
2025-05-04T18:24:35,32.47631340287626,-111.29398042336106,38.3292
2025-05-04T18:24:36,32.476393366232514,-111.29391160793602,37.674
2025-05-04T18:24:37,32.47642446309328,-111.29384119994938,31.284
2025-05-04T18:24:38,32.47640451416373,-111.29377313889563,23.9616
2025-05-04T18:24:39,32.476363526657224,-111.2936742324382,28.008000000000003
2025-05-04T18:24:40,32.47632823884487,-111.29360541701317,27.183600000000002
2025-05-04T18:24:41,32.47629102319479,-111.29352645948529,28.8576
2025-05-04T18:24:42,32.47642253525555,-111.29352377727628,22.6692
2025-05-04T18:24:43,32.4764149915427,-111.29344448447227,24.318
2025-05-04T18:24:44,32.47640862129629,-111.29336938261986,24.318
2025-05-04T18:24:45,32.476407028734684,-111.29329025745392,24.724800000000002
2025-05-04T18:24:46,32.476364113390446,-111.29315782338381,30.1716
2025-05-04T18:24:47,32.47636671178043,-111.29305355250835,33.71040000000001
2025-05-04T18:24:48,32.47636235319078,-111.29294634796679,35.5284
2025-05-04T18:24:49,32.476327484473586,-111.29286118783057,32.7096
2025-05-04T18:24:50,32.476250203326344,-111.2928316835314,28.4148
2025-05-04T18:24:51,32.47615649364889,-111.29285825416446,28.976399999999998
2025-05-04T18:24:52,32.47609027661383,-111.29291952587664,28.706400000000002
2025-05-04T18:24:53,32.47606077231467,-111.2930132355541,28.105200000000004
2025-05-04T18:24:54,32.476053815335035,-111.29312655888498,31.9896
2025-05-04T18:24:55,32.47604752890766,-111.29324248060584,34.1532
2025-05-04T18:24:56,32.47602908872068,-111.2933449074626,33.962399999999995
2025-05-04T18:24:57,32.47601551003754,-111.29345160908997,34.5096
2025-05-04T18:24:58,32.475965302437544,-111.2935433909297,34.488
2025-05-04T18:24:59,32.47589137405157,-111.29356283694506,29.203200000000002
2025-05-04T18:25:00,32.475800178945065,-111.29351916722953,30.2688
2025-05-04T18:25:01,32.47574125416577,-111.2934276368469,30.4848
2025-05-04T18:25:02,32.47572532854974,-111.29330509342253,32.832
2025-05-04T18:25:03,32.475755754858255,-111.29319520667195,34.1388
2025-05-04T18:25:04,32.475759694352746,-111.2930787820369,34.1316
2025-05-04T18:25:05,32.47575793415308,-111.29296453669667,33.462
2025-05-04T18:25:06,32.47576338239014,-111.29286076873541,32.0544
2025-05-04T18:25:07,32.475770339369774,-111.29278340376914,27.9972
2025-05-04T18:25:08,32.47574963606894,-111.29272246733308,23.3496
2025-05-04T18:25:09,32.47567637823522,-111.29270570352674,22.8672
2025-05-04T18:25:10,32.475621392950416,-111.29272414371371,20.826
2025-05-04T18:25:11,32.475574873387814,-111.2927455175668,17.636400000000002
2025-05-04T18:25:12,32.47553363442421,-111.29275985062122,17.1
2025-05-04T18:25:13,32.47549650259316,-111.2928028497845,18.144000000000002
2025-05-04T18:25:14,32.47549013234675,-111.29289505071938,22.7772
2025-05-04T18:25:15,32.47551024891436,-111.2930026743561,28.1808
2025-05-04T18:25:16,32.47551561333239,-111.29310987889767,31.2912
2025-05-04T18:25:17,32.47551460750401,-111.29316536709666,22.215600000000002
2025-05-04T18:25:18,32.47551360167563,-111.29317265935242,10.098
2025-05-04T18:25:19,32.475474793463945,-111.29315732046962,10.1592
2025-05-04T18:25:20,32.47549566440284,-111.29325387999415,17.8884
2025-05-04T18:25:21,32.47551846317947,-111.29332990385592,18.7848
2025-05-04T18:25:22,32.475520726293325,-111.29338254220784,16.4232
2025-05-04T18:25:23,32.47549692168832,-111.29342931322753,16.232400000000002
2025-05-04T18:25:24,32.475416623055935,-111.2934865616262,25.7796
2025-05-04T18:25:25,32.47531126253307,-111.29347616806626,30.6936
2025-05-04T18:25:26,32.475221240893006,-111.2934466637671,31.7196
2025-05-04T18:25:27,32.47515502385795,-111.2934138905257,27.756
2025-05-04T18:25:28,32.47514429502189,-111.2933689635247,17.6328
2025-05-04T18:25:29,32.47514387592673,-111.29332621581852,14.112
2025-05-04T18:25:30,32.47512602247298,-111.29326594993472,18.511200000000002
2025-05-04T18:25:31,32.475120574235916,-111.29317827522755,25.498800000000003
2025-05-04T18:25:32,32.475124849006534,-111.29314684309065,15.8832
2025-05-04T18:25:33,32.475125938653946,-111.29312069155276,12.3804
2025-05-04T18:25:34,32.47510741464794,-111.2930441647768,20.7936
2025-05-04T18:25:35,32.47509526088834,-111.29299823194742,16.5888
2025-05-04T18:25:36,32.475087717175484,-111.29293679259717,19.7136
2025-05-04T18:25:37,32.475039353594184,-111.29284258000553,27.8136
2025-05-04T18:25:38,32.47497766278684,-111.29280368797481,26.2332
2025-05-04T18:25:39,32.47492376714945,-111.29280980676413,20.941200000000002
2025-05-04T18:25:40,32.47491077519953,-111.29283285699785,12.5676
2025-05-04T18:25:41,32.474899711087346,-111.29282103851438,8.413200000000002
2025-05-04T18:25:42,32.47485604137182,-111.29279396496713,13.755600000000001
2025-05-04T18:25:43,32.47481295838952,-111.29277368076146,16.686
2025-05-04T18:25:44,32.47477138414979,-111.29276571795344,16.491600000000002
2025-05-04T18:25:45,32.47473265975714,-111.29275783896446,16.470000000000002
2025-05-04T18:25:46,32.47468052431941,-111.29276077263057,19.6236
2025-05-04T18:25:47,32.47459997422993,-111.29277074709535,26.316
2025-05-04T18:25:48,32.474519507959485,-111.29277368076146,29.138399999999997
2025-05-04T18:25:49,32.474445663392544,-111.29278055392206,28.9296
2025-05-04T18:25:50,32.47437517158687,-111.29277099855244,28.6812
2025-05-04T18:25:51,32.47428439557552,-111.29276580177248,32.2704
2025-05-04T18:25:52,32.474206360056996,-111.29276395775378,30.834
2025-05-04T18:25:53,32.47416403144598,-111.29276052117348,22.6692
2025-05-04T18:25:54,32.474133018404245,-111.2927476130426,19.008000000000003
2025-05-04T18:25:55,32.474130084738135,-111.29275574348867,11.8944
2025-05-04T18:25:56,32.47409077361226,-111.292764544487,13.1904
2025-05-04T18:25:57,32.47404643334448,-111.29276395775378,15.656400000000001
2025-05-04T18:25:58,32.47397703118622,-111.29276521503925,22.0608
2025-05-04T18:25:59,32.47390452772379,-111.2927766982466,25.509600000000002
2025-05-04T18:26:00,32.47385272756219,-111.29283872433007,25.5528
2025-05-04T18:26:01,32.47386161237955,-111.29292321391404,22.2696
2025-05-04T18:26:02,32.47387619689107,-111.2929823063314,19.71
2025-05-04T18:26:03,32.473893128335476,-111.29303435795009,18.500400000000003
2025-05-04T18:26:04,32.473913161084056,-111.29308800213039,18.464399999999998
2025-05-04T18:26:05,32.473948784172535,-111.29313452169299,19.8108
2025-05-04T18:26:06,32.474005026742816,-111.29315438680351,21.5388
2025-05-04T18:26:07,32.474090941250324,-111.29314818419516,26.082
2025-05-04T18:26:08,32.47416503727436,-111.29314877092838,26.4312
2025-05-04T18:26:09,32.47421625070274,-111.29311532713473,23.439600000000002
2025-05-04T18:26:10,32.474247347563505,-111.29310937598348,18.1512
2025-05-04T18:26:11,32.47429143637419,-111.29312387667596,17.604
2025-05-04T18:26:12,32.47433862648904,-111.29314097575843,18.403200000000002
2025-05-04T18:26:13,32.474374333396554,-111.29316637292504,16.855200000000004
2025-05-04T18:26:14,32.474387576803565,-111.29318623803556,11.998800000000001
2025-05-04T18:26:15,32.47440048493445,-111.2931879144162,8.622
2025-05-04T18:26:16,32.474426720291376,-111.29318363964558,9.9396
2025-05-04T18:26:17,32.47449042275548,-111.2931620143354,18.215999999999998
2025-05-04T18:26:18,32.474581031128764,-111.29311851225793,28.159200000000002
2025-05-04T18:26:19,32.47468530200422,-111.2931168358773,34.671600000000005
2025-05-04T18:26:20,32.474767696112394,-111.293163606897,34.7328
2025-05-04T18:26:21,32.474835589528084,-111.29323803819716,33.793200000000006
2025-05-04T18:26:22,32.474881103262305,-111.29332504235208,32.1084
2025-05-04T18:26:23,32.47494589537382,-111.29341590218246,35.802
2025-05-04T18:26:24,32.4749730527401,-111.29352444782853,39.016799999999996
2025-05-04T18:26:25,32.474993504583836,-111.2935986276716,35.964
2025-05-04T18:26:26,32.475044801831245,-111.29365445114672,31.233600000000003
2025-05-04T18:26:27,32.47505335137248,-111.29369242116809,21.041999999999998
2025-05-04T18:26:28,32.475030636414886,-111.29370021633804,10.738800000000001
2025-05-04T18:26:29,32.47499459423125,-111.29372142255306,11.4192
2025-05-04T18:26:30,32.47494061477482,-111.29375469870865,17.8452
2025-05-04T18:26:31,32.474865512922406,-111.29376341588795,23.8032
2025-05-04T18:26:32,32.47478739358485,-111.29371874034405,27.81
2025-05-04T18:26:33,32.47471732087433,-111.2936433032155,32.0508
2025-05-04T18:26:34,32.47465604916215,-111.29357364960015,32.7528
2025-05-04T18:26:35,32.474569296464324,-111.29355696961284,33.138
2025-05-04T18:26:36,32.474478939548135,-111.29359619691968,31.831200000000003
2025-05-04T18:26:37,32.47445572167635,-111.29361664876342,20.4984
2025-05-04T18:26:38,32.474462762475014,-111.29362846724689,9.032399999999999
2025-05-04T18:26:39,32.474447255954146,-111.29361622966826,6.5772
2025-05-04T18:26:40,32.47442445717752,-111.29362720996141,7.8516
2025-05-04T18:26:41,32.47439277358353,-111.2936414591968,10.404
2025-05-04T18:26:42,32.47435413300991,-111.29364665597677,12.186
2025-05-04T18:26:43,32.47432613745332,-111.29363919608295,11.5848
2025-05-04T18:26:44,32.474310798570514,-111.29363785497844,9.4104
2025-05-04T18:26:45,32.474276600405574,-111.29362352192402,12.0996
2025-05-04T18:26:46,32.47421583160758,-111.29360541701317,18.8532
2025-05-04T18:26:47,32.474132012575865,-111.29359879530966,26.712
2025-05-04T18:26:48,32.47403562068939,-111.29360985942185,32.2596
2025-05-04T18:26:49,32.473970241844654,-111.29361832514405,28.7244
2025-05-04T18:26:50,32.47391760349274,-111.29365294240415,25.5708
2025-05-04T18:26:51,32.473886758089066,-111.29371848888695,23.6556
2025-05-04T18:26:52,32.47387728653848,-111.29380758851767,25.3368
2025-05-04T18:26:53,32.47387829236686,-111.29389375448227,27.0144
2025-05-04T18:26:54,32.47391374781728,-111.2939678505063,26.586
2025-05-04T18:26:55,32.47397627681494,-111.29401520825922,26.5644
2025-05-04T18:26:56,32.47402514331043,-111.2940473947674,24.3648
2025-05-04T18:26:57,32.474093874916434,-111.29405376501381,24.9264
2025-05-04T18:26:58,32.47417467646301,-111.2940478976816,28.3176
2025-05-04T18:26:59,32.47425111941993,-111.29405007697642,30.052800000000005
2025-05-04T18:27:00,32.4743271432817,-111.2940682657063,30.880799999999997
2025-05-04T18:27:01,32.4744014069438,-111.2940666731447,29.61
2025-05-04T18:27:02,32.47447717934847,-111.29407547414303,28.922400000000003
2025-05-04T18:27:03,32.474518585950136,-111.29408620297909,22.2948
2025-05-04T18:27:04,32.474553203210235,-111.29409902729094,18.63
2025-05-04T18:27:05,32.47457692399621,-111.29410531371832,15.562800000000001
2025-05-04T18:27:06,32.47459067031741,-111.29409475252032,11.127600000000001
2025-05-04T18:27:07,32.47462319210172,-111.29408854991198,11.5452
2025-05-04T18:27:08,32.47465219348669,-111.29408821463585,11.390400000000001
2025-05-04T18:27:09,32.47468530200422,-111.29409181885421,11.883600000000001
2025-05-04T18:27:10,32.474718829616904,-111.29409508779645,13.3272
2025-05-04T18:27:11,32.47475151903927,-111.29408695735037,13.1976
2025-05-04T18:27:12,32.47478001751006,-111.29408779554069,12.610800000000001
2025-05-04T18:27:13,32.4748311471194,-111.29409676417708,17.1252
2025-05-04T18:27:14,32.47491060756147,-111.29412157461047,25.5924
2025-05-04T18:27:15,32.475000293925405,-111.29414345137775,30.895200000000003
2025-05-04T18:27:16,32.47507154010236,-111.29415216855705,28.969200000000004
2025-05-04T18:27:17,32.475099535658956,-111.29413833841681,18.5508
2025-05-04T18:27:18,32.47510456480086,-111.29411973059177,10.490400000000001
2025-05-04T18:27:19,32.47512795031071,-111.2940891366452,12.3696
2025-05-04T18:27:20,32.47517757117748,-111.29403339698911,19.926000000000002
2025-05-04T18:27:21,32.475196765735745,-111.29396256990731,22.6584
2025-05-04T18:27:22,32.475206069648266,-111.29390423186123,20.8656
2025-05-04T18:27:23,32.47524571605027,-111.29385628737509,20.0484
2025-05-04T18:27:24,32.47528293170035,-111.2938261963427,18.4788
2025-05-04T18:27:25,32.475331546738744,-111.29379074089229,22.0644
2025-05-04T18:27:26,32.47539013624191,-111.29378646612167,23.688000000000002
2025-05-04T18:27:27,32.47543782927096,-111.29381127655506,19.746000000000002
2025-05-04T18:27:28,32.4754580296576,-111.29388486966491,18.8784
2025-05-04T18:27:29,32.475459203124046,-111.29393390379846,16.8984
2025-05-04T18:27:30,32.475466495379806,-111.29396365955472,13.2408
2025-05-04T18:27:31,32.47550002299249,-111.29401152022183,15.771600000000001
2025-05-04T18:27:32,32.47554059140384,-111.29401101730764,12.24
2025-05-04T18:27:33,32.47563178651035,-111.29396365955472,24.1056
2025-05-04T18:27:34,32.475713258609176,-111.29388461820781,34.473600000000005
2025-05-04T18:27:35,32.47578534297645,-111.29383047111332,35.2944
2025-05-04T18:27:36,32.47584871016443,-111.29380892962217,30.7512
2025-05-04T18:27:37,32.475912161171436,-111.29382477141917,26.0136
2025-05-04T18:27:38,32.47594024054706,-111.29389023408294,20.9556
2025-05-04T18:27:39,32.47593571431935,-111.29403012804687,30.160800000000002
2025-05-04T18:27:40,32.47590855695307,-111.29412869922817,30.7404
2025-05-04T18:27:41,32.47589573264122,-111.29416717216372,20.5452
2025-05-04T18:27:42,32.47590931132436,-111.29417111165822,10.2348
2025-05-04T18:27:43,32.47591727413237,-111.29420883022249,11.8872
2025-05-04T18:27:44,32.47592456638813,-111.29432667978108,25.279200000000003
2025-05-04T18:27:45,32.475927751511335,-111.2944358959794,31.2012
2025-05-04T18:27:46,32.47593563050032,-111.29452650435269,31.7088
2025-05-04T18:27:47,32.47594158165157,-111.29462524317205,32.558400000000006
2025-05-04T18:27:48,32.47598919086158,-111.2947350461036,36.446400000000004
2025-05-04T18:27:49,32.47605490498245,-111.29482942633331,38.142
2025-05-04T18:27:50,32.47610184364021,-111.29490360617638,34.3008
2025-05-04T18:27:51,32.47611743398011,-111.2949990760535,31.7088
2025-05-04T18:27:52,32.47608809731901,-111.29509672522545,30.153599999999997
2025-05-04T18:27:53,32.47603051364422,-111.29514986649156,26.2908
2025-05-04T18:27:54,32.475973600521684,-111.2951423227787,20.43
2025-05-04T18:27:55,32.4759260751307,-111.29511742852628,18.529200000000003
2025-05-04T18:27:56,32.4758914578706,-111.29511659033597,16.5888
2025-05-04T18:27:57,32.47582096606493,-111.2950854934752,23.4252
2025-05-04T18:27:58,32.47574435546994,-111.29502204246819,30.6216
2025-05-04T18:27:59,32.47568920254707,-111.29494258202612,32.720400000000005
2025-05-04T18:28:00,32.47562977485359,-111.29487133584917,32.558400000000006
2025-05-04T18:28:01,32.47557797469199,-111.29482054151595,29.106000000000005
2025-05-04T18:28:02,32.4755513202399,-111.29477770999074,22.424400000000002
2025-05-04T18:28:03,32.47553665190935,-111.29475088790059,16.2972
2025-05-04T18:28:04,32.47550429776311,-111.294717611745,16.1172
2025-05-04T18:28:05,32.47548141516745,-111.29469112493098,15.3396
2025-05-04T18:28:06,32.475442523136735,-111.29464611411095,19.198800000000002
2025-05-04T18:28:07,32.47537421062589,-111.29458165727556,27.9144
2025-05-04T18:28:08,32.4752941634506,-111.29453731700778,31.7916
2025-05-04T18:28:09,32.47520917095244,-111.29450303502381,33.948
2025-05-04T18:28:10,32.47511034831405,-111.29449473693967,36.489599999999996
2025-05-04T18:28:11,32.47500976547599,-111.29450798034668,37.9656
2025-05-04T18:28:12,32.47491303831339,-111.29451954737306,37.6956
2025-05-04T18:28:13,32.47483626008034,-111.29454092122614,33.696
2025-05-04T18:28:14,32.474800888448954,-111.29461434669793,27.3024
2025-05-04T18:28:15,32.474813209846616,-111.29470797255635,25.318800000000003
2025-05-04T18:28:16,32.474843887612224,-111.29481551237404,30.873600000000003
2025-05-04T18:28:17,32.47486115433276,-111.29491089843214,32.151599999999995
2025-05-04T18:28:18,32.47484950348735,-111.29500946961343,32.1372
2025-05-04T18:28:19,32.47483743354678,-111.29509680904448,30.1752
2025-05-04T18:28:20,32.47484816238284,-111.29515489563346,24.991200000000003
2025-05-04T18:28:21,32.474892335012555,-111.29521189257503,23.824800000000003
2025-05-04T18:28:22,32.474988559260964,-111.29521549679339,27.6444
2025-05-04T18:28:23,32.47509861364961,-111.29517232999206,34.7076
2025-05-04T18:28:24,32.47519114986062,-111.29514902830124,36.3312
2025-05-04T18:28:25,32.47528234496713,-111.29516269080341,36.2376
2025-05-04T18:28:26,32.475376054644585,-111.29518833942711,36.367200000000004
2025-05-04T18:28:27,32.47545886784792,-111.29524198360741,36.3564
2025-05-04T18:28:28,32.47554084286094,-111.29531775601208,39.114000000000004
2025-05-04T18:28:29,32.47563346289098,-111.29538430832326,42.523199999999996
2025-05-04T18:28:30,32.47573530301452,-111.2953875772655,40.896
2025-05-04T18:28:31,32.47585516422987,-111.2953495234251,43.275600000000004
2025-05-04T18:28:32,32.47594887390733,-111.29533661529422,40.550399999999996
2025-05-04T18:28:33,32.47603202238679,-111.29533703438938,36.4356
2025-05-04T18:28:34,32.476089438423514,-111.2953701429069,27.759600000000002
2025-05-04T18:28:35,32.476100251078606,-111.29537508822978,15.858
2025-05-04T18:28:36,32.47615280561149,-111.29537022672594,18.9216
2025-05-04T18:28:37,32.47623486444354,-111.29536360502243,26.19
2025-05-04T18:28:38,32.476339638233185,-111.29535949788988,32.641200000000005
2025-05-04T18:28:39,32.47641172260046,-111.29531272687018,31.669200000000004
2025-05-04T18:28:40,32.47648732736707,-111.29526453092694,32.8752
2025-05-04T18:28:41,32.47649562545121,-111.29513620398939,34.8372
2025-05-04T18:28:42,32.47652554884553,-111.29503545351326,34.4556
2025-05-04T18:28:43,32.476514149457216,-111.29491911269724,33.192
2025-05-04T18:28:44,32.47647978365421,-111.29484669305384,28.926000000000002
2025-05-04T18:28:45,32.476469557732344,-111.29483579657972,13.1832
2025-05-04T18:28:46,32.47646260075271,-111.29479497671127,13.3704
2025-05-04T18:28:47,32.47643963433802,-111.29469213075936,25.974
2025-05-04T18:28:48,32.47640057466924,-111.29461124539375,27.3672
2025-05-04T18:28:49,32.476326478645205,-111.29459381103516,26.157600000000002
2025-05-04T18:28:50,32.4762664642185,-111.29457998089492,24.894000000000002
2025-05-04T18:28:51,32.476233607158065,-111.29458685405552,16.38
2025-05-04T18:28:52,32.47619094327092,-111.29457076080143,17.5284
2025-05-04T18:28:53,32.476131934672594,-111.29449289292097,27.1584
2025-05-04T18:28:54,32.476129503920674,-111.29438233561814,30.5532
2025-05-04T18:28:55,32.47615096159279,-111.29428451880813,31.683600000000002
2025-05-04T18:28:56,32.476161774247885,-111.29419374279678,31.125600000000002
2025-05-04T18:28:57,32.476185746490955,-111.2940976023674,32.507999999999996
2025-05-04T18:28:58,32.476243330165744,-111.29399534314871,36.2556
2025-05-04T18:28:59,32.47631658799946,-111.29390004090965,39.571200000000005
2025-05-04T18:29:00,32.47635690495372,-111.29382309503853,33.9372
2025-05-04T18:29:01,32.47635397128761,-111.29372938536108,30.790800000000004
2025-05-04T18:29:02,32.476366460323334,-111.29365160129964,27.241200000000003
2025-05-04T18:29:03,32.476363526657224,-111.29360223188996,22.5504
2025-05-04T18:29:04,32.476352378726006,-111.29352000541985,25.1172
2025-05-04T18:29:05,32.47635883279145,-111.29344180226326,25.740000000000002
2025-05-04T18:29:06,32.476366041228175,-111.29336879588664,24.8976
2025-05-04T18:29:07,32.47635849751532,-111.29329084418714,26.3844
2025-05-04T18:29:08,32.476355228573084,-111.29319998435676,29.3004
2025-05-04T18:29:09,32.47637609951198,-111.29309051670134,33.0084
2025-05-04T18:29:10,32.476370399817824,-111.29297409206629,35.247600000000006
2025-05-04T18:29:11,32.47633368708193,-111.29287904128432,32.796
2025-05-04T18:29:12,32.476249281316996,-111.29283620975912,29.7468
2025-05-04T18:29:13,32.47616143897176,-111.29286755807698,28.6776
2025-05-04T18:29:14,32.476089522242546,-111.29292882978916,29.570400000000003
2025-05-04T18:29:15,32.47606328688562,-111.29302622750401,29.221200000000003
2025-05-04T18:29:16,32.476058676838875,-111.29311876371503,29.3328
2025-05-04T18:29:17,32.476063622161746,-111.29322093911469,31.5612
2025-05-04T18:29:18,32.47604979202151,-111.2933174148202,32.266799999999996
2025-05-04T18:29:19,32.47602716088295,-111.29341606982052,33.1164
2025-05-04T18:29:20,32.475964799523354,-111.29346619360149,27.9828
2025-05-04T18:29:21,32.47590218670666,-111.29350014030933,26.136
2025-05-04T18:29:22,32.47579012066126,-111.29345999099314,32.4792
2025-05-04T18:29:23,32.47573069296777,-111.29337885417044,31.464000000000002
2025-05-04T18:29:24,32.47572239488363,-111.29325832240283,31.8456
2025-05-04T18:29:25,32.47574670240283,-111.29312136210501,37.321200000000005
2025-05-04T18:29:26,32.475768495351076,-111.29302471876144,35.8524
2025-05-04T18:29:27,32.475768998265266,-111.29294115118682,32.4576
2025-05-04T18:29:28,32.475777715444565,-111.29283788613975,32.8752
2025-05-04T18:29:29,32.475768495351076,-111.29275540821254,30.8448
2025-05-04T18:29:30,32.4757394939661,-111.29270327277482,24.8292
2025-05-04T18:29:31,32.47565684840083,-111.29271576181054,22.7196
2025-05-04T18:29:32,32.47558384202421,-111.29272431135178,24.8256
2025-05-04T18:29:33,32.4755167029798,-111.29277477040887,26.200799999999997
2025-05-04T18:29:34,32.47547588311136,-111.29284702241421,26.7624
2025-05-04T18:29:35,32.47545744292438,-111.2929128203541,25.1604
2025-05-04T18:29:36,32.47548560611904,-111.29301072098315,27.8244
2025-05-04T18:29:37,32.475507063791156,-111.29311515949667,31.899600000000003
2025-05-04T18:29:38,32.475506560876966,-111.2931773532182,24.8364
2025-05-04T18:29:39,32.475496251136065,-111.29326209425926,28.3284
2025-05-04T18:29:40,32.47548711486161,-111.29328539595008,19.8648
2025-05-04T18:29:41,32.47549063526094,-111.29333660937846,19.1016
2025-05-04T18:29:42,32.475489377975464,-111.29338975064456,18.9756
2025-05-04T18:29:43,32.4754683393985,-111.29346979781985,24.0768
2025-05-04T18:29:44,32.47545157559216,-111.29350131377578,20.5236
2025-05-04T18:29:45,32.475389717146754,-111.29351313225925,20.6892
2025-05-04T18:29:46,32.475292570888996,-111.29346979781985,27.2484
2025-05-04T18:29:47,32.47520732693374,-111.29344012588263,30.798
2025-05-04T18:29:48,32.475154772400856,-111.2934072688222,24.9408
2025-05-04T18:29:49,32.47514773160219,-111.29336996935308,16.8156
2025-05-04T18:29:50,32.47514513321221,-111.29332395270467,15.159600000000001
2025-05-04T18:29:51,32.475128369405866,-111.29325446672738,19.764000000000003
2025-05-04T18:29:52,32.475123507902026,-111.29317400045693,21.0924
2025-05-04T18:29:53,32.47513214126229,-111.29314256832004,16.3404
2025-05-04T18:29:54,32.47512359172106,-111.29308657720685,17.388
2025-05-04T18:29:55,32.47510422952473,-111.29301566630602,20.5524
2025-05-04T18:29:56,32.47509433887899,-111.29296738654375,19.08
2025-05-04T18:29:57,32.4750695284456,-111.29289546981454,23.1984
2025-05-04T18:29:58,32.475011609494686,-111.29282975569367,26.7516
2025-05-04T18:29:59,32.474950505420566,-111.2928108125925,23.8104
2025-05-04T18:30:00,32.47490834444761,-111.29282590001822,17.8524
2025-05-04T18:30:01,32.47489392757416,-111.29282112233341,12.132000000000001
2025-05-04T18:30:02,32.474862579256296,-111.29280360415578,12.24
2025-05-04T18:30:03,32.47481983155012,-111.29277468658984,15.562800000000001
2025-05-04T18:30:04,32.47477783821523,-111.29276001825929,16.8408
2025-05-04T18:30:05,32.47473953291774,-111.29275624640286,16.272
2025-05-04T18:30:06,32.474698796868324,-111.29275381565094,16.8876
2025-05-04T18:30:07,32.474635764956474,-111.29275146871805,21.528000000000002
2025-05-04T18:30:08,32.47455932199955,-111.2927455175668,25.614
2025-05-04T18:30:09,32.47450064867735,-111.2927285861224,24.1992
2025-05-04T18:30:10,32.474464774131775,-111.2927386444062,19.404
2025-05-04T18:30:11,32.474408028647304,-111.29275666549802,21.549599999999998
2025-05-04T18:30:12,32.474328484386206,-111.2927647959441,26.91
2025-05-04T18:30:13,32.47424089349806,-111.29276705905795,30.747600000000002
2025-05-04T18:30:14,32.474178867414594,-111.29276345483959,26.0208
2025-05-04T18:30:15,32.47416746802628,-111.29275565966964,15.3144
2025-05-04T18:30:16,32.47417048551142,-111.29275473766029,9.1296
2025-05-04T18:30:17,32.47413821518421,-111.29276320338249,10.872
2025-05-04T18:30:18,32.474094880744815,-111.29278667271137,14.688
2025-05-04T18:30:19,32.47403151355684,-111.29277083091438,19.5984
2025-05-04T18:30:20,32.47395892627537,-111.29277342930436,24.5736
2025-05-04T18:30:21,32.473886674270034,-111.29279606044292,26.6544
2025-05-04T18:30:22,32.473838394507766,-111.29286621697247,25.8984
2025-05-04T18:30:23,32.473829509690404,-111.29295120947063,24.9444
2025-05-04T18:30:24,32.47384744696319,-111.29302823916078,24.2424
2025-05-04T18:30:25,32.47388608753681,-111.29309915006161,25.221600000000002
2025-05-04T18:30:26,32.47394358739257,-111.29312697798014,22.3884
2025-05-04T18:30:27,32.473999578505754,-111.29314139485359,21.668400000000002
2025-05-04T18:30:28,32.47407426126301,-111.29314139485359,25.210800000000003
2025-05-04T18:30:29,32.47416109777987,-111.29314919002354,29.8404
2025-05-04T18:30:30,32.47425002977252,-111.29314131103456,32.4684
2025-05-04T18:30:31,32.47433359734714,-111.29314742982388,32.061600000000006
2025-05-04T18:30:32,32.474401323124766,-111.29318674094975,28.4832
2025-05-04T18:30:33,32.474416913464665,-111.29320920445025,17.247600000000002
2025-05-04T18:30:34,32.474451111629605,-111.29320057108998,16.488
2025-05-04T18:30:35,32.474505007267,-111.29317173734307,20.664
2025-05-04T18:30:36,32.4746051710099,-111.29315296187997,29.257200000000005
2025-05-04T18:30:37,32.474704664200544,-111.2931532971561,34.398
2025-05-04T18:30:38,32.474801978096366,-111.29321850836277,37.2888
2025-05-04T18:30:39,32.47487121261656,-111.29328900016844,34.6428
2025-05-04T18:30:40,32.47492326423526,-111.29334264434874,30.996
2025-05-04T18:30:41,32.4749883916229,-111.29343643784523,37.41480000000001
2025-05-04T18:30:42,32.47498587705195,-111.29352696239948,32.7564
2025-05-04T18:30:43,32.47503608465195,-111.29361706785858,33.958800000000004
2025-05-04T18:30:44,32.475059973075986,-111.29367959685624,26.802000000000003
2025-05-04T18:30:45,32.47502745129168,-111.29370147362351,15.015600000000001
2025-05-04T18:30:46,32.47501169331372,-111.29372712224722,12.870000000000001
2025-05-04T18:30:47,32.474987134337425,-111.29375117830932,12.6144
2025-05-04T18:30:48,32.47492980211973,-111.2937645893544,16.7472
2025-05-04T18:30:49,32.47484665364027,-111.29375109449029,23.5584
2025-05-04T18:30:50,32.47476895339787,-111.29370088689029,28.3896
2025-05-04T18:30:51,32.474710615351796,-111.29361866042018,31.402800000000003
2025-05-04T18:30:52,32.474649511277676,-111.29355604760349,31.4352
2025-05-04T18:30:53,32.47455965727568,-111.29356778226793,31.456799999999998
2025-05-04T18:30:54,32.47445312328637,-111.29360843449831,36.6624
2025-05-04T18:30:55,32.47439813800156,-111.2936506792903,29.4444
2025-05-04T18:30:56,32.474365029484034,-111.29365587607026,22.2192
2025-05-04T18:30:57,32.474338207393885,-111.29363223910332,18.018
2025-05-04T18:30:58,32.47431389987469,-111.29360944032669,13.842
2025-05-04T18:30:59,32.47423930093646,-111.29362544976175,20.2572
2025-05-04T18:31:00,32.4741783645004,-111.29361547529697,23.097600000000003
2025-05-04T18:31:01,32.47409957461059,-111.29361354745924,27.5832
2025-05-04T18:31:02,32.474002009257674,-111.2936263717711,33.1416
2025-05-04T18:31:03,32.47390494681895,-111.29367037676275,37.7928
2025-05-04T18:31:04,32.473856415599585,-111.29373508505523,32.922
2025-05-04T18:31:05,32.473844261839986,-111.29384631291032,32.3352
2025-05-04T18:31:06,32.47387141920626,-111.29395334981382,33.217200000000005
2025-05-04T18:31:07,32.47393914498389,-111.29403825849295,33.9912
2025-05-04T18:31:08,32.474007457494736,-111.2940801680088,30.3588
2025-05-04T18:31:09,32.47410736978054,-111.29406264983118,30.9744
2025-05-04T18:31:10,32.4741783645004,-111.29405376501381,29.257200000000005
2025-05-04T18:31:11,32.47425640001893,-111.2940473947674,29.937600000000003
2025-05-04T18:31:12,32.47434482909739,-111.29407287575305,32.997600000000006
2025-05-04T18:31:13,32.4744394607842,-111.29411059431732,35.874
2025-05-04T18:31:14,32.474517580121756,-111.29412962123752,32.1732
2025-05-04T18:31:15,32.47454255819321,-111.29409877583385,19.8684
2025-05-04T18:31:16,32.47453643940389,-111.29409190267324,8.3016
2025-05-04T18:31:17,32.47456267476082,-111.29410003311932,8.7012
2025-05-04T18:31:18,32.47460869140923,-111.2941012904048,12.7188
2025-05-04T18:31:19,32.47465688735247,-111.29408578388393,15.246000000000002
2025-05-04T18:31:20,32.47468597255647,-111.29408427514136,13.6836
2025-05-04T18:31:21,32.47471866197884,-111.29409198649228,13.41
2025-05-04T18:31:22,32.474753027781844,-111.29409433342516,13.248000000000001
2025-05-04T18:31:23,32.47478839941323,-111.29409885965288,13.5144
2025-05-04T18:31:24,32.47485050931573,-111.29410849884152,19.44
2025-05-04T18:31:25,32.474949080497026,-111.29412702284753,28.864800000000002
2025-05-04T18:31:26,32.47502879239619,-111.29413465037942,30.168000000000003
2025-05-04T18:31:27,32.475086795166135,-111.29413800314069,25.981199999999998
2025-05-04T18:31:28,32.47512283734977,-111.29412107169628,19.5732
2025-05-04T18:31:29,32.4751474801451,-111.29408746026456,16.3908
2025-05-04T18:31:30,32.475175308063626,-111.29402736201882,19.4652
2025-05-04T18:31:31,32.47521076351404,-111.29395033232868,25.2684
2025-05-04T18:31:32,32.475253930315375,-111.29387782886624,27.4392
2025-05-04T18:31:33,32.4753044731915,-111.29382753744721,26.0244
2025-05-04T18:31:34,32.47533716261387,-111.29381437785923,20.120400000000004
2025-05-04T18:31:35,32.475393237546086,-111.29384773783386,19.8108
2025-05-04T18:31:36,32.47542165219784,-111.29386592656374,16.4232
2025-05-04T18:31:37,32.47543405741453,-111.29391806200147,15.1236
2025-05-04T18:31:38,32.47543799690902,-111.2939493265003,13.3308
2025-05-04T18:31:39,32.47547512874007,-111.29398310557008,16.041600000000003
2025-05-04T18:31:40,32.475511422380805,-111.29402426071465,16.9344
2025-05-04T18:31:41,32.475562216714025,-111.29401152022183,16.4376
2025-05-04T18:31:42,32.47565131634474,-111.29396022297442,26.6904
2025-05-04T18:31:43,32.47573345899582,-111.29388403147459,33.9408
2025-05-04T18:31:44,32.47580294497311,-111.29383759573102,32.706
2025-05-04T18:31:45,32.47587846592069,-111.29380809143186,30.9348
2025-05-04T18:31:46,32.47593772597611,-111.29384446889162,25.3512
2025-05-04T18:31:47,32.47594225220382,-111.29396634176373,26.074800000000003
2025-05-04T18:31:48,32.4759226385504,-111.29408821463585,31.9392
2025-05-04T18:31:49,32.47591040097177,-111.29415225237608,25.509600000000002
2025-05-04T18:31:50,32.47591836377978,-111.2941805832088,16.3692
2025-05-04T18:31:51,32.47591878287494,-111.29419659264386,11.574
2025-05-04T18:31:52,32.47592397965491,-111.29428175278008,19.738799999999998
2025-05-04T18:31:53,32.47593420557678,-111.29440781660378,31.021200000000004
2025-05-04T18:31:54,32.47592649422586,-111.29449599422514,31.0536
2025-05-04T18:31:55,32.475938480347395,-111.29460009746253,33.4728
2025-05-04T18:31:56,32.47597058303654,-111.29470218904316,34.9272
2025-05-04T18:31:57,32.476040655747056,-111.2948106508702,39.7656
2025-05-04T18:31:58,32.47610243037343,-111.29491383209825,40.7556
2025-05-04T18:31:59,32.476129084825516,-111.29502790980041,39.0276
2025-05-04T18:32:00,32.47609497047961,-111.29512086510658,32.4684
2025-05-04T18:32:01,32.47604090720415,-111.29513771273196,19.1124
2025-05-04T18:32:02,32.47602288611233,-111.29515221342444,13.2732
2025-05-04T18:32:03,32.475948790088296,-111.2951235473156,14.720400000000001
2025-05-04T18:32:04,32.475921884179115,-111.29510896280408,12.2976
2025-05-04T18:32:05,32.4758295994252,-111.2950648739934,25.606800000000003
2025-05-04T18:32:06,32.47574770823121,-111.29501273855567,31.3272
2025-05-04T18:32:07,32.47568232938647,-111.29493403248489,33.955200000000005
2025-05-04T18:32:08,32.47561812400818,-111.29484971053898,35.474399999999996
2025-05-04T18:32:09,32.4755756277591,-111.29478651098907,30.308400000000002
2025-05-04T18:32:10,32.47554914094508,-111.2947524804622,22.723200000000002
2025-05-04T18:32:11,32.47552768327296,-111.29472071304917,16.2972
2025-05-04T18:32:12,32.475489880889654,-111.2947041168809,15.5196
2025-05-04T18:32:13,32.47542609460652,-111.29467788152397,22.842
2025-05-04T18:32:14,32.47539005242288,-111.29461384378374,25.326
2025-05-04T18:32:15,32.47532173991203,-111.29455491900444,29.933999999999997
2025-05-04T18:32:16,32.47523934580386,-111.29452524706721,31.874399999999998
2025-05-04T18:32:17,32.47515167109668,-111.2945120036602,33.5268
2025-05-04T18:32:18,32.47505192644894,-111.29451334476471,36.018
2025-05-04T18:32:19,32.4749572109431,-111.29450781270862,36.5004
2025-05-04T18:32:20,32.47487657703459,-111.29452834837139,33.9228
2025-05-04T18:32:21,32.474824441596866,-111.29459205083549,29.624399999999998
2025-05-04T18:32:22,32.474798960611224,-111.2946729362011,26.8488
2025-05-04T18:32:23,32.474810695275664,-111.29473605193198,22.9752
2025-05-04T18:32:24,32.47482762672007,-111.29481500945985,24.5736
2025-05-04T18:32:25,32.47482863254845,-111.29491575993598,28.8
2025-05-04T18:32:26,32.47482075355947,-111.29500661976635,29.97
2025-05-04T18:32:27,32.474799044430256,-111.29507266916335,25.988400000000002
2025-05-04T18:32:28,32.474793596193194,-111.29511130973697,18.9828
2025-05-04T18:32:29,32.47477423399687,-111.29513234831393,14.0688
2025-05-04T18:32:30,32.47475562617183,-111.29515154287219,11.3976
2025-05-04T18:32:31,32.47475227341056,-111.29516948014498,7.9092
2025-05-04T18:32:32,32.47476694174111,-111.29517685621977,4.2984
2025-05-04T18:32:33,32.47476291842759,-111.29517568275332,1.9692000000000003
2025-05-04T18:32:34,32.474759900942445,-111.29517685621977,1.4687999999999999
2025-05-04T18:32:35,32.47476166114211,-111.29516830667853,0.738
2025-05-04T18:32:36,32.474761912599206,-111.29516696557403,0.41400000000000003
2025-05-04T18:32:37,32.47476124204695,-111.29516445100307,0.2772
2025-05-04T18:32:38,32.47475923039019,-111.29516151733696,0.4752
2025-05-04T18:32:39,32.474765768274665,-111.29516411572695,1.62
2025-05-04T18:32:40,32.47476392425597,-111.29516403190792,0.7092
2025-05-04T18:32:41,32.47476467862725,-111.29517735913396,2.8584
2025-05-04T18:32:42,32.4747605714947,-111.29520535469055,6.534
2025-05-04T18:32:43,32.47475973330438,-111.29523620009422,8.3196
2025-05-04T18:32:44,32.474762834608555,-111.2952596694231,8.5176
2025-05-04T18:32:45,32.47476618736982,-111.29528406076133,8.2728
2025-05-04T18:32:46,32.474768199026585,-111.295296382159,5.6124
2025-05-04T18:32:47,32.47476694174111,-111.29529680125415,2.4480000000000004
2025-05-04T18:32:48,32.47477004304528,-111.29528917372227,0.07200000000000001
2025-05-04T18:32:49,32.47477238997817,-111.295280540362,0.3204
2025-05-04T18:32:50,32.47477054595947,-111.29528908990324,1.2240000000000002
2025-05-04T18:32:51,32.47477205470204,-111.29529135301709,0.5724
2025-05-04T18:32:52,32.474771635606885,-111.29529202356935,0.4932
2025-05-04T18:32:53,32.474772641435266,-111.29529495723546,0.5256
2025-05-04T18:32:54,32.474769707769156,-111.29529906436801,1.0151999999999999
2025-05-04T18:32:55,32.47476710937917,-111.29529722034931,0.558
2025-05-04T18:32:56,32.47476551681757,-111.295296382159,0.057600000000000005
2025-05-04T18:32:57,32.47476593591273,-111.29529839381576,0.2556
2025-05-04T18:32:58,32.47476568445563,-111.29529998637736,0.468
2025-05-04T18:32:59,32.47476643882692,-111.29530157893896,0.558
2025-05-04T18:33:00,32.474765349179506,-111.29529654979706,0.324
2025-05-04T18:33:01,32.474767696112394,-111.29529671743512,0.4356
2025-05-04T18:33:02,32.474768199026585,-111.29529663361609,0.1656
2025-05-04T18:33:03,32.47476761229336,-111.29530032165349,0.6552
2025-05-04T18:33:04,32.47477054595947,-111.29529805853963,0.198
2025-05-04T18:33:05,32.47477205470204,-111.29529546014965,0.23040000000000002
2025-05-04T18:33:06,32.47477222234011,-111.29529512487352,0.25200000000000006
2025-05-04T18:33:07,32.47477197088301,-111.2952977232635,0.24840000000000004
2025-05-04T18:33:08,32.47477188706398,-111.29529654979706,0.2772
2025-05-04T18:33:09,32.47477054595947,-111.29530023783445,0.18359999999999999
2025-05-04T18:33:10,32.4747674446553,-111.29530099220574,0.234
2025-05-04T18:33:11,32.474767193198204,-111.29530191421509,0.1476
2025-05-04T18:33:12,32.47476752847433,-111.29530308768153,0.3132
2025-05-04T18:33:13,32.474766774103045,-111.29530183039606,0.2376
2025-05-04T18:33:14,32.474765349179506,-111.29530174657702,0.1656
2025-05-04T18:33:15,32.474763756617904,-111.2952993158251,0.1008
2025-05-04T18:33:16,32.47476392425597,-111.29529847763479,0.1764
2025-05-04T18:33:17,32.47476409189403,-111.29530157893896,0.37079999999999996
2025-05-04T18:33:18,32.47476291842759,-111.29530157893896,0.3528
2025-05-04T18:33:19,32.47476275078952,-111.29529722034931,0.1548
2025-05-04T18:33:20,32.47476174496114,-111.29529805853963,0.16920000000000002
2025-05-04T18:33:21,32.474761828780174,-111.29529830999672,0.054
2025-05-04T18:33:22,32.474762331694365,-111.29529939964414,0.2376
2025-05-04T18:33:23,32.47475998476148,-111.29529990255833,0.2736
2025-05-04T18:33:24,32.474758392199874,-111.29529990255833,0.216
2025-05-04T18:33:25,32.47475705109537,-111.29529738798738,0.36000000000000004
2025-05-04T18:33:26,32.47475612908602,-111.29529663361609,0.3024
2025-05-04T18:33:27,32.474757470190525,-111.29529629833996,0.14400000000000002
2025-05-04T18:33:28,32.474758895114064,-111.29529898054898,0.46440000000000003
2025-05-04T18:33:29,32.474760906770825,-111.29529990255833,0.4428
2025-05-04T18:33:30,32.474763840436935,-111.29530174657702,0.5256
2025-05-04T18:33:31,32.47476325370371,-111.2953032553196,0.5652
2025-05-04T18:33:32,32.47476199641824,-111.29530074074864,0.1548
2025-05-04T18:33:33,32.47475881129503,-111.29530023783445,0.23040000000000002
2025-05-04T18:33:34,32.474759398028255,-111.29530074074864,0.2592
2025-05-04T18:33:35,32.47476199641824,-111.29530023783445,0.4428
2025-05-04T18:33:36,32.47476568445563,-111.29529763944447,0.8603999999999999
2025-05-04T18:33:37,32.47476660646498,-111.29529395140707,0.5364
2025-05-04T18:33:38,32.474766271188855,-111.29529378376901,0.4068
2025-05-04T18:33:39,32.47476543299854,-111.29529177211225,0.342
2025-05-04T18:33:40,32.47476442717016,-111.29529386758804,0.738
2025-05-04T18:33:41,32.474766271188855,-111.29529344849288,0.3312
2025-05-04T18:33:42,32.47476551681757,-111.2952924426645,0.2124
2025-05-04T18:33:43,32.474767696112394,-111.29529386758804,0.14400000000000002
2025-05-04T18:33:44,32.47476275078952,-111.29530694335699,2.484
2025-05-04T18:33:45,32.474771635606885,-111.29532932303846,6.192
2025-05-04T18:33:46,32.474782364442945,-111.29537265747786,10.8216
2025-05-04T18:33:47,32.474797954782844,-111.29540945403278,12.5532
2025-05-04T18:33:48,32.47481823898852,-111.29543309099972,11.829600000000001
2025-05-04T18:33:49,32.47483475133777,-111.29544532857835,9.2268
2025-05-04T18:33:50,32.4748572986573,-111.2954377848655,7.9812
2025-05-04T18:33:51,32.474881103262305,-111.29544264636934,8.586
2025-05-04T18:33:52,32.47489451430738,-111.29544516094029,6.5952
2025-05-04T18:33:53,32.47491496615112,-111.2954446580261,7.1172
2025-05-04T18:33:54,32.474940698593855,-111.29544273018837,8.586
2025-05-04T18:33:55,32.4749624915421,-111.29543334245682,8.7732
2025-05-04T18:33:56,32.47498537413776,-111.29543158225715,9.0396
2025-05-04T18:33:57,32.475009597837925,-111.2954224459827,9.4068
2025-05-04T18:33:58,32.47503667138517,-111.29542135633528,9.918
2025-05-04T18:33:59,32.475064834579825,-111.29541750065982,10.7136
2025-05-04T18:34:00,32.475091237574816,-111.29541146568954,10.8216
2025-05-04T18:34:01,32.47511697001755,-111.29540484398603,10.4724
2025-05-04T18:34:02,32.475142953917384,-111.29539537243545,10.4364
2025-05-04T18:34:03,32.475169859826565,-111.29538875073195,10.5408
2025-05-04T18:34:04,32.47519416734576,-111.29537852481008,10.6056
2025-05-04T18:34:05,32.475224090740085,-111.29536930471659,11.480400000000001
2025-05-04T18:34:06,32.47524487785995,-111.29535698331892,10.519200000000001
2025-05-04T18:34:07,32.47526507824659,-111.29534181207418,9.140400000000001
2025-05-04T18:34:08,32.475268598645926,-111.29532060585916,7.322399999999999
2025-05-04T18:34:09,32.47526247985661,-111.29531180486083,4.5036
2025-05-04T18:34:10,32.475257366895676,-111.2953220307827,0.46080000000000004
2025-05-04T18:34:11,32.47525409795344,-111.2953325919807,0.3744
2025-05-04T18:34:12,32.475252421572804,-111.2953339330852,0.25200000000000006
2025-05-04T18:34:13,32.475251499563456,-111.29532974213362,0.9936000000000001
2025-05-04T18:34:14,32.475253930315375,-111.29532932303846,1.0008000000000001
2025-05-04T18:34:15,32.47525233775377,-111.295330747962,0.468
2025-05-04T18:34:16,32.475250074639916,-111.29532923921943,0.6732
2025-05-04T18:34:17,32.475250493735075,-111.29531985148787,1.9620000000000002
2025-05-04T18:34:18,32.475250912830234,-111.29532513208687,0.25200000000000006
2025-05-04T18:34:19,32.475250074639916,-111.29532513208687,0.2268
2025-05-04T18:34:20,32.47524789534509,-111.29532437771559,0.35640000000000005
2025-05-04T18:34:21,32.47524940408766,-111.29532446153462,0.4932
2025-05-04T18:34:22,32.47525066137314,-111.29531951621175,1.5336
2025-05-04T18:34:23,32.47525325976312,-111.29532286897302,0.2988
2025-05-04T18:34:24,32.47525158338249,-111.29532446153462,0.4464
2025-05-04T18:34:25,32.47525015845895,-111.29532094113529,0.756
2025-05-04T18:34:26,32.47525032609701,-111.29532328806818,0.2916
2025-05-04T18:34:27,32.47524973936379,-111.2953233718872,0.1512
2025-05-04T18:34:28,32.47525066137314,-111.29531180486083,3.0672
2025-05-04T18:34:29,32.475251415744424,-111.29529596306384,4.8744000000000005
2025-05-04T18:34:30,32.475258791819215,-111.29525891505182,8.4456
2025-05-04T18:34:31,32.475266670808196,-111.29523209296167,9.0612
2025-05-04T18:34:32,32.47527320869267,-111.29520242102444,10.0728
2025-05-04T18:34:33,32.47530992142856,-111.29518423229456,11.4228
2025-05-04T18:34:34,32.47537823393941,-111.2951888423413,18.954
2025-05-04T18:34:35,32.475451743230224,-111.29525061696768,26.784000000000002
2025-05-04T18:34:36,32.475517289713025,-111.29532211460173,30.967200000000002
2025-05-04T18:34:37,32.4756049644202,-111.29536335356534,33.894
2025-05-04T18:34:38,32.475707391276956,-111.29537978209555,37.1268
2025-05-04T18:34:39,32.475819205865264,-111.2953827995807,40.4964
2025-05-04T18:34:40,32.47593202628195,-111.29538506269455,42.9948
2025-05-04T18:34:41,32.476032776758075,-111.2953976355493,40.8312
2025-05-04T18:34:42,32.476105531677604,-111.29539344459772,33.083999999999996
2025-05-04T18:34:43,32.476164204999804,-111.29540434107184,28.9548
2025-05-04T18:34:44,32.47623863629997,-111.29539805464447,32.997600000000006
2025-05-04T18:34:45,32.47632413171232,-111.2954084482044,36.288000000000004
2025-05-04T18:34:46,32.47641264460981,-111.29536653868854,36.9036
2025-05-04T18:34:47,32.4764649476856,-111.29528875462711,34.146
2025-05-04T18:34:48,32.476473078131676,-111.29515355452895,36.1728
2025-05-04T18:34:49,32.47650048695505,-111.29504567943513,37.4652
2025-05-04T18:34:50,32.47650149278343,-111.29492439329624,38.4732
2025-05-04T18:34:51,32.476484812796116,-111.29481852985919,36.964800000000004
2025-05-04T18:34:52,32.47646058909595,-111.29472875967622,32.799600000000005
2025-05-04T18:34:53,32.4764181766659,-111.29465650767088,30.2436
2025-05-04T18:34:54,32.47632731683552,-111.29461350850761,32.0004
2025-05-04T18:34:55,32.47625917196274,-111.2946264166385,26.136
2025-05-04T18:34:56,32.47624567709863,-111.29464200697839,16.192800000000002
2025-05-04T18:34:57,32.47620997019112,-111.29460856318474,16.729200000000002
2025-05-04T18:34:58,32.4761626124382,-111.29455458372831,21.6504
2025-05-04T18:34:59,32.47613042593002,-111.29446498118341,26.694
2025-05-04T18:35:00,32.47613763436675,-111.29436842165887,28.458000000000002
2025-05-04T18:35:01,32.476164707913995,-111.29428435117006,28.476000000000003
2025-05-04T18:35:02,32.47617417946458,-111.29421243444085,27.2484
2025-05-04T18:35:03,32.47621516697109,-111.29412710666656,30.434400000000004
2025-05-04T18:35:04,32.476279539987445,-111.29402794875205,35.96040000000001
2025-05-04T18:35:05,32.47635304927826,-111.2939369212836,38.732400000000005
2025-05-04T18:35:06,32.47639060020447,-111.29383902065456,36.9072
2025-05-04T18:35:07,32.47639127075672,-111.29376232624054,29.4012
2025-05-04T18:35:08,32.47636226937175,-111.29371035844088,22.3668
2025-05-04T18:35:09,32.47635497711599,-111.29368177615106,15.354
2025-05-04T18:35:10,32.47635371983051,-111.29364707507193,12.276000000000002
2025-05-04T18:35:11,32.47637442313135,-111.29358454607427,15.5268
2025-05-04T18:35:12,32.47637014836073,-111.29352034069598,17.5716
2025-05-04T18:35:13,32.47635665349662,-111.29344817250967,20.628000000000004
2025-05-04T18:35:14,32.4763526301831,-111.29339151084423,19.9224
2025-05-04T18:35:15,32.47636268846691,-111.29331364296377,23.500799999999998
2025-05-04T18:35:16,32.476361179724336,-111.29321716725826,28.706400000000002
2025-05-04T18:35:17,32.476356234401464,-111.29310501739383,33.3648
2025-05-04T18:35:18,32.476349445059896,-111.29298825748265,36.7128
2025-05-04T18:35:19,32.47631901875138,-111.29289991222322,33.4044
2025-05-04T18:35:20,32.47624995186925,-111.29286177456379,28.368
2025-05-04T18:35:21,32.476172503083944,-111.29289370961487,25.686
2025-05-04T18:35:22,32.476101256906986,-111.29296294413507,28.9404
2025-05-04T18:35:23,32.47607594355941,-111.29302639514208,25.974
2025-05-04T18:35:24,32.476064125075936,-111.29311105236411,26.7588
2025-05-04T18:35:25,32.47606202960014,-111.29321641288698,31.0068
2025-05-04T18:35:26,32.47604928910732,-111.29331322386861,32.3712
2025-05-04T18:35:27,32.47603696770966,-111.29341397434473,33.8832
2025-05-04T18:35:28,32.47598575428128,-111.29348664544523,30.459600000000002
2025-05-04T18:35:29,32.47590310871601,-111.2935278005898,30.7728
2025-05-04T18:35:30,32.475804621353745,-111.29349016584456,31.885199999999998
2025-05-04T18:35:31,32.475736727938056,-111.29342411644757,31.0644
2025-05-04T18:35:32,32.47572381980717,-111.29331129603088,30.204000000000004
2025-05-04T18:35:33,32.475751396268606,-111.2931942846626,33.5628
2025-05-04T18:35:34,32.47576430439949,-111.29309479147196,33.742799999999995
2025-05-04T18:35:35,32.475760197266936,-111.29299060441554,34.344
2025-05-04T18:35:36,32.475752737373114,-111.29289831966162,32.4072
2025-05-04T18:35:37,32.47575759887695,-111.29281902685761,28.7136
2025-05-04T18:35:38,32.47574854642153,-111.29274643957615,25.8444
2025-05-04T18:35:39,32.47569783590734,-111.29271676763892,21.668400000000002
2025-05-04T18:35:40,32.475620387122035,-111.29272338934243,23.270400000000002
2025-05-04T18:35:41,32.475556852295995,-111.29276873543859,24.1884
2025-05-04T18:35:42,32.47551259584725,-111.2927888520062,21.488400000000002
2025-05-04T18:35:43,32.47548828832805,-111.29282841458917,17.9604
2025-05-04T18:35:44,32.47549935244024,-111.292909886688,20.124
2025-05-04T18:35:45,32.47551175765693,-111.293018264696,28.152
2025-05-04T18:35:46,32.47551309876144,-111.29311381839216,30.654000000000003
2025-05-04T18:35:47,32.47550287283957,-111.29317064769566,23.986800000000002
2025-05-04T18:35:48,32.47550228610635,-111.2932426482439,25.1568
2025-05-04T18:35:49,32.47549943625927,-111.29326712340117,18.1908
2025-05-04T18:35:50,32.475487031042576,-111.29333769902587,20.901600000000002
2025-05-04T18:35:51,32.47549884952605,-111.2933980487287,20.6208
2025-05-04T18:35:52,32.47549993917346,-111.29345118999481,19.5336
2025-05-04T18:35:53,32.47546381317079,-111.29348513670266,17.604
2025-05-04T18:35:54,32.475373204797506,-111.29349829629064,24.1308
2025-05-04T18:35:55,32.47526926919818,-111.29346988163888,31.8564
2025-05-04T18:35:56,32.47520045377314,-111.29344867542386,30.153599999999997
2025-05-04T18:35:57,32.47515561059117,-111.29340810701251,24.12
2025-05-04T18:35:58,32.47515653260052,-111.29335203208029,17.3808
2025-05-04T18:35:59,32.47515167109668,-111.29329587332904,18.018
2025-05-04T18:36:00,32.475139098241925,-111.29323108121753,20.5956
2025-05-04T18:36:01,32.475141948089004,-111.29317877814174,17.7696
2025-05-04T18:36:02,32.475127866491675,-111.29314466379583,14.806800000000003
2025-05-04T18:36:03,32.47511671856046,-111.29310401156545,15.184800000000001
2025-05-04T18:36:04,32.475105319172144,-111.29303217865527,19.1016
2025-05-04T18:36:05,32.475098529830575,-111.29299873486161,16.1388
2025-05-04T18:36:06,32.47508738189936,-111.29293788224459,18.748800000000003
2025-05-04T18:36:07,32.47505385428667,-111.29285708069801,24.1776
2025-05-04T18:36:08,32.474993420764804,-111.29282204434276,23.1372
2025-05-04T18:36:09,32.47493374161422,-111.29281617701054,21.509999999999998
2025-05-04T18:36:10,32.474896190688014,-111.2928319349885,16.981199999999998
2025-05-04T18:36:11,32.47489015571773,-111.29281693138182,10.656
2025-05-04T18:36:12,32.4748623277992,-111.29278868436813,11.9556
2025-05-04T18:36:13,32.474823435768485,-111.29277552478015,14.2056
2025-05-04T18:36:14,32.47478311881423,-111.29276739433408,15.1956
2025-05-04T18:36:15,32.474738443270326,-111.29275691695511,16.721999999999998
2025-05-04T18:36:16,32.474707094952464,-111.29275943152606,14.529599999999999
2025-05-04T18:36:17,32.47465026564896,-111.29276219755411,19.209600000000002
2025-05-04T18:36:18,32.47457139194012,-111.29276487976313,25.700400000000002
2025-05-04T18:36:19,32.47450123541057,-111.29276831634343,26.9172
2025-05-04T18:36:20,32.47443954460323,-111.29276990890503,26.298
2025-05-04T18:36:21,32.474374417215586,-111.29276622086763,26.6292
2025-05-04T18:36:22,32.47428825125098,-111.29276546649635,30.524399999999996
2025-05-04T18:36:23,32.47420501895249,-111.2927627004683,31.122
2025-05-04T18:36:24,32.474164282903075,-111.2927695736289,22.4712
2025-05-04T18:36:25,32.47412555851042,-111.29278407432139,19.7316
2025-05-04T18:36:26,32.47411080636084,-111.29277904517949,14.432400000000001
2025-05-04T18:36:27,32.47407509945333,-111.29277518950403,14.7816
2025-05-04T18:36:28,32.47402581386268,-111.29276890307665,17.226000000000003
2025-05-04T18:36:29,32.473969319835305,-111.29275892861187,20.5524
2025-05-04T18:36:30,32.47391198761761,-111.29278047010303,22.6152
2025-05-04T18:36:31,32.473867731168866,-111.29282305017114,21.636
2025-05-04T18:36:32,32.47385079972446,-111.2928800471127,19.4688
2025-05-04T18:36:33,32.47385113500059,-111.29293846897781,18.5148
2025-05-04T18:36:34,32.473867144435644,-111.29299303516746,18.3348
2025-05-04T18:36:35,32.47388751246035,-111.29303687252104,16.8948
2025-05-04T18:36:36,32.47390846721828,-111.2930785305798,16.470000000000002
2025-05-04T18:36:37,32.47394626960158,-111.29310032352805,15.803999999999998
2025-05-04T18:36:38,32.473979042842984,-111.29311239346862,14.724
2025-05-04T18:36:39,32.47403805144131,-111.29312203265727,19.1628
2025-05-04T18:36:40,32.474113991484046,-111.29313862882555,24.811200000000003
2025-05-04T18:36:41,32.47420443221927,-111.29314508289099,30.258
2025-05-04T18:36:42,32.47429210692644,-111.29314843565226,32.814
2025-05-04T18:36:43,32.47437651269138,-111.29316410981119,33.019200000000005
2025-05-04T18:36:44,32.474425714462996,-111.29321004264057,25.6284
2025-05-04T18:36:45,32.47444692067802,-111.29322035238147,17.085600000000003
2025-05-04T18:36:46,32.47451129369438,-111.29319839179516,21.290399999999998
2025-05-04T18:36:47,32.47456720098853,-111.29316402599216,23.979599999999998
2025-05-04T18:36:48,32.474661245942116,-111.29316302016377,29.926800000000004
2025-05-04T18:36:49,32.47474271804094,-111.2931839749217,32.065200000000004
2025-05-04T18:36:50,32.4748242739588,-111.29321649670601,33.443999999999996
2025-05-04T18:36:51,32.47487205080688,-111.29327173344791,30.006000000000004
2025-05-04T18:36:52,32.474895268678665,-111.29334566183388,26.7912
2025-05-04T18:36:53,32.47491421177983,-111.29340768791735,25.012800000000002
2025-05-04T18:36:54,32.47492762282491,-111.29348488524556,26.416800000000002
2025-05-04T18:36:55,32.47498746961355,-111.2935743201524,32.8284
2025-05-04T18:36:56,32.47502535581589,-111.29364162683487,29.8044
2025-05-04T18:36:57,32.475031642243266,-111.29367691464722,19.7604
2025-05-04T18:36:58,32.47500825673342,-111.29369828850031,12.844800000000001
2025-05-04T18:36:59,32.47498554177582,-111.29373508505523,13.698
2025-05-04T18:37:00,32.47493650764227,-111.29375545307994,16.869600000000002
2025-05-04T18:37:01,32.474857131019235,-111.29375922493637,23.5332
2025-05-04T18:37:02,32.47478253208101,-111.29373650997877,25.9632
2025-05-04T18:37:03,32.47473039664328,-111.2936728913337,26.4276
2025-05-04T18:37:04,32.474680691957474,-111.29359049722552,29.8512
2025-05-04T18:37:05,32.47461003251374,-111.29355881363153,29.257200000000005
2025-05-04T18:37:06,32.474509784951806,-111.29359091632068,32.3424
2025-05-04T18:37:07,32.474430995061994,-111.29362838342786,31.95
2025-05-04T18:37:08,32.47438791207969,-111.29363341256976,23.4576
2025-05-04T18:37:09,32.47433208860457,-111.29362997598946,23.3496
2025-05-04T18:37:10,32.47430677525699,-111.2936070933938,18.064799999999998
2025-05-04T18:37:11,32.47426562011242,-111.2935983762145,17.136
2025-05-04T18:37:12,32.474214155226946,-111.29359443672001,19.3644
2025-05-04T18:37:13,32.47414458543062,-111.29360080696642,23.947200000000002
2025-05-04T18:37:14,32.47405397705734,-111.29358949139714,30.160800000000002
2025-05-04T18:37:15,32.47396764345467,-111.29360784776509,31.9248
2025-05-04T18:37:16,32.47390444390476,-111.29366610199213,30.6036
2025-05-04T18:37:17,32.4738659709692,-111.29375386051834,29.131200000000003
2025-05-04T18:37:18,32.47387267649174,-111.29384798929095,28.000799999999998
2025-05-04T18:37:19,32.47391056269407,-111.29394806921482,30.6288
2025-05-04T18:37:20,32.47396462596953,-111.29402694292367,31.482
2025-05-04T18:37:21,32.474030340090394,-111.29406868480146,29.430000000000003
2025-05-04T18:37:22,32.47410393320024,-111.29406499676406,27.1368
2025-05-04T18:37:23,32.474193619564176,-111.29406633786857,30.564
2025-05-04T18:37:24,32.47427685186267,-111.29406977444887,32.0724
2025-05-04T18:37:25,32.4743617605418,-111.29407555796206,33.260400000000004
2025-05-04T18:37:26,32.474452620372176,-111.29406868480146,34.056000000000004
2025-05-04T18:37:27,32.47452671639621,-111.29407530650496,29.8404
2025-05-04T18:37:28,32.47455689124763,-111.29408159293234,19.7604
2025-05-04T18:37:29,32.47454574331641,-111.29408502951264,7.9272
2025-05-04T18:37:30,32.47456669807434,-111.29407765343785,7.4484
2025-05-04T18:37:31,32.47460919432342,-111.2940836045891,11.7936
2025-05-04T18:37:32,32.47463962063193,-111.29409458488226,12.2796
2025-05-04T18:37:33,32.4746810272336,-111.29409852437675,14.292000000000002
2025-05-04T18:37:34,32.474715979769826,-111.29410053603351,14.129999999999999
2025-05-04T18:37:35,32.474747160449624,-111.29409517161548,13.068
2025-05-04T18:37:36,32.474783873185515,-111.29409005865455,13.6296
2025-05-04T18:37:37,32.47482553124428,-111.29409466870129,15.868800000000002
2025-05-04T18:37:38,32.47489300556481,-111.29410690627992,21.8124
2025-05-04T18:37:39,32.474976908415556,-111.29413523711264,28.6632
2025-05-04T18:37:40,32.47505871579051,-111.29415082745254,30.3804
2025-05-04T18:37:41,32.47511386871338,-111.29415208473802,24.771600000000003
2025-05-04T18:37:42,32.47513968497515,-111.2941285315901,17.485200000000003
2025-05-04T18:37:43,32.47515552677214,-111.29408134147525,16.6752
2025-05-04T18:37:44,32.4751871265471,-111.29400439560413,23.029200000000003
2025-05-04T18:37:45,32.47523406520486,-111.2939234264195,28.515600000000003
2025-05-04T18:37:46,32.475279746577144,-111.2938486598432,29.3904
2025-05-04T18:37:47,32.47532651759684,-111.29380960017443,25.290000000000003
2025-05-04T18:37:48,32.47537965886295,-111.29376861266792,25.1964
2025-05-04T18:37:49,32.475398518145084,-111.29379484802485,14.652000000000001
2025-05-04T18:37:50,32.47543020173907,-111.29384304396808,15.012
2025-05-04T18:37:51,32.47544487006962,-111.29390087909997,16.8948
2025-05-04T18:37:52,32.47545216232538,-111.29393381997943,14.4396
2025-05-04T18:37:53,32.47545903548598,-111.29396525211632,13.2696
2025-05-04T18:37:54,32.47548786923289,-111.2940098438412,15.483600000000001
2025-05-04T18:37:55,32.47554721310735,-111.29403859376907,18.770400000000002
2025-05-04T18:37:56,32.47563438490033,-111.29399291239679,25.5348
2025-05-04T18:37:57,32.475698590278625,-111.29390356130898,31.082400000000003
2025-05-04T18:37:58,32.475759694352746,-111.29383600316942,32.166000000000004
2025-05-04T18:37:59,32.475832952186465,-111.29380834288895,30.585600000000003
2025-05-04T18:38:00,32.47588508762419,-111.29382041282952,22.266
2025-05-04T18:38:01,32.475928673520684,-111.29387590102851,19.526400000000002
2025-05-04T18:38:02,32.47594275511801,-111.2939350772649,18.5076
2025-05-04T18:38:03,32.4759123288095,-111.29407756961882,25.797600000000003
2025-05-04T18:38:04,32.47590537182987,-111.29415074363351,23.0796
2025-05-04T18:38:05,32.47590000741184,-111.29416801035404,13.0536
2025-05-04T18:38:06,32.47591031715274,-111.2942032981664,13.406400000000001
2025-05-04T18:38:07,32.47590998187661,-111.2942775618285,19.9512
2025-05-04T18:38:08,32.475913502275944,-111.29437797702849,26.6616
2025-05-04T18:38:09,32.47591869905591,-111.29446975886822,28.980000000000004
2025-05-04T18:38:10,32.47593009844422,-111.29456346854568,30.1788
2025-05-04T18:38:11,32.47597292996943,-111.29467545077205,34.5132
2025-05-04T18:38:12,32.476040069013834,-111.29477486014366,37.692
2025-05-04T18:38:13,32.47609790414572,-111.29485323093832,36.414
2025-05-04T18:38:14,32.47612254694104,-111.2949559930712,35.622
2025-05-04T18:38:15,32.47609279118478,-111.29507275298238,35.769600000000004
2025-05-04T18:38:16,32.47603545896709,-111.29515581764281,32.328
2025-05-04T18:38:17,32.475970247760415,-111.29518523812294,27.198
2025-05-04T18:38:18,32.475896906107664,-111.29515757784247,25.2288
2025-05-04T18:38:19,32.475833874195814,-111.29511692561209,26.7876
2025-05-04T18:38:20,32.475767405703664,-111.2950595933944,29.538
2025-05-04T18:38:21,32.47570663690567,-111.29500670358539,30.1284
2025-05-04T18:38:22,32.47564611956477,-111.29493059590459,32.67
2025-05-04T18:38:23,32.47558543458581,-111.29484510049224,35.3196
2025-05-04T18:38:24,32.47553606517613,-111.29478299058974,30.9708
2025-05-04T18:38:25,32.47552827000618,-111.294746696949,21.4452
2025-05-04T18:38:26,32.475512847304344,-111.29472272470593,14.738400000000002
2025-05-04T18:38:27,32.47546900995076,-111.29472188651562,14.018400000000002
2025-05-04T18:38:28,32.47541352175176,-111.29469405859709,21.049200000000003
2025-05-04T18:38:29,32.47540078125894,-111.29463882185519,20.8224
2025-05-04T18:38:30,32.47533624060452,-111.2945812381804,26.841600000000003
2025-05-04T18:38:31,32.475254433229566,-111.29453002475202,32.662800000000004
2025-05-04T18:38:32,32.475174302235246,-111.29450471140444,34.0704
2025-05-04T18:38:33,32.47508302330971,-111.29450471140444,35.478
2025-05-04T18:38:34,32.47499358840287,-111.29451611079276,35.4024
2025-05-04T18:38:35,32.474902058020234,-111.29453371278942,35.5932
2025-05-04T18:38:36,32.47481404803693,-111.29456967115402,35.686800000000005
2025-05-04T18:38:37,32.47478554956615,-111.29463882185519,28.267200000000003
2025-05-04T18:38:38,32.474798038601875,-111.29473764449358,26.5788
2025-05-04T18:38:39,32.47482703998685,-111.29483965225518,29.9556
2025-05-04T18:38:40,32.474836092442274,-111.29493889398873,31.903200000000002
2025-05-04T18:38:41,32.47482310049236,-111.2950511276722,34.6176
2025-05-04T18:38:42,32.47481974773109,-111.29515305161476,34.0164
2025-05-04T18:38:43,32.47487590648234,-111.29521206021309,28.8216
2025-05-04T18:38:44,32.47496718540788,-111.29521884955466,28.119600000000002
2025-05-04T18:38:45,32.475082352757454,-111.29516512155533,34.4916
2025-05-04T18:38:46,32.47518125921488,-111.29515171051025,36.745200000000004
2025-05-04T18:38:47,32.475270023569465,-111.29516436718404,35.571600000000004
2025-05-04T18:38:48,32.47537965886295,-111.29519420675933,38.6424
2025-05-04T18:38:49,32.475477224215865,-111.29525455646217,40.0356
2025-05-04T18:38:50,32.47557319700718,-111.29534499719739,44.3376
2025-05-04T18:38:51,32.4756689183414,-111.29539394751191,43.1568
2025-05-04T18:38:52,32.47580043040216,-111.29537634551525,45.2016
2025-05-04T18:38:53,32.475908137857914,-111.295359833166,44.0892
2025-05-04T18:38:54,32.47601500712335,-111.29537047818303,42.7032
2025-05-04T18:38:55,32.47608960606158,-111.29539704881608,34.5024
2025-05-04T18:38:56,32.47612673789263,-111.29542621783912,24.552000000000003
2025-05-04T18:38:57,32.47620552778244,-111.29546066746116,31.035600000000002
2025-05-04T18:38:58,32.47625824995339,-111.29544666968286,29.152800000000003
2025-05-04T18:38:59,32.47636780142784,-111.29540191031992,35.64
2025-05-04T18:39:00,32.476436868309975,-111.2953460868448,32.9688
2025-05-04T18:39:01,32.47647534124553,-111.29522136412561,35.7804
2025-05-04T18:39:02,32.47650006785989,-111.2950994912535,38.0268
2025-05-04T18:39:03,32.47651096433401,-111.2949787080288,39.2436
2025-05-04T18:39:04,32.4765149038285,-111.2948592659086,39.474000000000004
2025-05-04T18:39:05,32.47650392353535,-111.29475952126086,35.5068
2025-05-04T18:39:06,32.47646897099912,-111.29466799087822,32.8896
2025-05-04T18:39:07,32.47637735679746,-111.2946211360395,31.910400000000003
2025-05-04T18:39:08,32.47627845034003,-111.29463865421712,29.7576
2025-05-04T18:39:09,32.47623587027192,-111.29465357400477,22.392
2025-05-04T18:39:10,32.47623201459646,-111.29462700337172,14.3028
2025-05-04T18:39:11,32.47618013061583,-111.29456388764083,20.242800000000003
2025-05-04T18:39:12,32.4761404003948,-111.29446975886822,27.0756
2025-05-04T18:39:13,32.47614475898445,-111.29437412135303,28.8
2025-05-04T18:39:14,32.47616143897176,-111.29428108222783,30.1176
2025-05-04T18:39:15,32.476180298253894,-111.29419734701514,29.5632
2025-05-04T18:39:16,32.47621223330498,-111.29409726709127,32.5404
2025-05-04T18:39:17,32.476287418976426,-111.29400188103318,37.3464
2025-05-04T18:39:18,32.47635539621115,-111.29390473477542,40.2012
2025-05-04T18:39:19,32.476395294070244,-111.293800547719,38.754000000000005
2025-05-04T18:39:20,32.47638716362417,-111.29370809532702,31.8024
2025-05-04T18:39:21,32.47635371983051,-111.29367037676275,21.0348
2025-05-04T18:39:22,32.47633553110063,-111.2936311494559,17.200799999999997
2025-05-04T18:39:23,32.47635891661048,-111.29356250166893,19.6056
2025-05-04T18:39:24,32.47636252082884,-111.29348463378847,23.022
2025-05-04T18:39:25,32.47635405510664,-111.29340752027929,24.3576
2025-05-04T18:39:26,32.476349864155054,-111.293327473104,26.0964
2025-05-04T18:39:27,32.47635598294437,-111.29323778674006,29.073600000000003
2025-05-04T18:39:28,32.47637216001749,-111.29312664270401,33.714
2025-05-04T18:39:29,32.47637199237943,-111.29301046952605,36.583200000000005
2025-05-04T18:39:30,32.476340141147375,-111.29291743040085,34.5276
2025-05-04T18:39:31,32.476270236074924,-111.2928750179708,29.545200000000005
2025-05-04T18:39:32,32.476188680157065,-111.29288750700653,26.992800000000003
2025-05-04T18:39:33,32.47611181810498,-111.29294358193874,28.7532
2025-05-04T18:39:34,32.47607175260782,-111.29300351254642,26.3016
2025-05-04T18:39:35,32.476054737344384,-111.29308816976845,26.305200000000003
2025-05-04T18:39:36,32.476051887497306,-111.29318690858781,29.3796
2025-05-04T18:39:37,32.47606228105724,-111.29328589886427,31.4964
2025-05-04T18:39:38,32.47604576870799,-111.29338279366493,32.6304
2025-05-04T18:39:39,32.47601299546659,-111.2934760004282,32.7708
2025-05-04T18:39:40,32.47595490887761,-111.29354355856776,29.3328
2025-05-04T18:39:41,32.4758692458272,-111.29356602206826,29.0268
2025-05-04T18:39:42,32.47580990195274,-111.29357507452369,24.9552
2025-05-04T18:39:43,32.475766483694315,-111.29358538426459,21.4344
2025-05-04T18:39:45,32.47577050700784,-111.29323812201619,34.5816
2025-05-04T18:39:46,32.475760113447905,-111.29309931769967,35.046
2025-05-04T18:39:47,32.47574754059315,-111.29299244843423,32.6016
2025-05-04T18:39:48,32.47575198300183,-111.29289169795811,30.650399999999998
2025-05-04T18:39:49,32.475764974951744,-111.29281114786863,27.3528
2025-05-04T18:39:50,32.47573538683355,-111.2927452661097,24.084000000000003
2025-05-04T18:39:51,32.47567285783589,-111.29271224141121,22.7592
2025-05-04T18:39:52,32.47560010291636,-111.29273344762623,23.112000000000002
2025-05-04T18:39:53,32.47554779984057,-111.292759263888,23.0544
2025-05-04T18:39:54,32.47548560611904,-111.29277963191271,23.5584
2025-05-04T18:39:55,32.47546616010368,-111.29284551367164,20.6892
2025-05-04T18:39:56,32.47548183426261,-111.29295028746128,25.221600000000002
2025-05-04T18:39:57,32.4755048006773,-111.29306369461119,30.675600000000003
2025-05-04T18:39:58,32.47550630941987,-111.29315715283155,29.772
2025-05-04T18:39:59,32.47549071907997,-111.2931982241571,19.926000000000002
2025-05-04T18:40:00,32.47549004852772,-111.29322789609432,14.544
2025-05-04T18:40:01,32.475495832040906,-111.29328045062721,18.3384
2025-05-04T18:40:02,32.475502621382475,-111.29333417862654,18.1584
2025-05-04T18:40:03,32.47551083564758,-111.29338648170233,18.7812
2025-05-04T18:40:04,32.47550077736378,-111.29342998377979,16.282799999999998
2025-05-04T18:40:05,32.47544386424124,-111.29349519498646,23.652
2025-05-04T18:40:06,32.47532995417714,-111.29347985610366,28.008000000000003
2025-05-04T18:40:07,32.4752354901284,-111.2934620026499,32.1084
2025-05-04T18:40:08,32.475164998322725,-111.29342537373304,30.1068
2025-05-04T18:40:09,32.47514069080353,-111.29338765516877,21.8232
2025-05-04T18:40:10,32.47514186426997,-111.29335287027061,15.033600000000002
2025-05-04T18:40:11,32.475129291415215,-111.29330283030868,16.5744
2025-05-04T18:40:12,32.47513088397682,-111.29322429187596,21.038400000000003
2025-05-04T18:40:13,32.475130716338754,-111.29315421916544,21.6432
2025-05-04T18:40:14,32.47512258589268,-111.29313988611102,14.353200000000001
2025-05-04T18:40:15,32.47511059977114,-111.29309009760618,15.224400000000001
2025-05-04T18:40:16,32.475097021088004,-111.29303653724492,16.182000000000002
2025-05-04T18:40:17,32.47508461587131,-111.2929579988122,21.834000000000003
2025-05-04T18:40:18,32.47504790313542,-111.29288013093174,26.4528
2025-05-04T18:40:19,32.47498101554811,-111.29282757639885,27.8424
2025-05-04T18:40:20,32.47491270303726,-111.29282372072339,24.984
2025-05-04T18:40:21,32.47488462366164,-111.29283361136913,17.665200000000002
2025-05-04T18:40:22,32.47487498447299,-111.2928298395127,10.4544
2025-05-04T18:40:23,32.47484422288835,-111.29280360415578,11.9484
2025-05-04T18:40:24,32.474809270352125,-111.29278742708266,13.3596
2025-05-04T18:40:25,32.474764762446284,-111.29278055392206,14.9436
2025-05-04T18:40:26,32.47472737915814,-111.2927711661905,15.296399999999998
2025-05-04T18:40:27,32.474678847938776,-111.29276379011571,18.0828
2025-05-04T18:40:28,32.47460927814245,-111.29277016036212,23.1768
2025-05-04T18:40:29,32.47452914714813,-111.29277770407498,27.1296
2025-05-04T18:40:30,32.474447255954146,-111.29277887754142,29.4444
2025-05-04T18:40:31,32.47438916936517,-111.29277259111404,27.2952
2025-05-04T18:40:32,32.47431415133178,-111.29277032800019,28.407600000000002
2025-05-04T18:40:33,32.474231673404574,-111.29274878650904,30.1176
2025-05-04T18:40:34,32.474179957062006,-111.2927436735481,24.0876
2025-05-04T18:40:35,32.47415623627603,-111.29274995997548,16.3512
2025-05-04T18:40:36,32.474162774160504,-111.29274803213775,7.599600000000001
2025-05-04T18:40:37,32.47412002645433,-111.29274560138583,11.97
2025-05-04T18:40:38,32.47408524155617,-111.2927399855107,14.5224
2025-05-04T18:40:39,32.47402874752879,-111.29274358972907,18.748800000000003
2025-05-04T18:40:40,32.47395188547671,-111.29275817424059,24.9588
2025-05-04T18:40:41,32.47390259988606,-111.29279077984393,23.0544
2025-05-04T18:40:42,32.473890613764524,-111.29285716451705,20.1924
2025-05-04T18:40:43,32.47388063929975,-111.2929215375334,19.1664
2025-05-04T18:40:44,32.473868653178215,-111.29296084865928,16.192800000000002
2025-05-04T18:40:45,32.47387192212045,-111.2929992377758,14.6988
2025-05-04T18:40:46,32.47389673255384,-111.29304206930101,14.817599999999999
2025-05-04T18:40:47,32.473924392834306,-111.29308548755944,15.7824
2025-05-04T18:40:48,32.47395490296185,-111.29310417920351,13.7592
2025-05-04T18:40:49,32.47400569729507,-111.29311264492571,16.4628
2025-05-04T18:40:50,32.47407023794949,-111.29313385114074,21.7836
2025-05-04T18:40:51,32.4741492792964,-111.2931514531374,26.3484
2025-05-04T18:40:52,32.47423133812845,-111.29314994439483,28.548
2025-05-04T18:40:53,32.474291352555156,-111.29313535988331,26.1144
2025-05-04T18:40:54,32.474340638145804,-111.29315656609833,22.9536
2025-05-04T18:40:55,32.474380787461996,-111.29320702515543,20.8116
2025-05-04T18:40:56,32.474403670057654,-111.29321926273406,14.76
2025-05-04T18:40:57,32.47442303225398,-111.29321666434407,11.7144
2025-05-04T18:40:58,32.47446586377919,-111.29318724386394,15.5484
2025-05-04T18:40:59,32.47455747798085,-111.29318137653172,26.1504
2025-05-04T18:41:00,32.47465621680021,-111.29319830797613,32.7384
2025-05-04T18:41:01,32.474731989204884,-111.29322001710534,31.982400000000002
2025-05-04T18:41:02,32.47479535639286,-111.2932465877384,27.7092
2025-05-04T18:41:03,32.47481773607433,-111.29325890913606,17.6076
2025-05-04T18:41:04,32.47483181767166,-111.29328791052103,12.9708
2025-05-04T18:41:05,32.474834164604545,-111.2932960409671,9.0828
2025-05-04T18:41:06,32.474859645590186,-111.29335027188063,15.8256
2025-05-04T18:41:07,32.47489401139319,-111.29343199543655,24.458399999999997
2025-05-04T18:41:08,32.474955366924405,-111.29353987053037,34.2504
2025-05-04T18:41:09,32.47500599361956,-111.29362880252302,34.578
2025-05-04T18:41:10,32.475023344159126,-111.29367875866592,24.9876
2025-05-04T18:41:11,32.4750195723027,-111.29366517998278,11.25
2025-05-04T18:41:12,32.47500993311405,-111.29367641173303,6.066000000000001
2025-05-04T18:41:13,32.47499132528901,-111.29371555522084,10.3932
2025-05-04T18:41:14,32.47494581155479,-111.29373860545456,15.228000000000002
2025-05-04T18:41:15,32.4748760741204,-111.29374925047159,20.750400000000003
2025-05-04T18:41:16,32.47480080462992,-111.29374120384455,24.0948
2025-05-04T18:41:17,32.47475336305797,-111.29366467706859,24.811200000000003
2025-05-04T18:41:18,32.47471187263727,-111.29358060657978,27.5868
2025-05-04T18:41:19,32.474639201536775,-111.29353802651167,29.613600000000005
2025-05-04T18:41:20,32.47454205527902,-111.29355990327895,31.946400000000004
2025-05-04T18:41:21,32.47444809414446,-111.29361472092569,35.0676
2025-05-04T18:41:22,32.47438497841358,-111.29364707507193,29.1672
2025-05-04T18:41:23,32.474345499649644,-111.29365327768028,23.767200000000003
2025-05-04T18:41:24,32.4743081163615,-111.29365931265056,21.6792
2025-05-04T18:41:25,32.47428858652711,-111.29368554800749,15.760800000000001
2025-05-04T18:41:26,32.47427626512945,-111.29368127323687,11.376000000000001
2025-05-04T18:41:27,32.47418641112745,-111.2936414591968,20.282400000000003
2025-05-04T18:41:28,32.47410058043897,-111.29361941479146,27.8784
2025-05-04T18:41:29,32.47399982996285,-111.29363475367427,33.7824
2025-05-04T18:41:30,32.473919531330466,-111.29368102177978,34.1028
2025-05-04T18:41:31,32.473860774189234,-111.29376081749797,32.5944
2025-05-04T18:41:32,32.47384736314416,-111.29387548193336,33.166799999999995
2025-05-04T18:41:33,32.47388457879424,-111.29397505894303,33.3108
2025-05-04T18:41:34,32.47394417412579,-111.29404638893902,31.572
2025-05-04T18:41:35,32.474013241007924,-111.29407782107592,28.89
2025-05-04T18:41:36,32.47409571893513,-111.29407958127558,28.6632
2025-05-04T18:41:37,32.47417660430074,-111.29407530650496,29.707200000000004
2025-05-04T18:41:38,32.474253633990884,-111.29408276639879,30.7404
2025-05-04T18:41:39,32.47433644719422,-111.29408771172166,32.2704
2025-05-04T18:41:40,32.47443040832877,-111.29409064538777,34.308
2025-05-04T18:41:41,32.47451062314212,-111.29408335313201,32.0508
2025-05-04T18:41:42,32.47454666532576,-111.29409458488226,21.9996
2025-05-04T18:41:43,32.4745462462306,-111.29409584216774,11.6676
2025-05-04T18:41:44,32.47455085627735,-111.2940923217684,6.6204
2025-05-04T18:41:45,32.4746049195528,-111.29409768618643,12.8664
2025-05-04T18:41:46,32.47464397922158,-111.29410891793668,14.472
2025-05-04T18:41:47,32.474679434672,-111.29410774447024,14.418
2025-05-04T18:41:48,32.47471413575113,-111.29410154186189,13.8348
2025-05-04T18:41:49,32.474748250097036,-111.29410430788994,13.104000000000001
2025-05-04T18:41:50,32.47479091398418,-111.29410858266056,13.194
2025-05-04T18:41:51,32.4748345836997,-111.29410363733768,15.112800000000002
2025-05-04T18:41:52,32.47489308938384,-111.29410673864186,19.4616
2025-05-04T18:41:53,32.47497456148267,-111.2941271904856,25.9344
2025-05-04T18:41:54,32.47505670413375,-111.29415434785187,29.430000000000003
2025-05-04T18:41:55,32.47512174770236,-111.29416935145855,27.288
2025-05-04T18:41:56,32.47516918927431,-111.29415275529027,21.8412
2025-05-04T18:41:57,32.47518922202289,-111.29410581663251,17.9676
2025-05-04T18:41:58,32.47521067969501,-111.29404412582517,20.134800000000002
2025-05-04T18:41:59,32.475249487906694,-111.29397329874337,24.9084
2025-05-04T18:42:00,32.47529064305127,-111.29389626905322,27.9288
2025-05-04T18:42:01,32.475340934470296,-111.29385586827993,25.030800000000003
2025-05-04T18:42:02,32.47537228278816,-111.29383114166558,20.4156
2025-05-04T18:42:03,32.475402960553765,-111.29382753744721,15.2892
2025-05-04T18:42:04,32.47544369660318,-111.29384061321616,14.277600000000001
2025-05-04T18:42:05,32.475453754886985,-111.29390456713736,14.346
2025-05-04T18:42:06,32.47546875849366,-111.29392770119011,12.5532
2025-05-04T18:42:07,32.4754857737571,-111.29394396208227,10.8108
2025-05-04T18:42:08,32.47550739906728,-111.29398067481816,13.3632
2025-05-04T18:42:09,32.475541010499,-111.29403649829328,18.6048
2025-05-04T18:42:10,32.47560488060117,-111.29405410028994,21.297600000000003
2025-05-04T18:42:11,32.47568056918681,-111.2939990311861,25.541999999999998
2025-05-04T18:42:12,32.47574971988797,-111.29392459988594,30.9852
2025-05-04T18:42:13,32.475809063762426,-111.29385896958411,31.982400000000002
2025-05-04T18:42:14,32.47587678954005,-111.2938372604549,28.404
2025-05-04T18:42:15,32.47592490166426,-111.29385570064187,21.4056
2025-05-04T18:42:16,32.4759778752923,-111.29388964734972,20.901600000000002
2025-05-04T18:42:17,32.47598407790065,-111.29399366676807,24.505200000000002
2025-05-04T18:42:18,32.47596329078078,-111.29409123212099,27.741600000000002
2025-05-04T18:42:19,32.4759556632489,-111.29413817077875,21.474
2025-05-04T18:42:20,32.47596018947661,-111.29415753297508,13.3956
2025-05-04T18:42:21,32.47596127912402,-111.2941583711654,8.118
2025-05-04T18:42:22,32.475972259417176,-111.29420740529895,13.0068
2025-05-04T18:42:23,32.475975109264255,-111.29431310109794,23.9292
2025-05-04T18:42:24,32.47597150504589,-111.2944237422198,30.513600000000004
2025-05-04T18:42:25,32.47597008012235,-111.29451946355402,31.626
2025-05-04T18:42:26,32.47598810121417,-111.29461878910661,32.3532
2025-05-04T18:42:27,32.47605146840215,-111.29471635445952,35.064
2025-05-04T18:42:28,32.476121205836535,-111.29480922594666,38.120400000000004
2025-05-04T18:42:29,32.47616982087493,-111.29490628838539,37.746
2025-05-04T18:42:30,32.47618708759546,-111.29501843824983,37.188
2025-05-04T18:42:31,32.47613998129964,-111.295127235353,36.324
2025-05-04T18:42:32,32.47607787139714,-111.29520066082478,32.997600000000006
2025-05-04T18:42:33,32.47597150504589,-111.29518657922745,31.5
2025-05-04T18:42:34,32.4758914578706,-111.29511399194598,32.4936
2025-05-04T18:42:35,32.47583127580583,-111.29505825228989,31.7052
2025-05-04T18:42:36,32.47576950117946,-111.29499647766352,32.598
2025-05-04T18:42:37,32.4757035356015,-111.29492531530559,34.3656
2025-05-04T18:42:38,32.475642347708344,-111.29484375938773,35.68320000000001
2025-05-04T18:42:39,32.475602785125375,-111.29477703943849,30.0924
2025-05-04T18:42:40,32.47558459639549,-111.2947506364435,21.369600000000002
2025-05-04T18:42:41,32.47555986978114,-111.29472808912396,16.520400000000002
2025-05-04T18:42:42,32.475504549220204,-111.29468869417906,20.271600000000003
2025-05-04T18:42:43,32.47545937076211,-111.29465281963348,21.726000000000003
2025-05-04T18:42:44,32.475394578650594,-111.29458769224584,28.6236
2025-05-04T18:42:45,32.47531863860786,-111.29453572444618,32.526
2025-05-04T18:42:46,32.475230963900685,-111.2945032864809,34.524
2025-05-04T18:42:47,32.475139601156116,-111.29449339583516,35.071200000000005
2025-05-04T18:42:48,32.47504689730704,-111.29449959844351,36.0972
2025-05-04T18:42:49,32.47495109215379,-111.2945188768208,37.134
2025-05-04T18:42:50,32.474875738844275,-111.29455483518541,34.0812
2025-05-04T18:42:51,32.474834667518735,-111.2946467846632,30.869999999999997
2025-05-04T18:42:52,32.47485310770571,-111.29476128146052,31.525199999999998
2025-05-04T18:42:53,32.474883953109384,-111.29487418569624,35.330400000000004
2025-05-04T18:42:54,32.47487758286297,-111.29497493617237,34.9416
2025-05-04T18:42:55,32.474862579256296,-111.29508012905717,35.5932
2025-05-04T18:42:56,32.47489116154611,-111.29516931250691,33.102000000000004
2025-05-04T18:42:57,32.47497179545462,-111.29520954564214,30.002399999999998
2025-05-04T18:42:58,32.47508595697582,-111.29519579932094,34.344
2025-05-04T18:42:59,32.47519341297448,-111.29513821564615,39.2832
2025-05-04T18:43:00,32.4752941634506,-111.29509940743446,40.464
2025-05-04T18:43:01,32.475353088229895,-111.29516897723079,38.322
2025-05-04T18:43:02,32.475461633875966,-111.2952046841383,41.8932
2025-05-04T18:43:03,32.47555945068598,-111.29527190700173,42.354000000000006
2025-05-04T18:43:04,32.475641844794154,-111.29536159336567,42.4404
2025-05-04T18:43:05,32.47575290501118,-111.29542294889688,43.750800000000005
2025-05-04T18:43:06,32.47587419115007,-111.29542236216366,44.467200000000005
2025-05-04T18:43:07,32.475988352671266,-111.29540911875665,45.1908
2025-05-04T18:43:08,32.476109471172094,-111.29540383815765,46.026
2025-05-04T18:43:09,32.47619521804154,-111.29542521201074,37.6164
2025-05-04T18:43:10,32.476214580237865,-111.29543988034129,19.324800000000003
2025-05-04T18:43:11,32.47624156996608,-111.29544264636934,16.430400000000002
2025-05-04T18:43:12,32.47628901153803,-111.29541624337435,17.73
2025-05-04T18:43:13,32.47639562934637,-111.29536972381175,33.3288
2025-05-04T18:43:14,32.47646209783852,-111.29528431221843,33.998400000000004
2025-05-04T18:43:15,32.476507192477584,-111.2951732520014,36.522
2025-05-04T18:43:16,32.476521357893944,-111.2950471881777,37.062
2025-05-04T18:43:17,32.476526303216815,-111.29491307772696,38.9916
2025-05-04T18:43:18,32.476508282124996,-111.29478667862713,39.4056
2025-05-04T18:43:19,32.476485734805465,-111.29469254985452,34.257600000000004
2025-05-04T18:43:20,32.476424630731344,-111.29460571333766,34.29
2025-05-04T18:43:21,32.47631683945656,-111.29461568780243,31.8672
2025-05-04T18:43:22,32.476268811151385,-111.29463999532163,22.971600000000002
2025-05-04T18:43:23,32.47626956552267,-111.29463597200811,9.3276
2025-05-04T18:43:24,32.476210221648216,-111.29459062591195,21.0456
2025-05-04T18:43:25,32.476156912744045,-111.29449658095837,28.8792
2025-05-04T18:43:26,32.47617074288428,-111.2943875323981,29.494799999999998
2025-05-04T18:43:27,32.47617392800748,-111.29429541528225,29.714399999999998
2025-05-04T18:43:28,32.476186752319336,-111.29420321434736,30.4164
2025-05-04T18:43:29,32.47621566988528,-111.29409869201481,33.624
2025-05-04T18:43:30,32.476275181397796,-111.29400263540447,37.1124
2025-05-04T18:43:31,32.47634969651699,-111.29391529597342,38.2644
2025-05-04T18:43:32,32.47641331516206,-111.29381923936307,39.3012
2025-05-04T18:43:33,32.47643309645355,-111.29371714778244,35.3196
2025-05-04T18:43:34,32.47641381807625,-111.29364741034806,27.1332
2025-05-04T18:43:35,32.47640686109662,-111.29359703511,20.091600000000003
2025-05-04T18:43:36,32.476406525820494,-111.29353031516075,21.9312
2025-05-04T18:43:37,32.476413482800126,-111.29346736706793,22.1688
2025-05-04T18:43:38,32.476411471143365,-111.29339000210166,24.4116
2025-05-04T18:43:39,32.47640535235405,-111.29332277923822,23.3064
2025-05-04T18:43:40,32.4764062743634,-111.29322856664658,28.036800000000003
2025-05-04T18:43:41,32.47640895657241,-111.29312479868531,32.544
2025-05-04T18:43:42,32.476411974057555,-111.29301248118281,35.989200000000004
2025-05-04T18:43:43,32.47639202512801,-111.29290519282222,35.7768
2025-05-04T18:43:44,32.47632320970297,-111.29284417256713,31.1796
2025-05-04T18:43:45,32.47623972594738,-111.29284651950002,27.910800000000002
2025-05-04T18:43:46,32.47616437263787,-111.29290904849768,29.1456
2025-05-04T18:43:47,32.47611382976174,-111.2929873354733,28.6236
2025-05-04T18:43:48,32.47609882615507,-111.29308657720685,28.89
2025-05-04T18:43:49,32.47610787861049,-111.2931995652616,31.6188
2025-05-04T18:43:50,32.47610134072602,-111.29329922609031,32.8104
2025-05-04T18:43:51,32.47609119862318,-111.29339377395809,32.166000000000004
2025-05-04T18:43:52,32.47606320306659,-111.29349804483354,34.174800000000005
2025-05-04T18:43:53,32.47597938403487,-111.29355973564088,33.523199999999996
2025-05-04T18:43:54,32.47599279507995,-111.29358630627394,29.1852
2025-05-04T18:43:55,32.475893050432205,-111.29358865320683,29.1852
2025-05-04T18:43:56,32.4758174456656,-111.2936144694686,30.308400000000002
2025-05-04T18:43:57,32.47575835324824,-111.29362209700048,28.512
2025-05-04T18:43:58,32.47573488391936,-111.29360290244222,28.512
2025-05-04T18:43:59,32.47574510984123,-111.29356333985925,17.928
2025-05-04T18:44:00,32.475761538371444,-111.29354330711067,14.5152
2025-05-04T18:44:01,32.475771345198154,-111.29347532987595,10.958400000000001
2025-05-04T18:44:02,32.47577888891101,-111.29341078922153,8.578800000000001
2025-05-04T18:44:03,32.47576363384724,-111.29334155470133,15.0948
2025-05-04T18:44:04,32.475724993273616,-111.29329578951001,15.0948
2025-05-04T18:44:05,32.475659530609846,-111.2932548020035,21.7872
2025-05-04T18:44:06,32.475601276382804,-111.2932378705591,22.212
2025-05-04T18:44:07,32.47554721310735,-111.2932548020035,22.4136
2025-05-04T18:44:08,32.47552877292037,-111.29330257885158,22.4136
2025-05-04T18:44:09,32.47553220950067,-111.29333996213973,20.473200000000002
2025-05-04T18:44:10,32.47555190697312,-111.29333870485425,20.25
2025-05-04T18:44:11,32.47556146234274,-111.29335605539382,19.1844
2025-05-04T18:44:12,32.475564228370786,-111.29330811090767,5.9004
2025-05-04T18:44:16,32.47555232606828,-111.29307492636144,4.6548
2025-05-04T18:44:17,32.47554922476411,-111.29311415366828,10.9368
2025-05-04T18:44:18,32.47554377652705,-111.29317123442888,15.8904
2025-05-04T18:44:19,32.4755497276783,-111.29323678091168,18.5904
2025-05-04T18:44:20,32.47555802576244,-111.29330283030868,20.6388
2025-05-04T18:44:21,32.475562719628215,-111.29333904013038,16.214399999999998
2025-05-04T18:44:22,32.475546123459935,-111.29338572733104,16.1712
2025-05-04T18:44:23,32.47552349232137,-111.29343861714005,18.5472
2025-05-04T18:44:24,32.47547839768231,-111.29348505288363,20.736
2025-05-04T18:44:25,32.475380916148424,-111.29348211921751,26.8344
2025-05-04T18:44:26,32.475282261148095,-111.29346032626927,32.860800000000005
2025-05-04T18:44:27,32.47521445155144,-111.29341992549598,30.474
2025-05-04T18:44:28,32.47519114986062,-111.29338262602687,21.0312
2025-05-04T18:44:29,32.47520447708666,-111.29334054887295,14.1444
2025-05-04T18:44:30,32.47517614625394,-111.2933034170419,15.840000000000002
2025-05-04T18:44:31,32.4751609750092,-111.29322906956077,20.8224
2025-05-04T18:44:32,32.47517203912139,-111.29316033795476,20.196
2025-05-04T18:44:33,32.4751662556082,-111.29313963465393,14.3028
2025-05-04T18:44:34,32.47514915652573,-111.29310359247029,13.68
2025-05-04T18:44:35,32.475129794329405,-111.29301792941988,20.9556
2025-05-04T18:44:36,32.47512702830136,-111.29295447841287,22.3236
2025-05-04T18:44:37,32.47510272078216,-111.29290142096579,21.96
2025-05-04T18:44:38,32.47504446655512,-111.29282807931304,26.517599999999998
2025-05-04T18:44:39,32.474984200671315,-111.29280670545995,23.616
2025-05-04T18:44:40,32.474945560097694,-111.29283302463591,17.884800000000002
2025-05-04T18:44:41,32.47492661699653,-111.29283000715077,13.698
2025-05-04T18:44:42,32.47491002082825,-111.29280720837414,10.4148
2025-05-04T18:44:43,32.474870290607214,-111.29278457723558,13.755600000000001
2025-05-04T18:44:44,32.47482854872942,-111.29277183674276,15.613199999999999
2025-05-04T18:44:45,32.474792171269655,-111.2927677296102,15.354
2025-05-04T18:44:46,32.47474833391607,-111.2927624490112,17.1612
2025-05-04T18:44:47,32.474686643108726,-111.29275633022189,21.312
2025-05-04T18:44:48,32.47460978105664,-111.29276655614376,25.693199999999997
2025-05-04T18:44:49,32.47454172000289,-111.29277074709535,26.1252
2025-05-04T18:44:50,32.47447474859655,-111.2927711661905,26.892
2025-05-04T18:44:51,32.474399814382195,-111.29276320338249,29.232
2025-05-04T18:44:52,32.47431616298854,-111.29276504740119,31.607999999999997
2025-05-04T18:44:53,32.47424424625933,-111.29276094026864,29.282400000000003
2025-05-04T18:44:54,32.47421205975115,-111.29276529885828,19.908
2025-05-04T18:44:55,32.474202336743474,-111.29275356419384,12.7764
2025-05-04T18:44:56,32.47417685575783,-111.29275867715478,11.2284
2025-05-04T18:44:57,32.474137460812926,-111.29275356419384,13.014000000000001
2025-05-04T18:44:58,32.47409412637353,-111.29275683313608,15.102000000000002
2025-05-04T18:44:59,32.47403251938522,-111.29275733605027,19.8936
2025-05-04T18:45:00,32.47396479360759,-111.29277845844626,23.922
2025-05-04T18:45:01,32.4739090539515,-111.29283956252038,25.866
2025-05-04T18:45:02,32.47388248331845,-111.29289714619517,23.1192
2025-05-04T18:45:03,32.473870581015944,-111.2929559033364,20.5632
2025-05-04T18:45:04,32.47388206422329,-111.29300502128899,18.0504
2025-05-04T18:45:05,32.47391039505601,-111.29307417199016,21.726000000000003
2025-05-04T18:45:06,32.473963452503085,-111.29313468933105,24.3792
2025-05-04T18:45:07,32.4740041885525,-111.29316528327763,21.798
2025-05-04T18:45:08,32.47407124377787,-111.29318179562688,24.0408
2025-05-04T18:45:09,32.47415372170508,-111.2931963801384,28.2744
2025-05-04T18:45:10,32.47424206696451,-111.29318137653172,31.5036
2025-05-04T18:45:11,32.474334267899394,-111.29314759746194,35.211600000000004
2025-05-04T18:45:12,32.4744117166847,-111.2931406404823,32.5332
2025-05-04T18:45:13,32.474443316459656,-111.29320702515543,23.443199999999997
2025-05-04T18:45:14,32.474477430805564,-111.2932325899601,18.5868
2025-05-04T18:45:15,32.474520429968834,-111.29322001710534,18.6876
2025-05-04T18:45:16,32.47460139915347,-111.2932014092803,26.3736
2025-05-04T18:45:17,32.47470156289637,-111.29318933933973,34.1928
2025-05-04T18:45:18,32.474784879013896,-111.29320023581386,35.1288
2025-05-04T18:45:19,32.47486970387399,-111.29323493689299,35.7336
2025-05-04T18:45:20,32.474933154881,-111.29329562187195,32.1768
2025-05-04T18:45:21,32.47494882903993,-111.29336602985859,26.4348
2025-05-04T18:45:22,32.47496743686497,-111.2934379465878,26.2836
2025-05-04T18:45:23,32.474989565089345,-111.29351941868663,28.5876
2025-05-04T18:45:24,32.47503382153809,-111.29361488856375,32.8068
2025-05-04T18:45:25,32.47507564723492,-111.29368831403553,30.419999999999998
2025-05-04T18:45:26,32.47505829669535,-111.29371404647827,18.1656
2025-05-04T18:45:27,32.47502837330103,-111.29369912669063,8.600399999999999
2025-05-04T18:45:28,32.47499015182257,-111.29371773451567,12.715200000000001
2025-05-04T18:45:29,32.47493365779519,-111.29375042393804,19.6848
2025-05-04T18:45:30,32.47485578991473,-111.29374455660582,24.9156
2025-05-04T18:45:31,32.47478605248034,-111.29368814639747,28.5876
2025-05-04T18:45:32,32.47473752126098,-111.29359980113804,30.7548
2025-05-04T18:45:33,32.47466987930238,-111.29355428740382,30.880799999999997
2025-05-04T18:45:34,32.47456820681691,-111.29356686025858,34.459199999999996
2025-05-04T18:45:35,32.474479442462325,-111.29361321218312,34.5852
2025-05-04T18:45:36,32.47443703003228,-111.29363249056041,24.7968
2025-05-04T18:45:37,32.474397802725434,-111.29363047890365,19.8936
2025-05-04T18:45:38,32.474385565146804,-111.29359963349998,14.497200000000001
2025-05-04T18:45:39,32.47437299229205,-111.29357163794339,10.3392
2025-05-04T18:45:40,32.47431515716016,-111.29356174729764,15.318
2025-05-04T18:45:41,32.474235193803906,-111.29358655773103,23.598
2025-05-04T18:45:42,32.47414483688772,-111.29359259270132,30.6288
2025-05-04T18:45:43,32.47405020520091,-111.29360449500382,33.800399999999996
2025-05-04T18:45:44,32.473972672596574,-111.29363969899714,32.5404
2025-05-04T18:45:45,32.47391567565501,-111.29372485913336,31.6404
2025-05-04T18:45:46,32.47391450218856,-111.2938280403614,30.099600000000002
2025-05-04T18:45:47,32.47393746860325,-111.29392543807626,30.581999999999997
2025-05-04T18:45:48,32.47397879138589,-111.29400649107993,29.995200000000004
2025-05-04T18:45:49,32.47403159737587,-111.29405577667058,27.1152
2025-05-04T18:45:50,32.474093372002244,-111.29408511333168,25.192800000000002
2025-05-04T18:45:51,32.4741664621979,-111.29408896900713,26.1432
2025-05-04T18:45:52,32.47423326596618,-111.29406776279211,26.197200000000002
2025-05-04T18:45:53,32.47429948300123,-111.2940666731447,27.396
2025-05-04T18:45:54,32.47437651269138,-111.29407631233335,29.710800000000003
2025-05-04T18:45:55,32.474464355036616,-111.29409424960613,32.4072
2025-05-04T18:45:56,32.47454063035548,-111.29408637061715,30.430799999999998
2025-05-04T18:45:57,32.47457608580589,-111.2940978538245,20.7756
2025-05-04T18:45:58,32.474585892632604,-111.29410455934703,13.352400000000001
2025-05-04T18:45:59,32.47460827231407,-111.29409978166223,11.372399999999999
2025-05-04T18:46:00,32.474644063040614,-111.29410707391798,12.934800000000001
2025-05-04T18:46:01,32.47467750683427,-111.29410673864186,13.352400000000001
2025-05-04T18:46:02,32.47470919042826,-111.2941152881831,12.996
2025-05-04T18:46:03,32.47474196366966,-111.29411956295371,12.9492
2025-05-04T18:46:04,32.47477490454912,-111.29411126486957,13.1976
2025-05-04T18:46:05,32.47480298392475,-111.29410942085087,12.4164
2025-05-04T18:46:06,32.47483651153743,-111.29410967230797,13.644
2025-05-04T18:46:07,32.47489317320287,-111.29411755129695,19.17
2025-05-04T18:46:08,32.47497749514878,-111.29413515329361,27.1008
2025-05-04T18:46:09,32.475062320008874,-111.29415585659444,30.880799999999997
2025-05-04T18:46:10,32.475137086585164,-111.29416742362082,29.1744
2025-05-04T18:46:11,32.47516558505595,-111.29415166564286,19.9008
2025-05-04T18:46:12,32.4751696921885,-111.29411327652633,14.0436
2025-05-04T18:46:13,32.47519458644092,-111.29404705949128,19.2636
2025-05-04T18:46:14,32.47524596750736,-111.29397740587592,25.8228
2025-05-04T18:46:15,32.47528485953808,-111.29389467649162,28.7604
2025-05-04T18:46:16,32.47532802633941,-111.29385000094771,25.074
2025-05-04T18:46:17,32.475363397970796,-111.29383290186524,19.7208
2025-05-04T18:46:18,32.47540011070669,-111.29383650608361,15.897600000000002
2025-05-04T18:46:19,32.475447468459606,-111.29386341199279,16.776
2025-05-04T18:46:20,32.475463058799505,-111.2939038965851,14.421600000000002
2025-05-04T18:46:21,32.47546389698982,-111.29393633455038,11.829600000000001
2025-05-04T18:46:22,32.47546657919884,-111.29397044889629,11.5668
2025-05-04T18:46:23,32.47549859806895,-111.29401520825922,15.065999999999999
2025-05-04T18:46:24,32.47554796747863,-111.29405007697642,17.8272
2025-05-04T18:46:25,32.475642347708344,-111.294030463323,25.8228
2025-05-04T18:46:26,32.47571242041886,-111.29393993876874,31.1976
2025-05-04T18:46:27,32.47577050700784,-111.29384782165289,34.542
2025-05-04T18:46:28,32.47583840042353,-111.29382108338177,30.9168
2025-05-04T18:46:29,32.47592439875007,-111.2938351649791,29.4588
2025-05-04T18:46:30,32.47597938403487,-111.29388763569295,25.2684
2025-05-04T18:46:31,32.47598256915808,-111.29400649107993,27.3816
2025-05-04T18:46:32,32.4759625364095,-111.2941198144108,31.662
2025-05-04T18:46:33,32.475946778431535,-111.294183768332,25.750799999999998
2025-05-04T18:46:34,32.475950717926025,-111.29420497454703,16.2864
2025-05-04T18:46:35,32.475969158113,-111.2942548468709,18.104400000000002
2025-05-04T18:46:36,32.475966392084956,-111.29430195316672,18.723599999999998
2025-05-04T18:46:37,32.475963374599814,-111.29441703669727,28.44
2025-05-04T18:46:38,32.47596035711467,-111.29450923763216,31.0284
2025-05-04T18:46:39,32.47596857137978,-111.29460294730961,32.151599999999995
2025-05-04T18:46:40,32.47601299546659,-111.29470118321478,34.9956
2025-05-04T18:46:41,32.47608742676675,-111.29480511881411,40.014
2025-05-04T18:46:42,32.47614601626992,-111.29489857703447,39.024
2025-05-04T18:46:43,32.47615037485957,-111.29501525312662,37.8936
2025-05-04T18:46:44,32.47611165046692,-111.29513025283813,37.134
2025-05-04T18:46:45,32.47605348005891,-111.29520929418504,34.0308
2025-05-04T18:46:46,32.47597930021584,-111.29521558061242,27.2736
2025-05-04T18:46:47,32.475894978269935,-111.29514810629189,28.447200000000002
2025-05-04T18:46:48,32.47584502212703,-111.29509354010224,27.0072
2025-05-04T18:46:49,32.47578961774707,-111.29502774216235,28.638
2025-05-04T18:46:50,32.475727340206504,-111.29495750181377,31.2156
2025-05-04T18:46:51,32.47566573321819,-111.29488214850426,33.5844
2025-05-04T18:46:52,32.4756136815995,-111.29482137970626,30.6324
2025-05-04T18:46:53,32.47557864524424,-111.29477050155401,25.344
2025-05-04T18:46:54,32.475565150380135,-111.2947522290051,17.3124
2025-05-04T18:46:55,32.47555551119149,-111.29473973996937,10.677600000000002
2025-05-04T18:46:56,32.475530030205846,-111.29471132531762,12.5676
2025-05-04T18:46:57,32.475475296378136,-111.29466170445085,20.8296
2025-05-04T18:46:58,32.47541779652238,-111.29460420459509,25.999200000000002
2025-05-04T18:46:59,32.47534587979317,-111.29456170834601,28.897199999999998
2025-05-04T18:47:00,32.47526600025594,-111.29453505389392,30.448800000000002
2025-05-04T18:47:01,32.47518637217581,-111.2945120036602,31.4208
2025-05-04T18:47:02,32.475095093250275,-111.29450638778508,33.879599999999996
2025-05-04T18:47:03,32.474998869001865,-111.29451334476471,35.964
2025-05-04T18:47:04,32.47491421177983,-111.29453019239008,34.5672
2025-05-04T18:47:05,32.474861489608884,-111.29458752460778,29.628000000000004
2025-05-04T18:47:06,32.4748469889164,-111.29467645660043,26.7624
2025-05-04T18:47:07,32.47487515211105,-111.29479262977839,31.690800000000003
2025-05-04T18:47:08,32.47487205080688,-111.29489698447287,34.0488
2025-05-04T18:47:09,32.47485646046698,-111.2950041051954,35.8884
2025-05-04T18:47:10,32.47485847212374,-111.29511491395533,36.226800000000004
2025-05-04T18:47:11,32.47490490786731,-111.29520736634731,34.488
2025-05-04T18:47:12,32.47501848265529,-111.29522387869656,34.0416
2025-05-04T18:47:13,32.47513943351805,-111.29520527087152,39.5244
2025-05-04T18:47:14,32.47523657977581,-111.29517048597336,39.5748
2025-05-04T18:47:15,32.47533230111003,-111.29515145905316,38.739599999999996
2025-05-04T18:47:16,32.47542718425393,-111.29517517983913,36.3924
2025-05-04T18:47:17,32.47551418840885,-111.29523435607553,36.792
2025-05-04T18:47:18,32.47560588642955,-111.29532756283879,42.3288
2025-05-04T18:47:19,32.47570219449699,-111.29539327695966,43.8696
2025-05-04T18:47:20,32.47581157833338,-111.29539512097836,42.9264
2025-05-04T18:47:21,32.47592364437878,-111.29538774490356,43.6428
2025-05-04T18:47:22,32.47603747062385,-111.29537844099104,43.934400000000004
2025-05-04T18:47:23,32.47611718252301,-111.2953896727413,36.1908
2025-05-04T18:47:24,32.476160768419504,-111.29539713263512,25.5636
2025-05-04T18:47:25,32.47625372372568,-111.29539822228253,31.878000000000004
2025-05-04T18:47:26,32.47633603401482,-111.29537743516266,37.007999999999996
2025-05-04T18:47:27,32.47645178809762,-111.2953497748822,42.8328
2025-05-04T18:47:28,32.47647534124553,-111.29532848484814,31.1796
2025-05-04T18:47:29,32.47650417499244,-111.29524994641542,29.3652
2025-05-04T18:47:30,32.47652663849294,-111.2951341085136,34.0524
2025-05-04T18:47:31,32.47654549777508,-111.29501299001276,38.2644
2025-05-04T18:47:32,32.47655346058309,-111.29489606246352,39.0996
2025-05-04T18:47:33,32.476547257974744,-111.29478575661778,37.738800000000005
2025-05-04T18:47:34,32.47652420774102,-111.29469682462513,33.040800000000004
2025-05-04T18:47:35,32.4764683842659,-111.29462356679142,31.086
2025-05-04T18:47:36,32.47636956162751,-111.29461116157472,31.014000000000003
2025-05-04T18:47:37,32.476295717060566,-111.29463689401746,27.183600000000002
2025-05-04T18:47:38,32.47628716751933,-111.29465105943382,16.210800000000003
2025-05-04T18:47:39,32.476265877485275,-111.29462046548724,13.2552
2025-05-04T18:47:40,32.47627115808427,-111.29457143135369,11.185200000000002
2025-05-04T18:47:41,32.476236121729016,-111.29451133310795,15.033600000000002
2025-05-04T18:47:42,32.47621860355139,-111.29435274749994,31.611600000000003
2025-05-04T18:47:43,32.476240983232856,-111.29425702616572,32.652
2025-05-04T18:47:44,32.476258082315326,-111.29417966119945,29.786399999999997
2025-05-04T18:47:45,32.476272163912654,-111.29410170949996,27.4752
2025-05-04T18:47:46,32.47629697434604,-111.29405686631799,22.2912
2025-05-04T18:47:47,32.4763214495033,-111.29403004422784,17.247600000000002
2025-05-04T18:47:48,32.47633259743452,-111.29400523379445,13.842
2025-05-04T18:47:49,32.47634818777442,-111.29397916607559,12.0204
2025-05-04T18:47:50,32.47635799460113,-111.29395770840347,10.2132
2025-05-04T18:47:51,32.476369896903634,-111.29393231123686,10.422
2025-05-04T18:47:52,32.47638230212033,-111.29389853216708,12.0708
2025-05-04T18:47:53,32.47639697045088,-111.29385435953736,14.716800000000001
2025-05-04T18:47:54,32.476402251049876,-111.2938042357564,16.056
2025-05-04T18:47:55,32.476395880803466,-111.29377221688628,13.4172
2025-05-04T18:47:56,32.47639663517475,-111.29374707117677,10.465200000000001
2025-05-04T18:47:57,32.47639495879412,-111.29372905008495,8.208
2025-05-04T18:47:58,32.47640032321215,-111.2936932593584,10.5588
2025-05-04T18:47:59,32.476395377889276,-111.29364682361484,13.14
2025-05-04T18:48:00,32.4763975571841,-111.29360591992736,13.698
2025-05-04T18:48:01,32.47639839537442,-111.29356535151601,13.6296
2025-05-04T18:48:02,32.476398227736354,-111.29351891577244,14.367600000000001
2025-05-04T18:48:03,32.47639420442283,-111.2934656906873,16.146
2025-05-04T18:48:04,32.47639076784253,-111.29340819083154,17.744400000000002
2025-05-04T18:48:05,32.4763957131654,-111.2933444045484,20.203200000000002
2025-05-04T18:48:06,32.47640669345856,-111.29324072040617,27.6264
2025-05-04T18:48:07,32.4764200206846,-111.2931271456182,33.138
2025-05-04T18:48:08,32.47642429545522,-111.29301843233407,34.8264
2025-05-04T18:48:09,32.47640141285956,-111.29292396828532,32.857200000000006
2025-05-04T18:48:10,32.47632413171232,-111.29288700409234,27.9036
2025-05-04T18:48:11,32.47623570263386,-111.29288407042623,28.7784
2025-05-04T18:48:12,32.476164204999804,-111.29293226636946,28.717200000000002
2025-05-04T18:48:13,32.476114416494966,-111.29300937987864,28.9728
2025-05-04T18:48:14,32.47610569931567,-111.29311356693506,29.898
2025-05-04T18:48:15,32.47610678896308,-111.29321138374507,31.266000000000002
2025-05-04T18:48:16,32.47610276564956,-111.2933102902025,32.2704
2025-05-04T18:48:17,32.47608097270131,-111.2934049218893,32.8464
2025-05-04T18:48:18,32.47604141011834,-111.29347650334239,29.577599999999997
2025-05-04T18:48:19,32.47598986141384,-111.2935365177691,27.81
2025-05-04T18:48:20,32.47592221945524,-111.29354221746325,25.7364
2025-05-04T18:48:21,32.475831527262926,-111.29348170012236,29.073600000000003
2025-05-04T18:48:22,32.47579297050834,-111.29338329657912,29.502000000000002
2025-05-04T18:48:23,32.47579204849899,-111.29328003153205,29.696400000000004
2025-05-04T18:48:24,32.4758362211287,-111.29317299462855,32.436
2025-05-04T18:48:25,32.47584686614573,-111.29305254667997,36.342000000000006
2025-05-04T18:48:26,32.47583010233939,-111.29296696744859,31.9176
2025-05-04T18:48:27,32.47582792304456,-111.29287619143724,30.4884
2025-05-04T18:48:28,32.47582423500717,-111.29280754365027,27.126
2025-05-04T18:48:29,32.475796826183796,-111.29273881204426,25.5168
2025-05-04T18:48:30,32.4757257476449,-111.29272255115211,22.8744
2025-05-04T18:48:31,32.475640922784805,-111.29275783896446,25.6464
2025-05-04T18:48:32,32.475575460121036,-111.29279530607164,26.1072
2025-05-04T18:48:33,32.475531874224544,-111.29284081980586,23.7348
2025-05-04T18:48:34,32.47551980428398,-111.29291793331504,23.7528
2025-05-04T18:48:35,32.47554243542254,-111.29301859997213,27.3816
2025-05-04T18:48:36,32.47554914094508,-111.29311113618314,28.548
2025-05-04T18:48:37,32.4755375739187,-111.29317291080952,23.9256
2025-05-04T18:48:38,32.47554939240217,-111.2932426482439,24.965999999999998
2025-05-04T18:48:39,32.47552525252104,-111.29326620139182,18.81
2025-05-04T18:48:40,32.475518714636564,-111.29334012977779,21.6144
2025-05-04T18:48:41,32.47552474960685,-111.2933742441237,16.0056
2025-05-04T18:48:42,32.47551904991269,-111.29344062879682,18.6624
2025-05-04T18:48:43,32.47549164108932,-111.2934791855514,18.5652
2025-05-04T18:48:44,32.47540480457246,-111.29349703900516,24.1236
2025-05-04T18:48:45,32.47530019842088,-111.29347038455307,31.172400000000003
2025-05-04T18:48:46,32.47523859143257,-111.29343928769231,28.980000000000004
2025-05-04T18:48:47,32.47520229779184,-111.29340659826994,22.4676
2025-05-04T18:48:48,32.47518762946129,-111.29336602985859,17.200799999999997
2025-05-04T18:48:49,32.47517581097782,-111.2933139782399,17.244
2025-05-04T18:48:50,32.475171284750104,-111.29325010813773,19.2816
2025-05-04T18:48:51,32.475177235901356,-111.29319537431002,16.9524
2025-05-04T18:48:52,32.47516323812306,-111.29314382560551,16.866
2025-05-04T18:48:53,32.475162567570806,-111.29312278702855,14.000399999999999
2025-05-04T18:48:54,32.47514865361154,-111.29304458387196,19.5048
2025-05-04T18:48:55,32.4751509167254,-111.29298800602555,19.4364
2025-05-04T18:48:56,32.47514974325895,-111.29295514896512,17.0604
2025-05-04T18:48:57,32.47510858811438,-111.29287568852305,23.868
2025-05-04T18:48:58,32.47504253871739,-111.2928126566112,27.493199999999998
2025-05-04T18:48:59,32.47498671524227,-111.29280528053641,22.590000000000003
2025-05-04T18:49:00,32.474962742999196,-111.29284123890102,14.5404
2025-05-04T18:49:01,32.474962659180164,-111.29284006543458,6.7356
2025-05-04T18:49:02,32.474935334175825,-111.29281877540052,8.2044
2025-05-04T18:49:03,32.47488856315613,-111.29279966466129,13.626000000000001
2025-05-04T18:49:04,32.47484891675413,-111.29278223030269,15.800400000000002
2025-05-04T18:49:05,32.47481530532241,-111.29277435131371,15.0408
2025-05-04T18:49:06,32.474775575101376,-111.2927735131234,15.728399999999999
2025-05-04T18:49:07,32.474723774939775,-111.29276747815311,19.0908
2025-05-04T18:49:08,32.47465034946799,-111.29276990890503,24.678
2025-05-04T18:49:09,32.47457114048302,-111.29277787171304,27.6192
2025-05-04T18:49:10,32.47450509108603,-111.29276077263057,27.3024
2025-05-04T18:49:11,32.474435437470675,-111.2927436735481,27.6876
2025-05-04T18:49:12,32.47435891069472,-111.29274090752006,29.1132
2025-05-04T18:49:13,32.47427836060524,-111.29275373183191,29.5272
2025-05-04T18:49:14,32.47423008084297,-111.29275666549802,22.503600000000002
2025-05-04T18:49:15,32.47421013191342,-111.29275591112673,15.2388
2025-05-04T18:49:16,32.474182890728116,-111.29276462830603,14.562
2025-05-04T18:49:17,32.47416612692177,-111.29275834187865,11.5884
2025-05-04T18:49:18,32.474114494398236,-111.29275280982256,15.840000000000002
2025-05-04T18:49:19,32.47405506670475,-111.29275440238416,20.1888
2025-05-04T18:49:20,32.473990358412266,-111.2927679810673,23.7708
2025-05-04T18:49:21,32.47392506338656,-111.29280016757548,26.1756
2025-05-04T18:49:22,32.473892038688064,-111.29287024028599,24.1164
2025-05-04T18:49:23,32.47387737035751,-111.29293637350202,21.8304
2025-05-04T18:49:24,32.47390176169574,-111.2929886765778,19.1484
2025-05-04T18:49:25,32.47391332872212,-111.2930325139314,17.1108
2025-05-04T18:49:26,32.47394233010709,-111.29308640956879,18.3744
2025-05-04T18:49:27,32.473984491080046,-111.29312932491302,19.8792
2025-05-04T18:49:28,32.47403050772846,-111.29314768128097,20.224800000000002
2025-05-04T18:49:29,32.474103681743145,-111.29315606318414,24.454800000000002
2025-05-04T18:49:30,32.47419864870608,-111.29316125996411,30.6792
2025-05-04T18:49:31,32.47429093346,-111.29314005374908,34.1784
2025-05-04T18:49:32,32.47438095510006,-111.29314977675676,34.0668
2025-05-04T18:49:33,32.474440382793546,-111.29320920445025,29.426399999999997
2025-05-04T18:49:34,32.47447365894914,-111.29324457608163,21.945600000000002
2025-05-04T18:49:35,32.4745412170887,-111.29325731657445,26.229599999999998
2025-05-04T18:49:36,32.47460416518152,-111.29319738596678,28.5948
2025-05-04T18:49:37,32.47470332309604,-111.29319118335843,34.956
2025-05-04T18:49:38,32.474791165441275,-111.29320358857512,35.766000000000005
2025-05-04T18:49:39,32.47487640939653,-111.29323015920818,34.8696
2025-05-04T18:49:40,32.47493751347065,-111.29328933544457,31.370400000000004
2025-05-04T18:49:41,32.47494488954544,-111.29337717778981,27.0396
2025-05-04T18:49:42,32.47496232390404,-111.29344842396677,25.8948
2025-05-04T18:49:44,32.475008675828576,-111.29352545365691,28.17
2025-05-04T18:49:44,32.475042371079326,-111.29360323771834,27.342
2025-05-04T18:49:45,32.47506860643625,-111.29365956410766,22.9212
2025-05-04T18:49:46,32.47504664584994,-111.29368454217911,14.9904
2025-05-04T18:49:47,32.47501563280821,-111.2937088496983,13.435200000000002
2025-05-04T18:49:48,32.47498042881489,-111.29373399540782,15.264000000000001
2025-05-04T18:49:49,32.47491907328367,-111.29375595599413,20.664
2025-05-04T18:49:50,32.47483793646097,-111.29373449832201,25.9956
2025-05-04T18:49:51,32.474785381928086,-111.29367004148662,27.6444
2025-05-04T18:49:52,32.474727714434266,-111.29360340535641,29.9196
2025-05-04T18:49:53,32.47464691288769,-111.29356862045825,32.1228
2025-05-04T18:49:54,32.47455010190606,-111.29358496516943,34.704
2025-05-04T18:49:55,32.47446779161692,-111.29362276755273,33.4836
2025-05-04T18:49:56,32.47442194260657,-111.29364363849163,25.272
2025-05-04T18:49:57,32.47438346967101,-111.2936625815928,21.988799999999998
2025-05-04T18:49:58,32.47432219795883,-111.2936628330499,24.7104
2025-05-04T18:49:59,32.47428188100457,-111.29360583610833,22.604400000000002
2025-05-04T18:50:00,32.474233182147145,-111.2935885693878,22.3344
2025-05-04T18:50:01,32.47419278137386,-111.29354146309197,22.9788
2025-05-04T18:50:02,32.474106615409255,-111.29352746531367,27.3708
2025-05-04T18:50:03,32.47400142252445,-111.29358815029263,33.3288
2025-05-04T18:50:04,32.47393084689975,-111.29367247223854,35.154
2025-05-04T18:50:05,32.47389036230743,-111.29375645890832,32.7456
2025-05-04T18:50:06,32.473900923505425,-111.2938578799367,30.963600000000003
2025-05-04T18:50:07,32.47393738478422,-111.29395552910864,31.518000000000004
2025-05-04T18:50:08,32.474003937095404,-111.29403976723552,33.1776
2025-05-04T18:50:09,32.47408633120358,-111.2940717022866,31.046400000000002
2025-05-04T18:50:10,32.47416730038822,-111.2940645776689,29.538
2025-05-04T18:50:11,32.47424650937319,-111.29406172782183,30.078000000000003
2025-05-04T18:50:12,32.47432563453913,-111.29406424239278,31.388399999999997
2025-05-04T18:50:13,32.47441750019789,-111.29407849162817,34.4376
2025-05-04T18:50:14,32.47451674193144,-111.29409508779645,36.6552
2025-05-04T18:50:15,32.47457432560623,-111.29409986548126,28.098
2025-05-04T18:50:16,32.474579103291035,-111.29409366287291,14.5728
2025-05-04T18:50:17,32.474589832127094,-111.29409156739712,9.2232
2025-05-04T18:50:18,32.474619252607226,-111.29409475252032,10.3356
2025-05-04T18:50:19,32.474645152688026,-111.29409668035805,10.5588
2025-05-04T18:50:20,32.47468546964228,-111.29409860819578,12.549600000000002
2025-05-04T18:50:21,32.474724780768156,-111.29410807974637,13.8276
2025-05-04T18:50:22,32.47476073913276,-111.29411553964019,14.788799999999998
2025-05-04T18:50:23,32.47479083016515,-111.29410824738443,13.7052
2025-05-04T18:50:24,32.47482419013977,-111.29410724155605,13.5648
2025-05-04T18:50:25,32.474869368597865,-111.29411302506924,17.046000000000003
2025-05-04T18:50:26,32.47494128532708,-111.29412207752466,23.1012
2025-05-04T18:50:27,32.475024685263634,-111.29415191709995,28.666800000000002
2025-05-04T18:50:28,32.47509794309735,-111.29417228512466,28.897199999999998
2025-05-04T18:50:29,32.475141528993845,-111.29415979608893,22.2912
2025-05-04T18:50:30,32.47516759671271,-111.29413104616106,16.441200000000002
2025-05-04T18:50:31,32.47518813237548,-111.29406566731632,18.4536
2025-05-04T18:50:32,32.4752320535481,-111.29399391822517,24.386400000000002
2025-05-04T18:50:33,32.47527924366295,-111.29390800371766,29.988
2025-05-04T18:50:34,32.475330624729395,-111.29384648054838,28.508399999999998
2025-05-04T18:50:35,32.4753840174526,-111.29381806589663,24.984
2025-05-04T18:50:36,32.47542844153941,-111.29380415193737,20.991600000000002
2025-05-04T18:50:37,32.47546632774174,-111.29384664818645,16.6788
2025-05-04T18:50:38,32.47547144070268,-111.29391437396407,15.685200000000002
2025-05-04T18:50:39,32.47546372935176,-111.29396793432534,15.616800000000001
2025-05-04T18:50:40,32.47548904269934,-111.29400313831866,15.120000000000001
2025-05-04T18:50:41,32.47552734799683,-111.29404571838677,17.6004
2025-05-04T18:50:42,32.47558317147195,-111.29406625404954,17.8992
2025-05-04T18:50:43,32.47567587532103,-111.29400498233736,27.162
2025-05-04T18:50:44,32.47574619948864,-111.29391898401082,33.894
2025-05-04T18:50:45,32.47581023722887,-111.29386064596474,33.7212
2025-05-04T18:50:46,32.47588450089097,-111.29385511390865,29.764800000000005
2025-05-04T18:50:47,32.47594401240349,-111.29388763569295,24.775199999999998
2025-05-04T18:50:48,32.475964883342385,-111.29395552910864,21.5352
2025-05-04T18:50:49,32.475973684340715,-111.29404915496707,25.8336
2025-05-04T18:50:50,32.47596362605691,-111.29413112998009,25.3872
2025-05-04T18:50:51,32.47596714645624,-111.29418326541781,20.718
2025-05-04T18:50:52,32.47596689499915,-111.29420237615705,14.115599999999999
2025-05-04T18:50:53,32.47597301378846,-111.29423464648426,14.3028
2025-05-04T18:50:54,32.475964883342385,-111.29431712441146,21.6432
2025-05-04T18:50:55,32.475969744846225,-111.2944221496582,28.843200000000003
2025-05-04T18:50:56,32.47597334906459,-111.2945156916976,30.8664
2025-05-04T18:50:57,32.47598801739514,-111.2946158554405,33.040800000000004
2025-05-04T18:50:58,32.47604610398412,-111.29471694119275,36.2556
2025-05-04T18:50:59,32.476116344332695,-111.29480352625251,37.583999999999996
2025-05-04T18:51:00,32.47617971152067,-111.29490084014833,38.934
2025-05-04T18:51:01,32.47618549503386,-111.29502422176301,38.379599999999996
2025-05-04T18:51:02,32.47613813728094,-111.29513821564615,37.3896
2025-05-04T18:51:03,32.47607066296041,-111.2952030915767,32.522400000000005
2025-05-04T18:51:04,32.47598969377577,-111.29521641880274,28.990800000000004
2025-05-04T18:51:05,32.47590151615441,-111.29516302607954,30.4632
2025-05-04T18:51:06,32.475842256098986,-111.29509479738772,30.1032
2025-05-04T18:51:07,32.47578961774707,-111.29505020566285,27.2376
2025-05-04T18:51:08,32.475758688524365,-111.29501022398472,21.5892
2025-05-04T18:51:09,32.47573899105191,-111.29497510381043,17.0532
2025-05-04T18:51:10,32.475721053779125,-111.29494769498706,14.058
2025-05-04T18:51:11,32.47570998966694,-111.29493101499975,10.155600000000002
2025-05-04T18:51:12,32.475702026858926,-111.29492271691561,6.8616
2025-05-04T18:51:13,32.475696662440896,-111.29491944797337,4.6764
2025-05-04T18:51:14,32.4756948184222,-111.29491467028856,3.3696
2025-05-04T18:51:15,32.47569398023188,-111.29490645602345,2.9952
2025-05-04T18:51:16,32.475691214203835,-111.2949055340141,2.0772
2025-05-04T18:51:17,32.475689789280295,-111.29490653984249,1.0872
2025-05-04T18:51:18,32.475687358528376,-111.29490494728088,0.918
2025-05-04T18:51:19,32.47569037601352,-111.29490503109992,0.5868
2025-05-04T18:51:20,32.47569213621318,-111.29490494728088,0.41040000000000004
2025-05-04T18:51:21,32.47569305822253,-111.29490461200476,0.3924
2025-05-04T18:51:22,32.475695153698325,-111.29490620456636,0.396
2025-05-04T18:51:23,32.47569280676544,-111.2949007563293,1.0475999999999999
2025-05-04T18:51:24,32.475694231688976,-111.29490343853831,0.6444
2025-05-04T18:51:25,32.47569196857512,-111.29490000195801,1.2744
2025-05-04T18:51:26,32.475687861442566,-111.29488793201745,3.8771999999999998
2025-05-04T18:51:27,32.4756617937237,-111.29484845325351,10.663200000000002
2025-05-04T18:51:28,32.47563421726227,-111.29480679519475,15.03
2025-05-04T18:51:29,32.475608149543405,-111.29476195201278,17.1756
2025-05-04T18:51:30,32.4755825009197,-111.29472800530493,15.429599999999999
2025-05-04T18:51:31,32.475530030205846,-111.2947086431086,17.1468
2025-05-04T18:51:32,32.47548376210034,-111.29466706886888,20.6748
2025-05-04T18:51:33,32.47541578486562,-111.29459699615836,28.836
2025-05-04T18:51:34,32.47533590532839,-111.29455776885152,31.741200000000003
2025-05-04T18:51:35,32.47524990700185,-111.29454083740711,32.9004
2025-05-04T18:51:36,32.475156197324395,-111.29452516324818,35.1504
2025-05-04T18:51:37,32.47505770996213,-111.29451275803149,37.058400000000006
2025-05-04T18:51:38,32.47496643103659,-111.29450798034668,36.4572
2025-05-04T18:51:39,32.47488386929035,-111.29454284906387,34.6536
2025-05-04T18:51:40,32.474850760772824,-111.29461971111596,27.788400000000003
2025-05-04T18:51:41,32.47485830448568,-111.29472649656236,28.512
2025-05-04T18:51:42,32.47487783432007,-111.29483202472329,32.094
2025-05-04T18:51:43,32.474869871512055,-111.29494023509324,34.6176
2025-05-04T18:51:44,32.474855706095695,-111.2950577493757,36.9072
2025-05-04T18:51:45,32.474870374426246,-111.29516906104982,36.5508
2025-05-04T18:51:46,32.47495427727699,-111.2952186819166,32.1012
2025-05-04T18:51:47,32.475073551759124,-111.29521742463112,35.992799999999995
2025-05-04T18:51:48,32.47517740353942,-111.29518900997937,39.1824
2025-05-04T18:51:49,32.47526348568499,-111.29516143351793,37.497600000000006
2025-05-04T18:51:50,32.47536691837013,-111.29515162669122,38.94840000000001
2025-05-04T18:51:51,32.475458113476634,-111.29519470967352,37.083600000000004
2025-05-04T18:51:52,32.47555224224925,-111.2952734157443,40.5288
2025-05-04T18:51:53,32.47563396580517,-111.29535606130958,41.5404
2025-05-04T18:51:54,32.47570806182921,-111.29537902772427,34.704
2025-05-04T18:51:55,32.47576078400016,-111.29537316039205,26.6112
2025-05-04T18:51:56,32.47580889612436,-111.29536863416433,21.942
2025-05-04T18:51:57,32.47584099881351,-111.295365113765,17.154
2025-05-04T18:51:58,32.47587896883488,-111.29537257365882,15.659999999999998
2025-05-04T18:51:59,32.475910652428865,-111.29538548178971,13.6296
2025-05-04T18:52:00,32.47592498548329,-111.29539168439806,9.4464
2025-05-04T18:52:01,32.4759329482913,-111.29539579153061,5.8751999999999995
2025-05-04T18:52:02,32.47592842206359,-111.29539554007351,1.5804
2025-05-04T18:52:03,32.47592750005424,-111.2953976355493,0.2124
2025-05-04T18:52:04,32.47592548839748,-111.29539671353996,0.1188
2025-05-04T18:52:05,32.475930601358414,-111.29539520479739,1.4256000000000002
2025-05-04T18:52:06,32.475931188091636,-111.29539746791124,1.6056000000000001
2025-05-04T18:52:07,32.47592909261584,-111.29539864137769,0.8964
2025-05-04T18:52:08,32.47593102045357,-111.29540048539639,1.1916
2025-05-04T18:52:09,32.47593596577644,-111.29539227113128,2.2932
2025-05-04T18:52:10,32.4759485386312,-111.29538615234196,4.3704
2025-05-04T18:52:11,32.47595482505858,-111.2953672092408,5.2092
2025-05-04T18:52:12,32.47596672736108,-111.2953373696655,7.8912
2025-05-04T18:52:13,32.47598508372903,-111.29532429389656,8.1432
2025-05-04T18:52:14,32.476024059578776,-111.29531733691692,11.7432
2025-05-04T18:52:15,32.4760849121958,-111.29531825892627,18.5508
2025-05-04T18:52:16,32.476149117574096,-111.2953355256468,22.7088
2025-05-04T18:52:17,32.47620661742985,-111.29534860141575,22.968
2025-05-04T18:52:18,32.476246850565076,-111.29536787979305,20.1132
2025-05-04T18:52:19,32.4762802105397,-111.29539780318737,18.3708
2025-05-04T18:52:20,32.4763267301023,-111.29540786147118,18.971999999999998
2025-05-04T18:52:21,32.47639655135572,-111.29535924643278,24.4368
2025-05-04T18:52:22,32.47646159492433,-111.29527098499238,32.1732
2025-05-04T18:52:23,32.47649461962283,-111.29516696557403,34.0848
2025-05-04T18:52:24,32.476525381207466,-111.29506361670792,35.442
2025-05-04T18:52:25,32.47654558159411,-111.29495490342379,36.972
2025-05-04T18:52:26,32.476530158892274,-111.29484451375902,36.5148
2025-05-04T18:52:27,32.47650543227792,-111.2947451043874,34.6068
2025-05-04T18:52:28,32.47646595351398,-111.29466245882213,33.1056
2025-05-04T18:52:29,32.47637643478811,-111.294633038342,31.089599999999997
2025-05-04T18:52:30,32.476289849728346,-111.29465256817639,28.8108
2025-05-04T18:52:31,32.476277109235525,-111.29465784877539,16.308
2025-05-04T18:52:32,32.47626361437142,-111.2946309428662,11.865599999999999
2025-05-04T18:52:33,32.476248275488615,-111.29455223679543,18.162
2025-05-04T18:52:34,32.47619320638478,-111.29444679245353,28.479599999999998
2025-05-04T18:52:35,32.476210137829185,-111.29433740861714,31.733999999999998
2025-05-04T18:52:36,32.47622396796942,-111.29424017854035,32.360400000000006
2025-05-04T18:52:37,32.47625238262117,-111.2941528391093,32.04
2025-05-04T18:52:38,32.476300494745374,-111.29405200481415,35.3556
2025-05-04T18:52:39,32.476367969065905,-111.29396324045956,37.566
2025-05-04T18:52:40,32.47642538510263,-111.29386684857309,38.754000000000005
2025-05-04T18:52:41,32.47644742950797,-111.29377129487693,34.992000000000004
2025-05-04T18:52:42,32.476435862481594,-111.29368864931166,29.138399999999997
2025-05-04T18:52:43,32.47641515918076,-111.29364179447293,21.6648
2025-05-04T18:52:44,32.47641432099044,-111.2935920059681,18.493199999999998
2025-05-04T18:52:45,32.476427061483264,-111.29351095296443,23.1408
2025-05-04T18:52:46,32.47643041424453,-111.293422607705,27.1368
2025-05-04T18:52:47,32.47641867958009,-111.29335479810834,25.416
2025-05-04T18:52:48,32.47642328962684,-111.2932735774666,26.6508
2025-05-04T18:52:49,32.47642865404487,-111.29316436126828,32.3568
2025-05-04T18:52:50,32.47643024660647,-111.29304634407163,37.206
2025-05-04T18:52:51,32.47642253525555,-111.29294408485293,36.2196
2025-05-04T18:52:52,32.47637459076941,-111.29287560470402,31.759199999999996
2025-05-04T18:52:53,32.47628079727292,-111.29287426359951,28.2924
2025-05-04T18:52:54,32.47619924135506,-111.29290385171771,28.7892
2025-05-04T18:52:55,32.476143585518,-111.29298632964492,29.2176
2025-05-04T18:52:56,32.47611173428595,-111.29306939430535,29.016000000000002
2025-05-04T18:52:57,32.476119697093964,-111.29317450337112,30.276
2025-05-04T18:52:58,32.476131515577435,-111.29327609203756,31.888800000000003
2025-05-04T18:52:59,32.47611022554338,-111.29337499849498,32.8284
2025-05-04T18:53:00,32.47607661411166,-111.29345806315541,31.460400000000003
2025-05-04T18:53:01,32.476015174761415,-111.29351967014372,29.282400000000003
2025-05-04T18:53:02,32.4759416654706,-111.29355277866125,28.983600000000003
2025-05-04T18:53:03,32.475866144523025,-111.29355940036476,28.922400000000003
2025-05-04T18:53:04,32.475786097347736,-111.29345454275608,29.127599999999997
2025-05-04T18:53:05,32.47579213231802,-111.29331246949732,29.5164
2025-05-04T18:53:06,32.47583219781518,-111.29318523220718,34.2144
2025-05-04T18:53:07,32.47584577649832,-111.29306595772505,36.9036
2025-05-04T18:53:08,32.475833958014846,-111.29297643899918,32.580000000000005
2025-05-04T18:53:09,32.47582448646426,-111.29287677817047,31.2048
2025-05-04T18:53:10,32.47582440264523,-111.2927957251668,28.479599999999998
2025-05-04T18:53:11,32.47579246759415,-111.29275306127965,22.1472
2025-05-04T18:53:12,32.47572189196944,-111.29273009486496,22.464000000000002
2025-05-04T18:53:13,32.47564746066928,-111.29273051396012,24.5952
2025-05-04T18:53:14,32.47557856142521,-111.29278281703591,24.9516
2025-05-04T18:53:15,32.475531958043575,-111.29283444955945,23.947200000000002
2025-05-04T18:53:16,32.47552868910134,-111.29293427802622,26.776799999999998
2025-05-04T18:53:17,32.47555525973439,-111.29304366186261,31.762800000000002
2025-05-04T18:53:18,32.475554924458265,-111.29313150420785,29.5308
2025-05-04T18:53:19,32.475541764870286,-111.2931929435581,23.9256
2025-05-04T18:53:20,32.47554687783122,-111.29325396381319,23.598
2025-05-04T18:53:21,32.475535394623876,-111.29328380338848,17.636400000000002
2025-05-04T18:53:22,32.475535897538066,-111.29333040677011,16.0452
2025-05-04T18:53:23,32.47553078457713,-111.29338572733104,16.0488
2025-05-04T18:53:24,32.475517708808184,-111.29343652166426,18.0792
2025-05-04T18:53:25,32.475467920303345,-111.2934831250459,21.3948
2025-05-04T18:53:26,32.47539105825126,-111.29349335096776,24.458399999999997
2025-05-04T18:53:27,32.47529324144125,-111.29346493631601,30.7656
2025-05-04T18:53:28,32.47522006742656,-111.29342730157077,30.319200000000002
2025-05-04T18:53:29,32.475190898403525,-111.29339972510934,21.585600000000003
2025-05-04T18:53:30,32.47519634664059,-111.29335957579315,14.292000000000002
2025-05-04T18:53:31,32.47518293559551,-111.29332546144724,13.8204
2025-05-04T18:53:32,32.47516726143658,-111.29325681366026,19.44
2025-05-04T18:53:33,32.47518276795745,-111.29318883642554,19.695600000000002
2025-05-04T18:53:34,32.47518628835678,-111.29315027967095,17.0892
2025-05-04T18:53:35,32.4751749727875,-111.29311666823924,14.569199999999999
2025-05-04T18:53:36,32.47516516596079,-111.2930496968329,17.4384
2025-05-04T18:53:37,32.475148402154446,-111.29300929605961,16.4124
2025-05-04T18:53:38,32.47512568719685,-111.29293955862522,21.4668
2025-05-04T18:53:39,32.475080005824566,-111.29285741597414,27.1548
2025-05-04T18:53:40,32.47502711601555,-111.29281718283892,24.256800000000002
2025-05-04T18:53:41,32.4749955162406,-111.29276496358216,22.878000000000004
2025-05-04T18:53:42,32.47494983486831,-111.29278189502656,18.720000000000002
2025-05-04T18:53:43,32.474931478500366,-111.29279329441488,13.4892
2025-05-04T18:53:44,32.47490272857249,-111.29277200438082,13.248000000000001
2025-05-04T18:53:45,32.474864507094026,-111.2927574198693,14.259599999999999
2025-05-04T18:53:46,32.47482553124428,-111.29275406710804,14.4036
2025-05-04T18:53:47,32.47478035278618,-111.29275934770703,15.6636
2025-05-04T18:53:48,32.474724361673,-111.29276161082089,19.674
2025-05-04T18:53:49,32.47464490123093,-111.29276546649635,25.8588
2025-05-04T18:53:50,32.47455789707601,-111.29276538267732,29.347199999999997
2025-05-04T18:53:51,32.47449293732643,-111.29276923835278,27.183600000000002
2025-05-04T18:53:52,32.47442772611976,-111.29276001825929,27.0072
2025-05-04T18:53:53,32.4743374530226,-111.29276311956346,31.157999999999998
2025-05-04T18:53:54,32.474260088056326,-111.29276370629668,29.5164
2025-05-04T18:53:55,32.47422019019723,-111.29275155253708,21.2652
2025-05-04T18:53:56,32.47421004809439,-111.29276018589735,12.7908
2025-05-04T18:53:57,32.47418884187937,-111.29276001825929,10.4544
2025-05-04T18:53:58,32.474145591259,-111.29276622086763,14.0076
2025-05-04T18:53:59,32.47409320436418,-111.29276311956346,17.5644
2025-05-04T18:54:00,32.47402723878622,-111.29276940599084,22.4316
2025-05-04T18:54:01,32.473955070599914,-111.29278155975044,26.074800000000003
2025-05-04T18:54:02,32.4739040248096,-111.29282615147531,24.4764
2025-05-04T18:54:03,32.47390067204833,-111.29291960969567,22.903200000000002
2025-05-04T18:54:04,32.47390955686569,-111.29298624582589,21.4164
2025-05-04T18:54:05,32.47393939644098,-111.29304382950068,21.3624
2025-05-04T18:54:06,32.47396362014115,-111.29308138042688,17.9136
2025-05-04T18:54:07,32.47399463318288,-111.29310929216444,15.562800000000001
2025-05-04T18:54:08,32.47403201647103,-111.29312328994274,15.642
2025-05-04T18:54:09,32.47409253381193,-111.2931374553591,20.5164
2025-05-04T18:54:10,32.474179873242974,-111.29315388388932,27.5796
2025-05-04T18:54:11,32.474269391968846,-111.2931551411748,31.4964
2025-05-04T18:54:12,32.4743580725044,-111.29314910620451,33.519600000000004
2025-05-04T18:54:13,32.474430995061994,-111.29318355582654,30.9852
2025-05-04T18:54:14,32.474458906799555,-111.29322311840951,20.847600000000003
2025-05-04T18:54:15,32.474510706961155,-111.29324834793806,22.9572
2025-05-04T18:54:16,32.47454842552543,-111.29320308566093,22.698
2025-05-04T18:54:17,32.47466694563627,-111.2931858189404,35.4924
2025-05-04T18:54:18,32.47475101612508,-111.29318539984524,35.172
2025-05-04T18:54:19,32.474844474345446,-111.29321180284023,36.7956
2025-05-04T18:54:20,32.474903566762805,-111.29327458329499,32.8752
2025-05-04T18:54:21,32.47493701055646,-111.29335219971836,29.1096
2025-05-04T18:54:22,32.47497657313943,-111.2934223562479,29.001599999999996
2025-05-04T18:54:23,32.474976824596524,-111.2935087736696,28.1412
2025-05-04T18:54:24,32.475036503747106,-111.29360818304121,34.4628
2025-05-04T18:54:25,32.47507103718817,-111.29368538036942,30.657600000000002
2025-05-04T18:54:26,32.47506500221789,-111.29370516166091,17.5284
2025-05-04T18:54:27,32.47506114654243,-111.29370700567961,9.7416
2025-05-04T18:54:28,32.475047735497355,-111.2937521841377,12.8124
2025-05-04T18:54:29,32.475003227591515,-111.29377850331366,15.181199999999999
2025-05-04T18:54:30,32.47491689398885,-111.29377313889563,22.968
2025-05-04T18:54:31,32.474840953946114,-111.29374262876809,26.715600000000002
2025-05-04T18:54:32,32.47479091398418,-111.29367347806692,27.064799999999998
2025-05-04T18:54:33,32.474735509604216,-111.29359024576843,31.100399999999997
2025-05-04T18:54:34,32.47465060092509,-111.29355495795608,33.2424
2025-05-04T18:54:35,32.47456376440823,-111.29358773119748,32.2632
2025-05-04T18:54:36,32.47448204085231,-111.29363718442619,32.292
2025-05-04T18:54:37,32.47442454099655,-111.29366140812635,27.1332
2025-05-04T18:54:38,32.47436687350273,-111.29365797154605,26.197200000000002
2025-05-04T18:54:39,32.47433326207101,-111.29364875145257,21.4452
2025-05-04T18:54:40,32.47430761344731,-111.29362167790532,16.4448
2025-05-04T18:54:41,32.47425774112344,-111.29359963349998,19.782
2025-05-04T18:54:42,32.474188171327114,-111.29360298626125,23.6844
2025-05-04T18:54:43,32.47408297844231,-111.29361564293504,32.583600000000004
2025-05-04T18:54:44,32.47399253770709,-111.29363190382719,34.614000000000004
2025-05-04T18:54:45,32.47392707504332,-111.29368118941784,31.910400000000003
2025-05-04T18:54:46,32.47387661598623,-111.29376425407827,30.938399999999998
2025-05-04T18:54:47,32.47388935647905,-111.29387682303786,30.312
2025-05-04T18:54:48,32.47393671423197,-111.29398201592267,33.1272
2025-05-04T18:54:49,32.47400661930442,-111.29404672421515,32.209199999999996
2025-05-04T18:54:50,32.47408943250775,-111.29407312721014,31.507200000000005
2025-05-04T18:54:51,32.474175011739135,-111.29406608641148,31.5144
2025-05-04T18:54:52,32.474253214895725,-111.29405812360346,31.2624
2025-05-04T18:54:53,32.474327981472015,-111.29405661486089,31.3956
2025-05-04T18:54:54,32.47441615909338,-111.29406902007759,33.264
2025-05-04T18:54:55,32.47451037168503,-111.29408134147525,34.4052
2025-05-04T18:54:56,32.47457097284496,-111.29408746026456,27.144000000000002
2025-05-04T18:54:57,32.47457139194012,-111.29408930428326,13.9644
2025-05-04T18:54:58,32.474562926217914,-111.29409031011164,5.3028
2025-05-04T18:54:59,32.47460433281958,-111.29409550689161,10.3824
2025-05-04T18:55:00,32.474646493792534,-111.29410120658576,13.420800000000002
2025-05-04T18:55:01,32.474679434672,-111.29410246387124,13.2408
2025-05-04T18:55:02,32.47471162118018,-111.29410623572767,13.0824
2025-05-04T18:55:03,32.47474942356348,-111.29410397261381,13.4604
2025-05-04T18:55:04,32.474782364442945,-111.29410581663251,12.898800000000001
2025-05-04T18:55:05,32.474816646426916,-111.29410246387124,13.770000000000001
2025-05-04T18:55:06,32.47485637664795,-111.29410573281348,15.897600000000002
2025-05-04T18:55:07,32.474929969757795,-111.29412123933434,23.576400000000003
2025-05-04T18:55:08,32.47502418234944,-111.29414722323418,31.5144
2025-05-04T18:55:09,32.475101966410875,-111.29416390322149,30.780000000000005
2025-05-04T18:55:10,32.475150832906365,-111.2941578682512,23.9292
2025-05-04T18:55:11,32.475167931988835,-111.29412786103785,16.3692
2025-05-04T18:55:12,32.47518151067197,-111.29408050328493,16.1316
2025-05-04T18:55:13,32.47523574158549,-111.2940059043467,24.724800000000002
2025-05-04T18:55:14,32.47527907602489,-111.29391269758344,30.6288
2025-05-04T18:55:15,32.475327271968126,-111.29384580999613,29.3184
2025-05-04T18:55:16,32.47538158670068,-111.29382636398077,23.9724
2025-05-04T18:55:17,32.475422490388155,-111.29382426850498,19.1556
2025-05-04T18:55:18,32.475457610562444,-111.29385318607092,16.012800000000002
2025-05-04T18:55:19,32.4754701834172,-111.29390867426991,15.0696
2025-05-04T18:55:20,32.47548619285226,-111.29394454881549,14.0328
2025-05-04T18:55:21,32.47549658641219,-111.2939786631614,13.3344
2025-05-04T18:55:22,32.475525168702006,-111.29403448663652,17.604
2025-05-04T18:55:23,32.475571101531386,-111.29406809806824,17.265600000000003
2025-05-04T18:55:24,32.47565634548664,-111.29402945749462,23.13
2025-05-04T18:55:25,32.475734716281295,-111.29394044168293,32.616
2025-05-04T18:55:26,32.47579355724156,-111.2938711233437,32.997600000000006
2025-05-04T18:55:27,32.475866144523025,-111.29383223131299,31.1904
2025-05-04T18:55:28,32.47595499269664,-111.29385058768094,30.2544
2025-05-04T18:55:29,32.47598893940449,-111.29392015747726,24.6024
2025-05-04T18:55:30,32.47596890665591,-111.2940373364836,27.349200000000003
2025-05-04T18:55:31,32.47593613341451,-111.29413364455104,29.372400000000003
2025-05-04T18:55:32,32.47592406347394,-111.2942131049931,27.032400000000003
2025-05-04T18:55:33,32.47593630105257,-111.29424009472132,18.684
2025-05-04T18:55:34,32.47594359330833,-111.29426716826856,15.512400000000001
2025-05-04T18:55:35,32.47594946064055,-111.29435308277607,22.5828
2025-05-04T18:55:36,32.47594644315541,-111.2944588623941,29.415599999999998
2025-05-04T18:55:37,32.475953651592135,-111.29455424845219,31.7916
2025-05-04T18:55:38,32.47597837820649,-111.29465432837605,33.8328
2025-05-04T18:55:39,32.47603068128228,-111.29475482739508,36.9144
2025-05-04T18:55:40,32.47609622776508,-111.29485172219574,39.4272
2025-05-04T18:55:41,32.47613662853837,-111.29495842382312,39.1752
2025-05-04T18:55:42,32.476160349324346,-111.29508147016168,39.6684
2025-05-04T18:55:43,32.47611475177109,-111.29516746848822,33.228
2025-05-04T18:55:44,32.47602917253971,-111.29520250484347,28.9476
2025-05-04T18:55:45,32.47593923471868,-111.29519127309322,29.127599999999997
2025-05-04T18:55:46,32.475866228342056,-111.29512622952461,30.4668
2025-05-04T18:55:47,32.47579590417445,-111.29505506716669,33.5268
2025-05-04T18:55:48,32.47572801075876,-111.29499304108322,34.3008
2025-05-04T18:55:49,32.475666739046574,-111.29491752013564,34.9236
2025-05-04T18:55:50,32.47561192139983,-111.29482573829591,36.0792
2025-05-04T18:55:51,32.475593481212854,-111.29478190094233,24.8832
2025-05-04T18:55:52,32.47558828443289,-111.29475574940443,16.153200000000002
2025-05-04T18:55:53,32.475567078217864,-111.29474686458707,10.53
2025-05-04T18:55:54,32.47550739906728,-111.29472683183849,16.4772
2025-05-04T18:55:55,32.475451743230224,-111.2946499697864,24.458399999999997
2025-05-04T18:55:56,32.47537957504392,-111.29458056762815,31.14
2025-05-04T18:55:57,32.47529374435544,-111.29453614354134,33.9732
2025-05-04T18:55:58,32.47519408352673,-111.29451854154468,35.658
2025-05-04T18:55:59,32.47508796863258,-111.29452834837139,38.5632
2025-05-04T18:56:00,32.47499425895512,-111.29453530535102,37.9296
2025-05-04T18:56:01,32.4749125353992,-111.294553745538,34.434
2025-05-04T18:56:02,32.474859561771154,-111.2946121674031,29.2464
2025-05-04T18:56:03,32.474856125190854,-111.29472171887755,29.037600000000005
2025-05-04T18:56:04,32.474876157939434,-111.29482590593398,31.9176
2025-05-04T18:56:05,32.4748797621578,-111.29493218846619,34.6212
2025-05-04T18:56:06,32.47486668638885,-111.29503637552261,35.1396
2025-05-04T18:56:07,32.474866854026914,-111.29514978267252,36.39960000000001
2025-05-04T18:56:08,32.47492586262524,-111.29522865638137,33.375600000000006
2025-05-04T18:56:09,32.47503289952874,-111.29523477517068,33.0084
2025-05-04T18:56:10,32.47512954287231,-111.29517249763012,34.0056
2025-05-04T18:56:11,32.47520766220987,-111.29512891173363,33.9876
2025-05-04T18:56:12,32.475279327481985,-111.29512631334364,30.9024
2025-05-04T18:56:13,32.47539080679417,-111.29517065361142,36.6372
2025-05-04T18:56:14,32.47546900995076,-111.29522966220975,35.625600000000006
2025-05-04T18:56:15,32.47554696165025,-111.29533108323812,40.554
2025-05-04T18:56:16,32.475637989118695,-111.2954116333276,44.114399999999996
2025-05-04T18:56:17,32.475757179781795,-111.29538808017969,43.272
2025-05-04T18:56:18,32.47587368823588,-111.29537257365882,44.730000000000004
2025-05-04T18:56:19,32.47599237598479,-111.29538137465715,45.5112
2025-05-04T18:56:20,32.476089941337705,-111.29539805464447,40.1904
2025-05-04T18:56:21,32.476154984906316,-111.29540065303445,30.221999999999998
2025-05-04T18:56:22,32.47623628936708,-111.29541431553662,32.562
2025-05-04T18:56:23,32.47635003179312,-111.2954684626311,43.257600000000004
2025-05-04T18:56:24,32.476469138637185,-111.29551531746984,47.7684
2025-05-04T18:56:25,32.47644650749862,-111.29539554007351,28.735200000000003
2025-05-04T18:56:26,32.47646042145789,-111.29534089006484,21.4272
2025-05-04T18:56:27,32.47646394185722,-111.29528498277068,18.442800000000002
2025-05-04T18:56:28,32.47647374868393,-111.29523997195065,16.9344
2025-05-04T18:56:29,32.47649202123284,-111.29520677961409,14.85
2025-05-04T18:56:30,32.47649881057441,-111.29516989924014,13.4604
2025-05-04T18:56:31,32.476493027061224,-111.29512446932495,13.3092
2025-05-04T18:56:32,32.47647911310196,-111.29508691839874,13.078800000000001
2025-05-04T18:56:33,32.476474000141025,-111.29504500888288,13.6008
2025-05-04T18:56:34,32.4764771014452,-111.29500393755734,13.2552
2025-05-04T18:56:35,32.476479364559054,-111.29495523869991,14.3172
2025-05-04T18:56:36,32.47647274285555,-111.29491458646953,14.2272
2025-05-04T18:56:37,32.47647626325488,-111.29486924037337,14.209200000000001
2025-05-04T18:56:38,32.47648389078677,-111.29483529366553,12.6288
2025-05-04T18:56:39,32.476499984040856,-111.2948161829263,10.368
2025-05-04T18:56:40,32.47651792131364,-111.29479363560677,10.9224
2025-05-04T18:56:41,32.476491183042526,-111.29473865032196,14.8716
2025-05-04T18:56:42,32.47643611393869,-111.29466681741178,22.9536
2025-05-04T18:56:43,32.47635355219245,-111.29465877078474,25.9524
2025-05-04T18:56:44,32.476284485310316,-111.29466296173632,25.210800000000003
2025-05-04T18:56:45,32.47622111812234,-111.29465013742447,26.056800000000003
2025-05-04T18:56:46,32.47622061520815,-111.29458878189325,20.322
2025-05-04T18:56:47,32.476179795339704,-111.29448224790394,28.1412
2025-05-04T18:56:48,32.47618583030999,-111.29436976276338,32.0436
2025-05-04T18:56:49,32.47620552778244,-111.29427161067724,32.616
2025-05-04T18:56:50,32.47622698545456,-111.2941980175674,29.556000000000004
2025-05-04T18:56:51,32.476272750645876,-111.29410774447024,31.7844
2025-05-04T18:56:52,32.47634374536574,-111.29400238394737,37.746
2025-05-04T18:56:53,32.47640862129629,-111.29390716552734,39.5748
2025-05-04T18:56:54,32.476434018462896,-111.29380012862384,37.2708
2025-05-04T18:56:55,32.47642974369228,-111.29371563903987,30.780000000000005
2025-05-04T18:56:56,32.47643041424453,-111.29363416694105,29.095200000000002
2025-05-04T18:56:57,32.47640937566757,-111.29363944754004,17.064
2025-05-04T18:56:58,32.47642253525555,-111.29355747252703,21.4668
2025-05-04T18:56:59,32.476427061483264,-111.29348354414105,23.151600000000002
2025-05-04T18:57:00,32.47642697766423,-111.2933998927474,25.488
2025-05-04T18:57:01,32.47641960158944,-111.293316911906,27.342
2025-05-04T18:57:02,32.47642739675939,-111.29322689026594,30.131999999999998
2025-05-04T18:57:03,32.476432509720325,-111.29310719668865,36.162
2025-05-04T18:57:04,32.47642672620714,-111.29298842512071,38.1744
2025-05-04T18:57:05,32.47639328241348,-111.29290494136512,34.0452
2025-05-04T18:57:06,32.476309379562736,-111.2928697373718,31.2696
2025-05-04T18:57:07,32.47620443813503,-111.29291139543056,32.2524
2025-05-04T18:57:08,32.47614459134638,-111.2929841503501,30.546
2025-05-04T18:57:09,32.47611056081951,-111.29306738264859,29.1096
2025-05-04T18:57:10,32.47611165046692,-111.29316553473473,29.178
2025-05-04T18:57:11,32.47611701488495,-111.29327584058046,32.997600000000006
2025-05-04T18:57:12,32.476101676002145,-111.29338195547462,35.0388
2025-05-04T18:57:13,32.47607845813036,-111.29348932765424,36.3708
2025-05-04T18:57:14,32.47601877897978,-111.29354146309197,29.721600000000002
2025-05-04T18:57:15,32.475911071524024,-111.293541546911,32.1372
2025-05-04T18:57:16,32.47582037933171,-111.29347910173237,33.814800000000005
2025-05-04T18:57:17,32.4757722672075,-111.29340047948062,30.2508
2025-05-04T18:57:18,32.47574343346059,-111.29332873038948,27.3348
2025-05-04T18:57:20,32.47590587474406,-111.29307366907597,17.0388
2025-05-04T18:57:21,32.475876957178116,-111.29293058998883,32.983200000000004
2025-05-04T18:57:22,32.4758689943701,-111.29283159971237,32.983200000000004
2025-05-04T18:57:23,32.47585214674473,-111.29275138489902,32.151599999999995
2025-05-04T18:57:24,32.47580646537244,-111.29269095137715,30.002399999999998
2025-05-04T18:57:25,32.47575558722019,-111.2926625367254,25.4052
2025-05-04T18:57:26,32.475708397105336,-111.29265683703125,19.0332
2025-05-04T18:57:27,32.47564712539315,-111.29268734715879,19.0332
2025-05-04T18:57:28,32.47560638934374,-111.29274534992874,19.0332
2025-05-04T18:57:29,32.47559817507863,-111.29284836351871,21.5784
2025-05-04T18:57:30,32.47558300383389,-111.2929976452142,32.3676
2025-05-04T18:57:31,32.47557135298848,-111.29309956915677,32.3676
2025-05-04T18:57:32,32.47556339018047,-111.29317165352404,29.5308
2025-05-04T18:57:33,32.47555869631469,-111.29321616142988,22.6296
2025-05-04T18:57:34,32.47555626556277,-111.29326628521085,20.6028
2025-05-04T18:57:35,32.475550565868616,-111.29332864657044,19.6632
2025-05-04T18:57:36,32.47554964385927,-111.29339796490967,19.6632
2025-05-04T18:57:37,32.475558361038566,-111.29346686415374,20.9448
2025-05-04T18:57:38,32.475459119305015,-111.2935016490519,26.334000000000003
2025-05-04T18:57:39,32.4753528367728,-111.29348329268396,32.7744
2025-05-04T18:57:40,32.47526097111404,-111.29345613531768,33.84
2025-05-04T18:57:41,32.475198190659285,-111.29341816529632,28.8216
2025-05-04T18:57:42,32.47517757117748,-111.29335672594607,18.8316
2025-05-04T18:57:43,32.47516927309334,-111.29330995492637,17.1648
2025-05-04T18:57:44,32.475162483751774,-111.2932516168803,18.971999999999998
2025-05-04T18:57:45,32.47516080737114,-111.29318531602621,19.7244
2025-05-04T18:57:46,32.47516734525561,-111.29313795827329,17.3844
2025-05-04T18:57:47,32.475163992494345,-111.29310032352805,15.9696
2025-05-04T18:57:48,32.475154772400856,-111.29302849061787,19.44
2025-05-04T18:57:49,32.47514027170837,-111.29297878593206,19.5948
2025-05-04T18:57:50,32.475118562579155,-111.2929128203541,22.7052
2025-05-04T18:57:51,32.47506357729435,-111.29284501075745,26.269199999999998
2025-05-04T18:57:52,32.47499191202223,-111.29281684756279,26.0424
2025-05-04T18:57:53,32.474948493763804,-111.29282631911337,19.782
2025-05-04T18:57:54,32.47493399307132,-111.29282380454242,12.715200000000001
2025-05-04T18:57:55,32.47491119429469,-111.29279966466129,11.1744
2025-05-04T18:57:56,32.474880600348115,-111.29277887754142,12.232800000000001
2025-05-04T18:57:57,32.47482720762491,-111.2927661370486,16.8444
2025-05-04T18:57:58,32.474786303937435,-111.29275222308934,17.524800000000003
2025-05-04T18:57:59,32.47474875301123,-111.29276756197214,16.502399999999998
2025-05-04T18:58:00,32.47467985376716,-111.29276856780052,22.024800000000003
2025-05-04T18:58:01,32.47459687292576,-111.29276663996279,26.3916
2025-05-04T18:58:02,32.47451732866466,-111.29275599494576,28.4616
2025-05-04T18:58:03,32.47445270419121,-111.2927510496229,27.320400000000003
2025-05-04T18:58:04,32.47437466867268,-111.29275457002223,29.682
2025-05-04T18:58:05,32.474285485222936,-111.29275733605027,32.6088
2025-05-04T18:58:06,32.4742216989398,-111.29275549203157,27.774
2025-05-04T18:58:07,32.474199989810586,-111.29274937324226,18.3024
2025-05-04T18:58:08,32.47417375445366,-111.29272582009435,15.966
2025-05-04T18:58:09,32.474152967333794,-111.29274384118617,12.6972
2025-05-04T18:58:10,32.474119355902076,-111.29275842569768,13.860000000000001
2025-05-04T18:58:11,32.47406093403697,-111.292753983289,18.81
2025-05-04T18:58:12,32.47397552244365,-111.29276990890503,26.524800000000003
2025-05-04T18:58:13,32.47391047887504,-111.2928229663521,28.0692
2025-05-04T18:58:14,32.47387862764299,-111.29289354197681,26.1612
2025-05-04T18:58:15,32.4738675635308,-111.29297870211303,26.197200000000002
2025-05-04T18:58:16,32.473891619592905,-111.29303268156946,21.3012
2025-05-04T18:58:17,32.473925314843655,-111.29306671209633,17.168400000000002
2025-05-04T18:58:18,32.473938055336475,-111.29307677038014,10.8252
2025-05-04T18:58:19,32.47395062819123,-111.29308825358748,7.660800000000001
2025-05-04T18:58:20,32.47396504506469,-111.2931065261364,8.136
2025-05-04T18:58:21,32.4739833176136,-111.29311482422054,7.8732
2025-05-04T18:58:22,32.47400712221861,-111.29312865436077,9.5436
2025-05-04T18:58:23,32.474031848832965,-111.2931408919394,10.5624
2025-05-04T18:58:24,32.474055318161845,-111.29315061494708,10.692
2025-05-04T18:58:25,32.47408297844231,-111.29315874539316,11.3688
2025-05-04T18:58:26,32.47411868534982,-111.29315958358347,13.176
2025-05-04T18:58:27,32.474165707826614,-111.29315782338381,16.38
2025-05-04T18:58:28,32.474217507988214,-111.29314734600484,19.188000000000002
2025-05-04T18:58:29,32.474297136068344,-111.29314365796745,26.0604
2025-05-04T18:58:30,32.47438522987068,-111.29317307844758,31.194
2025-05-04T18:58:31,32.474437449127436,-111.29322236403823,26.377200000000002
2025-05-04T18:58:32,32.474446669220924,-111.29324197769165,15.786
2025-05-04T18:58:33,32.47450886294246,-111.29322320222855,20.253600000000002
2025-05-04T18:58:34,32.4746017344296,-111.2931860703975,29.448
2025-05-04T18:58:35,32.474713800475,-111.29317752085626,37.2528
2025-05-04T18:58:36,32.474798541516066,-111.29318917170167,36.2376
2025-05-04T18:58:37,32.47486710548401,-111.29323208704591,31.3992
2025-05-04T18:58:38,32.474913876503706,-111.2932999804616,27.752399999999998
2025-05-04T18:58:39,32.47500205412507,-111.29338254220784,35.013600000000004
2025-05-04T18:58:40,32.475012028589845,-111.29346636123955,31.716
2025-05-04T18:58:41,32.47504807077348,-111.2935592327267,33.1524
2025-05-04T18:58:42,32.47509157285094,-111.29364866763353,32.6304
2025-05-04T18:58:43,32.47509593144059,-111.29368412308395,21.038400000000003
2025-05-04T18:58:44,32.47506123036146,-111.29371379502118,14.724
2025-05-04T18:58:45,32.47503818012774,-111.29374589771032,14.367600000000001
2025-05-04T18:58:46,32.47499819844961,-111.29378202371299,17.3556
2025-05-04T18:58:47,32.47491831891239,-111.2937801796943,22.9284
2025-05-04T18:58:48,32.47483206912875,-111.29373114556074,29.178
2025-05-04T18:58:49,32.47476845048368,-111.29363995045424,32.7708
2025-05-04T18:58:50,32.47471044771373,-111.29356920719147,33.300000000000004
2025-05-04T18:58:51,32.474629478529096,-111.29354582168162,31.953599999999998
2025-05-04T18:58:52,32.47453551739454,-111.29357842728496,33.400800000000004
2025-05-04T18:58:53,32.47446368448436,-111.2935983762145,30.5424
2025-05-04T18:58:54,32.474428564310074,-111.29360424354672,21.628800000000002
2025-05-04T18:58:55,32.474369555711746,-111.29361011087894,23.5548
2025-05-04T18:58:56,32.47433636337519,-111.29359804093838,19.1088
2025-05-04T18:58:57,32.47429193928838,-111.29358203150332,19.296000000000003
2025-05-04T18:58:58,32.4742198549211,-111.29356996156275,25.520400000000002
2025-05-04T18:58:59,32.47414994984865,-111.29357834346592,27.471600000000002
2025-05-04T18:59:00,32.47405456379056,-111.29360055550933,33.3432
2025-05-04T18:59:01,32.47396605089307,-111.29364363849163,35.7336
2025-05-04T18:59:02,32.473901426419616,-111.2937178183347,34.390800000000006
2025-05-04T18:59:03,32.473875526338816,-111.29382418468595,33.040800000000004
2025-05-04T18:59:04,32.4739196151495,-111.29394169896841,34.164
2025-05-04T18:59:05,32.47399237006903,-111.2940455507487,37.8324
2025-05-04T18:59:06,32.47407610528171,-111.29408293403685,34.1856
2025-05-04T18:59:07,32.47415489517152,-111.29407203756273,29.7468
2025-05-04T18:59:08,32.47423787601292,-111.29405032843351,30.4164
2025-05-04T18:59:09,32.474318258464336,-111.29404689185321,31.482
2025-05-04T18:59:10,32.47439914382994,-111.29407002590597,32.6772
2025-05-04T18:59:11,32.474482879042625,-111.29407564178109,32.69520000000001
2025-05-04T18:59:12,32.474558064714074,-111.29408519715071,29.941200000000002
2025-05-04T18:59:13,32.4745911732316,-111.29408762790263,20.980800000000002
2025-05-04T18:59:14,32.47460626065731,-111.29409852437675,13.874400000000001
2025-05-04T18:59:15,32.47461539693177,-111.29409215413034,8.7732
2025-05-04T18:59:16,32.4746498465538,-111.29409215413034,10.9008
2025-05-04T18:59:17,32.47468144632876,-111.29409458488226,12.1212
2025-05-04T18:59:18,32.474718913435936,-111.29410229623318,13.9356
2025-05-04T18:59:19,32.47475327923894,-111.2941100075841,14.0724
2025-05-04T18:59:20,32.474780939519405,-111.29411562345922,12.852
2025-05-04T18:59:21,32.47481094673276,-111.29411009140313,12.6684
2025-05-04T18:59:22,32.47484715655446,-111.2941031344235,14.605200000000002
2025-05-04T18:59:23,32.47491270303726,-111.29410598427057,20.732400000000002
2025-05-04T18:59:24,32.475000293925405,-111.29413364455104,28.6776
2025-05-04T18:59:25,32.47507908381522,-111.29415770061314,30.290399999999998
2025-05-04T18:59:26,32.475141528993845,-111.29415912553668,26.4924
2025-05-04T18:59:27,32.47516566887498,-111.29413682967424,17.258399999999998
2025-05-04T18:59:28,32.47517874464393,-111.29408310167491,16.0236
2025-05-04T18:59:29,32.47522342018783,-111.29400724545121,24.1056
2025-05-04T18:59:30,32.47526491060853,-111.29393071867526,27.936
2025-05-04T18:59:31,32.47530874796212,-111.2938626576215,27.6156
2025-05-04T18:59:32,32.47536063194275,-111.29382837563753,24.2244
2025-05-04T18:59:33,32.47539541684091,-111.29383139312267,17.604
2025-05-04T18:59:34,32.475431291386485,-111.29383994266391,14.7996
2025-05-04T18:59:35,32.475440092384815,-111.29389216192067,12.571200000000001
2025-05-04T18:59:36,32.47545107267797,-111.29393197596073,13.2192
2025-05-04T18:59:37,32.475459119305015,-111.29395301453769,10.7892
2025-05-04T18:59:38,32.47548342682421,-111.29400020465255,14.670000000000002
2025-05-04T18:59:39,32.47552148066461,-111.29405410028994,19.447200000000002
2025-05-04T18:59:40,32.475589625537395,-111.29406776279211,21.6864
2025-05-04T18:59:41,32.47567185200751,-111.29399115219712,27.500400000000003
2025-05-04T18:59:42,32.47573169879615,-111.29391781054437,30.546
2025-05-04T18:59:43,32.47579162940383,-111.29386550746858,30.085199999999997
2025-05-04T18:59:44,32.4758708383888,-111.29385192878544,29.800800000000002
2025-05-04T18:59:45,32.47593236155808,-111.2938832771033,25.0056
2025-05-04T18:59:46,32.47598860412836,-111.2939266115427,23.759999999999998
2025-05-04T18:59:47,32.476000590249896,-111.29400691017509,24.015600000000003
2025-05-04T18:59:48,32.4759881850332,-111.29409349523485,24.066
2025-05-04T18:59:49,32.47596186585724,-111.2941670883447,22.7736
2025-05-04T18:59:50,32.47595624998212,-111.29419147968292,16.1964
2025-05-04T18:59:51,32.475962955504656,-111.29420153796673,11.6964
2025-05-04T18:59:52,32.47597276233137,-111.2942931521684,21.474
2025-05-04T18:59:53,32.47597133740783,-111.2944001890719,29.152800000000003
2025-05-04T18:59:54,32.47597544454038,-111.29449398256838,30.743999999999996
2025-05-04T18:59:55,32.4759916216135,-111.29459699615836,31.9932
2025-05-04T18:59:56,32.476048953831196,-111.29471023567021,37.3428
2025-05-04T18:59:57,32.476126654073596,-111.29479782655835,39.8628
2025-05-04T18:59:58,32.47617929242551,-111.29489195533097,38.6676
2025-05-04T18:59:59,32.476177951321006,-111.29501634277403,37.9764
2025-05-04T19:00:00,32.47613218612969,-111.29512849263847,36.7272
2025-05-04T19:00:01,32.47605800628662,-111.29519118927419,33.552
2025-05-04T19:00:02,32.475958010181785,-111.29518104717135,32.1588
2025-05-04T19:00:03,32.47586497105658,-111.29511097446084,34.974000000000004
2025-05-04T19:00:04,32.47579908929765,-111.29504626616836,34.722
2025-05-04T19:00:05,32.47574427165091,-111.29497250542045,33.9948
2025-05-04T19:00:06,32.47567587532103,-111.29489740356803,35.7444
2025-05-04T19:00:07,32.47561242431402,-111.29481450654566,36.0612
2025-05-04T19:00:08,32.47557948343456,-111.29476329311728,27.500400000000003
2025-05-04T19:00:09,32.475570095703006,-111.29472892731428,19.4292
2025-05-04T19:00:10,32.47554637491703,-111.2946898676455,17.568
2025-05-04T19:00:11,32.4754823371768,-111.29466480575502,21.9744
2025-05-04T19:00:12,32.47542358003557,-111.29460571333766,27.493199999999998
2025-05-04T19:00:13,32.47534956783056,-111.29454796202481,32.1264
2025-05-04T19:00:14,32.475265581160784,-111.29450714215636,34.4808
2025-05-04T19:00:15,32.47517170384526,-111.2944966647774,35.7336
2025-05-04T19:00:16,32.475071204826236,-111.29449943080544,37.9656
2025-05-04T19:00:17,32.47497238218784,-111.29451619461179,38.5056
2025-05-04T19:00:18,32.47489518485963,-111.29453773610294,34.113600000000005
2025-05-04T19:00:19,32.47484967112541,-111.29461091011763,29.354400000000002
2025-05-04T19:00:20,32.47484765946865,-111.29472959786654,30.650399999999998
2025-05-04T19:00:21,32.47486853040755,-111.29486002027988,36.284400000000005
2025-05-04T19:00:22,32.47486459091306,-111.29497728310525,38.2788
2025-05-04T19:00:23,32.47485159896314,-111.29508934915066,38.1816
2025-05-04T19:00:24,32.47488127090037,-111.29517417401075,32.5368
2025-05-04T19:00:25,32.47498604469001,-111.29521532915533,32.4324
2025-05-04T19:00:26,32.47509492561221,-111.2951872497797,35.110800000000005
2025-05-04T19:00:27,32.47517790645361,-111.2951444182545,35.1828
2025-05-04T19:00:28,32.47527320869267,-111.29515556618571,35.8884
2025-05-04T19:00:29,32.47537815012038,-111.29518155008554,39.1284
2025-05-04T19:00:30,32.4754667468369,-111.29522086121142,36.9036
2025-05-04T19:00:31,32.47556280344725,-111.29529571160674,41.0148
2025-05-04T19:00:32,32.47566372156143,-111.29537441767752,46.0152
2025-05-04T19:00:33,32.47576757334173,-111.29541180096567,45.8568
2025-05-04T19:00:34,32.4758811481297,-111.29539277404547,45.0828
2025-05-04T19:00:35,32.47599883005023,-111.29538875073195,45.7272
2025-05-04T19:00:36,32.47610402293503,-111.29538699053228,41.857200000000006
2025-05-04T19:00:37,32.47616780921817,-111.29539235495031,31.633200000000002
2025-05-04T19:00:38,32.47624265961349,-111.29538120701909,31.957200000000004
2025-05-04T19:00:39,32.47635053470731,-111.29537349566817,41.1048
2025-05-04T19:00:40,32.47637995518744,-111.29537760280073,32.76
2025-05-04T19:00:41,32.47638867236674,-111.29538020119071,35.571600000000004
2025-05-04T19:00:42,32.476473078131676,-111.29530082456768,36.644400000000005
2025-05-04T19:00:43,32.47651465237141,-111.29518641158938,37.8144
2025-05-04T19:00:44,32.476542899385095,-111.2950678076595,38.898
2025-05-04T19:00:45,32.47655387967825,-111.29494316875935,38.808
2025-05-04T19:00:46,32.47653719969094,-111.29481928423047,39.2292
2025-05-04T19:00:47,32.476533595472574,-111.29470503889024,37.598400000000005
2025-05-04T19:00:48,32.47650258243084,-111.29462281242013,32.4828
2025-05-04T19:00:49,32.476454470306635,-111.2945294380188,33.962399999999995
2025-05-04T19:00:50,32.47638666070998,-111.29454041831195,21.7224
2025-05-04T19:00:51,32.47641457244754,-111.29453429952264,19.404
2025-05-04T19:00:52,32.47636872343719,-111.29454854875803,14.738400000000002
2025-05-04T19:00:53,32.47631658799946,-111.29450906999409,14.738400000000002
2025-05-04T19:00:54,32.476260513067245,-111.29445366561413,20.3472
2025-05-04T19:00:55,32.47623478062451,-111.29437462426722,24.3288
2025-05-04T19:00:56,32.47622782364488,-111.29430052824318,24.3288
2025-05-04T19:00:57,32.47622765600681,-111.29422416910529,24.782400000000003
2025-05-04T19:00:58,32.47625196352601,-111.29414319992065,27.309600000000003
2025-05-04T19:00:59,32.47630711644888,-111.29405871033669,32.04
2025-05-04T19:01:00,32.4763666279614,-111.29398101009429,32.04
2025-05-04T19:01:01,32.476424714550376,-111.29388025961816,35.8596
2025-05-04T19:01:02,32.47644826769829,-111.29379359073937,31.14
2025-05-04T19:01:03,32.47645086608827,-111.29370641894639,31.14
2025-05-04T19:01:04,32.47644642367959,-111.2936453986913,26.7696
2025-05-04T19:01:05,32.476441813632846,-111.29359812475741,22.0644
2025-05-04T19:01:06,32.476445166394114,-111.29352997988462,22.0644
2025-05-04T19:01:07,32.47644156217575,-111.29344532266259,25.3116
2025-05-04T19:01:08,32.476431503891945,-111.2933687120676,25.4376
2025-05-04T19:01:09,32.476429995149374,-111.29328480921686,25.4376
2025-05-04T19:01:10,32.476431084796786,-111.29318590275943,27.856800000000003
2025-05-04T19:01:11,32.47643468901515,-111.29306863993406,31.7124
2025-05-04T19:01:12,32.476423205807805,-111.29295690916479,33.4872
2025-05-04T19:01:13,32.47637316584587,-111.29287174902856,33.4872
2025-05-04T19:01:14,32.47629068791866,-111.29284534603357,31.525199999999998
2025-05-04T19:01:15,32.47619027271867,-111.29288448952138,30.3588
2025-05-04T19:01:16,32.476129001006484,-111.29297283478081,29.9664
2025-05-04T19:01:17,32.47610243037343,-111.29306863993406,28.8036
2025-05-04T19:01:18,32.47610175982118,-111.29318690858781,31.8492
2025-05-04T19:01:19,32.476096311584115,-111.29329830408096,33.9948
2025-05-04T19:01:20,32.47607904486358,-111.2934102024883,35.5284
2025-05-04T19:01:21,32.47605205513537,-111.29351824522018,37.2744
2025-05-04T19:01:22,32.47599036432803,-111.29358236677945,32.1156
2025-05-04T19:01:23,32.47590797021985,-111.29360642284155,31.683600000000002
2025-05-04T19:01:24,32.47582574374974,-111.29358563572168,27.939600000000002
2025-05-04T19:01:25,32.475749887526035,-111.29354221746325,29.826
2025-05-04T19:01:26,32.47585910372436,-111.2937088496983,19.5876
2025-05-04T19:01:27,32.47584141790867,-111.29360985942185,19.5876
2025-05-04T19:01:28,32.47585264965892,-111.2934950273484,7.6032
2025-05-04T19:01:29,32.47586111538112,-111.29339813254774,3.4019999999999997
2025-05-04T19:01:31,32.47580789029598,-111.29277996718884,24.840000000000003
2025-05-04T19:01:32,32.47575441375375,-111.29273956641555,21.916800000000002
2025-05-04T19:01:33,32.4756686668843,-111.29273571074009,24.1776
2025-05-04T19:01:34,32.475603707134724,-111.2927730102092,23.767200000000003
2025-05-04T19:01:35,32.47555023059249,-111.29281240515411,24.7284
2025-05-04T19:01:36,32.47552818618715,-111.29288725554943,24.4008
2025-05-04T19:01:37,32.475531455129385,-111.29298155196011,27.054
2025-05-04T19:01:38,32.475544111803174,-111.2930822186172,29.6172
2025-05-04T19:01:39,32.475547632202506,-111.2931599188596,26.514000000000003
2025-05-04T19:01:40,32.47554729692638,-111.29319763742387,20.134800000000002
2025-05-04T19:01:41,32.47554939240217,-111.29324742592871,19.1016
2025-05-04T19:01:42,32.4755478836596,-111.29331498406827,20.0592
2025-05-04T19:01:43,32.47554637491703,-111.29336326383054,18.2556
2025-05-04T19:01:44,32.47554863803089,-111.29342487081885,19.4616
2025-05-04T19:01:45,32.47552005574107,-111.29347683861852,21.0708
2025-05-04T19:01:46,32.47546959668398,-111.29350206814706,19.674
2025-05-04T19:01:47,32.47535686008632,-111.29349108785391,28.8792
2025-05-04T19:01:48,32.47526591643691,-111.29343744367361,32.5728
2025-05-04T19:01:49,32.47521881014109,-111.29341246560216,25.3548
2025-05-04T19:01:50,32.47519064694643,-111.29338438622653,19.119600000000002
2025-05-04T19:01:51,32.475188886746764,-111.29334004595876,15.2712
2025-05-04T19:01:52,32.47518737800419,-111.29327500239015,18.320400000000003
2025-05-04T19:01:53,32.47519123367965,-111.29318405874074,23.022
2025-05-04T19:01:54,32.47518964111805,-111.29312513396144,21.3804
2025-05-04T19:01:55,32.47517983429134,-111.29308473318815,19.0908
2025-05-04T19:01:56,32.47516181319952,-111.2930180132389,20.4876
2025-05-04T19:01:57,32.475150329992175,-111.29295288585126,21.556800000000003
2025-05-04T19:01:58,32.47512384317815,-111.29288800992072,23.241600000000002
2025-05-04T19:01:59,32.47506936080754,-111.29281215369701,27.7272
2025-05-04T19:02:00,32.475000293925405,-111.29277778789401,26.37
2025-05-04T19:02:01,32.47496726922691,-111.29280201159418,16.9956
2025-05-04T19:02:02,32.47494623064995,-111.29280595108867,12.0492
2025-05-04T19:02:03,32.474921587854624,-111.29278508014977,11.4084
2025-05-04T19:02:04,32.47488881461322,-111.29276697523892,12.7764
2025-05-04T19:02:05,32.474854281172156,-111.29275800660253,13.5252
2025-05-04T19:02:06,32.474815640598536,-111.2927560787648,14.461200000000002
2025-05-04T19:02:07,32.47476836666465,-111.29275071434677,16.164
2025-05-04T19:02:08,32.47470734640956,-111.29274937324226,20.6172
2025-05-04T19:02:09,32.47462562285364,-111.2927608564496,26.6976
2025-05-04T19:02:10,32.474547838792205,-111.29277342930436,29.199600000000004
2025-05-04T19:02:11,32.47448698617518,-111.29277284257114,27.0
2025-05-04T19:02:12,32.474418841302395,-111.29276127554476,27.529200000000003
2025-05-04T19:02:13,32.47432915493846,-111.29276144318283,31.312800000000003
2025-05-04T19:02:14,32.474260590970516,-111.29276580177248,28.4004
2025-05-04T19:02:15,32.47422471642494,-111.29276555031538,19.4328
2025-05-04T19:02:16,32.47419630177319,-111.2927542347461,15.876000000000001
2025-05-04T19:02:17,32.4741939548403,-111.29274308681488,10.155600000000002
2025-05-04T19:02:18,32.474158918485045,-111.29276177845895,11.9232
2025-05-04T19:02:19,32.4741093814373,-111.29276605322957,16.5276
2025-05-04T19:02:20,32.47404299676418,-111.29275993444026,21.9744
2025-05-04T19:02:21,32.47396060265601,-111.2927851639688,27.3672
2025-05-04T19:02:22,32.47390653938055,-111.29284216091037,26.478
2025-05-04T19:02:23,32.47390159405768,-111.29291860386729,23.0076
2025-05-04T19:02:24,32.47391190379858,-111.29296495579183,18.741600000000002
2025-05-04T19:02:25,32.47392347082496,-111.29300602711737,16.7544
2025-05-04T19:02:26,32.47394207865,-111.29306361079216,18.0144
2025-05-04T19:02:27,32.47398599982262,-111.29310954362154,19.296000000000003
2025-05-04T19:02:28,32.47403503395617,-111.29314290359616,21.3948
2025-05-04T19:02:29,32.47410259209573,-111.29315597936511,24.498
2025-05-04T19:02:30,32.47417727485299,-111.29317400045693,28.018800000000002
2025-05-04T19:02:31,32.47426620684564,-111.29316947422922,31.413600000000002
2025-05-04T19:02:32,32.47433837503195,-111.29314474761486,29.869200000000003
2025-05-04T19:02:33,32.47440543025732,-111.29313913173974,26.841600000000003
2025-05-04T19:02:34,32.474430995061994,-111.2931546382606,17.622
2025-05-04T19:02:35,32.474483381956816,-111.2931791972369,19.2852
2025-05-04T19:02:36,32.47454012744129,-111.29320342093706,24.8832
2025-05-04T19:02:37,32.47464389540255,-111.29317542538047,34.0272
2025-05-04T19:02:38,32.47472461313009,-111.29316394217312,34.3872
2025-05-04T19:02:39,32.47481111437082,-111.293187411502,34.5456
2025-05-04T19:02:40,32.474884456023574,-111.29323451779783,32.5116
2025-05-04T19:02:41,32.47493466362357,-111.29328774288297,27.7668
2025-05-04T19:02:42,32.47496014460921,-111.29335043951869,25.4376
2025-05-04T19:02:43,32.47496383264661,-111.29340458661318,22.496399999999998
2025-05-04T19:02:44,32.47495955787599,-111.29347021691501,21.798
2025-05-04T19:02:45,32.475039940327406,-111.29355965182185,29.491200000000003
2025-05-04T19:02:46,32.47507271356881,-111.29361681640148,25.4664
2025-05-04T19:02:47,32.47507304884493,-111.29366853274405,19.764000000000003
2025-05-04T19:02:48,32.47505293227732,-111.29369451664388,13.2516
2025-05-04T19:02:49,32.47504413127899,-111.29372594878078,12.2868
2025-05-04T19:02:50,32.47499652206898,-111.29375478252769,15.8616
2025-05-04T19:02:51,32.47493231669068,-111.29376970231533,20.8368
2025-05-04T19:02:52,32.47486283071339,-111.29374539479613,24.127200000000002
2025-05-04T19:02:53,32.47479820623994,-111.29368781112134,27.0828
2025-05-04T19:02:54,32.474742801859975,-111.2935999687761,31.2588
2025-05-04T19:02:55,32.47467205859721,-111.2935552932322,30.5424
2025-05-04T19:02:56,32.474583545699716,-111.29358136095107,30.69
2025-05-04T19:02:57,32.474482879042625,-111.29363223910332,35.8668
2025-05-04T19:02:58,32.474414985626936,-111.29365327768028,30.780000000000005
2025-05-04T19:02:59,32.47437173500657,-111.29367004148662,25.0812
2025-05-04T19:03:00,32.47434969060123,-111.29364640451968,13.5432
2025-05-04T19:03:01,32.47432638891041,-111.29364791326225,12.207600000000001
2025-05-04T19:03:02,32.47429386712611,-111.2936311494559,13.7088
2025-05-04T19:03:03,32.47423837892711,-111.2936174031347,20.422800000000002
2025-05-04T19:03:04,32.47415732592344,-111.29361379891634,28.7928
2025-05-04T19:03:05,32.4740541446954,-111.29360248334706,35.2224
2025-05-04T19:03:06,32.47395875863731,-111.29361916333437,37.007999999999996
2025-05-04T19:03:07,32.4738900270313,-111.29369619302452,35.5752
2025-05-04T19:03:08,32.47386387549341,-111.29380549304187,34.8012
2025-05-04T19:03:09,32.47389170341194,-111.29392853938043,34.750800000000005
2025-05-04T19:03:10,32.473965380340815,-111.29402602091432,36.072
2025-05-04T19:03:11,32.474048445001245,-111.2940820120275,34.3476
2025-05-04T19:03:12,32.4741352815181,-111.29408746026456,32.706
2025-05-04T19:03:13,32.4742166697979,-111.29407245665789,32.3928
2025-05-04T19:03:14,32.47430082410574,-111.29407949745655,32.5188
2025-05-04T19:03:15,32.47440769337118,-111.29408025182784,36.838800000000006
2025-05-04T19:03:16,32.474512215703726,-111.29408058710396,37.8252
2025-05-04T19:03:17,32.4745620880276,-111.2940891366452,25.992
2025-05-04T19:03:18,32.47457608580589,-111.2941007874906,13.208400000000001
2025-05-04T19:03:19,32.47458228841424,-111.29409961402416,7.876800000000001
2025-05-04T19:03:20,32.47462193481624,-111.29409349523485,12.996
2025-05-04T19:03:21,32.474649427458644,-111.29409383051097,12.625200000000001
2025-05-04T19:03:22,32.4746844638139,-111.294099194929,12.859200000000001
2025-05-04T19:03:23,32.474723272025585,-111.29409131594002,13.5756
2025-05-04T19:03:24,32.47476643882692,-111.29409609362483,14.965200000000001
2025-05-04T19:03:25,32.47480298392475,-111.29410355351865,14.5728
2025-05-04T19:03:26,32.474847827106714,-111.29411218687892,16.491600000000002
2025-05-04T19:03:27,32.474904488772154,-111.29410388879478,20.2644
2025-05-04T19:03:28,32.4749799259007,-111.29412417300045,25.506
2025-05-04T19:03:29,32.47505930252373,-111.2941528391093,29.069999999999997
2025-05-04T19:03:30,32.47511529363692,-111.29414663650095,25.0092
2025-05-04T19:03:31,32.47513641603291,-111.29413733258843,15.966
2025-05-04T19:03:32,32.47514454647899,-111.29412367008626,9.558
2025-05-04T19:03:33,32.47515292838216,-111.29411009140313,7.632000000000001
2025-05-04T19:03:34,32.475175727158785,-111.29409408196807,9.111600000000001
2025-05-04T19:03:35,32.47519098222256,-111.29407262429595,9.7956
2025-05-04T19:03:36,32.47520439326763,-111.2940354924649,11.595600000000001
2025-05-04T19:03:37,32.475213864818215,-111.29399090074003,13.356
2025-05-04T19:03:38,32.47522937133908,-111.29394354298711,15.0228
2025-05-04T19:03:39,32.47524814680219,-111.29390431568027,15.0876
2025-05-04T19:03:40,32.47526675462723,-111.29386844113469,14.4756
2025-05-04T19:03:41,32.47528477571905,-111.29383910447359,13.0176
2025-05-04T19:03:42,32.47530690394342,-111.29381379112601,12.6684
2025-05-04T19:03:43,32.47535048983991,-111.29378948360682,15.991200000000001
2025-05-04T19:03:44,32.47542475350201,-111.29380105063319,22.215600000000002
2025-05-04T19:03:45,32.4754807446152,-111.2938525993377,22.8744
2025-05-04T19:03:46,32.47548543848097,-111.29390557296574,17.5716
2025-05-04T19:03:47,32.47545853257179,-111.29393541254103,12.506400000000001
2025-05-04T19:03:48,32.475472865626216,-111.29397346638143,12.5748
2025-05-04T19:03:49,32.47550857253373,-111.29403557628393,18.061200000000003
2025-05-04T19:03:50,32.47556900605559,-111.29407321102917,21.3084
2025-05-04T19:03:51,32.47565140016377,-111.29404144361615,24.2028
2025-05-04T19:03:52,32.475731363520026,-111.29396743141115,31.528799999999997
2025-05-04T19:03:53,32.475791964679956,-111.29389710724354,32.8356
2025-05-04T19:03:54,32.47584535740316,-111.29387254826725,27.2952
2025-05-04T19:03:55,32.475906210020185,-111.29386190325022,24.0516
2025-05-04T19:03:56,32.47595775872469,-111.29389417357743,21.294
2025-05-04T19:03:57,32.47598407790065,-111.29399919882417,25.1748
2025-05-04T19:03:58,32.47596547007561,-111.29408486187458,29.4804
2025-05-04T19:03:59,32.47595633380115,-111.29418075084686,29.178
2025-05-04T19:04:00,32.47595960274339,-111.29420019686222,15.170400000000003
2025-05-04T19:04:01,32.47596798464656,-111.29420422017574,7.1424
2025-05-04T19:04:02,32.475973684340715,-111.29426599480212,15.6024
2025-05-04T19:04:03,32.47597871348262,-111.29436934366822,26.19
2025-05-04T19:04:04,32.47596957720816,-111.29446322098374,28.5876
2025-05-04T19:04:05,32.47597016394138,-111.29456204362214,31.4316
2025-05-04T19:04:06,32.4759953096509,-111.29466044716537,34.0668
2025-05-04T19:04:07,32.47606907039881,-111.29474426619709,36.5292
2025-05-04T19:04:08,32.476140316575766,-111.29482456482947,37.540800000000004
2025-05-04T19:04:09,32.47617174871266,-111.29491693340242,34.556400000000004
2025-05-04T19:04:10,32.47617518529296,-111.29503084346652,34.534800000000004
2025-05-04T19:04:11,32.476154901087284,-111.29514466971159,36.7992
2025-05-04T19:04:12,32.47610863298178,-111.2952186819166,31.953599999999998
2025-05-04T19:04:13,32.4760296754539,-111.29523703828454,27.6444
2025-05-04T19:04:14,32.47596664354205,-111.29518900997937,23.1084
2025-05-04T19:04:15,32.47593286447227,-111.29515020176768,17.3448
2025-05-04T19:04:16,32.47591886669397,-111.29513444378972,10.8576
2025-05-04T19:04:17,32.47590713202953,-111.29511876963079,6.714
2025-05-04T19:04:18,32.47589531354606,-111.2951058614999,6.6204
2025-05-04T19:04:19,32.47588215395808,-111.29509815014899,6.0336
2025-05-04T19:04:20,32.47587335295975,-111.29508700221777,5.0976
2025-05-04T19:04:21,32.475862288847566,-111.29507468082011,4.010400000000001
2025-05-04T19:04:22,32.47585407458246,-111.295071747154,3.2652
2025-05-04T19:04:23,32.47583596967161,-111.2950524687767,6.1632
2025-05-04T19:04:24,32.47582037933171,-111.29503469914198,8.4384
2025-05-04T19:04:25,32.475798251107335,-111.29500745795667,10.1736
2025-05-04T19:04:26,32.47578073292971,-111.29498356953263,11.1744
2025-05-04T19:04:27,32.47575600631535,-111.29495264030993,13.284
2025-05-04T19:04:28,32.47572708874941,-111.29491928033531,15.364799999999999
2025-05-04T19:04:29,32.47569632716477,-111.29487896338105,17.244
2025-05-04T19:04:30,32.475664811208844,-111.2948315218091,18.3888
2025-05-04T19:04:31,32.475640419870615,-111.29479070194066,17.5932
2025-05-04T19:04:32,32.47561426833272,-111.29476136527956,16.5312
2025-05-04T19:04:33,32.47558652423322,-111.29472959786654,14.3568
2025-05-04T19:04:34,32.47551611624658,-111.29468819126487,21.3156
2025-05-04T19:04:35,32.47547001577914,-111.29463337361813,24.206400000000002
2025-05-04T19:04:36,32.47540664859116,-111.29458417184651,27.864
2025-05-04T19:04:37,32.475335570052266,-111.29454041831195,29.8836
2025-05-04T19:04:38,32.47525217011571,-111.294508818537,32.49
2025-05-04T19:04:39,32.47516231611371,-111.29450085572898,34.0704
2025-05-04T19:04:40,32.47506458312273,-111.29450848326087,36.345600000000005
2025-05-04T19:04:41,32.4749712087214,-111.29452725872397,37.137600000000006
2025-05-04T19:04:42,32.474890407174826,-111.29456078633666,35.2008
2025-05-04T19:04:43,32.474839109927416,-111.294627757743,30.373199999999997
2025-05-04T19:04:44,32.474848330020905,-111.29472540691495,27.5184
2025-05-04T19:04:45,32.47487699612975,-111.29484702832997,33.9408
2025-05-04T19:04:46,32.474860567599535,-111.29495984874666,36.3708
2025-05-04T19:04:47,32.474854197353125,-111.29507317207754,36.63
2025-05-04T19:04:48,32.47489049099386,-111.29516629502177,33.7536
2025-05-04T19:04:49,32.47498478740454,-111.29521759226918,33.588
2025-05-04T19:04:50,32.475098948925734,-111.29520392976701,36.3024
2025-05-04T19:04:51,32.47519366443157,-111.29514534026384,37.080000000000005
2025-05-04T19:04:52,32.47527798637748,-111.2951306719333,35.474399999999996
2025-05-04T19:04:53,32.475375551730394,-111.29514500498772,36.6372
2025-05-04T19:04:54,32.475452749058604,-111.29517828114331,32.9184
2025-05-04T19:04:55,32.475530952215195,-111.29527484066784,36.324
2025-05-04T19:04:56,32.475587194785476,-111.29536276683211,37.0908
2025-05-04T19:04:57,32.47566497884691,-111.29538640379906,34.0704
2025-05-04T19:04:58,32.47576673515141,-111.29539730027318,35.9172
2025-05-04T19:04:59,32.475889194756746,-111.29538866691291,41.857200000000006
2025-05-04T19:05:00,32.47600142844021,-111.29536997526884,43.8192
2025-05-04T19:05:01,32.47609815560281,-111.2953603360802,41.2056
2025-05-04T19:05:02,32.47615381143987,-111.29538355395198,29.732400000000002
2025-05-04T19:05:03,32.47621868737042,-111.29539168439806,28.404
2025-05-04T19:05:04,32.476304015144706,-111.2954031676054,34.4196
2025-05-04T19:05:05,32.47635464183986,-111.29538422450423,31.035600000000002
2025-05-04T19:05:06,32.476431503891945,-111.29536218009889,31.078799999999998
2025-05-04T19:05:07,32.476495038717985,-111.29528431221843,32.338800000000006
2025-05-04T19:05:08,32.476538456976414,-111.29518431611359,35.0316
2025-05-04T19:05:09,32.476572738960385,-111.29509387537837,33.8616
2025-05-04T19:05:10,32.47657139785588,-111.29501039162278,29.433600000000002
2025-05-04T19:05:11,32.476545413956046,-111.29493973217905,25.704
2025-05-04T19:05:12,32.4765410553664,-111.2948748562485,23.202
2025-05-04T19:05:13,32.47654566541314,-111.29483940079808,17.1612
2025-05-04T19:05:14,32.476530158892274,-111.2947765365243,19.908
2025-05-04T19:05:15,32.476502833887935,-111.29468861036003,25.7472
2025-05-04T19:05:16,32.47644357383251,-111.29462566226721,27.0936
2025-05-04T19:05:17,32.47636520303786,-111.29461334086955,25.4844
2025-05-04T19:05:18,32.476311307400465,-111.29461753182113,21.258000000000003
2025-05-04T19:05:19,32.47626420110464,-111.29459582269192,22.644000000000002
2025-05-04T19:05:20,32.476244838908315,-111.29457361064851,19.306800000000003
2025-05-04T19:05:21,32.47618289664388,-111.29449876025319,25.210800000000003
2025-05-04T19:05:22,32.47615808621049,-111.29441955126822,26.478
2025-05-04T19:05:23,32.47617803514004,-111.29431662149727,28.7424
2025-05-04T19:05:24,32.47620586305857,-111.29422307945788,30.812399999999997
2025-05-04T19:05:25,32.47623126022518,-111.29412819631398,32.5872
2025-05-04T19:05:26,32.476288927719,-111.29402509890497,36.6768
2025-05-04T19:05:27,32.47636335901916,-111.29393943585455,39.171600000000005
2025-05-04T19:05:28,32.47642287053168,-111.29385846666992,36.4608
2025-05-04T19:05:29,32.47643653303385,-111.29376919940114,31.370400000000004
2025-05-04T19:05:30,32.476420272141695,-111.29371706396341,22.492800000000003
2025-05-04T19:05:31,32.4764165841043,-111.29369401372969,14.421600000000002
2025-05-04T19:05:32,32.47642974369228,-111.29366341978312,12.391200000000001
2025-05-04T19:05:33,32.47643963433802,-111.29359317943454,17.665200000000002
2025-05-04T19:05:34,32.47643854469061,-111.29351011477411,22.7952
2025-05-04T19:05:35,32.47642823494971,-111.2934445682913,23.097600000000003
2025-05-04T19:05:36,32.47642681002617,-111.29339159466326,20.1276
2025-05-04T19:05:37,32.47643611393869,-111.29332177340984,21.916800000000002
2025-05-04T19:05:38,32.47643527574837,-111.29321792162955,28.5768
2025-05-04T19:05:39,32.47642898932099,-111.29309906624258,34.5672
2025-05-04T19:05:40,32.47642245143652,-111.29297392442822,38.7432
2025-05-04T19:05:41,32.47638590633869,-111.29287459887564,37.0944
2025-05-04T19:05:42,32.47631155885756,-111.29285557195544,29.188800000000004
2025-05-04T19:05:43,32.47622639872134,-111.29288775846362,27.979200000000002
2025-05-04T19:05:44,32.476159343495965,-111.29295330494642,29.0412
2025-05-04T19:05:45,32.47611994855106,-111.29301382228732,27.4464
2025-05-04T19:05:46,32.47610670514405,-111.29308423027396,25.0884
2025-05-04T19:05:47,32.47610301710665,-111.2931839749217,28.486800000000002
2025-05-04T19:05:48,32.476096814498305,-111.2932946998626,32.9328
2025-05-04T19:05:49,32.4760833196342,-111.2933964561671,34.3044
2025-05-04T19:05:50,32.47605146840215,-111.29348874092102,33.7896
2025-05-04T19:05:51,32.47597108595073,-111.29353157244623,31.377599999999997
2025-05-04T19:05:52,32.475881315767765,-111.29355437122285,33.6672
2025-05-04T19:05:53,32.47579758055508,-111.29348781891167,32.864399999999996
2025-05-04T19:05:54,32.47575055807829,-111.29339058883488,32.2596
2025-05-04T19:05:55,32.47576623223722,-111.2932553049177,34.0308
2025-05-04T19:05:56,32.47582113370299,-111.29312588833272,38.9808
2025-05-04T19:05:57,32.47582867741585,-111.29302396439016,36.568799999999996
2025-05-04T19:05:58,32.4758259113878,-111.292944252491,30.286800000000003
2025-05-04T19:05:59,32.475811410695314,-111.2928771134466,25.7112
2025-05-04T19:06:00,32.47579540126026,-111.29280729219317,24.415200000000002
2025-05-04T19:06:01,32.47576472349465,-111.29276437684894,19.692
2025-05-04T19:06:02,32.47570378705859,-111.29273587837815,21.6648
2025-05-04T19:06:03,32.47563103213906,-111.29277468658984,23.4216
2025-05-04T19:06:04,32.47558576986194,-111.2927870079875,21.8808
2025-05-04T19:06:05,32.47555140405893,-111.29279891029,18.0792
2025-05-04T19:06:06,32.47552273795009,-111.29285900853574,19.3572
2025-05-04T19:06:07,32.47553179040551,-111.29297048784792,25.988400000000002
2025-05-04T19:06:08,32.47553547844291,-111.29308573901653,32.4072
2025-05-04T19:06:09,32.475543189793825,-111.2931665405631,28.5408
2025-05-04T19:06:10,32.47554235160351,-111.29323108121753,24.9768
2025-05-04T19:06:11,32.47553749009967,-111.2932651117444,20.242800000000003
2025-05-04T19:06:12,32.47554277069867,-111.29334188997746,21.8808
2025-05-04T19:06:13,32.475542267784476,-111.29338128492236,18.486
2025-05-04T19:06:14,32.47554310597479,-111.29343233071268,18.025199999999998
2025-05-04T19:06:15,32.47551569715142,-111.2934744078666,17.4276
2025-05-04T19:06:16,32.475434644147754,-111.29350282251835,24.4296
2025-05-04T19:06:17,32.47534763999283,-111.29348639398813,28.5516
2025-05-04T19:06:18,32.475264240056276,-111.29345026798546,30.805200000000003
2025-05-04T19:06:19,32.47521319426596,-111.29340919665992,25.6284
2025-05-04T19:06:20,32.475203638896346,-111.2933668680489,17.6292
2025-05-04T19:06:21,32.47520858421922,-111.2933414708823,11.97
2025-05-04T19:06:22,32.47519802302122,-111.29329059273005,15.109200000000001
2025-05-04T19:06:23,32.47518570162356,-111.29320995882154,21.096
2025-05-04T19:06:24,32.47517907992005,-111.29314625635743,20.901600000000002
2025-05-04T19:06:25,32.47517304494977,-111.29310920834541,17.5752
2025-05-04T19:06:26,32.47516977600753,-111.29303880035877,19.7208
2025-05-04T19:06:27,32.47514991089702,-111.29298850893974,19.3212
2025-05-04T19:06:28,32.475134236738086,-111.2929254770279,21.290399999999998
2025-05-04T19:06:29,32.475075144320726,-111.29285188391805,26.442
2025-05-04T19:06:30,32.47500683180988,-111.29281215369701,25.6212
2025-05-04T19:06:31,32.47495469637215,-111.29281533882022,21.020400000000002
2025-05-04T19:06:32,32.474942207336426,-111.29283788613975,13.2012
2025-05-04T19:06:33,32.474920246750116,-111.29281039349735,10.9404
2025-05-04T19:06:34,32.47488127090037,-111.2927870079875,13.3236
2025-05-04T19:06:35,32.474848413839936,-111.29277217201889,13.6656
2025-05-04T19:06:36,32.474813126027584,-111.29277317784727,13.392000000000001
2025-05-04T19:06:37,32.474764762446284,-111.29276990890503,15.8832
2025-05-04T19:06:38,32.474710028618574,-111.29276705905795,19.422
2025-05-04T19:06:39,32.4746308196336,-111.29277451895177,25.660800000000002
2025-05-04T19:06:40,32.47455018572509,-111.29278851673007,28.9512
2025-05-04T19:06:41,32.474478520452976,-111.29278642125428,29.001599999999996
2025-05-04T19:06:42,32.47440006583929,-111.29277711734176,30.283200000000004
2025-05-04T19:06:43,32.47431926429272,-111.29276865161955,30.636
2025-05-04T19:06:44,32.474251706153154,-111.29276789724827,28.2132
2025-05-04T19:06:45,32.4742079526186,-111.29276529885828,21.132
2025-05-04T19:06:46,32.47419831342995,-111.29275406710804,13.4748
2025-05-04T19:06:47,32.47417777776718,-111.29275549203157,11.2644
2025-05-04T19:06:48,32.474141735583544,-111.2927647959441,13.014000000000001
2025-05-04T19:06:49,32.474093958735466,-111.29276630468667,16.441200000000002
2025-05-04T19:06:50,32.47401483356953,-111.29276311956346,24.0588
2025-05-04T19:06:51,32.47393629513681,-111.29278474487364,27.4536
2025-05-04T19:06:52,32.47388742864132,-111.29285540431738,27.2988
2025-05-04T19:06:53,32.47388751246035,-111.29293838515878,24.3576
2025-05-04T19:06:54,32.473895559087396,-111.29299798049033,21.2076
2025-05-04T19:06:55,32.47391517274082,-111.29304198548198,17.8056
2025-05-04T19:06:56,32.47395104728639,-111.29309085197747,18.6408
2025-05-04T19:06:57,32.473999075591564,-111.2931289896369,19.764000000000003
2025-05-04T19:06:58,32.4740422423929,-111.29313435405493,18.720000000000002
2025-05-04T19:06:59,32.47411231510341,-111.29313871264458,23.1012
2025-05-04T19:07:00,32.474203845486045,-111.29313837736845,29.433600000000002
2025-05-04T19:07:01,32.47429981827736,-111.29312865436077,33.9408
2025-05-04T19:07:02,32.474382715299726,-111.29313787445426,32.958
2025-05-04T19:07:03,32.47445144690573,-111.29315899685025,28.6092
2025-05-04T19:07:04,32.4744841363281,-111.29320970736444,21.312
2025-05-04T19:07:05,32.47455848380923,-111.29321088083088,27.9036
2025-05-04T19:07:06,32.47466845437884,-111.29314667545259,38.574
2025-05-04T19:07:07,32.47471815906465,-111.29313644953072,33.9084
2025-05-04T19:07:08,32.47479988262057,-111.29316410981119,34.0884
2025-05-04T19:07:09,32.4748795107007,-111.29321473650634,34.3656
2025-05-04T19:07:10,32.474944638088346,-111.29328715614974,33.0552
2025-05-04T19:07:11,32.4749815184623,-111.29335815086961,30.0564
2025-05-04T19:07:12,32.47501177713275,-111.29343702457845,30.8916
2025-05-04T19:07:13,32.475055530667305,-111.29353869706392,34.7868
2025-05-04T19:07:14,32.475097021088004,-111.29362779669464,32.8716
2025-05-04T19:07:15,32.475113198161125,-111.29367414861917,23.3388
2025-05-04T19:07:16,32.475093165412545,-111.2936863861978,13.7448
2025-05-04T19:07:17,32.475036503747106,-111.293710693717,13.7916
2025-05-04T19:07:18,32.474985206499696,-111.29374489188194,18.7452
2025-05-04T19:07:19,32.4749125353992,-111.29375486634672,24.336
2025-05-04T19:07:20,32.47482469305396,-111.29370734095573,29.483999999999998
2025-05-04T19:07:21,32.47476635500789,-111.29361472092569,32.04
2025-05-04T19:07:22,32.474694438278675,-111.29355403594673,33.21
2025-05-04T19:07:23,32.47460424900055,-111.29354196600616,33.4692
2025-05-04T19:07:24,32.474498553201556,-111.29358496516943,36.2772
2025-05-04T19:07:25,32.47444348409772,-111.29360818304121,27.4392
2025-05-04T19:07:26,32.47441993094981,-111.29361497238278,19.299599999999998
2025-05-04T19:07:27,32.47437123209238,-111.29357725381851,20.862000000000002
2025-05-04T19:07:28,32.47432680800557,-111.29355202428997,20.4408
2025-05-04T19:07:29,32.47426654212177,-111.29355764016509,21.834000000000003
2025-05-04T19:07:30,32.474199989810586,-111.29357172176242,24.6888
2025-05-04T19:07:31,32.47411508113146,-111.29359418526292,29.714399999999998
2025-05-04T19:07:32,32.474002512171865,-111.29361530765891,36.928799999999995
2025-05-04T19:07:33,32.47392355464399,-111.29366769455373,35.4708
2025-05-04T19:07:34,32.47389421798289,-111.29377079196274,31.474800000000002
2025-05-04T19:07:35,32.47390268370509,-111.29389710724354,34.2612
2025-05-04T19:07:36,32.47394995763898,-111.29400045610964,35.226
2025-05-04T19:07:37,32.47402279637754,-111.2940582074225,32.3496
2025-05-04T19:07:38,32.474116841331124,-111.2940629851073,31.5648
2025-05-04T19:07:39,32.47419630177319,-111.29406365565956,31.41
2025-05-04T19:07:40,32.47428045608103,-111.2940513342619,32.5692
2025-05-04T19:07:41,32.47436888515949,-111.29406625404954,34.542
2025-05-04T19:07:42,32.47445907443762,-111.29408502951264,35.1432
2025-05-04T19:07:43,32.47454431839287,-111.29407111555338,33.523199999999996
2025-05-04T19:07:44,32.474577175453305,-111.29408452659845,22.392
2025-05-04T19:07:45,32.4745914246887,-111.29409659653902,14.853600000000002
2025-05-04T19:07:46,32.47460659593344,-111.29409768618643,11.3076
2025-05-04T19:07:47,32.47464230284095,-111.2941047269851,12.9636
2025-05-04T19:07:48,32.474681781604886,-111.29411403089762,14.5908
2025-05-04T19:07:49,32.47472109273076,-111.29412157461047,14.976
2025-05-04T19:07:50,32.47475512325764,-111.29411746747792,14.3856
2025-05-04T19:07:51,32.474793177098036,-111.29410707391798,15.084000000000001
2025-05-04T19:07:52,32.47483005747199,-111.29410581663251,15.584399999999999
2025-05-04T19:07:53,32.47488143853843,-111.29410841502249,18.6768
2025-05-04T19:07:54,32.47495989315212,-111.29412450827658,25.541999999999998
2025-05-04T19:07:55,32.4750454723835,-111.29414604976773,30.729599999999998
2025-05-04T19:07:56,32.47512116096914,-111.2941684294492,30.290399999999998
2025-05-04T19:07:57,32.47517245821655,-111.29414814524353,24.354
2025-05-04T19:07:58,32.47518830001354,-111.29410556517541,17.7588
2025-05-04T19:07:59,32.475197268649936,-111.29402820020914,20.6604
2025-05-04T19:08:00,32.47522761113942,-111.29396374337375,23.4612
2025-05-04T19:08:01,32.47527941130102,-111.29388101398945,28.8216
2025-05-04T19:08:02,32.475331546738744,-111.29384245723486,25.0056
2025-05-04T19:08:03,32.475374545902014,-111.29381974227726,21.6108
2025-05-04T19:08:04,32.47541402466595,-111.293829632923,16.8588
2025-05-04T19:08:05,32.47544554062188,-111.29387782886624,15.8436
2025-05-04T19:08:06,32.47545249760151,-111.29393264651299,15.505200000000002
2025-05-04T19:08:07,32.47545903548598,-111.29394480027258,10.7424
2025-05-04T19:08:08,32.47546875849366,-111.29396684467793,9.806400000000002
2025-05-04T19:08:09,32.475494826212525,-111.29401755519211,14.8788
2025-05-04T19:08:10,32.475548051297665,-111.29405208863318,19.296000000000003
2025-05-04T19:08:11,32.47561510652304,-111.29404119215906,22.086
2025-05-04T19:08:12,32.475683838129044,-111.29396508447826,27.8244
2025-05-04T19:08:13,32.47575106099248,-111.29387581720948,33.6708
2025-05-04T19:08:14,32.47582633048296,-111.29384614527225,32.022
2025-05-04T19:08:15,32.475908137857914,-111.2938438821584,30.2328
2025-05-04T19:08:16,32.47595490887761,-111.29388604313135,23.7852
2025-05-04T19:08:17,32.475974690169096,-111.2939747236669,24.3936
2025-05-04T19:08:18,32.47597896493971,-111.29405988380313,25.3872
2025-05-04T19:08:19,32.47596060857177,-111.294133560732,22.914
2025-05-04T19:08:20,32.475961027666926,-111.29417471587658,17.704800000000002
2025-05-04T19:08:21,32.47596547007561,-111.29417580552399,9.4968
2025-05-04T19:08:22,32.475964380428195,-111.29421620629728,12.0456
2025-05-04T19:08:23,32.47596848756075,-111.29425845108926,13.276800000000001
2025-05-04T19:08:25,32.47597737237811,-111.29452834837139,31.921200000000002
2025-05-04T19:08:26,32.4760106485337,-111.29462080076337,32.6088
2025-05-04T19:08:27,32.47608474455774,-111.29470302723348,35.550000000000004
2025-05-04T19:08:28,32.47614945285022,-111.29478307440877,36.2304
2025-05-04T19:08:29,32.47618591412902,-111.29488784819841,36.7416
2025-05-04T19:08:30,32.476175436750054,-111.2950284127146,39.6
2025-05-04T19:08:31,32.476140819489956,-111.29513947293162,38.1924
2025-05-04T19:08:32,32.47606378979981,-111.29519328474998,32.47560000000001
2025-05-04T19:08:33,32.47596320696175,-111.29518481902778,31.456799999999998
2025-05-04T19:08:34,32.475870503112674,-111.29512446932495,34.1208
2025-05-04T19:08:35,32.47580009512603,-111.29505364224315,34.8408
2025-05-04T19:08:36,32.475728848949075,-111.29497233778238,36.6912
2025-05-04T19:08:37,32.47566355392337,-111.29487602971494,39.22560000000001
2025-05-04T19:08:38,32.475607646629214,-111.29480067640543,35.2656
2025-05-04T19:08:39,32.47557680122554,-111.29474468529224,28.224
2025-05-04T19:08:40,32.47556380927563,-111.29470495507121,21.1104
2025-05-04T19:08:41,32.47550253756344,-111.29467343911529,23.000400000000003
2025-05-04T19:08:42,32.47542953118682,-111.29462574608624,29.336399999999998
2025-05-04T19:08:43,32.47537437826395,-111.29457210190594,29.988
2025-05-04T19:08:44,32.47529332526028,-111.2945278454572,33.228
2025-05-04T19:08:45,32.47520053759217,-111.2945016939193,35.7444
2025-05-04T19:08:46,32.47509844601154,-111.29449205473065,38.293200000000006
2025-05-04T19:08:47,32.474997360259295,-111.2945016939193,39.0672
2025-05-04T19:08:48,32.47491002082825,-111.29453279078007,36.147600000000004
2025-05-04T19:08:49,32.47486861422658,-111.29458542913198,27.752399999999998
2025-05-04T19:08:50,32.474868362769485,-111.29468928091228,26.4816
2025-05-04T19:08:51,32.47487800195813,-111.29479388706386,30.564
2025-05-04T19:08:52,32.47487506829202,-111.29490058869123,33.742799999999995
2025-05-04T19:08:53,32.47486333362758,-111.2950075417757,35.2944
2025-05-04T19:08:54,32.47486878186464,-111.29511776380241,35.5572
2025-05-04T19:08:55,32.47489367611706,-111.29520040936768,31.5936
2025-05-04T19:08:56,32.47497355565429,-111.29523443989456,28.638
2025-05-04T19:08:57,32.47507715597749,-111.29521407186985,31.8708
2025-05-04T19:08:58,32.4751765653491,-111.29518138244748,35.8524
2025-05-04T19:08:59,32.475262731313705,-111.29517149180174,35.326800000000006
2025-05-04T19:09:00,32.475352585315704,-111.2951737549156,35.290800000000004
2025-05-04T19:09:01,32.475439086556435,-111.29520728252828,34.7796
2025-05-04T19:09:02,32.4755135178566,-111.2952789478004,35.8956
2025-05-04T19:09:03,32.475591218099,-111.29535597749054,38.293200000000006
2025-05-04T19:09:04,32.47569280676544,-111.2953912653029,40.014
2025-05-04T19:09:05,32.475810404866934,-111.29538397304714,42.573600000000006
2025-05-04T19:09:06,32.475923309102654,-111.29537877626717,43.992000000000004
2025-05-04T19:09:07,32.476030765101314,-111.29538606852293,43.2108
2025-05-04T19:09:08,32.476113410666585,-111.29540266469121,36.1152
2025-05-04T19:09:09,32.47615288943052,-111.29540149122477,24.5376
2025-05-04T19:09:10,32.47622421942651,-111.29539034329355,27.1476
2025-05-04T19:09:11,32.47627208009362,-111.2954132258892,27.5256
2025-05-04T19:09:12,32.476365538313985,-111.29539696499705,32.306400000000004
2025-05-04T19:09:13,32.47644055634737,-111.29533845931292,34.336800000000004
2025-05-04T19:09:14,32.47648154385388,-111.29525933414698,31.9284
2025-05-04T19:09:15,32.476530242711306,-111.29512824118137,39.4596
2025-05-04T19:09:16,32.47654658742249,-111.29500871524215,39.571200000000005
2025-05-04T19:09:17,32.47654918581247,-111.29487938247621,41.112
2025-05-04T19:09:18,32.476527309045196,-111.29475398920476,41.2776
2025-05-04T19:09:19,32.476492105051875,-111.29466530866921,35.3916
2025-05-04T19:09:20,32.476438377052546,-111.29465508274734,23.0184
2025-05-04T19:09:21,32.47634005732834,-111.29466379992664,25.956
2025-05-04T19:09:22,32.47629286721349,-111.29466547630727,21.1788
2025-05-04T19:09:23,32.47626420110464,-111.29464276134968,18.770400000000002
2025-05-04T19:09:24,32.47622019611299,-111.29458140581846,21.8232
2025-05-04T19:09:25,32.47620510868728,-111.29449364729226,24.0732
2025-05-04T19:09:26,32.47620795853436,-111.29436917603016,31.748400000000004
2025-05-04T19:09:27,32.47622832655907,-111.29428116604686,31.4892
2025-05-04T19:09:28,32.476239055395126,-111.2942165415734,27.741600000000002
2025-05-04T19:09:29,32.47626420110464,-111.29412090405822,31.089599999999997
2025-05-04T19:09:30,32.4763251375407,-111.29403440281749,34.3656
2025-05-04T19:09:31,32.476411974057555,-111.2939699459821,36.4716
2025-05-04T19:09:32,32.476459415629506,-111.2938782479614,35.7624
2025-05-04T19:09:33,32.47646201401949,-111.29377523437142,32.507999999999996
2025-05-04T19:09:34,32.476435359567404,-111.29370742477477,26.4996
2025-05-04T19:09:35,32.47641457244754,-111.29367280751467,19.0872
2025-05-04T19:09:36,32.476428151130676,-111.29360156133771,20.2104
2025-05-04T19:09:37,32.47643225826323,-111.2935209274292,23.3496
2025-05-04T19:09:38,32.4764287378639,-111.29345160908997,22.95
2025-05-04T19:09:39,32.476422702893615,-111.29339788109064,19.6092
2025-05-04T19:09:40,32.47641951777041,-111.29332814365625,21.8016
2025-05-04T19:09:41,32.47643276117742,-111.29323569126427,27.1404
2025-05-04T19:09:42,32.47643661685288,-111.29311096854508,35.1504
2025-05-04T19:09:43,32.47642152942717,-111.29300653003156,35.928000000000004
2025-05-04T19:09:44,32.4763819668442,-111.2929217889905,33.0912
2025-05-04T19:09:45,32.47632035985589,-111.29288096912205,28.3968
2025-05-04T19:09:46,32.47623352333903,-111.29289354197681,27.7452
2025-05-04T19:09:47,32.47616512700915,-111.29295011982322,27.8352
2025-05-04T19:09:48,32.47612011618912,-111.2930267304182,28.1916
2025-05-04T19:09:49,32.47611123137176,-111.29311172291636,27.936
2025-05-04T19:09:50,32.47610335238278,-111.29321607761085,32.31
2025-05-04T19:09:51,32.47609279118478,-111.29332738928497,35.409600000000005
2025-05-04T19:09:52,32.47607451863587,-111.29343191161752,35.8884
2025-05-04T19:09:53,32.47604317031801,-111.29351547919214,33.3936
2025-05-04T19:09:54,32.475977540016174,-111.29355831071734,29.4516
2025-05-04T19:09:55,32.47589522972703,-111.29354414530098,27.7956
2025-05-04T19:09:56,32.475813841447234,-111.29348027519882,29.736
2025-05-04T19:09:57,32.475771429017186,-111.29339318722486,29.613600000000005
2025-05-04T19:09:58,32.47577000409365,-111.29327055998147,32.5296
2025-05-04T19:09:59,32.47580789029598,-111.29315413534641,35.4384
2025-05-04T19:10:00,32.47581702657044,-111.29304500296712,35.96040000000001
2025-05-04T19:10:01,32.47581233270466,-111.29294618032873,34.257600000000004
2025-05-04T19:10:02,32.475813925266266,-111.2928512133658,32.4684
2025-05-04T19:10:03,32.47580939903855,-111.29277661442757,28.0728
2025-05-04T19:10:04,32.47576178982854,-111.29273084923625,23.148
2025-05-04T19:10:05,32.47567973099649,-111.2927560787648,23.1228
2025-05-04T19:10:06,32.47560638934374,-111.29277787171304,26.467200000000002
2025-05-04T19:10:07,32.47555525973439,-111.29280150867999,24.246000000000002
2025-05-04T19:10:08,32.47551963664591,-111.29285079427063,22.392
2025-05-04T19:10:09,32.47551913373172,-111.29293561913073,23.5224
2025-05-04T19:10:10,32.475547045469284,-111.29305229522288,30.794400000000003
2025-05-04T19:10:11,32.47555701993406,-111.29313276149333,27.4212
2025-05-04T19:10:12,32.47554880566895,-111.2931720726192,19.0512
2025-05-04T19:10:13,32.47555383481085,-111.2932413071394,21.906
2025-05-04T19:10:14,32.47554620727897,-111.29327693022788,17.8812
2025-05-04T19:10:15,32.47554293833673,-111.29333141259849,18.1656
2025-05-04T19:10:16,32.475541010499,-111.29340223968029,20.282400000000003
2025-05-04T19:10:17,32.47552583925426,-111.29344364628196,19.062
2025-05-04T19:10:18,32.47550027444959,-111.29345957189798,13.942800000000002
2025-05-04T19:10:19,32.47538787312806,-111.2934739049524,25.1892
2025-05-04T19:10:20,32.47527874074876,-111.29343744367361,33.84
2025-05-04T19:10:21,32.47520816512406,-111.29339704290032,31.7808
2025-05-04T19:10:22,32.47518167831004,-111.29337382502854,21.402
2025-05-04T19:10:23,32.47518167831004,-111.29333577118814,14.5044
2025-05-04T19:10:24,32.47516826726496,-111.29326930269599,18.612000000000002
2025-05-04T19:10:25,32.47517857700586,-111.29318757914007,21.668400000000002
2025-05-04T19:10:26,32.47517363168299,-111.29312102682889,21.488400000000002
2025-05-04T19:10:27,32.475174721330404,-111.29308632574975,18.4788
2025-05-04T19:10:28,32.47516390867531,-111.29304332658648,16.6752
2025-05-04T19:10:29,32.47515217401087,-111.29298440180719,17.964000000000002
2025-05-04T19:10:30,32.4751403555274,-111.29293327219784,19.1088
2025-05-04T19:10:31,32.47509425505996,-111.29285515286028,25.2072
2025-05-04T19:10:32,32.47502401471138,-111.29280930384994,27.2772
2025-05-04T19:10:33,32.47496307827532,-111.29281433299184,22.8132
2025-05-04T19:10:34,32.47493307106197,-111.29283176735044,16.1136
2025-05-04T19:10:35,32.47492007911205,-111.29282061941922,10.5156
2025-05-04T19:10:36,32.47488562949002,-111.29279145039618,13.5
2025-05-04T19:10:37,32.47485461644828,-111.2927730102092,14.129999999999999
2025-05-04T19:10:38,32.4748121201992,-111.29276747815311,15.065999999999999
2025-05-04T19:10:39,32.47476358897984,-111.2927611079067,16.6968
2025-05-04T19:10:40,32.47471069917083,-111.29275440238416,19.526400000000002
2025-05-04T19:10:41,32.47462972998619,-111.29276161082089,25.0236
2025-05-04T19:10:42,32.47455253265798,-111.2927714176476,27.741600000000002
2025-05-04T19:10:43,32.474488662555814,-111.29278558306396,27.0288
2025-05-04T19:10:44,32.47441817075014,-111.29277175292373,27.500400000000003
2025-05-04T19:10:45,32.47433200478554,-111.29276840016246,30.9204
2025-05-04T19:10:46,32.47424743138254,-111.29276504740119,31.2768
2025-05-04T19:10:47,32.474199486896396,-111.29277200438082,24.0372
2025-05-04T19:10:48,32.47417476028204,-111.29278608597815,17.91
2025-05-04T19:10:49,32.474169647321105,-111.29276756197214,11.7792
2025-05-04T19:10:50,32.47412069700658,-111.29276806488633,15.7824
2025-05-04T19:10:51,32.474067471921444,-111.29276865161955,18.9216
2025-05-04T19:10:52,32.47400335036218,-111.29277032800019,22.77
2025-05-04T19:10:53,32.4739352054894,-111.29280083812773,25.977600000000002
2025-05-04T19:10:54,32.47388742864132,-111.29286965355277,26.8524
2025-05-04T19:10:55,32.47388248331845,-111.29294802434742,24.1416
2025-05-04T19:10:56,32.47389882802963,-111.29300242289901,20.465999999999998
2025-05-04T19:10:57,32.473928332328796,-111.29304592497647,18.072
2025-05-04T19:10:58,32.473959093913436,-111.29308850504458,17.8884
2025-05-04T19:10:59,32.47399589046836,-111.2931200210005,17.658
2025-05-04T19:11:00,32.474041655659676,-111.2931321747601,18.4248
2025-05-04T19:11:01,32.47411550022662,-111.29314005374908,24.166800000000002
2025-05-04T19:11:02,32.47420175001025,-111.29314994439483,29.523600000000002
2025-05-04T19:11:03,32.47428850270808,-111.29314156249166,32.558400000000006
2025-05-04T19:11:04,32.47437936253846,-111.29313695244491,34.8408
2025-05-04T19:11:05,32.47444851323962,-111.29318062216043,30.9744
2025-05-04T19:11:06,32.474475586786866,-111.29321951419115,21.758399999999998
2025-05-04T19:11:07,32.47454230673611,-111.29324248060584,25.988400000000002
2025-05-04T19:11:08,32.47465227730572,-111.29326486028731,36.4788
2025-05-04T19:11:09,32.47460098005831,-111.29318070597947,26.4816
2025-05-04T19:11:10,32.474704245105386,-111.29318129271269,33.2352
2025-05-04T19:11:11,32.47482511214912,-111.2932101264596,38.959199999999996
2025-05-04T19:11:12,32.474910439923406,-111.29326444119215,35.7372
2025-05-04T19:11:13,32.474946146830916,-111.29334884695709,29.916000000000004
2025-05-04T19:11:14,32.47493181377649,-111.29346845671535,35.5824
2025-05-04T19:11:15,32.47498068027198,-111.29351095296443,28.1772
2025-05-04T19:11:16,32.47504354454577,-111.29359980113804,35.6616
2025-05-04T19:11:17,32.475075144320726,-111.29368219524622,32.22
2025-05-04T19:11:18,32.47507740743458,-111.29370859824121,17.244
2025-05-04T19:11:19,32.47507581487298,-111.29371027462184,7.3332
2025-05-04T19:11:20,32.475053519010544,-111.29375914111733,13.5072
2025-05-04T19:11:21,32.47499073855579,-111.29377883858979,18.0576
2025-05-04T19:11:22,32.47490935027599,-111.29378722049296,24.2136
2025-05-04T19:11:23,32.47481773607433,-111.29374304786325,29.0808
2025-05-04T19:11:24,32.47476845048368,-111.29364120773971,31.402800000000003
2025-05-04T19:11:25,32.47470382601023,-111.29355319775641,33.375600000000006
2025-05-04T19:11:26,32.474610367789865,-111.29353609867394,32.803200000000004
2025-05-04T19:11:27,32.47450182214379,-111.29359066486359,37.5336
2025-05-04T19:11:28,32.47442445717752,-111.29361321218312,33.012
2025-05-04T19:11:29,32.474406687542796,-111.2936036568135,17.802000000000003
2025-05-04T19:11:30,32.474386654794216,-111.29359158687294,11.9772
2025-05-04T19:11:31,32.47433074750006,-111.2935608252883,20.120400000000004
2025-05-04T19:11:32,32.474294705316424,-111.29356141202152,16.473599999999998
2025-05-04T19:11:33,32.474235612899065,-111.2935708835721,21.1212
2025-05-04T19:11:34,32.4741474352777,-111.29357876256108,28.3824
2025-05-04T19:11:35,32.47405020520091,-111.29359250888228,34.2
2025-05-04T19:11:36,32.47396856546402,-111.29362922161818,33.138
2025-05-04T19:11:37,32.47392313554883,-111.29371178336442,29.483999999999998
2025-05-04T19:11:38,32.47391140088439,-111.29381370730698,30.1032
2025-05-04T19:11:39,32.47393143363297,-111.29391831345856,31.1076
2025-05-04T19:11:40,32.47396915219724,-111.29399131983519,28.8576
2025-05-04T19:11:41,32.47403779998422,-111.2940299604088,26.870400000000004
2025-05-04T19:11:42,32.47410049661994,-111.29405443556607,26.1108
2025-05-04T19:11:43,32.47416218742728,-111.29404940642416,25.232400000000002
2025-05-04T19:11:44,32.47422153130174,-111.2940563634038,24.462
2025-05-04T19:11:45,32.47430518269539,-111.2940577045083,28.918799999999997
2025-05-04T19:11:46,32.47439671307802,-111.29407161846757,33.3072
2025-05-04T19:11:47,32.47447784990072,-111.29408628679812,33.224399999999996
2025-05-04T19:11:48,32.47454322874546,-111.29410246387124,28.296000000000003
2025-05-04T19:11:49,32.47457189485431,-111.29409986548126,19.6056
2025-05-04T19:11:50,32.47460584156215,-111.29412811249495,18.6156
2025-05-04T19:11:51,32.47459494508803,-111.2941007874906,8.8956
2025-05-04T19:11:52,32.47464179992676,-111.29410154186189,13.0536
2025-05-04T19:11:53,32.474674154073,-111.29410522989929,13.3812
2025-05-04T19:11:54,32.47470701113343,-111.29411034286022,13.7232
2025-05-04T19:11:55,32.474743723869324,-111.29411470144987,14.166
2025-05-04T19:11:56,32.47477783821523,-111.29410179331899,14.1228
2025-05-04T19:11:57,32.47481136582792,-111.29410305060446,13.971599999999999
2025-05-04T19:11:58,32.47485109604895,-111.2941095046699,15.886800000000001
2025-05-04T19:11:59,32.47492779046297,-111.29411453381181,23.6664
2025-05-04T19:12:00,32.47502652928233,-111.29413322545588,31.932
2025-05-04T19:12:01,32.47510137967765,-111.29414831288159,30.5424
2025-05-04T19:12:02,32.475157119333744,-111.29414990544319,24.8724
2025-05-04T19:12:03,32.47517363168299,-111.29412123933434,16.1748
2025-05-04T19:12:04,32.47519073076546,-111.2940423656255,19.6092
2025-05-04T19:12:05,32.47524864971638,-111.29395821131766,28.7244
2025-05-04T19:12:06,32.47529324144125,-111.29387573339045,30.906000000000002
2025-05-04T19:12:07,32.47533959336579,-111.29383164457977,26.157600000000002
2025-05-04T19:12:08,32.47537471354008,-111.29382016137242,19.7712
2025-05-04T19:12:09,32.475415617227554,-111.29382418468595,16.3224
2025-05-04T19:12:10,32.47544906102121,-111.2938700336963,15.044400000000001
2025-05-04T19:12:11,32.475452329963446,-111.29391395486891,13.2516
2025-05-04T19:12:12,32.475461633875966,-111.29393985494971,11.5524
2025-05-04T19:12:13,32.47548568993807,-111.29397053271532,13.338000000000001
2025-05-04T19:12:14,32.47551846317947,-111.29401814192533,16.9056
2025-05-04T19:12:15,32.4755790643394,-111.29405016079545,20.6856
2025-05-04T19:12:16,32.47565140016377,-111.29400833509862,24.156
2025-05-04T19:12:17,32.475711749866605,-111.29391638562083,29.937600000000003
2025-05-04T19:12:18,32.475783079862595,-111.29384622909129,34.0416
2025-05-04T19:12:19,32.475856421515346,-111.2938230112195,31.597199999999997
2025-05-04T19:12:20,32.47592984698713,-111.29383499734104,28.0224
2025-05-04T19:12:21,32.47597544454038,-111.29390146583319,24.166800000000002
2025-05-04T19:12:22,32.47597980313003,-111.29402300342917,28.738799999999998
2025-05-04T19:12:23,32.47595348395407,-111.29413213580847,31.413600000000002
2025-05-04T19:12:24,32.475931104272604,-111.29420128650963,26.6616
2025-05-04T19:12:25,32.47592548839748,-111.29422601312399,17.841600000000003
2025-05-04T19:12:26,32.47593378648162,-111.2942461296916,14.7924
2025-05-04T19:12:27,32.47595876455307,-111.29431997425854,20.8368
2025-05-04T19:12:28,32.47596563771367,-111.29441661760211,27.0144
2025-05-04T19:12:29,32.4759554117918,-111.29452005028725,31.4856
2025-05-04T19:12:30,32.47597938403487,-111.29461065866053,31.607999999999997
2025-05-04T19:12:31,32.476026406511664,-111.29470973275602,34.5708
2025-05-04T19:12:32,32.47610083781183,-111.29478366114199,36.421200000000006
2025-05-04T19:12:33,32.47616194188595,-111.29486303776503,36.781200000000005
2025-05-04T19:12:34,32.47618298046291,-111.2949729245156,36.2556
2025-05-04T19:12:35,32.47614526189864,-111.29509496502578,37.004400000000004
2025-05-04T19:12:36,32.47610427439213,-111.29518054425716,34.0632
2025-05-04T19:12:37,32.47603252530098,-111.29520384594798,28.238400000000002
2025-05-04T19:12:38,32.475939989089966,-111.29516721703112,29.257200000000005
2025-05-04T19:12:39,32.47584301047027,-111.29510200582445,35.4492
2025-05-04T19:12:40,32.475773273035884,-111.29503570497036,35.604000000000006
2025-05-04T19:12:41,32.47570504434407,-111.29494694061577,38.001599999999996
2025-05-04T19:12:42,32.475637486204505,-111.29486253485084,38.6928
2025-05-04T19:12:43,32.47559708543122,-111.29478667862713,32.3964
2025-05-04T19:12:44,32.47556246817112,-111.29473228007555,28.3104
2025-05-04T19:12:45,32.4755428545177,-111.29472993314266,18.1188
2025-05-04T19:12:46,32.4754839297384,-111.29468869417906,21.758399999999998
2025-05-04T19:12:47,32.475421987473965,-111.29462901502848,27.774
2025-05-04T19:12:48,32.47535401023924,-111.29456606693566,32.0796
2025-05-04T19:12:49,32.475266084074974,-111.29452491179109,35.5356
2025-05-04T19:12:50,32.47517405077815,-111.29450102336705,36.885600000000004
2025-05-04T19:12:51,32.47507547959685,-111.29450554959476,37.9188
2025-05-04T19:12:52,32.474976405501366,-111.29452683962882,38.97
2025-05-04T19:12:53,32.47489401139319,-111.2945693358779,37.065599999999996
2025-05-04T19:12:54,32.474834248423576,-111.29461937583983,31.9392
2025-05-04T19:12:55,32.47483156621456,-111.2947231438011,28.6344
2025-05-04T19:12:56,32.47486475855112,-111.2948555778712,35.6652
2025-05-04T19:12:57,32.47487364336848,-111.29496898502111,37.5696
2025-05-04T19:12:58,32.47485243715346,-111.29506839439273,35.6652
2025-05-04T19:12:59,32.474860148504376,-111.29515598528087,32.2704
2025-05-04T19:13:00,32.474928544834256,-111.29521734081209,30.1752
2025-05-04T19:13:01,32.47503809630871,-111.29523544572294,33.8112
2025-05-04T19:13:02,32.475148318335414,-111.29518616013229,37.8288
2025-05-04T19:13:03,32.47524504549801,-111.29513829946518,38.9664
2025-05-04T19:13:04,32.47534395195544,-111.29515221342444,38.2716
2025-05-04T19:13:05,32.475441601127386,-111.29518892616034,37.5444
2025-05-04T19:13:06,32.475531874224544,-111.29526738077402,40.02120000000001
2025-05-04T19:13:07,32.4756187107414,-111.29536553286016,44.4492
2025-05-04T19:13:08,32.47571820393205,-111.2953999824822,42.735600000000005
2025-05-04T19:13:09,32.47584477066994,-111.29538011737168,45.169200000000004
2025-05-04T19:13:10,32.475969158113,-111.29536461085081,47.595600000000005
2025-05-04T19:13:11,32.47608155943453,-111.2953788600862,45.3744
2025-05-04T19:13:12,32.476163282990456,-111.29541305825114,37.141200000000005
2025-05-04T19:13:13,32.476236121729016,-111.2954116333276,32.4036
2025-05-04T19:13:14,32.47632899321616,-111.29542227834463,37.5732
2025-05-04T19:13:15,32.47638054192066,-111.2953997310251,33.4548
2025-05-04T19:13:16,32.47645564377308,-111.29536125808954,33.534
2025-05-04T19:13:17,32.476502414792776,-111.2952578254044,34.2612
2025-05-04T19:13:18,32.476527728140354,-111.29512690007687,37.9656
2025-05-04T19:13:19,32.47654088772833,-111.29499446600676,41.25600000000001
2025-05-04T19:13:20,32.47654315084219,-111.29486312158406,42.386399999999995
2025-05-04T19:13:21,32.47652596794069,-111.29474577493966,40.2552
2025-05-04T19:13:22,32.476490177214146,-111.29465072415769,35.333999999999996
2025-05-04T19:13:23,32.476413147524,-111.29462398588657,28.6992
2025-05-04T19:13:24,32.476318180561066,-111.2946689967066,26.992800000000003
2025-05-04T19:13:25,32.47627878561616,-111.29469623789191,21.200400000000002
2025-05-04T19:13:26,32.47623536735773,-111.29469875246286,21.805200000000003
2025-05-04T19:13:27,32.476189099252224,-111.29461853764951,22.8132
2025-05-04T19:13:28,32.47615867294371,-111.29452315159142,26.733600000000003
2025-05-04T19:13:29,32.476181890815496,-111.29440672695637,31.017599999999998
2025-05-04T19:13:30,32.476194547489285,-111.29429466091096,34.1532
2025-05-04T19:13:31,32.47621491551399,-111.29420153796673,33.022800000000004
2025-05-04T19:13:32,32.47625472955406,-111.29410321824253,34.034400000000005
2025-05-04T19:13:33,32.47633393853903,-111.29400473088026,38.3688
2025-05-04T19:13:34,32.476399736478925,-111.29390113055706,40.5216
2025-05-04T19:13:35,32.476430581882596,-111.29381680861115,35.730000000000004
2025-05-04T19:13:36,32.476421780884266,-111.29373391158879,29.0808
2025-05-04T19:13:37,32.47639562934637,-111.29367356188595,23.997600000000002
2025-05-04T19:13:38,32.476387079805136,-111.29363659769297,19.1412
2025-05-04T19:13:39,32.47639814391732,-111.2935656029731,21.0924
2025-05-04T19:13:40,32.47640526853502,-111.29347717389464,25.441200000000002
2025-05-04T19:13:41,32.47640535235405,-111.29339519888163,26.3088
2025-05-04T19:13:42,32.476406525820494,-111.29330911673605,27.9036
2025-05-04T19:13:43,32.47641256079078,-111.29320886917412,31.658400000000004
2025-05-04T19:13:44,32.476415913552046,-111.29308607429266,36.9576
2025-05-04T19:13:45,32.4764009937644,-111.29297166131437,37.7532
2025-05-04T19:13:46,32.47635900042951,-111.29288088530302,35.2656
2025-05-04T19:13:47,32.476282976567745,-111.29287283867598,27.7632
2025-05-04T19:13:48,32.47619630768895,-111.29291064105928,28.5768
2025-05-04T19:13:49,32.47612791135907,-111.29296705126762,30.096
2025-05-04T19:13:50,32.4761005025357,-111.29305615089834,29.152800000000003
2025-05-04T19:13:51,32.476104609668255,-111.29315262660384,29.289599999999997
2025-05-04T19:13:52,32.47612053528428,-111.29325044341385,30.7512
2025-05-04T19:13:53,32.47611936181784,-111.2933589052409,33.39
2025-05-04T19:13:54,32.476088013499975,-111.29345747642219,34.8372
2025-05-04T19:13:55,32.47603856027126,-111.29353987053037,33.919200000000004
2025-05-04T19:13:56,32.47596798464656,-111.2935764156282,30.6828
2025-05-04T19:13:57,32.47587419115007,-111.29354733042419,30.762
2025-05-04T19:13:58,32.47579984366894,-111.29348027519882,31.1364
2025-05-04T19:13:59,32.47576430439949,-111.29335907287896,33.0264
2025-05-04T19:14:00,32.47579523362219,-111.29323275759816,34.6608
2025-05-04T19:14:01,32.47581887058914,-111.293123960495,35.1936
2025-05-04T19:14:02,32.47582440264523,-111.29300778731704,36.5544
2025-05-04T19:14:03,32.47582012787461,-111.2929183524102,32.5368
2025-05-04T19:14:04,32.47581996023655,-111.29283629357815,29.574
2025-05-04T19:14:05,32.475809063762426,-111.29277577623725,24.1056
2025-05-04T19:14:06,32.47576422058046,-111.29274115897715,20.142
2025-05-04T19:14:07,32.47570470906794,-111.29273713566363,19.2708
2025-05-04T19:14:08,32.475653663277626,-111.29276161082089,18.1152
2025-05-04T19:14:09,32.475618459284306,-111.29277711734176,16.0092
2025-05-04T19:14:10,32.47558694332838,-111.2927904445678,14.5548
2025-05-04T19:14:11,32.47554746456444,-111.29281550645828,16.261200000000002
2025-05-04T19:14:12,32.47553447261453,-111.29288096912205,18.5472
2025-05-04T19:14:13,32.47556154616177,-111.29298062995076,25.0452
2025-05-04T19:14:14,32.4755774717778,-111.29309127107263,31.093200000000003
2025-05-04T19:14:15,32.47557696886361,-111.29316695965827,27.1476
2025-05-04T19:14:16,32.47558007016778,-111.29324533045292,27.8964
2025-05-04T19:14:17,32.475582249462605,-111.29326829686761,19.5804
2025-05-04T19:14:18,32.47558610513806,-111.29332638345659,20.1528
2025-05-04T19:14:19,32.475581830367446,-111.2933478411287,13.3704
2025-05-04T19:14:20,32.47557814233005,-111.29337122663856,11.0304
2025-05-04T19:14:21,32.475570514798164,-111.29341984167695,15.192
2025-05-04T19:14:22,32.475531958043575,-111.29347667098045,20.1024
2025-05-04T19:14:23,32.47546657919884,-111.29351673647761,24.562800000000003
2025-05-04T19:14:24,32.4753615539521,-111.29350516945124,31.2696
2025-05-04T19:14:25,32.47527522034943,-111.29344725050032,33.21
2025-05-04T19:14:26,32.47521881014109,-111.2933996412903,28.4112
2025-05-04T19:14:27,32.47520690783858,-111.29337307065725,18.576
2025-05-04T19:14:28,32.475206991657615,-111.29335395991802,11.8404
2025-05-04T19:14:29,32.4751955922693,-111.29329117946327,16.8588
2025-05-04T19:14:30,32.47518377378583,-111.2932045944035,22.4424
2025-05-04T19:14:31,32.475191401317716,-111.29314717836678,20.5236
2025-05-04T19:14:32,32.47518318705261,-111.29309814423323,20.034000000000002
2025-05-04T19:14:33,32.47516583651304,-111.29306151531637,17.3268
2025-05-04T19:14:34,32.47515653260052,-111.29299320280552,19.4544
2025-05-04T19:14:35,32.47514085844159,-111.29294014535844,20.2644
2025-05-04T19:14:36,32.47510171495378,-111.29286697134376,24.332400000000003
2025-05-04T19:14:37,32.47503222897649,-111.29281458444893,26.712
2025-05-04T19:14:38,32.474978081882,-111.29281072877347,21.9024
2025-05-04T19:14:39,32.47495452873409,-111.29283025860786,14.612400000000001
2025-05-04T19:14:40,32.474934831261635,-111.29281877540052,11.1492
2025-05-04T19:14:41,32.47490524314344,-111.29279354587197,11.912400000000002
2025-05-04T19:14:42,32.47486710548401,-111.29277057945728,14.4648
2025-05-04T19:14:43,32.47483181767166,-111.2927558273077,14.821200000000001
2025-05-04T19:14:44,32.47479451820254,-111.29275758750737,14.605200000000002
2025-05-04T19:14:45,32.4747502617538,-111.29275959916413,16.6248
2025-05-04T19:14:46,32.474678847938776,-111.29276278428733,22.6872
2025-05-04T19:14:47,32.47459704056382,-111.29276705905795,27.6624
2025-05-04T19:14:48,32.47452009469271,-111.29276622086763,28.422
2025-05-04T19:14:49,32.47444826178253,-111.292759263888,29.005200000000002
2025-05-04T19:14:50,32.47436570003629,-111.29275867715478,30.668400000000002
2025-05-04T19:14:51,32.474280372262,-111.29275440238416,32.1696
2025-05-04T19:14:52,32.47421725653112,-111.29275783896446,27.0
2025-05-04T19:14:53,32.474190602079034,-111.29275666549802,19.1232
2025-05-04T19:14:54,32.47419470921159,-111.2927505467087,10.3788
2025-05-04T19:14:55,32.47416369616985,-111.2927510496229,11.16
2025-05-04T19:14:56,32.4741199426353,-111.2927505467087,14.6196
2025-05-04T19:14:57,32.47405473142862,-111.29274853505194,20.9124
2025-05-04T19:14:58,32.473984910175204,-111.29276068881154,24.8724
2025-05-04T19:14:59,32.473919950425625,-111.29280494526029,26.8524
2025-05-04T19:15:00,32.4738868419081,-111.29288306459785,25.686
2025-05-04T19:15:01,32.473893128335476,-111.29295892082155,22.982400000000002
2025-05-04T19:15:02,32.47390880249441,-111.29300946369767,19.5516
2025-05-04T19:15:03,32.47393478639424,-111.29307023249567,20.653200000000002
2025-05-04T19:15:04,32.47396755963564,-111.29310929216444,18.6084
2025-05-04T19:15:05,32.47401349246502,-111.29312974400818,18.27
2025-05-04T19:15:06,32.47406730428338,-111.29314030520618,20.2068
2025-05-04T19:15:07,32.47414986602962,-111.29313854500651,26.3448
2025-05-04T19:15:08,32.47424080967903,-111.29313024692237,31.5936
2025-05-04T19:15:09,32.47433351352811,-111.2931337673217,33.962399999999995
2025-05-04T19:15:10,32.474424289539456,-111.2931601703167,34.315200000000004
2025-05-04T19:15:11,32.474498553201556,-111.29315949976444,31.1184
2025-05-04T19:15:12,32.474551694467664,-111.29318171180785,28.864800000000002
2025-05-04T19:15:13,32.47461221180856,-111.2932119704783,32.7168
2025-05-04T19:15:14,32.474718326702714,-111.2932479288429,40.842000000000006
2025-05-04T19:15:15,32.47478001751006,-111.29319210536778,36.3096
2025-05-04T19:15:16,32.47484380379319,-111.29320677369833,31.698
2025-05-04T19:15:17,32.47490641660988,-111.29325522109866,29.3004
2025-05-04T19:15:18,32.474957378581166,-111.29329897463322,24.876
2025-05-04T19:15:19,32.475010519847274,-111.29339679144323,30.290399999999998
2025-05-04T19:15:20,32.47502937912941,-111.29348614253104,30.790800000000004
2025-05-04T19:15:21,32.4750764016062,-111.29358337260783,34.736399999999996
2025-05-04T19:15:22,32.475099535658956,-111.2936438061297,27.1116
2025-05-04T19:15:23,32.47509106993675,-111.29367993213236,17.269199999999998
2025-05-04T19:15:24,32.47506994754076,-111.2936847936362,10.0764
2025-05-04T19:15:25,32.47504689730704,-111.29372167401016,12.2544
2025-05-04T19:15:26,32.47499174438417,-111.29375302232802,17.5392
2025-05-04T19:15:27,32.474910942837596,-111.29374598152936,23.1012
2025-05-04T19:15:28,32.47483089566231,-111.29369627684355,27.7776
2025-05-04T19:15:29,32.4747777543962,-111.29361430183053,30.3912
2025-05-04T19:15:30,32.474724277853966,-111.29355244338512,29.556000000000004
2025-05-04T19:15:31,32.47463065199554,-111.29354640841484,31.3164
2025-05-04T19:15:32,32.47452185489237,-111.29358957521617,36.5328
2025-05-04T19:15:33,32.47444306500256,-111.29361572675407,33.1776
2025-05-04T19:15:34,32.47441238723695,-111.29362402483821,22.7376
2025-05-04T19:15:35,32.474357234314084,-111.29361857660115,23.4576
2025-05-04T19:15:36,32.47435312718153,-111.29358915612102,14.0076
2025-05-04T19:15:37,32.47428213246167,-111.29358521662652,19.807199999999998
2025-05-04T19:15:38,32.47420912608504,-111.29357549361885,25.4484
2025-05-04T19:15:39,32.47412983328104,-111.2935780081898,29.545200000000005
2025-05-04T19:15:40,32.474044002592564,-111.2935988791287,32.5548
2025-05-04T19:15:41,32.47395674698055,-111.29363592714071,35.5932
2025-05-04T19:15:42,32.473893631249666,-111.29372846335173,36.2412
2025-05-04T19:15:43,32.47387510724366,-111.2938285432756,33.998400000000004
2025-05-04T19:15:44,32.47391005977988,-111.29393138922751,32.583600000000004
2025-05-04T19:15:45,32.47396261431277,-111.29402568563819,34.11
2025-05-04T19:15:46,32.474046936258674,-111.29406156018376,31.41
2025-05-04T19:15:47,32.47412949800491,-111.29407388158143,30.456000000000003
2025-05-04T19:15:48,32.47421625070274,-111.29406030289829,31.8132
2025-05-04T19:15:49,32.47429998591542,-111.29405753687024,32.25600000000001
2025-05-04T19:15:50,32.47439134865999,-111.29407279193401,34.974000000000004
2025-05-04T19:15:51,32.47448522597551,-111.29407178610563,36.0468
2025-05-04T19:15:52,32.47455932199955,-111.29406591877341,31.1976
2025-05-04T19:15:53,32.47458580881357,-111.2940838560462,19.9044
2025-05-04T19:15:54,32.47458656318486,-111.29409433342516,11.4084
2025-05-04T19:15:55,32.47461539693177,-111.29408972337842,11.232000000000001
2025-05-04T19:15:56,32.474644063040614,-111.29409173503518,11.7144
2025-05-04T19:15:57,32.47467465698719,-111.2940996978432,12.1968
2025-05-04T19:15:58,32.474709525704384,-111.2941095046699,13.266
2025-05-04T19:15:59,32.474743304774165,-111.29411185160279,13.4172
2025-05-04T19:16:00,32.474767779931426,-111.2941060680896,11.505600000000001
2025-05-04T19:16:01,32.47480608522892,-111.294109756127,12.744
2025-05-04T19:16:02,32.47484992258251,-111.29411076195538,16.1712
2025-05-04T19:16:03,32.47491957619786,-111.29410514608026,23.288400000000003
2025-05-04T19:16:04,32.475005742162466,-111.29412794485688,29.880000000000003
2025-05-04T19:16:05,32.47508461587131,-111.2941530905664,31.212
2025-05-04T19:16:06,32.47514337301254,-111.294159963727,25.740000000000002
2025-05-04T19:16:07,32.47516818344593,-111.29412769339979,17.362800000000004
2025-05-04T19:16:08,32.47518075630069,-111.29407756961882,15.904800000000002
2025-05-04T19:16:09,32.475231382995844,-111.29399802535772,24.9768
2025-05-04T19:16:10,32.475274382159114,-111.29392091184855,28.508399999999998
2025-05-04T19:16:11,32.47531813569367,-111.29386466927826,26.6508
2025-05-04T19:16:12,32.475368678569794,-111.29381781443954,24.9192
2025-05-04T19:16:13,32.47540866024792,-111.29380666650832,19.5228
2025-05-04T19:16:14,32.47541184537113,-111.29385016858578,8.866800000000001
2025-05-04T19:16:15,32.47541578486562,-111.29387028515339,6.4403999999999995
2025-05-04T19:16:16,32.47540413402021,-111.29388160072267,4.543200000000001
2025-05-04T19:16:17,32.47540329582989,-111.29386693239212,0.5327999999999999
2025-05-04T19:16:18,32.47540840879083,-111.29386005923152,0.324
2025-05-04T19:16:19,32.475410336628556,-111.29386299289763,0.8280000000000001
2025-05-04T19:16:20,32.47540958225727,-111.29386148415506,0.7452
2025-05-04T19:16:21,32.47540949843824,-111.29386190325022,0.7092
2025-05-04T19:16:22,32.47540899552405,-111.29386366344988,0.7200000000000001
2025-05-04T19:16:23,32.47540815733373,-111.29386458545923,0.48600000000000004
2025-05-04T19:16:24,32.475407822057605,-111.2938629090786,0.12600000000000003
2025-05-04T19:16:25,32.47540899552405,-111.29386047832668,0.1116
2025-05-04T19:16:26,32.47540916316211,-111.29386173561215,0.4932
2025-05-04T19:16:27,32.47540941461921,-111.29386274144053,0.6264
2025-05-04T19:16:28,32.475408744066954,-111.2938608136028,0.4932
2025-05-04T19:16:29,32.47540899552405,-111.29386307671666,1.0944
2025-05-04T19:16:30,32.47540748678148,-111.29385855048895,0.48240000000000005
2025-05-04T19:16:31,32.475408324971795,-111.29385486245155,0.2592
2025-05-04T19:16:32,32.47541746124625,-111.2938729673624,5.4
2025-05-04T19:16:33,32.47543388977647,-111.29389601759613,7.9992
2025-05-04T19:16:34,32.47545610181987,-111.29393599927425,12.3984
2025-05-04T19:16:35,32.47547940351069,-111.29398603923619,16.689600000000002
2025-05-04T19:16:36,32.47551754117012,-111.29403540864587,19.7892
2025-05-04T19:16:37,32.475589625537395,-111.29405460320413,23.742
2025-05-04T19:16:38,32.47567092999816,-111.29398838616908,28.6236
2025-05-04T19:16:39,32.47573756612837,-111.29390959627926,32.47560000000001
2025-05-04T19:16:40,32.47580780647695,-111.2938610650599,31.9176
2025-05-04T19:16:41,32.47588533908129,-111.29383650608361,30.1068
2025-05-04T19:16:42,32.47593009844422,-111.29386391490698,21.4056
2025-05-04T19:16:43,32.47594954445958,-111.29396885633469,23.2344
2025-05-04T19:16:44,32.475931607186794,-111.29410564899445,34.0272
2025-05-04T19:16:45,32.47592146508396,-111.29418661817908,30.6
2025-05-04T19:16:46,32.47593688778579,-111.29421637393534,19.803600000000003
2025-05-04T19:16:47,32.47594845481217,-111.29421813413501,11.304
2025-05-04T19:16:48,32.475948706269264,-111.29427395761013,15.3792
2025-05-04T19:16:49,32.47594979591668,-111.29439088515937,27.3996
2025-05-04T19:16:50,32.47595390304923,-111.29450345411897,33.8688
2025-05-04T19:16:51,32.47597150504589,-111.29459381103516,33.4044
2025-05-04T19:16:52,32.47602129355073,-111.2946967408061,36.4176
2025-05-04T19:16:53,32.4760970659554,-111.29477242939174,37.1772
2025-05-04T19:16:54,32.4761644564569,-111.29486228339374,38.844
2025-05-04T19:16:55,32.476182812824845,-111.29498046822846,38.5236
2025-05-04T19:16:56,32.47616118751466,-111.29511499777436,40.1544
2025-05-04T19:16:57,32.47609916143119,-111.2952025886625,36.252
2025-05-04T19:16:58,32.476002434268594,-111.29521876573563,32.5764
2025-05-04T19:16:59,32.47589824721217,-111.29517207853496,34.4916
2025-05-04T19:17:00,32.47582113370299,-111.29509638994932,35.1252
2025-05-04T19:17:01,32.475763047114015,-111.2950165104121,34.2072
2025-05-04T19:17:02,32.475690292194486,-111.29492531530559,37.5948
2025-05-04T19:17:03,32.47562063857913,-111.29484359174967,37.7064
2025-05-04T19:17:04,32.47557814233005,-111.29478014074266,30.888
2025-05-04T19:17:05,32.47556255199015,-111.29472297616303,25.7472
2025-05-04T19:17:06,32.475565150380135,-111.29470587708056,15.2424
2025-05-04T19:17:07,32.47549407184124,-111.29466354846954,21.852
2025-05-04T19:17:08,32.47543967328966,-111.29461862146854,25.142400000000002
2025-05-04T19:17:09,32.47536398470402,-111.2945587746799,30.7584
2025-05-04T19:17:10,32.475280249491334,-111.29451133310795,33.7752
2025-05-04T19:17:11,32.475184109061956,-111.29449733532965,35.8596
2025-05-04T19:17:12,32.475083861500025,-111.29450420849025,37.540800000000004
2025-05-04T19:17:13,32.474982272833586,-111.29450923763216,39.052800000000005
2025-05-04T19:17:14,32.47489954344928,-111.29453689791262,35.604000000000006
2025-05-04T19:17:15,32.474847910925746,-111.29461015574634,30.873600000000003
2025-05-04T19:17:16,32.474848413839936,-111.29474208690226,33.0084
2025-05-04T19:17:17,32.47488671913743,-111.29487401805818,38.257200000000005
2025-05-04T19:17:18,32.47487825341523,-111.29497040994465,35.2656
2025-05-04T19:17:19,32.47485880739987,-111.29507979378104,36.0612
2025-05-04T19:17:20,32.47487892396748,-111.29518641158938,35.848800000000004
2025-05-04T19:17:21,32.47496349737048,-111.2952289916575,31.021200000000004
2025-05-04T19:17:22,32.47507615014911,-111.29521356895566,33.9516
2025-05-04T19:17:23,32.47516323812306,-111.2951610982418,34.398
2025-05-04T19:17:24,32.475258288905025,-111.29513905383646,35.9136
2025-05-04T19:17:25,32.47536214068532,-111.29516813904047,38.1708
2025-05-04T19:17:26,32.4754633102566,-111.29522287286818,40.5936
2025-05-04T19:17:27,32.47556498274207,-111.29531071521342,45.2808
2025-05-04T19:17:28,32.47565441764891,-111.29538355395198,45.1404
2025-05-04T19:17:29,32.47576765716076,-111.29540015012026,44.553599999999996
2025-05-04T19:17:30,32.475896906107664,-111.29539453424513,47.3076
2025-05-04T19:17:31,32.4760175216943,-111.29538808017969,47.3328
2025-05-04T19:17:32,32.476116763427854,-111.29539906047285,40.8096
2025-05-04T19:17:33,32.47615624219179,-111.29540358670056,26.802000000000003
2025-05-04T19:17:34,32.476216508075595,-111.29540107212961,27.172800000000002
2025-05-04T19:17:35,32.476265877485275,-111.29540358670056,26.9784
2025-05-04T19:17:36,32.47635246254504,-111.29539067856967,31.226399999999998
2025-05-04T19:17:37,32.47644868679345,-111.29534273408353,36.1656
2025-05-04T19:17:38,32.47651104815304,-111.29525631666183,36.468
2025-05-04T19:17:39,32.47652839869261,-111.29513578489423,36.0144
2025-05-04T19:17:40,32.47653149999678,-111.29500184208155,39.222
2025-05-04T19:17:41,32.4765392113477,-111.29488457925618,39.214800000000004
2025-05-04T19:17:42,32.47654222883284,-111.29476656205952,39.582
2025-05-04T19:17:43,32.47651280835271,-111.29472431726754,27.885600000000004
2025-05-04T19:17:44,32.47645078226924,-111.29466849379241,26.1468
2025-05-04T19:17:45,32.47635807842016,-111.29463362507522,29.61
2025-05-04T19:17:46,32.47627358883619,-111.29464183934033,29.635199999999998
2025-05-04T19:17:47,32.476193038746715,-111.29463731311262,31.319999999999997
2025-05-04T19:17:48,32.47619681060314,-111.29460730589926,18.064799999999998
2025-05-04T19:17:49,32.476146183907986,-111.2945048790425,27.8712
2025-05-04T19:17:50,32.47617183253169,-111.29437940195203,31.86
2025-05-04T19:17:51,32.47619815170765,-111.29428192041814,32.3784
2025-05-04T19:17:52,32.47621592134237,-111.29419684410095,30.729599999999998
2025-05-04T19:17:53,32.47625581920147,-111.29410028457642,32.3892
2025-05-04T19:17:54,32.47633050195873,-111.29399567842484,37.5696
2025-05-04T19:17:55,32.47639898210764,-111.2939004600048,38.2068
2025-05-04T19:17:56,32.47643385082483,-111.29380599595606,35.6436
2025-05-04T19:17:57,32.4764321744442,-111.29371605813503,31.219200000000004
2025-05-04T19:17:58,32.47640979476273,-111.29364715889096,26.6616
2025-05-04T19:17:59,32.47640694491565,-111.2936086859554,20.1564
2025-05-04T19:18:00,32.47641943395138,-111.29352721385658,23.317200000000003
2025-05-04T19:18:01,32.476420691236854,-111.29344515502453,25.318800000000003
2025-05-04T19:18:02,32.47642111033201,-111.29335739649832,26.9208
2025-05-04T19:18:03,32.47642722912133,-111.29326284863055,29.6316
2025-05-04T19:18:04,32.47643426991999,-111.29315111786127,34.1208
2025-05-04T19:18:05,32.47643083333969,-111.29303117282689,37.5912
2025-05-04T19:18:06,32.476403173059225,-111.29291902296245,37.6416
2025-05-04T19:18:07,32.47634265571833,-111.29286412149668,31.6404
2025-05-04T19:18:08,32.47625548392534,-111.29288583062589,27.284399999999998
2025-05-04T19:18:09,32.47618298046291,-111.2929424084723,28.378800000000002
2025-05-04T19:18:10,32.476123133674264,-111.293007703498,29.671200000000002
2025-05-04T19:18:11,32.47611223720014,-111.29308599047363,26.856
2025-05-04T19:18:12,32.47612162493169,-111.2931879144162,29.826
2025-05-04T19:18:13,32.47612036764622,-111.29329117946327,32.7564
2025-05-04T19:18:14,32.476099664345384,-111.29338463768363,32.6736
2025-05-04T19:18:15,32.47605490498245,-111.29346493631601,32.202000000000005
2025-05-04T19:18:16,32.47598273679614,-111.29353408701718,32.8284
2025-05-04T19:18:17,32.4758948944509,-111.29354481585324,32.288399999999996
2025-05-04T19:18:18,32.475798251107335,-111.29349519498646,34.1028
2025-05-04T19:18:19,32.47575642541051,-111.29339503124356,31.284
2025-05-04T19:18:20,32.47576095163822,-111.29329377785325,28.872
2025-05-04T19:18:21,32.47580244205892,-111.29320995882154,27.4536
2025-05-04T19:18:22,32.47581233270466,-111.29316302016377,21.1824
2025-05-04T19:18:23,32.4758036993444,-111.29312748089433,15.620400000000002
2025-05-04T19:18:24,32.475799173116684,-111.29308783449233,14.058
2025-05-04T19:18:25,32.47580621391535,-111.29304139874876,14.5836
2025-05-04T19:18:26,32.475809985771775,-111.29299865104258,14.3892
2025-05-04T19:18:27,32.4758121650666,-111.29295841790736,14.000399999999999
2025-05-04T19:18:28,32.47581074014306,-111.29292321391404,13.0968
2025-05-04T19:18:29,32.475810991600156,-111.29288499243557,13.2156
2025-05-04T19:18:30,32.47580495662987,-111.29283520393074,15.209999999999999
2025-05-04T19:18:31,32.47579070739448,-111.29277812317014,17.229599999999998
2025-05-04T19:18:32,32.475754329934716,-111.2927579227835,15.2676
2025-05-04T19:18:33,32.47571091167629,-111.29274702630937,15.325199999999999
2025-05-04T19:18:34,32.475695572793484,-111.29275624640286,10.011600000000001
2025-05-04T19:18:35,32.47569247148931,-111.29276781342924,5.5656
2025-05-04T19:18:36,32.475686855614185,-111.29276395775378,2.8224
2025-05-04T19:18:37,32.47568031772971,-111.2927613593638,1.9188
2025-05-04T19:18:38,32.47567889280617,-111.29276043735445,1.3896000000000002
2025-05-04T19:18:39,32.47567595914006,-111.29275884479284,1.6488
2025-05-04T19:18:40,32.47568056918681,-111.29275850951672,0.24120000000000003
2025-05-04T19:18:41,32.47568232938647,-111.292759263888,0.1044
2025-05-04T19:18:42,32.47568023391068,-111.29276362247765,1.2671999999999999
2025-05-04T19:18:43,32.47567445039749,-111.29276152700186,1.8288
2025-05-04T19:18:44,32.4756689183414,-111.29275775514543,1.9872000000000003
2025-05-04T19:18:45,32.4756636377424,-111.29276630468667,2.0951999999999997
2025-05-04T19:18:46,32.47565475292504,-111.29276731051505,3.5604
2025-05-04T19:18:47,32.475633043795824,-111.29276781342924,6.354
2025-05-04T19:18:48,32.475602785125375,-111.29276571795344,9.395999999999999
2025-05-04T19:18:49,32.475570514798164,-111.29278616979718,12.3552
2025-05-04T19:18:50,32.47554595582187,-111.29283822141588,16.290000000000003
2025-05-04T19:18:51,32.47554159723222,-111.29291960969567,21.3984
2025-05-04T19:18:52,32.47554696165025,-111.29302388057113,27.8136
2025-05-04T19:18:53,32.475541681051254,-111.2930962163955,25.498800000000003
2025-05-04T19:18:54,32.47553505934775,-111.29315287806094,21.3156
2025-05-04T19:18:55,32.47553472407162,-111.29321607761085,22.698
2025-05-04T19:18:56,32.47550245374441,-111.2932568974793,19.296000000000003
2025-05-04T19:18:57,32.47548837214708,-111.29330534487963,18.460800000000003
2025-05-04T19:18:58,32.47550781816244,-111.29333468154073,13.626000000000001
2025-05-04T19:18:59,32.475517792627215,-111.29340056329966,16.8948
2025-05-04T19:19:00,32.47549700550735,-111.29344171844423,15.296399999999998
2025-05-04T19:19:01,32.47545291669667,-111.29347482696176,14.893199999999998
2025-05-04T19:19:02,32.47541016899049,-111.2934778444469,13.6476
2025-05-04T19:19:03,32.47532358393073,-111.29348488524556,20.16
2025-05-04T19:19:04,32.47521512210369,-111.29342403262854,25.948800000000002
2025-05-04T19:19:05,32.47520296834409,-111.29337776452303,18.0864
2025-05-04T19:19:06,32.475197436288,-111.29332319833338,17.6256
2025-05-04T19:19:07,32.475193329155445,-111.29324834793806,21.6468
2025-05-04T19:19:08,32.47519265860319,-111.29317249171436,22.7952
2025-05-04T19:19:09,32.47519114986062,-111.29314600490034,16.5312
2025-05-04T19:19:10,32.47517891228199,-111.29310702905059,14.558399999999999
2025-05-04T19:19:11,32.475166423246264,-111.2930336035788,18.6624
2025-05-04T19:19:12,32.475153682753444,-111.29298859275877,18.4068
2025-05-04T19:19:13,32.47511403635144,-111.29289915785193,25.7544
2025-05-04T19:19:14,32.47506843879819,-111.29282229579985,27.5544
2025-05-04T19:19:15,32.475020326673985,-111.29280980676413,20.901600000000002
2025-05-04T19:19:16,32.474976824596524,-111.29284685477614,16.099200000000003
2025-05-04T19:19:17,32.47494765557349,-111.29285900853574,13.842
2025-05-04T19:19:18,32.47492619790137,-111.29282363690436,11.548800000000002
2025-05-04T19:19:19,32.47490138746798,-111.29279463551939,12.495600000000001
2025-05-04T19:19:20,32.47487775050104,-111.29278273321688,11.3796
2025-05-04T19:19:21,32.47483835555613,-111.29277762025595,12.9168
2025-05-04T19:19:22,32.47480264864862,-111.29277250729501,13.2732
2025-05-04T19:19:23,32.474778005853295,-111.29277007654309,11.844000000000001
2025-05-04T19:19:24,32.47472645714879,-111.29276697523892,16.8192
2025-05-04T19:19:25,32.47463936917484,-111.29276571795344,25.6464
2025-05-04T19:19:26,32.474558064714074,-111.29276529885828,29.203200000000002
2025-05-04T19:19:27,32.474490255117416,-111.29278575070202,28.0584
2025-05-04T19:19:28,32.47441758401692,-111.29279379732907,28.6704
2025-05-04T19:19:29,32.474332340061665,-111.29278164356947,31.0968
2025-05-04T19:19:30,32.474254136905074,-111.2927766982466,30.088800000000003
2025-05-04T19:19:31,32.474205857142806,-111.29277896136045,23.076
2025-05-04T19:19:32,32.47417526319623,-111.29276630468667,18.8316
2025-05-04T19:19:33,32.47415179386735,-111.2927782908082,15.714
2025-05-04T19:19:34,32.474111476913095,-111.29279145039618,16.232400000000002
2025-05-04T19:19:35,32.47405112721026,-111.29279983229935,20.5956
2025-05-04T19:19:36,32.473978037014604,-111.29280813038349,25.192800000000002
2025-05-04T19:19:37,32.473912155255675,-111.29284266382456,26.2332
2025-05-04T19:19:38,32.473889188840985,-111.29292690195143,23.918400000000002
2025-05-04T19:19:39,32.47389589436352,-111.29297384060919,18.63
2025-05-04T19:19:40,32.473912574350834,-111.29302798770368,18.162
2025-05-04T19:19:41,32.47394350357354,-111.29307157360017,17.3808
2025-05-04T19:19:43,32.47397351078689,-111.29311675205827,18.2556
2025-05-04T19:19:44,32.474011816084385,-111.2931337673217,17.9676
2025-05-04T19:19:44,32.47407719492912,-111.29313552752137,21.4056
2025-05-04T19:19:45,32.474165707826614,-111.29314491525292,28.0224
2025-05-04T19:19:46,32.47424717992544,-111.293137203902,30.7044
2025-05-04T19:19:47,32.47432077303529,-111.29312982782722,30.276
2025-05-04T19:19:48,32.47437802143395,-111.29315036348999,24.8004
2025-05-04T19:19:49,32.4744238704443,-111.29319495521486,21.7152
2025-05-04T19:19:50,32.47443728148937,-111.29321188665926,13.8924
2025-05-04T19:19:51,32.474463768303394,-111.29317416809499,13.2984
2025-05-04T19:19:52,32.47452177107334,-111.29315664991736,20.232
2025-05-04T19:19:53,32.47462478466332,-111.29316377453506,29.933999999999997
2025-05-04T19:19:54,32.474708100780845,-111.29318590275943,32.1264
2025-05-04T19:19:55,32.47480214573443,-111.29320107400417,35.5248
2025-05-04T19:19:56,32.47487992979586,-111.29322974011302,33.2856
2025-05-04T19:19:57,32.47492250986397,-111.29330643452704,29.430000000000003
2025-05-04T19:19:58,32.474985122680664,-111.29337248392403,32.3316
2025-05-04T19:19:59,32.475089728832245,-111.29346904344857,44.730000000000004
2025-05-04T19:20:00,32.47502510435879,-111.293570632115,33.699600000000004
2025-05-04T19:20:01,32.47506709769368,-111.29365428350866,33.573600000000006
2025-05-04T19:20:02,32.475092159584165,-111.293705413118,25.2252
2025-05-04T19:20:03,32.475068774074316,-111.29370482638478,9.723600000000001
2025-05-04T19:20:04,32.475048154592514,-111.29373114556074,11.102400000000001
2025-05-04T19:20:05,32.47500364668667,-111.29375922493637,15.48
2025-05-04T19:20:06,32.47491639107466,-111.29376785829663,24.066
2025-05-04T19:20:07,32.474833158776164,-111.29373533651233,27.6552
2025-05-04T19:20:08,32.47476761229336,-111.29365512169898,30.8448
2025-05-04T19:20:09,32.47471312992275,-111.29355621524155,34.4988
2025-05-04T19:20:10,32.4746308196336,-111.29353274591267,32.8176
2025-05-04T19:20:11,32.47452202253044,-111.29356652498245,37.4796
2025-05-04T19:20:12,32.47443191707134,-111.29360307008028,37.9044
2025-05-04T19:20:13,32.47440157458186,-111.29360944032669,22.7016
2025-05-04T19:20:14,32.474381290376186,-111.29359477199614,14.115599999999999
2025-05-04T19:20:15,32.47432622127235,-111.29358043894172,19.6416
2025-05-04T19:20:16,32.474262937903404,-111.29358102567494,22.453200000000002
2025-05-04T19:20:17,32.47418196871877,-111.29357515834272,26.6796
2025-05-04T19:20:18,32.474085157737136,-111.29357809200883,31.978799999999996
2025-05-04T19:20:19,32.47398239560425,-111.29360625520349,36.6804
2025-05-04T19:20:20,32.47390293516219,-111.29368102177978,36.396
2025-05-04T19:20:21,32.47387636452913,-111.29379526712,35.0316
2025-05-04T19:20:22,32.473882818594575,-111.29390532150865,34.095600000000005
2025-05-04T19:20:23,32.47393378056586,-111.29399894736707,32.583600000000004
2025-05-04T19:20:24,32.47399748302996,-111.29404689185321,28.6452
2025-05-04T19:20:25,32.47406923212111,-111.29407304339111,27.0936
2025-05-04T19:20:26,32.474147686734796,-111.29407748579979,28.008000000000003
2025-05-04T19:20:27,32.47422739863396,-111.29407228901982,28.368
2025-05-04T19:20:28,32.47430669143796,-111.29408184438944,29.325600000000005
2025-05-04T19:20:29,32.47440258041024,-111.29408134147525,33.7752
2025-05-04T19:20:30,32.47449385933578,-111.2940891366452,35.496
2025-05-04T19:20:31,32.474568793550134,-111.29408905282617,31.086
2025-05-04T19:20:32,32.474583964794874,-111.29408762790263,15.7428
2025-05-04T19:20:33,32.4745911732316,-111.2940925732255,9.234
2025-05-04T19:20:34,32.47462511993945,-111.29409274086356,12.4596
2025-05-04T19:20:35,32.47465554624796,-111.29409978166223,12.6972
2025-05-04T19:20:36,32.474678261205554,-111.29410003311932,10.944
2025-05-04T19:20:37,32.47470432892442,-111.29410707391798,11.4084
2025-05-04T19:20:38,32.47473232448101,-111.29410841502249,11.4372
2025-05-04T19:20:39,32.47476048767567,-111.29411336034536,11.4012
2025-05-04T19:20:40,32.47478915378451,-111.29410925321281,10.548
2025-05-04T19:20:41,32.47483047656715,-111.29410682246089,12.5532
2025-05-04T19:20:42,32.47489065863192,-111.29410254769027,18.6156
2025-05-04T19:20:43,32.474969951435924,-111.29411612637341,25.794
2025-05-04T19:20:44,32.47505494393408,-111.29413456656039,30.6936
2025-05-04T19:20:45,32.475124429911375,-111.29415208473802,28.944
2025-05-04T19:20:46,32.475156616419554,-111.29413171671331,18.81
2025-05-04T19:20:47,32.475170362740755,-111.29408829845488,15.0912
2025-05-04T19:20:48,32.47520674020052,-111.29401864483953,21.6216
2025-05-04T19:20:49,32.47525309212506,-111.29394832067192,26.3988
2025-05-04T19:20:50,32.47528729029,-111.29387657158077,26.37
2025-05-04T19:20:51,32.475320398807526,-111.29385687410831,18.7776
2025-05-04T19:20:52,32.47533489950001,-111.29384631291032,13.233600000000001
2025-05-04T19:20:53,32.47536834329367,-111.29381345584989,15.760800000000001
2025-05-04T19:20:54,32.47542911209166,-111.29381194710732,18.3528
2025-05-04T19:20:55,32.47545702382922,-111.29386726766825,16.02
2025-05-04T19:20:56,32.47546121478081,-111.29392074421048,15.3072
2025-05-04T19:20:57,32.47545953840017,-111.29395209252834,12.7224
2025-05-04T19:20:58,32.475485103204846,-111.29399048164487,14.3172
2025-05-04T19:20:59,32.47551108710468,-111.2940405216068,16.218
2025-05-04T19:21:00,32.47557076625526,-111.29405912943184,16.718400000000003
2025-05-04T19:21:01,32.475601360201836,-111.29405309446156,13.302
2025-05-04T19:21:02,32.47566657140851,-111.2939815968275,19.5228
2025-05-04T19:21:03,32.47578416951001,-111.29385964013636,35.6616
2025-05-04T19:21:04,32.47586195357144,-111.2938282918185,31.611600000000003
2025-05-04T19:21:05,32.47593420557678,-111.29384262487292,27.612000000000002
2025-05-04T19:21:06,32.475976534187794,-111.29393817856908,25.6032
2025-05-04T19:21:07,32.475959435105324,-111.29406885243952,29.613600000000005
2025-05-04T19:21:08,32.47593730688095,-111.29417563788593,31.4244
2025-05-04T19:21:09,32.475927248597145,-111.29421059042215,21.8592
2025-05-04T19:21:10,32.47594275511801,-111.29419860430062,10.778400000000001
2025-05-04T19:21:11,32.47594736516476,-111.29424680024385,14.457600000000001
2025-05-04T19:21:12,32.47595968656242,-111.29435056820512,24.5376
2025-05-04T19:21:13,32.47595281340182,-111.29446355625987,31.5792
2025-05-04T19:21:14,32.475957507267594,-111.29455517046154,31.698
2025-05-04T19:21:15,32.47599648311734,-111.29466363228858,34.8444
2025-05-04T19:21:16,32.47607468627393,-111.29475507885218,38.617200000000004
2025-05-04T19:21:17,32.47614400461316,-111.2948383949697,39.3048
2025-05-04T19:21:18,32.476187674328685,-111.29493763670325,37.9872
2025-05-04T19:21:19,32.476172000169754,-111.29507375881076,39.2688
2025-05-04T19:21:20,32.47609312646091,-111.29518632777035,40.2156
2025-05-04T19:21:21,32.476011738181114,-111.2952131498605,32.4468
2025-05-04T19:21:22,32.47591534629464,-111.29516537301242,30.798
2025-05-04T19:21:23,32.47583110816777,-111.2950799614191,34.596
2025-05-04T19:21:24,32.475777296349406,-111.29501022398472,32.1696
2025-05-04T19:21:25,32.47574326582253,-111.29496504552662,25.4592
2025-05-04T19:21:26,32.47572650201619,-111.29494551569223,16.070400000000003
2025-05-04T19:21:27,32.47571158222854,-111.29492699168622,11.8728
2025-05-04T19:21:28,32.47570219449699,-111.29491232335567,8.748000000000001
2025-05-04T19:21:29,32.47569330967963,-111.29489698447287,7.578
2025-05-04T19:21:30,32.47567185200751,-111.29487192258239,11.142000000000001
2025-05-04T19:21:31,32.475633127614856,-111.29481886513531,18.4392
2025-05-04T19:21:32,32.47558736242354,-111.29475499503314,23.688000000000002
2025-05-04T19:21:33,32.47556054033339,-111.29471836611629,19.8972
2025-05-04T19:21:34,32.475507063791156,-111.29469757899642,20.574
2025-05-04T19:21:35,32.47545056976378,-111.29464502446353,25.491600000000002
2025-05-04T19:21:36,32.475379910320044,-111.29458274692297,31.1544
2025-05-04T19:21:37,32.47529240325093,-111.29452927038074,35.0892
2025-05-04T19:21:38,32.47519450262189,-111.29450362175703,37.0872
2025-05-04T19:21:39,32.47508738189936,-111.29450337029994,39.2652
2025-05-04T19:21:40,32.47499140910804,-111.29452105611563,37.7676
2025-05-04T19:21:41,32.47490532696247,-111.2945463694632,35.1864
2025-05-04T19:21:42,32.47487003915012,-111.29460177384317,26.7876
2025-05-04T19:21:43,32.47485755011439,-111.29472716711462,31.449600000000004
2025-05-04T19:21:44,32.4748744815588,-111.29485834389925,37.9728
2025-05-04T19:21:45,32.474868446588516,-111.29496194422245,37.2132
2025-05-04T19:21:46,32.47485998086631,-111.29507375881076,37.4292
2025-05-04T19:21:47,32.47487205080688,-111.29516956396401,34.4844
2025-05-04T19:21:48,32.47493558563292,-111.2952342722565,30.938399999999998
2025-05-04T19:21:49,32.47504496946931,-111.2952165864408,31.662
2025-05-04T19:21:50,32.47512141242623,-111.29516931250691,31.2804
2025-05-04T19:21:51,32.475194837898016,-111.2951547279954,30.4848
2025-05-04T19:21:52,32.475297851487994,-111.29516428336501,35.107200000000006
2025-05-04T19:21:53,32.47540606185794,-111.29517895169556,39.0636
2025-05-04T19:21:54,32.47548661194742,-111.29520669579506,35.3664
2025-05-04T19:21:55,32.47556741349399,-111.2953050993383,39.00600000000001
2025-05-04T19:21:56,32.475665314123034,-111.29537349566817,43.1892
2025-05-04T19:21:57,32.47577008791268,-111.2953807041049,42.735600000000005
2025-05-04T19:21:58,32.47588793747127,-111.29536679014564,44.3232
2025-05-04T19:21:59,32.476003440096974,-111.29537492059171,45.39960000000001
2025-05-04T19:22:00,32.476103939116,-111.29538640379906,41.1804
2025-05-04T19:22:01,32.476157918572426,-111.29538774490356,29.624399999999998
2025-05-04T19:22:02,32.47621349059045,-111.29540543071926,26.996399999999998
2025-05-04T19:22:03,32.47627694159746,-111.29541381262243,28.8
2025-05-04T19:22:04,32.47637174092233,-111.2953793630004,33.606
2025-05-04T19:22:05,32.47642731294036,-111.29530518315732,32.1084
2025-05-04T19:22:06,32.47647634707391,-111.29523469135165,31.971600000000002
2025-05-04T19:22:07,32.47652663849294,-111.29511843435466,37.083600000000004
2025-05-04T19:22:08,32.47654641978443,-111.29498021677136,41.0544
2025-05-04T19:22:09,32.47653862461448,-111.29483873024583,44.2152
2025-05-04T19:22:10,32.47650811448693,-111.29473538137972,39.4272
2025-05-04T19:22:11,32.47645430266857,-111.29467260092497,30.9096
2025-05-04T19:22:12,32.47636285610497,-111.2946486286819,29.9916
2025-05-04T19:22:13,32.47628951445222,-111.29461736418307,29.843999999999998
2025-05-04T19:22:14,32.47620242647827,-111.29457679577172,35.4204
2025-05-04T19:22:15,32.47613755054772,-111.29458274692297,35.388
2025-05-04T19:22:16,32.47615020722151,-111.29448995925486,28.238400000000002
2025-05-04T19:22:17,32.47614794410765,-111.2943856883794,29.858400000000003
2025-05-04T19:22:18,32.476175939664245,-111.29428661428392,30.4992
2025-05-04T19:22:19,32.4762025102973,-111.29419030621648,32.2128
2025-05-04T19:22:20,32.4762336909771,-111.29409818910062,33.4728
2025-05-04T19:22:21,32.47630963101983,-111.29400867037475,37.4004
2025-05-04T19:22:22,32.47638674452901,-111.29391529597342,40.9968
2025-05-04T19:22:23,32.476429995149374,-111.29381102509797,39.6216
2025-05-04T19:22:24,32.4764234572649,-111.29370164126158,35.5248
2025-05-04T19:22:25,32.47639764100313,-111.2936380226165,27.5724
2025-05-04T19:22:26,32.47638330794871,-111.29360407590866,19.9692
2025-05-04T19:22:27,32.47640736401081,-111.29352469928563,22.4208
2025-05-04T19:22:28,32.47641566209495,-111.29343836568296,26.2224
2025-05-04T19:22:29,32.47641021385789,-111.29336980171502,24.2208
2025-05-04T19:22:30,32.476409543305635,-111.29328221082687,27.0468
2025-05-04T19:22:31,32.47641792520881,-111.29318774677813,30.330000000000002
2025-05-04T19:22:32,32.476424127817154,-111.29307450726628,34.6284
2025-05-04T19:22:33,32.47640535235405,-111.29297040402889,35.730000000000004
2025-05-04T19:22:34,32.4763647839427,-111.29289815202355,31.6368
2025-05-04T19:22:35,32.476286832243204,-111.29287510178983,27.6444
2025-05-04T19:22:36,32.47620896436274,-111.29288708791137,26.8452
2025-05-04T19:22:37,32.47613964602351,-111.29295389167964,28.7028
2025-05-04T19:22:38,32.476096730679274,-111.29302488639951,28.2528
2025-05-04T19:22:39,32.4760952219367,-111.2931200210005,28.1952
2025-05-04T19:22:40,32.476103687658906,-111.29321926273406,31.1076
2025-05-04T19:22:41,32.476084074005485,-111.29331230185926,32.0328
2025-05-04T19:22:42,32.476064292714,-111.29342067986727,34.394400000000005
2025-05-04T19:22:43,32.47603219002485,-111.29351019859314,32.598
2025-05-04T19:22:44,32.47596035711467,-111.29355202428997,28.933200000000003
2025-05-04T19:22:45,32.475853404030204,-111.29353727214038,32.1336
2025-05-04T19:22:46,32.47577360831201,-111.29346024245024,32.5764
2025-05-04T19:22:47,32.47574804350734,-111.2933998927474,25.538400000000003
2025-05-04T19:22:48,32.4757653940469,-111.29328061826527,27.9756
2025-05-04T19:22:49,32.475803615525365,-111.29314047284424,36.7416
2025-05-04T19:22:50,32.47580093331635,-111.29302748478949,36.576
2025-05-04T19:22:51,32.47579892165959,-111.29293268546462,33.3936
2025-05-04T19:22:52,32.47580671682954,-111.2928419932723,30.736800000000002
2025-05-04T19:22:53,32.47578693553805,-111.29275524057448,28.7928
2025-05-04T19:22:54,32.475726418197155,-111.29273269325495,23.256
2025-05-04T19:22:55,32.47562256641686,-111.29275817424059,28.036800000000003
2025-05-04T19:22:56,32.475558277219534,-111.29279656335711,26.744400000000002
2025-05-04T19:22:57,32.47552592307329,-111.29284786060452,22.1688
2025-05-04T19:22:58,32.475526090711355,-111.29291793331504,21.8484
2025-05-04T19:22:59,32.475541010499,-111.29302631132305,29.286
2025-05-04T19:23:00,32.47554872184992,-111.29313158802688,32.778000000000006
2025-05-04T19:23:01,32.475546123459935,-111.29319847561419,26.4276
2025-05-04T19:23:02,32.47553908266127,-111.29324675537646,22.982400000000002
2025-05-04T19:23:03,32.47553497552872,-111.29325564019382,13.4856
2025-05-04T19:23:04,32.47553891502321,-111.293316911906,16.398
2025-05-04T19:23:05,32.47554293833673,-111.29336158744991,15.947999999999999
2025-05-04T19:23:06,32.47553614899516,-111.29342839121819,18.5472
2025-05-04T19:23:07,32.47549415566027,-111.2934757489711,19.3032
2025-05-04T19:23:08,32.475440511479974,-111.29351179115474,20.271600000000003
2025-05-04T19:23:09,32.475308580324054,-111.29345663823187,29.9088
2025-05-04T19:23:10,32.47522593475878,-111.29340165294707,31.622400000000003
2025-05-04T19:23:11,32.47519651427865,-111.29338128492236,21.9924
2025-05-04T19:23:12,32.47519022785127,-111.2933533731848,14.529599999999999
2025-05-04T19:23:13,32.475182097405195,-111.29329889081419,16.1604
2025-05-04T19:23:14,32.475187964737415,-111.29321272484958,22.3812
2025-05-04T19:23:15,32.47519198805094,-111.2931337673217,24.0588
2025-05-04T19:23:16,32.47517907992005,-111.29308355972171,21.744
2025-05-04T19:23:17,32.47515552677214,-111.2930460087955,18.4752
2025-05-04T19:23:18,32.475149324163795,-111.29299135878682,18.3636
2025-05-04T19:23:19,32.47513750568032,-111.2929352838546,19.803600000000003
2025-05-04T19:23:20,32.4750901479274,-111.29285079427063,26.3124
2025-05-04T19:23:21,32.47501965612173,-111.29280829802155,27.064799999999998
2025-05-04T19:23:22,32.474978752434254,-111.29281383007765,18.9864
2025-05-04T19:23:23,32.47497028671205,-111.29283771850169,11.448
2025-05-04T19:23:24,32.47494740411639,-111.29283101297915,9.7416
2025-05-04T19:23:25,32.47491111047566,-111.29281324334443,12.438
2025-05-04T19:23:26,32.4748847912997,-111.29278901964426,12.8088
2025-05-04T19:23:27,32.47485243715346,-111.29277586005628,12.895199999999999
2025-05-04T19:23:28,32.4748139642179,-111.29277477040887,13.5612
2025-05-04T19:23:29,32.47477188706398,-111.29277929663658,15.2316
2025-05-04T19:23:30,32.47471681796014,-111.29277887754142,19.198800000000002
2025-05-04T19:23:31,32.47464087791741,-111.2927814759314,24.9264
2025-05-04T19:23:32,32.47457206249237,-111.29278365522623,25.9668
2025-05-04T19:23:33,32.47450425289571,-111.29278080537915,26.37
2025-05-04T19:23:34,32.474437449127436,-111.29277267493308,26.9028
2025-05-04T19:23:35,32.474353797733784,-111.29277125000954,30.419999999999998
2025-05-04T19:23:36,32.474272325634956,-111.29276948980987,30.7656
2025-05-04T19:23:37,32.474217088893056,-111.2927642930299,24.3972
2025-05-04T19:23:38,32.47419965453446,-111.29274543374777,16.7112
2025-05-04T19:23:39,32.47419881634414,-111.29274685867131,8.967600000000001
2025-05-04T19:23:40,32.47415816411376,-111.29275624640286,11.9628
2025-05-04T19:23:41,32.47412145137787,-111.29276353865862,12.4704
2025-05-04T19:23:42,32.47406487353146,-111.2927677296102,17.506800000000002
2025-05-04T19:23:43,32.47401684522629,-111.2927838228643,19.695600000000002
2025-05-04T19:23:44,32.47394316829741,-111.29280025139451,24.5952
2025-05-04T19:23:45,32.47388390824199,-111.29285548813641,25.988400000000002
2025-05-04T19:23:46,32.47388097457588,-111.29292815923691,21.585600000000003
2025-05-04T19:23:47,32.47389220632613,-111.29298406653106,19.1268
2025-05-04T19:23:48,32.47390276752412,-111.29302061162889,15.7896
2025-05-04T19:23:49,32.47393528930843,-111.2930563185364,15.894
2025-05-04T19:23:50,32.47398625127971,-111.29310426302254,20.0304
2025-05-04T19:23:51,32.474044589325786,-111.29314684309065,24.174
2025-05-04T19:23:52,32.47410720214248,-111.29314382560551,24.5952
2025-05-04T19:23:53,32.47419093735516,-111.29314634017646,29.106000000000005
2025-05-04T19:23:54,32.47427601367235,-111.29314231686294,31.622400000000003
2025-05-04T19:23:55,32.47435656376183,-111.29312681034207,30.6324
2025-05-04T19:23:56,32.47442990541458,-111.29317190498114,29.790000000000003
2025-05-04T19:23:57,32.47445614077151,-111.29322462715209,22.0752
2025-05-04T19:23:58,32.4744788557291,-111.29322311840951,16.192800000000002
2025-05-04T19:23:59,32.474515568464994,-111.2931807897985,17.388
2025-05-04T19:24:00,32.47460424900055,-111.2931514531374,27.486
2025-05-04T19:24:01,32.474711118265986,-111.29315824247897,34.308
2025-05-04T19:24:02,32.47478940524161,-111.29318464547396,33.1776
2025-05-04T19:24:03,32.47485897503793,-111.29323141649365,32.1048
2025-05-04T19:24:04,32.47490130364895,-111.29329143092036,27.45
2025-05-04T19:24:05,32.47490809299052,-111.29335622303188,23.4828
2025-05-04T19:24:06,32.47492494061589,-111.29340852610767,21.654
2025-05-04T19:24:07,32.47496986761689,-111.2935037445277,28.8864
2025-05-04T19:24:08,32.475023763254285,-111.29360114224255,33.5628
2025-05-04T19:24:09,32.4750470649451,-111.29365428350866,25.506
2025-05-04T19:24:10,32.475041868165135,-111.2936760764569,14.814000000000002
2025-05-04T19:24:11,32.475021835416555,-111.2936916667968,9.4608
2025-05-04T19:24:12,32.4750179797411,-111.29372502677143,10.2132
2025-05-04T19:24:13,32.47499166056514,-111.29375369288027,12.3012
2025-05-04T19:24:14,32.47492292895913,-111.29376358352602,19.8576
2025-05-04T19:24:15,32.474855706095695,-111.2937508430332,22.8708
2025-05-04T19:24:16,32.47480935417116,-111.29371656104922,20.9952
2025-05-04T19:24:17,32.47476736083627,-111.29364984109998,23.698800000000002
2025-05-04T19:24:18,32.47472637332976,-111.29358354024589,25.567200000000003
2025-05-04T19:24:19,32.474697791039944,-111.2935571372509,19.332
2025-05-04T19:24:20,32.474669041112065,-111.29356945864856,13.132800000000001
2025-05-04T19:24:21,32.47463802807033,-111.29358069039881,12.6504
2025-05-04T19:24:22,32.47459243051708,-111.29358689300716,15.3072
2025-05-04T19:24:23,32.47455303557217,-111.29359368234873,15.6024
2025-05-04T19:24:24,32.474517077207565,-111.29359745420516,15.292800000000002
2025-05-04T19:24:25,32.47448556125164,-111.2935967836529,13.23
2025-05-04T19:24:26,32.47446393594146,-111.29359812475741,10.782
2025-05-04T19:24:27,32.47444155625999,-111.29359594546258,10.0332
2025-05-04T19:24:28,32.47439805418253,-111.29358949139714,14.4288
2025-05-04T19:24:29,32.47435329481959,-111.2935793492943,16.012800000000002
2025-05-04T19:24:30,32.47430476360023,-111.29358345642686,17.8812
2025-05-04T19:24:31,32.474240558221936,-111.29357540979981,22.9284
2025-05-04T19:24:32,32.47418808750808,-111.2935951910913,23.1156
2025-05-04T19:24:33,32.474133437499404,-111.29362570121884,23.1876
2025-05-04T19:24:34,32.47399237006903,-111.29361891187727,34.369200000000006
2025-05-04T19:24:35,32.47392699122429,-111.29366308450699,30.0384
2025-05-04T19:24:36,32.47389983385801,-111.29375042393804,27.8316
2025-05-04T19:24:37,32.473910730332136,-111.29386165179312,30.6036
2025-05-04T19:24:38,32.47392917051911,-111.29395469091833,31.654799999999998
2025-05-04T19:24:39,32.474005948752165,-111.29402828402817,33.181200000000004
2025-05-04T19:24:40,32.47408356517553,-111.29407631233335,32.7708
2025-05-04T19:24:41,32.47416000813246,-111.29406952299178,29.779200000000003
2025-05-04T19:24:42,32.474248269572854,-111.29405217245221,31.809600000000003
2025-05-04T19:24:43,32.47432538308203,-111.29406013526022,32.007600000000004
2025-05-04T19:24:44,32.47441414743662,-111.29406943917274,34.4232
2025-05-04T19:24:45,32.474502911791205,-111.29407337866724,34.833600000000004
2025-05-04T19:24:46,32.474571727216244,-111.29408025182784,29.9196
2025-05-04T19:24:47,32.47458564117551,-111.29408603534102,18.1008
2025-05-04T19:24:48,32.47458522208035,-111.29408955574036,10.0656
2025-05-04T19:24:49,32.47461422346532,-111.2940925732255,10.738800000000001
2025-05-04T19:24:50,32.47465370222926,-111.29409743472934,13.3056
2025-05-04T19:24:51,32.47468572109938,-111.29410481080413,13.3632
2025-05-04T19:24:52,32.47471715323627,-111.29411151632667,12.996
2025-05-04T19:24:53,32.47474875301123,-111.29411310888827,12.6684
2025-05-04T19:24:54,32.474773563444614,-111.2940996978432,10.9008
2025-05-04T19:24:55,32.47480566613376,-111.2940973509103,11.4876
2025-05-04T19:24:56,32.474850257858634,-111.29411076195538,14.997600000000002
2025-05-04T19:24:57,32.4749122839421,-111.29412199370563,20.790000000000003
2025-05-04T19:24:58,32.47498948127031,-111.29413498565555,26.7588
2025-05-04T19:24:59,32.47507682070136,-111.294149402529,30.852
2025-05-04T19:25:00,32.475142534822226,-111.29414588212967,27.442800000000002
2025-05-04T19:25:01,32.47516072355211,-111.29412811249495,17.1144
2025-05-04T19:25:02,32.47516751289368,-111.29408620297909,13.644
2025-05-04T19:25:03,32.47519886121154,-111.29402266815305,19.3104
2025-05-04T19:25:04,32.475252505391836,-111.29394991323352,26.1828
2025-05-04T19:25:05,32.47528444044292,-111.2938750628382,26.488799999999998
2025-05-04T19:25:06,32.47530195862055,-111.29384027794003,19.1484
2025-05-04T19:25:07,32.475321656093,-111.29381152801216,16.7436
2025-05-04T19:25:08,32.47535577043891,-111.29380658268929,15.2604
2025-05-04T19:25:09,32.475427435711026,-111.29379753023386,21.8952
2025-05-04T19:25:10,32.47548636049032,-111.29382032901049,21.7188
2025-05-04T19:25:11,32.47548133134842,-111.29389417357743,16.3908
2025-05-04T19:25:12,32.475461047142744,-111.29396114498377,18.493199999999998
2025-05-04T19:25:13,32.475457694381475,-111.29399869590998,16.3008
2025-05-04T19:25:14,32.475498262792826,-111.294025182724,14.8464
2025-05-04T19:25:15,32.475568586960435,-111.29404194653034,20.6964
2025-05-04T19:25:16,32.475634133443236,-111.29401847720146,24.084000000000003
2025-05-04T19:25:17,32.475704960525036,-111.29393356852233,30.6216
2025-05-04T19:25:18,32.47576673515141,-111.2938475701958,34.0632
2025-05-04T19:25:19,32.47584016062319,-111.29380892962217,32.8932
2025-05-04T19:25:20,32.475908137857914,-111.29382041282952,27.0684
2025-05-04T19:25:21,32.47597016394138,-111.29386559128761,25.977600000000002
2025-05-04T19:25:22,32.47598499991,-111.29397355020046,26.9712
2025-05-04T19:25:23,32.47596035711467,-111.29408829845488,31.017599999999998
2025-05-04T19:25:24,32.47593713924289,-111.29415828734636,26.9172
2025-05-04T19:25:25,32.47593269683421,-111.29417773336172,15.8832
2025-05-04T19:25:26,32.475947281345725,-111.29417362622917,7.0596000000000005
2025-05-04T19:25:27,32.47595624998212,-111.29419583827257,7.7832
2025-05-04T19:25:28,32.47596262022853,-111.2942202296108,8.1468
2025-05-04T19:25:30,32.475959435105324,-111.29448459483683,30.2616
2025-05-04T19:25:31,32.47597837820649,-111.2945860158652,32.13
2025-05-04T19:25:32,32.47602950781584,-111.29468819126487,35.28
2025-05-04T19:25:33,32.47611072845757,-111.29476731643081,37.5552
2025-05-04T19:25:34,32.476168563589454,-111.2948526442051,36.8532
2025-05-04T19:25:35,32.47618826106191,-111.29497250542045,37.386
2025-05-04T19:25:36,32.476158337667584,-111.29511223174632,39.8412
2025-05-04T19:25:37,32.47608575038612,-111.29519789479673,36.507600000000004
2025-05-04T19:25:38,32.47598919086158,-111.29521407186985,32.7168
2025-05-04T19:25:39,32.47588399797678,-111.29517157562077,35.2152
2025-05-04T19:25:40,32.475811494514346,-111.29508381709456,35.269200000000005
2025-05-04T19:25:41,32.475747959688306,-111.29500234499574,35.7012
2025-05-04T19:25:42,32.47568811289966,-111.29490595310926,37.494
2025-05-04T19:25:43,32.47562306933105,-111.29481886513531,36.9972
2025-05-04T19:25:44,32.47558258473873,-111.2947662267834,29.282400000000003
2025-05-04T19:25:45,32.47555425390601,-111.29473923705518,22.244400000000002
2025-05-04T19:25:46,32.47553740628064,-111.2947104871273,17.0604
2025-05-04T19:25:47,32.475503543391824,-111.29467017017305,18.8496
2025-05-04T19:25:48,32.47544034384191,-111.29461250267923,25.6212
2025-05-04T19:25:49,32.47536071576178,-111.2945566792041,31.5684
2025-05-04T19:25:50,32.47527035884559,-111.29451602697372,35.028000000000006
2025-05-04T19:25:51,32.475170781835914,-111.29450429230928,37.1556
2025-05-04T19:25:52,32.47506743296981,-111.29450848326087,39.0708
2025-05-04T19:25:53,32.47497238218784,-111.29451946355402,38.3472
2025-05-04T19:25:54,32.474892754107714,-111.29455483518541,34.6212
2025-05-04T19:25:55,32.47485109604895,-111.29462717100978,29.638800000000003
2025-05-04T19:25:56,32.47486266307533,-111.29477729089558,35.5032
2025-05-04T19:25:57,32.47487171553075,-111.29490662366152,39.9348
2025-05-04T19:25:58,32.474859058856964,-111.29501064307988,37.9692
2025-05-04T19:25:59,32.47486190870404,-111.29512237384915,37.4652
2025-05-04T19:26:00,32.47491664253175,-111.29521080292761,34.8732
2025-05-04T19:26:01,32.47503231279552,-111.29523267969489,35.208
2025-05-04T19:26:02,32.47513725422323,-111.29519839771092,36.8496
2025-05-04T19:26:03,32.47522543184459,-111.2951703183353,36.4176
2025-05-04T19:26:04,32.475327271968126,-111.2951737549156,38.001599999999996
2025-05-04T19:26:05,32.47542819008231,-111.29519630223513,38.1096
2025-05-04T19:26:06,32.475524162873626,-111.29526729695499,40.0176
2025-05-04T19:26:07,32.475614519789815,-111.29536251537502,44.406000000000006
2025-05-04T19:26:08,32.47571057640016,-111.29540735855699,43.128
2025-05-04T19:26:09,32.47582574374974,-111.29541305825114,43.488
2025-05-04T19:26:10,32.47594409622252,-111.29539956338704,45.226800000000004
2025-05-04T19:26:11,32.47605943121016,-111.29540383815765,45.525600000000004
2025-05-04T19:26:12,32.47614333406091,-111.29541054368019,36.860400000000006
2025-05-04T19:26:13,32.476206282153726,-111.29541607573628,29.545200000000005
2025-05-04T19:26:14,32.47626721858978,-111.29539520479739,30.5568
2025-05-04T19:26:15,32.476346427574754,-111.29537994973361,34.2
2025-05-04T19:26:16,32.47640744782984,-111.2953566480428,31.5036
2025-05-04T19:26:17,32.47646209783852,-111.29535522311926,26.1036
2025-05-04T19:26:18,32.476520938798785,-111.29523804411292,30.729599999999998
2025-05-04T19:26:19,32.47653200291097,-111.29513159394264,32.9256
2025-05-04T19:26:20,32.47654348611832,-111.29502648487687,34.5672
2025-05-04T19:26:21,32.47654256410897,-111.2949195317924,35.4132
2025-05-04T19:26:22,32.47652571648359,-111.2948037777096,37.3248
2025-05-04T19:26:23,32.47651968151331,-111.29470034502447,35.848800000000004
2025-05-04T19:26:24,32.476491099223495,-111.29463764838874,28.7784
2025-05-04T19:26:25,32.47638741508126,-111.29460906609893,30.0384
2025-05-04T19:26:26,32.476330837234855,-111.29459138028324,24.2928
2025-05-04T19:26:27,32.47631013393402,-111.29461434669793,15.004800000000001
2025-05-04T19:26:28,32.47628750279546,-111.29457687959075,14.6952
2025-05-04T19:26:29,32.4762524664402,-111.2945191282779,17.424
2025-05-04T19:26:30,32.47621248476207,-111.29444335587323,22.554
2025-05-04T19:26:31,32.476205779239535,-111.2943362351507,28.026
2025-05-04T19:26:32,32.47621105983853,-111.29421025514603,34.974000000000004
2025-05-04T19:26:33,32.47625146061182,-111.29412945359945,32.3676
2025-05-04T19:26:34,32.47632069513202,-111.29402568563819,36.8424
2025-05-04T19:26:35,32.47640275396407,-111.29393641836941,40.8096
2025-05-04T19:26:36,32.47644382528961,-111.29383306950331,38.239200000000004
2025-05-04T19:26:37,32.47644013725221,-111.29375293850899,29.8836
2025-05-04T19:26:38,32.47642094269395,-111.29369451664388,23.471999999999998
2025-05-04T19:26:39,32.476402167230844,-111.29365336149931,18.612000000000002
2025-05-04T19:26:40,32.47639856301248,-111.29360885359347,15.973200000000002
2025-05-04T19:26:41,32.47642295435071,-111.29349938593805,24.2784
2025-05-04T19:26:42,32.47642287053168,-111.29342528991401,24.3144
2025-05-04T19:26:43,32.47642035596073,-111.29335395991802,24.1164
2025-05-04T19:26:44,32.47641616500914,-111.29327324219048,26.4636
2025-05-04T19:26:45,32.4764147400856,-111.29315983504057,32.6052
2025-05-04T19:26:46,32.47641515918076,-111.29304911009967,35.272800000000004
2025-05-04T19:26:47,32.476401664316654,-111.29294324666262,35.7228
2025-05-04T19:26:48,32.47635254636407,-111.2928747665137,31.611600000000003
2025-05-04T19:26:49,32.47627006843686,-111.29286202602088,27.971999999999998
2025-05-04T19:26:50,32.476188512519,-111.29289421252906,28.0044
2025-05-04T19:26:51,32.47613118030131,-111.29295305348933,27.3564
2025-05-04T19:26:52,32.476109052076936,-111.29304332658648,27.3132
2025-05-04T19:26:53,32.47611131519079,-111.29314240068197,29.1456
2025-05-04T19:26:54,32.476106118410826,-111.29324139095843,31.3596
2025-05-04T19:26:55,32.47609941288829,-111.29333518445492,31.586399999999998
2025-05-04T19:26:56,32.47607896104455,-111.29341171123087,29.811600000000002
2025-05-04T19:26:57,32.4760402366519,-111.29349226132035,30.221999999999998
2025-05-04T19:26:58,32.475961027666926,-111.29353760741651,30.8916
2025-05-04T19:26:59,32.47585801407695,-111.29351346753538,32.860800000000005
2025-05-04T19:27:00,32.47578768990934,-111.29342126660049,33.264
2025-05-04T19:27:01,32.47576581314206,-111.29331490024924,31.888800000000003
2025-05-04T19:27:02,32.47580629773438,-111.29319671541452,33.814800000000005
2025-05-04T19:27:03,32.47582473792136,-111.29309319891036,34.473600000000005
2025-05-04T19:27:04,32.47582297772169,-111.29299546591938,33.282
2025-05-04T19:27:05,32.47582138516009,-111.29289018921554,33.4152
2025-05-04T19:27:06,32.475820714607835,-111.29280377179384,30.798
2025-05-04T19:27:07,32.47579959221184,-111.29274568520486,25.5168
2025-05-04T19:27:08,32.475742595270276,-111.29271358251572,23.068800000000003
2025-05-04T19:27:09,32.47564511373639,-111.29272825084627,28.105200000000004
2025-05-04T19:27:10,32.475575879216194,-111.29277091473341,28.224
2025-05-04T19:27:11,32.475537322461605,-111.29280854947865,23.7024
2025-05-04T19:27:12,32.475523157045245,-111.2928580865264,19.404
2025-05-04T19:27:13,32.47554017230868,-111.29295699298382,24.3504
2025-05-04T19:27:14,32.475542686879635,-111.29306595772505,30.5892
2025-05-04T19:27:15,32.475537322461605,-111.29314868710935,28.040399999999998
2025-05-04T19:27:16,32.47553648427129,-111.29322538152337,26.658
2025-05-04T19:27:17,32.47552189975977,-111.29331230185926,29.512800000000002
2025-05-04T19:27:18,32.475527012720704,-111.29334038123488,21.5604
2025-05-04T19:27:19,32.47552231885493,-111.29337885417044,16.7652
2025-05-04T19:27:20,32.47552181594074,-111.29343501292169,17.6148
2025-05-04T19:27:21,32.47549985535443,-111.29348354414105,17.9496
2025-05-04T19:27:22,32.475447384640574,-111.2934952788055,16.9452
2025-05-04T19:27:23,32.47531193308532,-111.2935000564903,31.402800000000003
2025-05-04T19:27:24,32.47522040270269,-111.29347248002887,33.9372
2025-05-04T19:27:25,32.475173296406865,-111.29343492910266,26.6508
2025-05-04T19:27:26,32.475175224244595,-111.29337734542787,18.262800000000002
2025-05-04T19:27:27,32.47517849318683,-111.29333233460784,15.811200000000001
2025-05-04T19:27:28,32.475170781835914,-111.29326737485826,19.3212
2025-05-04T19:27:29,32.475170865654945,-111.29319185391068,20.898
2025-05-04T19:27:30,32.47517698444426,-111.29314223304391,18.770400000000002
2025-05-04T19:27:31,32.47517413459718,-111.29310174845159,16.614
2025-05-04T19:27:32,32.47515167109668,-111.29303578287363,19.3284
2025-05-04T19:27:33,32.47514328919351,-111.29299026913941,18.3168
2025-05-04T19:27:34,32.475128788501024,-111.2929320987314,19.695600000000002
2025-05-04T19:27:35,32.47507883235812,-111.29286001436412,24.714000000000002
2025-05-04T19:27:36,32.475006161257625,-111.29281676374376,26.676000000000002
2025-05-04T19:27:37,32.474958719685674,-111.29282916896045,20.3436
2025-05-04T19:27:38,32.47494245879352,-111.2928321864456,12.934800000000001
2025-05-04T19:27:39,32.47492183931172,-111.29281089641154,10.5084
2025-05-04T19:27:40,32.474884036928415,-111.29278122447431,13.5612
2025-05-04T19:27:41,32.474848330020905,-111.29276328720152,14.5116
2025-05-04T19:27:42,32.47480005025864,-111.29275255836546,16.6644
2025-05-04T19:27:43,32.47476174496114,-111.29275306127965,16.434
2025-05-04T19:27:44,32.47470441274345,-111.29276437684894,19.872
2025-05-04T19:27:45,32.47462377883494,-111.29276655614376,25.318800000000003
2025-05-04T19:27:46,32.47454188764095,-111.29276663996279,28.5696
2025-05-04T19:27:47,32.474473575130105,-111.29275876097381,28.3176
2025-05-04T19:27:48,32.47439813800156,-111.2927473615855,29.2968
2025-05-04T19:27:49,32.47432085685432,-111.29274685867131,29.786399999999997
2025-05-04T19:27:50,32.474262434989214,-111.2927473615855,25.3332
2025-05-04T19:27:51,32.47423720546067,-111.29274928942323,16.6752
2025-05-04T19:27:52,32.47423619963229,-111.29274870269,9.0648
2025-05-04T19:27:53,32.47422102838755,-111.29275146871805,6.9012
2025-05-04T19:27:54,32.4741870816797,-111.29275381565094,10.0332
2025-05-04T19:27:55,32.47415514662862,-111.29275440238416,12.258
2025-05-04T19:27:56,32.47409647330642,-111.29275004379451,18.738
2025-05-04T19:27:57,32.47402388602495,-111.29275800660253,24.7644
2025-05-04T19:27:58,32.473955657333136,-111.29279924556613,26.9316
2025-05-04T19:27:59,32.47392070479691,-111.29286864772439,24.3792
2025-05-04T19:28:00,32.4739058688283,-111.29292505793273,20.8584
2025-05-04T19:28:01,32.47390268370509,-111.29296923056245,17.136
2025-05-04T19:28:02,32.47392171062529,-111.29302706569433,17.704800000000002
2025-05-04T19:28:03,32.47396211139858,-111.29307869821787,19.1268
2025-05-04T19:28:04,32.473995136097074,-111.293108118698,17.5428
2025-05-04T19:28:05,32.474026652053,-111.29311767406762,15.562800000000001
2025-05-04T19:28:06,32.47409647330642,-111.2931287381798,21.7836
2025-05-04T19:28:07,32.47418683022261,-111.29314826801419,29.372400000000003
2025-05-04T19:28:08,32.474274672567844,-111.29314575344324,32.69520000000001
2025-05-04T19:28:09,32.474365113303065,-111.29314365796745,35.2368
2025-05-04T19:28:10,32.47443711385131,-111.29316670820117,31.604400000000002
2025-05-04T19:28:11,32.47447122819722,-111.29320752806962,22.3992
2025-05-04T19:28:12,32.4745396245271,-111.29321364685893,26.1468
2025-05-04T19:28:13,32.474591340869665,-111.29317676648498,27.126
2025-05-04T19:28:14,32.47467013075948,-111.29316947422922,29.653200000000002
2025-05-04T19:28:15,32.47477054595947,-111.29315740428865,35.1288
2025-05-04T19:28:16,32.47485503554344,-111.29319059662521,35.013600000000004
2025-05-04T19:28:17,32.47491345740855,-111.29326016642153,31.654799999999998
2025-05-04T19:28:18,32.47495939023793,-111.29332252778113,28.933200000000003
2025-05-04T19:28:19,32.47500188648701,-111.29339612089097,28.897199999999998
2025-05-04T19:28:20,32.47502191923559,-111.29347750917077,27.7668
2025-05-04T19:28:21,32.47508268803358,-111.29360650666058,35.0928
2025-05-04T19:28:22,32.47509048320353,-111.29367121495306,26.874
2025-05-04T19:28:23,32.47507330030203,-111.2936900742352,15.476400000000002
2025-05-04T19:28:24,32.475051088258624,-111.29370658658445,10.386
2025-05-04T19:28:25,32.47502493672073,-111.29375503398478,13.899600000000001
2025-05-04T19:28:26,32.474960312247276,-111.2937796767801,19.1088
2025-05-04T19:28:27,32.47486811131239,-111.2937593087554,26.4924
2025-05-04T19:28:28,32.47478957287967,-111.29369870759547,31.0752
2025-05-04T19:28:29,32.474744310602546,-111.2936036568135,32.8932
2025-05-04T19:28:30,32.4746844638139,-111.29354355856776,31.5684
2025-05-04T19:28:31,32.47457608580589,-111.29355462267995,34.2144
2025-05-04T19:28:32,32.47448908165097,-111.29356686025858,33.4728
2025-05-04T19:28:33,32.47441926039755,-111.2935920059681,29.372400000000003
2025-05-04T19:28:34,32.47437860816717,-111.29360273480415,23.3532
2025-05-04T19:28:35,32.47437005862594,-111.2935830373317,12.618
2025-05-04T19:28:36,32.47430317103863,-111.29357716999948,17.8596
2025-05-04T19:28:37,32.47423963621259,-111.29357364960015,22.284000000000002
2025-05-04T19:28:38,32.474156990647316,-111.29358286969364,27.3708
2025-05-04T19:28:39,32.47406713664532,-111.29360156133771,31.744799999999998
2025-05-04T19:28:40,32.473971750587225,-111.29362318664789,34.678799999999995
2025-05-04T19:28:41,32.47390653938055,-111.29368571564555,32.8068
2025-05-04T19:28:42,32.47388449497521,-111.29380440339446,32.860800000000005
2025-05-04T19:28:43,32.47390151023865,-111.29391395486891,33.21360000000001
2025-05-04T19:28:44,32.47396328486502,-111.2940064072609,33.9912
2025-05-04T19:28:45,32.474032854661345,-111.29406340420246,32.706
2025-05-04T19:28:46,32.47411759570241,-111.29407220520079,30.7404
2025-05-04T19:28:47,32.47420619241893,-111.29405259154737,31.147199999999998
2025-05-04T19:28:48,32.474288335070014,-111.2940476462245,31.644
2025-05-04T19:28:49,32.47437508776784,-111.29406725987792,33.6816
2025-05-04T19:28:50,32.4744685459882,-111.2940717022866,35.0748
2025-05-04T19:28:51,32.47454792261124,-111.29408075474203,32.209199999999996
2025-05-04T19:28:52,32.474590837955475,-111.29406725987792,22.8132
2025-05-04T19:28:53,32.474618162959814,-111.29407186992466,17.9712
2025-05-04T19:28:54,32.47461807914078,-111.29408109001815,10.753200000000001
2025-05-04T19:28:55,32.474648002535105,-111.29408528096974,11.484
2025-05-04T19:28:56,32.47467566281557,-111.29409668035805,12.024
2025-05-04T19:28:57,32.47470105998218,-111.29409684799612,11.4624
2025-05-04T19:28:58,32.474740874022245,-111.2941063195467,13.482000000000001
2025-05-04T19:28:59,32.47477222234011,-111.29410246387124,13.3308
2025-05-04T19:29:00,32.47479921206832,-111.29410112276673,12.2508
2025-05-04T19:29:01,32.47483793646097,-111.29410690627992,14.414399999999999
2025-05-04T19:29:02,32.47489451430738,-111.29411897622049,19.602
2025-05-04T19:29:03,32.474975818768144,-111.29412802867591,26.7192
2025-05-04T19:29:04,32.47505620121956,-111.29414060153067,29.491200000000003
2025-05-04T19:29:05,32.47511504217982,-111.2941459659487,25.488
2025-05-04T19:29:06,32.47514580376446,-111.29412685520947,17.9604
2025-05-04T19:29:07,32.475154772400856,-111.29409458488226,13.611600000000001
2025-05-04T19:29:08,32.475184947252274,-111.29402778111398,19.267200000000003
2025-05-04T19:29:09,32.47523859143257,-111.29394647665322,26.604
2025-05-04T19:29:10,32.47525300830603,-111.2938869651407,23.0472
2025-05-04T19:29:11,32.475279746577144,-111.29385285079479,18.7164
2025-05-04T19:29:12,32.47531050816178,-111.29383415915072,15.044400000000001
2025-05-04T19:29:13,32.47533716261387,-111.29381194710732,14.5908
2025-05-04T19:29:14,32.47539784759283,-111.29378990270197,19.8756
2025-05-04T19:29:15,32.47543942183256,-111.29382577724755,16.1604
2025-05-04T19:29:16,32.475454676896334,-111.2938890606165,15.9336
2025-05-04T19:29:17,32.475428860634565,-111.29394857212901,16.700400000000002
2025-05-04T19:29:18,32.47543648816645,-111.29396416246891,11.5128
2025-05-04T19:29:19,32.47548568993807,-111.29399701952934,15.5556
2025-05-04T19:29:20,32.47554863803089,-111.29403943195939,21.9708
2025-05-04T19:29:21,32.475610664114356,-111.29403876140714,22.9392
2025-05-04T19:29:22,32.475685346871614,-111.29394815303385,29.088
2025-05-04T19:29:23,32.47576002962887,-111.29385880194604,35.5896
2025-05-04T19:29:24,32.47582867741585,-111.29381387494504,33.1164
2025-05-04T19:29:25,32.47589958831668,-111.29380440339446,28.5948
2025-05-04T19:29:26,32.475949712097645,-111.2938557844609,23.3964
2025-05-04T19:29:27,32.47596379369497,-111.29394865594804,22.9788
2025-05-04T19:29:28,32.475940492004156,-111.2940455507487,26.6148
2025-05-04T19:29:29,32.47592800296843,-111.29413263872266,27.3132
2025-05-04T19:29:30,32.47592657804489,-111.29417756572366,19.418400000000002
2025-05-04T19:29:31,32.475929679349065,-111.29420044831932,14.184
2025-05-04T19:29:32,32.475932193920016,-111.29422592930496,12.6144
2025-05-04T19:29:33,32.47594443149865,-111.29433908499777,24.9444
2025-05-04T19:29:34,32.47594501823187,-111.29445425234735,32.4108
2025-05-04T19:29:35,32.475949293002486,-111.29454410634935,32.0544
2025-05-04T19:29:36,32.475986843928695,-111.29463253542781,32.1084
2025-05-04T19:29:37,32.47606437653303,-111.29471031948924,35.1036
2025-05-04T19:29:38,32.47614635154605,-111.29479086957872,38.9376
2025-05-04T19:29:39,32.47617996297777,-111.29489245824516,36.885600000000004
2025-05-04T19:29:40,32.47617518529296,-111.29502388648689,38.4876
2025-05-04T19:29:41,32.476124223321676,-111.29513989202678,38.1024
2025-05-04T19:29:42,32.47605012729764,-111.295185405761,31.4208
2025-05-04T19:29:43,32.47593873180449,-111.29516612738371,33.5304
2025-05-04T19:29:44,32.47584099881351,-111.29510091617703,37.022400000000005
2025-05-04T19:29:45,32.47577344067395,-111.29502380266786,36.446400000000004
2025-05-04T19:29:46,32.47572457417846,-111.29492975771427,35.9316
2025-05-04T19:29:47,32.47566615231335,-111.29483244381845,37.6524
2025-05-04T19:29:48,32.475620806217194,-111.29475683905184,32.6232
2025-05-04T19:29:49,32.475580740720034,-111.29473093897104,24.9876
2025-05-04T19:29:50,32.475550984963775,-111.29471291787922,19.198800000000002
2025-05-04T19:29:51,32.47550278902054,-111.29468710161746,19.717200000000002
2025-05-04T19:29:52,32.475435230880976,-111.2946108262986,29.649600000000003
2025-05-04T19:29:53,32.475380497053266,-111.29456480965018,30.1752
2025-05-04T19:29:54,32.4752976000309,-111.29452365450561,33.1704
2025-05-04T19:29:55,32.475197436288,-111.29449306055903,37.6092
2025-05-04T19:29:56,32.475099954754114,-111.29447889514267,38.379599999999996
2025-05-04T19:29:57,32.47499970719218,-111.29449683241546,38.6892
2025-05-04T19:29:58,32.47491119429469,-111.29453983157873,36.972
2025-05-04T19:29:59,32.47484925203025,-111.29459674470127,33.3432
2025-05-04T19:30:00,32.47483349405229,-111.29467922262847,28.5732
2025-05-04T19:30:01,32.474861070513725,-111.29480394534767,32.5152
2025-05-04T19:30:02,32.47488428838551,-111.29492104053497,37.1124
2025-05-04T19:30:03,32.47487246990204,-111.2950165104121,35.262
2025-05-04T19:30:04,32.474863920360804,-111.29511239938438,33.4944
2025-05-04T19:30:05,32.474902560934424,-111.29520543850958,32.76
2025-05-04T19:30:06,32.47501077130437,-111.29524424672127,35.01
2025-05-04T19:30:07,32.475121077150106,-111.2951975595206,36.6228
2025-05-04T19:30:08,32.47521520592272,-111.2951806280762,37.7028
2025-05-04T19:30:09,32.475308664143085,-111.29517341963947,37.4868
2025-05-04T19:30:10,32.47540706768632,-111.29518129862845,37.4796
2025-05-04T19:30:11,32.475496083498,-111.29524013958871,36.6228
2025-05-04T19:30:12,32.47557126916945,-111.29534139297903,40.32
2025-05-04T19:30:13,32.475661458447576,-111.29539931192994,41.4144
2025-05-04T19:30:14,32.47577360831201,-111.29539830610156,42.4944
2025-05-04T19:30:15,32.47589439153671,-111.29537601023912,44.7336
2025-05-04T19:30:16,32.47600360773504,-111.29537978209555,44.3952
2025-05-04T19:30:17,32.47609916143119,-111.29538631998003,39.762
2025-05-04T19:30:18,32.4761747661978,-111.29539143294096,33.012
2025-05-04T19:30:19,32.4762540590018,-111.29538766108453,33.3684
2025-05-04T19:30:20,32.47629772871733,-111.29540517926216,29.772
2025-05-04T19:30:21,32.476354306563735,-111.29541154950857,26.928
2025-05-04T19:30:22,32.47643234208226,-111.29533225670457,30.9168
2025-05-04T19:30:23,32.47650903649628,-111.29520560614765,41.0184
2025-05-04T19:30:24,32.47652261517942,-111.29509697668254,39.0816
2025-05-04T19:30:25,32.47652932070196,-111.29498449154198,38.5704
2025-05-04T19:30:26,32.47653175145388,-111.29485348239541,40.7772
2025-05-04T19:30:27,32.476520938798785,-111.29473957233131,38.6568
2025-05-04T19:30:28,32.476478861644864,-111.2946534063667,34.3008
2025-05-04T19:30:29,32.47638934291899,-111.29463178105652,30.031200000000002
2025-05-04T19:30:30,32.47633242979646,-111.29465240053833,21.326400000000003
2025-05-04T19:30:31,32.47629437595606,-111.29467972554266,17.4924
2025-05-04T19:30:32,32.47627199627459,-111.29465105943382,12.9708
2025-05-04T19:30:33,32.476232182234526,-111.29456900060177,20.3508
2025-05-04T19:30:34,32.47618365101516,-111.29445056430995,31.597199999999997
2025-05-04T19:30:35,32.4762041028589,-111.29433305002749,34.9236
2025-05-04T19:30:36,32.47622354887426,-111.29422651603818,36.586800000000004
2025-05-04T19:30:37,32.47624701820314,-111.2941340636462,35.053200000000004
2025-05-04T19:30:38,32.476290771737695,-111.29405158571899,32.886
2025-05-04T19:30:39,32.47634223662317,-111.29398788325489,30.297600000000003
2025-05-04T19:30:40,32.47636545449495,-111.29392719827592,26.136
2025-05-04T19:30:41,32.47638825327158,-111.29387430846691,22.4604
2025-05-04T19:30:42,32.47640082612634,-111.2938177306205,20.5776
2025-05-04T19:30:43,32.476410968229175,-111.29376626573503,18.918
2025-05-04T19:30:44,32.47641893103719,-111.2937141302973,17.8092
2025-05-04T19:30:45,32.47642337344587,-111.29366316832602,17.269199999999998
2025-05-04T19:30:46,32.47641574591398,-111.29361664876342,16.3764
2025-05-04T19:30:47,32.47640493325889,-111.29356652498245,16.506
2025-05-04T19:30:48,32.47640619054437,-111.29352637566626,15.361200000000002
2025-05-04T19:30:49,32.476413147524,-111.29346694797277,18.021600000000003
2025-05-04T19:30:50,32.4764234572649,-111.29341950640082,17.55
2025-05-04T19:30:51,32.47641893103719,-111.29335748031735,20.0592
2025-05-04T19:30:52,32.47642303816974,-111.29327667877078,24.703200000000002
2025-05-04T19:30:53,32.47642915695906,-111.29317115060985,31.0572
2025-05-04T19:30:54,32.47642379254103,-111.29305908456445,34.848
2025-05-04T19:30:55,32.47641230933368,-111.29295489750803,34.7652
2025-05-04T19:30:56,32.47636595740914,-111.29289387725294,29.052000000000003
2025-05-04T19:30:57,32.476286916062236,-111.2928871717304,26.4312
2025-05-04T19:30:58,32.47619513422251,-111.29291474819183,29.97
2025-05-04T19:30:59,32.47614115476608,-111.29297467879951,27.9612
2025-05-04T19:31:00,32.47612011618912,-111.29306713119149,27.244799999999998
2025-05-04T19:31:01,32.47612204402685,-111.29316871985793,29.671200000000002
2025-05-04T19:31:02,32.47612196020782,-111.29326201044023,30.6036
2025-05-04T19:31:03,32.476103100925684,-111.29331640899181,24.336
2025-05-04T19:31:04,32.476091869175434,-111.2933568097651,18.720000000000002
2025-05-04T19:31:05,32.47608625330031,-111.29339536651969,15.944400000000002
2025-05-04T19:31:06,32.47606630437076,-111.29345999099314,20.052000000000003
2025-05-04T19:31:07,32.476006876677275,-111.29352134652436,25.6536
2025-05-04T19:31:08,32.47593445703387,-111.29355420358479,28.3932
2025-05-04T19:31:09,32.475875951349735,-111.29350726492703,23.8716
2025-05-04T19:31:10,32.475845105946064,-111.29345638677478,19.6092
2025-05-04T19:31:11,32.47582691721618,-111.29341489635408,17.0892
2025-05-04T19:31:12,32.47581275179982,-111.29335823468864,17.8632
2025-05-04T19:31:13,32.475814344361424,-111.2932891678065,19.555200000000003
2025-05-04T19:31:14,32.475824570283294,-111.2932236213237,20.0016
2025-05-04T19:31:15,32.475823145359755,-111.29318498075008,16.261200000000002
2025-05-04T19:31:16,32.47582197189331,-111.29315388388932,13.042800000000002
2025-05-04T19:31:17,32.47581912204623,-111.29313368350267,9.684
2025-05-04T19:31:18,32.475816775113344,-111.29311415366828,7.6248
2025-05-04T19:31:19,32.47582046315074,-111.29309395328164,7.153200000000001
2025-05-04T19:31:20,32.47582113370299,-111.29305849783123,9.2592
2025-05-04T19:31:21,32.47582037933171,-111.29301977343857,11.3256
2025-05-04T19:31:22,32.47581845149398,-111.29298834130168,11.4624
2025-05-04T19:31:23,32.47581409290433,-111.29295690916479,11.3004
2025-05-04T19:31:24,32.475815350189805,-111.29291701130569,12.376800000000001
2025-05-04T19:31:25,32.47581509873271,-111.29287585616112,13.377600000000001
2025-05-04T19:31:26,32.47581266798079,-111.29282556474209,15.447600000000001
2025-05-04T19:31:27,32.4757984187454,-111.29276471212506,17.514000000000003
2025-05-04T19:31:28,32.47576656751335,-111.29274358972907,14.1948
2025-05-04T19:31:29,32.47573354281485,-111.29275708459318,11.3004
2025-05-04T19:31:30,32.47570957057178,-111.292769825086,10.98
2025-05-04T19:31:31,32.47565768659115,-111.29277435131371,16.0092
2025-05-04T19:31:32,32.47560211457312,-111.2927748542279,19.306800000000003
2025-05-04T19:31:33,32.47555970214307,-111.29279354587197,18.1656
2025-05-04T19:31:34,32.47554503381252,-111.29285364411771,17.568
2025-05-04T19:31:35,32.47555861249566,-111.29294936545193,23.6016
2025-05-04T19:31:36,32.475570598617196,-111.2930359505117,26.8884
2025-05-04T19:31:37,32.475569508969784,-111.29311105236411,25.1964
2025-05-04T19:31:38,32.47555861249566,-111.29316528327763,20.898
2025-05-04T19:31:39,32.475532880052924,-111.29323217086494,23.6304
2025-05-04T19:31:40,32.475554002448916,-111.29326486028731,17.0388
2025-05-04T19:31:41,32.47554696165025,-111.2932949513197,12.564000000000002
2025-05-04T19:31:42,32.475544698536396,-111.29333241842687,11.8152
2025-05-04T19:31:43,32.47552667744458,-111.2933602463454,11.192400000000001
2025-05-04T19:31:44,32.47551544569433,-111.29339871928096,12.726
2025-05-04T19:31:45,32.47546414844692,-111.29345420747995,20.005200000000002
2025-05-04T19:31:46,32.4753856100142,-111.29347139038146,25.0632
2025-05-04T19:31:47,32.47530707158148,-111.29343886859715,28.4148
2025-05-04T19:31:48,32.47525166720152,-111.29341330379248,26.4024
2025-05-04T19:31:49,32.475206069648266,-111.29339444451034,21.5532
2025-05-04T19:31:50,32.47519257478416,-111.29338229075074,13.7772
2025-05-04T19:31:51,32.47518779709935,-111.29334180615842,12.7584
2025-05-04T19:31:52,32.47518285177648,-111.29328313283622,17.064
2025-05-04T19:31:53,32.47516910545528,-111.29321482032537,19.8576
2025-05-04T19:31:54,32.47517555952072,-111.29317902959883,14.4396
2025-05-04T19:31:55,32.47517296113074,-111.29316410981119,10.8612
2025-05-04T19:31:56,32.47515837661922,-111.293123960495,13.532399999999999
2025-05-04T19:31:57,32.47516290284693,-111.29307626746595,12.880799999999999
2025-05-04T19:31:58,32.47516198083758,-111.29304173402488,12.1392
2025-05-04T19:31:59,32.47514605522156,-111.2930008303374,14.1408
2025-05-04T19:32:00,32.47511873021722,-111.29294408485293,18.3312
2025-05-04T19:32:01,32.47507539577782,-111.29286873154342,23.8608
2025-05-04T19:32:02,32.47503683902323,-111.29282732494175,22.057199999999998
2025-05-04T19:32:03,32.474992917850614,-111.29281307570636,18.828000000000003
2025-05-04T19:32:04,32.474963162094355,-111.29283201880753,14.461200000000002
2025-05-04T19:32:05,32.47494296170771,-111.29282967187464,11.2572
2025-05-04T19:32:06,32.47490784153342,-111.29281056113541,12.3264
2025-05-04T19:32:07,32.474877247586846,-111.29279647953808,12.7908
2025-05-04T19:32:08,32.4748364277184,-111.29278005100787,15.0516
2025-05-04T19:32:09,32.47479250654578,-111.29276194609702,16.347600000000003
2025-05-04T19:32:10,32.47475621290505,-111.29275993444026,16.0092
2025-05-04T19:32:11,32.47469116933644,-111.29277309402823,20.934
2025-05-04T19:32:12,32.474612882360816,-111.29279270768166,26.2116
2025-05-04T19:32:13,32.47455387376249,-111.29281969740987,24.894000000000002
2025-05-04T19:32:14,32.47449109330773,-111.29281098023057,23.490000000000002
2025-05-04T19:32:15,32.474430156871676,-111.29278600215912,24.5664
2025-05-04T19:32:16,32.47434055432677,-111.2927732616663,29.6064
2025-05-04T19:32:17,32.4742528796196,-111.29276001825929,31.2156
2025-05-04T19:32:18,32.474208790808916,-111.29276278428733,22.492800000000003
2025-05-04T19:32:19,32.47420988045633,-111.29277586005628,13.374
2025-05-04T19:32:20,32.474201079458,-111.29277418367565,8.9172
2025-05-04T19:32:21,32.4741474352777,-111.29277720116079,14.259599999999999
2025-05-04T19:32:22,32.474090438336134,-111.29278122447431,18.2772
2025-05-04T19:32:23,32.474017683416605,-111.29277979955077,23.6736
2025-05-04T19:32:24,32.47395473532379,-111.2927870079875,24.2028
2025-05-04T19:32:25,32.473903857171535,-111.29282078705728,22.3776
2025-05-04T19:32:26,32.47389614582062,-111.29289798438549,20.5884
2025-05-04T19:32:27,32.47390075586736,-111.29298666492105,24.1092
2025-05-04T19:32:28,32.47391768731177,-111.29304651170969,22.496399999999998
2025-05-04T19:32:29,32.47396705672145,-111.29309085197747,21.8664
2025-05-04T19:32:30,32.47401441447437,-111.29311918281019,20.642400000000002
2025-05-04T19:32:31,32.474063616245985,-111.29312421195209,20.6028
2025-05-04T19:32:32,32.47415179386735,-111.29312706179917,27.8676
2025-05-04T19:32:33,32.4742526281625,-111.29312639124691,33.8364
2025-05-04T19:32:34,32.47434189543128,-111.29312882199883,35.4816
2025-05-04T19:32:35,32.474426720291376,-111.2931551411748,35.01
2025-05-04T19:32:36,32.474481370300055,-111.29320543259382,28.188000000000002
2025-05-04T19:32:37,32.474525794386864,-111.29321808926761,23.7708
2025-05-04T19:32:38,32.47458522208035,-111.29319177009165,26.715600000000002
2025-05-04T19:32:39,32.474667113274336,-111.29316469654441,31.7844
2025-05-04T19:32:40,32.474757470190525,-111.29316712729633,34.772400000000005
2025-05-04T19:32:41,32.47484162449837,-111.29318833351135,35.496
2025-05-04T19:32:42,32.47491119429469,-111.29325086250901,32.5692
2025-05-04T19:32:43,32.47494111768901,-111.29333929158747,29.286
2025-05-04T19:32:44,32.47495955787599,-111.29342797212303,30.286800000000003
2025-05-04T19:32:45,32.47497841715813,-111.2935074325651,30.135600000000004
2025-05-04T19:32:46,32.47503868304193,-111.29359552636743,34.6896
2025-05-04T19:32:47,32.475071623921394,-111.2936731427908,29.9736
2025-05-04T19:32:48,32.47508025728166,-111.29372075200081,22.0644
2025-05-04T19:32:49,32.475071121007204,-111.29372854717076,12.186
2025-05-04T19:32:50,32.475028708577156,-111.2937542796135,13.244399999999999
2025-05-04T19:32:51,32.47497598640621,-111.29377900622785,17.755200000000002
2025-05-04T19:32:52,32.47489937581122,-111.29376978613436,22.3812
2025-05-04T19:32:53,32.47482134029269,-111.29371295683086,28.4292
2025-05-04T19:32:54,32.474760822951794,-111.29362930543721,31.9896
2025-05-04T19:32:55,32.47469435445964,-111.2935656029731,32.7024
2025-05-04T19:32:56,32.47460123151541,-111.29355512559414,32.9868
2025-05-04T19:32:57,32.474485728889704,-111.29359242506325,37.8828
2025-05-04T19:32:58,32.47441414743662,-111.29361044615507,32.7816
2025-05-04T19:32:59,32.47435597702861,-111.29362058825791,29.1024
2025-05-04T19:33:00,32.47433879412711,-111.29358940757811,19.242
2025-05-04T19:33:01,32.47430828399956,-111.29355571232736,17.4384
2025-05-04T19:33:02,32.47422622516751,-111.2935832887888,23.6016
2025-05-04T19:33:03,32.474135449156165,-111.29359661601484,30.1644
2025-05-04T19:33:04,32.47402774170041,-111.29360818304121,36.4356
2025-05-04T19:33:05,32.473946856334805,-111.29364774562418,35.0856
2025-05-04T19:33:06,32.47390201315284,-111.293737096712,32.025600000000004
2025-05-04T19:33:07,32.47389086522162,-111.29385528154671,32.983200000000004
2025-05-04T19:33:08,32.47391156852245,-111.29395921714604,33.4692
2025-05-04T19:33:09,32.473982060328126,-111.29404429346323,33.75
2025-05-04T19:33:10,32.47406881302595,-111.29407186992466,31.3164
2025-05-04T19:33:11,32.474136371165514,-111.29407471977174,28.44
2025-05-04T19:33:12,32.47421440668404,-111.29405938088894,29.703599999999998
2025-05-04T19:33:13,32.47428095899522,-111.2940611410886,28.4724
2025-05-04T19:33:14,32.47435455210507,-111.29406994208694,29.3436
2025-05-04T19:33:15,32.474439796060324,-111.29407916218042,31.953599999999998
2025-05-04T19:33:16,32.47452369891107,-111.29409156739712,32.684400000000004
2025-05-04T19:33:17,32.47458656318486,-111.29409173503518,27.468
2025-05-04T19:33:18,32.47459955513477,-111.2940941657871,17.046000000000003
2025-05-04T19:33:19,32.474602069705725,-111.29409751854837,9.442800000000002
2025-05-04T19:33:20,32.47463400475681,-111.29409885965288,10.6164
2025-05-04T19:33:21,32.47468303889036,-111.29410548135638,14.8284
2025-05-04T19:33:22,32.474722266197205,-111.29411118105054,15.159600000000001
2025-05-04T19:33:23,32.474759481847286,-111.29411947913468,14.9184
2025-05-04T19:33:24,32.47479384765029,-111.29411947913468,14.209200000000001
2025-05-04T19:33:25,32.474828800186515,-111.29410724155605,14.364
2025-05-04T19:33:26,32.4748813547194,-111.29410489462316,18.1368
2025-05-04T19:33:27,32.47496240772307,-111.29412685520947,25.398
2025-05-04T19:33:28,32.47504957951605,-111.29414504393935,30.6252
2025-05-04T19:33:29,32.47511697001755,-111.29415116272867,27.414
2025-05-04T19:33:30,32.47513649985194,-111.29414470866323,16.5708
2025-05-04T19:33:31,32.47513624839485,-111.29412299953401,8.9784
2025-05-04T19:33:32,32.47517027892172,-111.29407312721014,14.6484
2025-05-04T19:33:33,32.47521269135177,-111.29401369951665,20.4264
2025-05-04T19:33:34,32.475231885910034,-111.29395494237542,20.253600000000002
2025-05-04T19:33:35,32.47524496167898,-111.29390791989863,17.3376
2025-05-04T19:33:36,32.475277399644256,-111.29387615248561,16.693199999999997
2025-05-04T19:33:37,32.47533054091036,-111.29384103231132,19.9728
2025-05-04T19:33:38,32.475377563387156,-111.29381714388728,19.4832
2025-05-04T19:33:39,32.47541779652238,-111.29383265040815,15.696000000000002
2025-05-04T19:33:40,32.47545417398214,-111.29388361237943,16.9632
2025-05-04T19:33:41,32.475458616390824,-111.29394840449095,18.3852
2025-05-04T19:33:42,32.47545970603824,-111.29398327320814,15.390000000000002
2025-05-04T19:33:43,32.475481666624546,-111.29400992766023,13.899600000000001
2025-05-04T19:33:44,32.47551988810301,-111.29406214691699,18.1908
2025-05-04T19:33:45,32.47559146955609,-111.29406843334436,22.204800000000002
2025-05-04T19:33:46,32.47566372156143,-111.29401043057442,26.506800000000002
2025-05-04T19:33:47,32.475736225023866,-111.29394203424454,31.219200000000004
2025-05-04T19:33:48,32.47580143623054,-111.29387179389596,33.3072
2025-05-04T19:33:49,32.47587360441685,-111.29383818246424,30.938399999999998
2025-05-04T19:33:50,32.47593236155808,-111.29384941421449,23.7852
2025-05-04T19:33:51,32.47597435489297,-111.29390641115606,20.422800000000002
2025-05-04T19:33:52,32.47599480673671,-111.29396617412567,20.1456
2025-05-04T19:33:53,32.475954154506326,-111.29409978166223,28.0044
2025-05-04T19:33:54,32.47595893219113,-111.29415401257575,21.3084
2025-05-04T19:33:55,32.47595490887761,-111.2941737100482,12.834
2025-05-04T19:33:56,32.47595180757344,-111.29420505836606,12.6972
2025-05-04T19:33:57,32.47596186585724,-111.2943151127547,24.0336
2025-05-04T19:33:58,32.47595775872469,-111.29443028010428,31.0284
2025-05-04T19:33:59,32.47595574706793,-111.29452541470528,31.932
2025-05-04T19:34:00,32.4759969022125,-111.29461761564016,32.4504
2025-05-04T19:34:01,32.47607166878879,-111.29470051266253,35.870400000000004
2025-05-04T19:34:02,32.47614978812635,-111.2947744410485,37.9692
2025-05-04T19:34:03,32.47618951834738,-111.29487133584917,36.745200000000004
2025-05-04T19:34:04,32.47619278728962,-111.29499974660575,38.2608
2025-05-04T19:34:05,32.47614869847894,-111.29511692561209,38.199600000000004
2025-05-04T19:34:06,32.476073848083615,-111.29518632777035,33.9264
2025-05-04T19:34:07,32.475957004353404,-111.2951629422605,33.8904
2025-05-04T19:34:08,32.47585717588663,-111.29508264362812,37.5336
2025-05-04T19:34:09,32.47579020448029,-111.29500670358539,36.561600000000006
2025-05-04T19:34:10,32.47572817839682,-111.29493067972362,35.9424
2025-05-04T19:34:11,32.47565760277212,-111.2948452681303,37.580400000000004
2025-05-04T19:34:12,32.47560731135309,-111.29476647824049,33.43320000000001
2025-05-04T19:34:13,32.47556791640818,-111.29470453597605,29.6064
2025-05-04T19:34:14,32.4755550082773,-111.29468073137105,20.6388
2025-05-04T19:34:15,32.47550077736378,-111.29464033059776,23.1192
2025-05-04T19:34:16,32.47543598525226,-111.29460764117539,25.938000000000002
2025-05-04T19:34:17,32.47535384260118,-111.29455206915736,32.144400000000005
2025-05-04T19:34:18,32.475266670808196,-111.29451032727957,35.0676
2025-05-04T19:34:19,32.475163070484996,-111.29449205473065,37.836
2025-05-04T19:34:20,32.47506500221789,-111.29448995925486,38.073600000000006
2025-05-04T19:34:21,32.474968023598194,-111.2945154402405,37.6164
2025-05-04T19:34:22,32.47488722205162,-111.29455449990928,34.7076
2025-05-04T19:34:23,32.4748520180583,-111.29462096840143,27.3456
2025-05-04T19:34:24,32.47485302388668,-111.29472381435335,27.8712
2025-05-04T19:34:25,32.47484958730638,-111.29481861367822,30.06
2025-05-04T19:34:26,32.47487557120621,-111.29493336193264,34.3836
2025-05-04T19:34:27,32.47486039996147,-111.2950352858752,34.7472
2025-05-04T19:34:28,32.47485947795212,-111.29514282569289,35.510400000000004
2025-05-04T19:34:29,32.4749210011214,-111.29521532915533,32.2776
2025-05-04T19:34:30,32.475033989176154,-111.29521667025983,33.3252
2025-05-04T19:34:31,32.4751421995461,-111.29516897723079,37.0512
2025-05-04T19:34:32,32.47522618621588,-111.29516101442277,34.8768
2025-05-04T19:34:33,32.4753287807107,-111.29516964778304,37.0404
2025-05-04T19:34:34,32.475431291386485,-111.29518783651292,37.9728
2025-05-04T19:34:35,32.47552843764424,-111.29524877294898,39.5208
2025-05-04T19:34:36,32.475616447627544,-111.29533778876066,43.401599999999995
2025-05-04T19:34:37,32.475705463439226,-111.29538053646684,41.5404
2025-05-04T19:34:38,32.47582649812102,-111.29538238048553,43.6032
2025-05-04T19:34:39,32.475949293002486,-111.29537693224847,46.0944
2025-05-04T19:34:40,32.47606026940048,-111.29538145847619,44.6004
2025-05-04T19:34:41,32.47613662853837,-111.29538640379906,34.9884
2025-05-04T19:34:42,32.47618147172034,-111.29538606852293,25.668
2025-05-04T19:34:43,32.47623729519546,-111.29541599191725,26.5464
2025-05-04T19:34:44,32.476290352642536,-111.29543929360807,26.5896
2025-05-04T19:34:45,32.47636863961816,-111.29536343738437,29.1456
2025-05-04T19:34:46,32.47645908035338,-111.29527064971626,37.1088
2025-05-04T19:34:47,32.47649637982249,-111.29516059532762,37.4688
2025-05-04T19:34:48,32.47651054523885,-111.29503419622779,39.826800000000006
2025-05-04T19:34:49,32.47651792131364,-111.29490880295634,40.9752
2025-05-04T19:34:50,32.476511634886265,-111.29478408023715,41.436
2025-05-04T19:34:51,32.476481376215816,-111.29468550905585,37.1592
2025-05-04T19:34:52,32.47641951777041,-111.29463898949325,30.1032
2025-05-04T19:34:53,32.476323461160064,-111.29461853764951,30.794400000000003
2025-05-04T19:34:54,32.47627048753202,-111.29460923373699,23.8536
2025-05-04T19:34:55,32.476200917735696,-111.294577550143,28.980000000000004
2025-05-04T19:34:56,32.47618985362351,-111.2945571821183,22.4568
2025-05-04T19:34:57,32.476183231920004,-111.29448853433132,20.340000000000003
2025-05-04T19:34:58,32.47616680338979,-111.29437479190528,28.188000000000002
2025-05-04T19:34:59,32.476187255233526,-111.29427110776305,31.1328
2025-05-04T19:35:00,32.47620837762952,-111.29416348412633,33.948
2025-05-04T19:35:01,32.476246850565076,-111.29407404921949,33.3576
2025-05-04T19:35:02,32.476337710395455,-111.29399140365422,37.900800000000004
2025-05-04T19:35:03,32.47640183195472,-111.29388621076941,40.7952
2025-05-04T19:35:04,32.47643502429128,-111.2937852088362,38.3832
2025-05-04T19:35:05,32.47642773203552,-111.2936884816736,32.6484
2025-05-04T19:35:06,32.476402167230844,-111.29363022744656,25.7076
2025-05-04T19:35:07,32.47640694491565,-111.293591754511,19.1628
2025-05-04T19:35:08,32.47641566209495,-111.29348714835942,26.3988
2025-05-04T19:35:09,32.47642203234136,-111.29340609535575,27.1656
2025-05-04T19:35:10,32.47641172260046,-111.29332546144724,27.3528
2025-05-04T19:35:11,32.47640895657241,-111.29322923719883,30.290399999999998
2025-05-04T19:35:12,32.476420775055885,-111.29311415366828,35.4816
2025-05-04T19:35:13,32.47642278671265,-111.29299554973841,37.9044
2025-05-04T19:35:14,32.476400742307305,-111.29289261996746,35.769600000000004
2025-05-04T19:35:15,32.476324969902635,-111.29286722280085,28.011599999999998
2025-05-04T19:35:16,32.476236121729016,-111.29288113676012,28.0152
2025-05-04T19:35:17,32.476171581074595,-111.29292631521821,27.36
2025-05-04T19:35:18,32.476133946329355,-111.29299932159483,26.1
2025-05-04T19:35:19,32.47611332684755,-111.2930838111788,26.4312
2025-05-04T19:35:20,32.476118272170424,-111.29317961633205,28.832400000000003
2025-05-04T19:35:21,32.47611810453236,-111.29328556358814,32.346
2025-05-04T19:35:22,32.47609882615507,-111.29338698461652,33.7716
2025-05-04T19:35:23,32.47607879340649,-111.29347591660917,32.306400000000004
2025-05-04T19:35:24,32.47601450420916,-111.2935211788863,27.0504
2025-05-04T19:35:25,32.47589623555541,-111.29353894852102,33.6744
2025-05-04T19:35:26,32.475806130096316,-111.2934741564095,34.736399999999996
2025-05-04T19:35:27,32.47576866298914,-111.29336636513472,32.558400000000006
2025-05-04T19:35:28,32.47577587142587,-111.29324583336711,33.43320000000001
2025-05-04T19:35:29,32.47578182257712,-111.29316461272538,29.2176
2025-05-04T19:35:30,32.47576338239014,-111.29309076815844,26.9064
2025-05-04T19:35:31,32.47581643983722,-111.29291541874409,37.116
2025-05-04T19:35:32,32.47581451199949,-111.29282807931304,31.8456
2025-05-04T19:35:33,32.47579003684223,-111.29273948259652,30.078000000000003
2025-05-04T19:35:34,32.475729770958424,-111.29269447177649,27.104400000000002
2025-05-04T19:35:35,32.47563824057579,-111.2927228026092,26.870400000000004
2025-05-04T19:35:36,32.47555651701987,-111.29276286810637,28.7316
2025-05-04T19:35:37,32.475514356046915,-111.29281232133508,25.3584
2025-05-04T19:35:38,32.475507063791156,-111.2928922008723,24.1056
2025-05-04T19:35:39,32.47551787644625,-111.2930079549551,30.1824
2025-05-04T19:35:40,32.47553355060518,-111.29309931769967,30.2436
2025-05-04T19:35:41,32.47552248649299,-111.29316008649766,24.3504
2025-05-04T19:35:42,32.475520642474294,-111.29321406595409,21.9924
2025-05-04T19:35:43,32.47552894055843,-111.29322445951402,12.9168
2025-05-04T19:35:44,32.47553329914808,-111.29329042509198,15.947999999999999
2025-05-04T19:35:45,32.47553128749132,-111.29335094243288,17.517599999999998
2025-05-04T19:35:46,32.475537322461605,-111.29341531544924,19.717200000000002
2025-05-04T19:35:47,32.475502202287316,-111.29348270595074,22.2408
2025-05-04T19:35:48,32.47543506324291,-111.29354171454906,26.009999999999998
2025-05-04T19:35:49,32.4753406830132,-111.29355462267995,29.124
2025-05-04T19:35:50,32.475242195650935,-111.29344473592937,31.1436
2025-05-04T19:35:51,32.475190898403525,-111.29340257495642,26.485200000000003
2025-05-04T19:35:52,32.47519995085895,-111.29336670041084,15.836400000000001
2025-05-04T19:35:53,32.47519408352673,-111.2933190073818,15.6744
2025-05-04T19:35:54,32.47518042102456,-111.29323996603489,21.7224
2025-05-04T19:35:55,32.475176230072975,-111.29317006096244,21.7044
2025-05-04T19:35:56,32.475181091576815,-111.29312697798014,18.7128
2025-05-04T19:35:57,32.47517405077815,-111.29309537820518,14.7816
2025-05-04T19:35:58,32.47515737079084,-111.29302203655243,18.9144
2025-05-04T19:35:59,32.475145468488336,-111.29296654835343,20.1492
2025-05-04T19:36:00,32.475112695246935,-111.29289681091905,23.8716
2025-05-04T19:36:01,32.475051088258624,-111.2928248103708,28.1844
2025-05-04T19:36:02,32.474986128509045,-111.29279966466129,25.4484
2025-05-04T19:36:03,32.47495209798217,-111.29283042624593,17.658
2025-05-04T19:36:04,32.47495176270604,-111.29284517839551,8.7984
2025-05-04T19:36:05,32.47493810020387,-111.29283796995878,5.598
2025-05-04T19:36:06,32.47488588094711,-111.29280217923224,12.2688
2025-05-04T19:36:07,32.47483885847032,-111.29278466105461,15.879599999999998
2025-05-04T19:36:08,32.47479636222124,-111.29277921281755,16.3692
2025-05-04T19:36:09,32.47474355623126,-111.2927854154259,19.044
2025-05-04T19:36:10,32.47466476634145,-111.29278340376914,25.401600000000002
2025-05-04T19:36:11,32.47458094730973,-111.29278189502656,29.062800000000003
2025-05-04T19:36:12,32.4745100364089,-111.29278549924493,28.5732
2025-05-04T19:36:13,32.47443434782326,-111.29277627915144,29.6928
2025-05-04T19:36:14,32.47435404919088,-111.29277233965695,31.093200000000003
2025-05-04T19:36:15,32.474266458302736,-111.2927711661905,32.5908
2025-05-04T19:36:16,32.4742148257792,-111.29277250729501,24.804
2025-05-04T19:36:17,32.47418607585132,-111.2927714176476,18.741600000000002
2025-05-04T19:36:18,32.47420066036284,-111.29276923835278,7.4556000000000004
2025-05-04T19:36:19,32.474138382822275,-111.29276747815311,14.85
2025-05-04T19:36:20,32.474081721156836,-111.29275406710804,19.335600000000003
2025-05-04T19:36:21,32.47401047497988,-111.29276035353541,24.1308
2025-05-04T19:36:22,32.47393830679357,-111.29279513843358,26.91
2025-05-04T19:36:23,32.47388935647905,-111.29287568852305,28.1808
2025-05-04T19:36:24,32.47389472089708,-111.29297350533307,27.3276
2025-05-04T19:36:25,32.473911149427295,-111.29304659552872,26.1828
2025-05-04T19:36:26,32.47393713332713,-111.29307174123824,18.9036
2025-05-04T19:36:27,32.47396873310208,-111.29309889860451,15.7392
2025-05-04T19:36:28,32.47402229346335,-111.29312379285693,17.7192
2025-05-04T19:36:29,32.47408733703196,-111.29313133656979,22.14
2025-05-04T19:36:30,32.47417819686234,-111.29313712008297,30.160800000000002
2025-05-04T19:36:31,32.47426670975983,-111.29313996993005,33.0912
2025-05-04T19:36:32,32.474349942058325,-111.29313971847296,33.1308
2025-05-04T19:36:33,32.47442780993879,-111.29315782338381,31.824
2025-05-04T19:36:34,32.474460331723094,-111.29320275038481,22.3992
2025-05-04T19:36:35,32.47447818517685,-111.2932014092803,15.4584
2025-05-04T19:36:36,32.47451741248369,-111.29317861050367,16.635600000000004
2025-05-04T19:36:37,32.47462931089103,-111.29315380007029,31.021200000000004
2025-05-04T19:36:38,32.474733078852296,-111.29315053112805,37.5732
2025-05-04T19:36:39,32.47481865808368,-111.29317073151469,37.0476
2025-05-04T19:36:40,32.474893843755126,-111.2932307459414,35.409600000000005
2025-05-04T19:36:41,32.474939776584506,-111.29330961965024,31.7196
2025-05-04T19:36:42,32.4749764893204,-111.29340064711869,32.6556
2025-05-04T19:36:43,32.47497841715813,-111.29346166737378,26.755200000000002
2025-05-04T19:36:44,32.47501680627465,-111.29354448057711,28.944
2025-05-04T19:36:45,32.475052177906036,-111.29363433457911,30.2688
2025-05-04T19:36:46,32.475062655285,-111.29367892630398,21.564
2025-05-04T19:36:47,32.47505804523826,-111.29369803704321,13.388399999999999
2025-05-04T19:36:48,32.47501504607499,-111.29371035844088,11.3004
2025-05-04T19:36:49,32.47495947405696,-111.2937400303781,18.0468
2025-05-04T19:36:50,32.47488772496581,-111.29376576282084,23.6124
2025-05-04T19:36:51,32.47480507940054,-111.29373424686491,27.061200000000003
2025-05-04T19:36:52,32.47474581934512,-111.2936345860362,31.0716
2025-05-04T19:36:53,32.47469678521156,-111.29355596378446,32.580000000000005
2025-05-04T19:36:54,32.47459729202092,-111.29355445504189,33.224399999999996
2025-05-04T19:36:55,32.47449427843094,-111.29358530044556,35.992799999999995
2025-05-04T19:36:56,32.474421272054315,-111.29362008534372,32.2416
2025-05-04T19:36:57,32.47438447549939,-111.29361438564956,23.0544
2025-05-04T19:36:58,32.47436628676951,-111.29359167069197,15.001199999999999
2025-05-04T19:36:59,32.47432387433946,-111.29356074146926,15.858
2025-05-04T19:37:00,32.47424625791609,-111.293557388708,23.454
2025-05-04T19:37:01,32.47416051104665,-111.29358446225524,30.2796
2025-05-04T19:37:02,32.474072920158505,-111.29360055550933,33.537600000000005
2025-05-04T19:37:03,32.47398222796619,-111.29362251609564,35.071200000000005
2025-05-04T19:37:04,32.4739124905318,-111.29370030015707,35.0172
2025-05-04T19:37:05,32.473901342600584,-111.29382125101984,34.369200000000006
2025-05-04T19:37:06,32.47391517274082,-111.2939250189811,33.7248
2025-05-04T19:37:07,32.47397392988205,-111.29400741308928,32.472
2025-05-04T19:37:08,32.47404919937253,-111.29405686631799,31.244400000000002
2025-05-04T19:37:09,32.474140310660005,-111.29405711777508,31.654799999999998
2025-05-04T19:37:10,32.474219938740134,-111.29406432621181,31.744799999999998
2025-05-04T19:37:11,32.47429789043963,-111.29406290128827,31.748400000000004
2025-05-04T19:37:12,32.47438573278487,-111.29406809806824,33.6672
2025-05-04T19:37:13,32.47448606416583,-111.29408662207425,36.396
2025-05-04T19:37:14,32.474555717781186,-111.29408536478877,30.052800000000005
2025-05-04T19:37:15,32.474588407203555,-111.29408276639879,20.721600000000002
2025-05-04T19:37:16,32.47459754347801,-111.29408033564687,12.6144
2025-05-04T19:37:17,32.474626544862986,-111.29408285021782,11.6424
2025-05-04T19:37:18,32.47466099448502,-111.29408670589328,12.6504
2025-05-04T19:37:19,32.4746915884316,-111.29409324377775,12.8412
2025-05-04T19:37:20,32.47472587041557,-111.29409877583385,13.3308
2025-05-04T19:37:21,32.47476417571306,-111.29409877583385,14.274
2025-05-04T19:37:22,32.47479351237416,-111.29409609362483,13.262400000000001
2025-05-04T19:37:23,32.47482025064528,-111.29409139975905,12.4416
2025-05-04T19:37:24,32.474860148504376,-111.29410137422383,14.7528
2025-05-04T19:37:25,32.47492074966431,-111.29411109723151,20.5488
2025-05-04T19:37:26,32.475004736334085,-111.29413112998009,28.018800000000002
2025-05-04T19:37:27,32.475091153755784,-111.29414370283484,31.600800000000003
2025-05-04T19:37:28,32.47515996918082,-111.29414361901581,28.692
2025-05-04T19:37:29,32.47517396695912,-111.29413632676005,16.977600000000002
2025-05-04T19:37:30,32.47519006021321,-111.29409517161548,14.3316
2025-05-04T19:37:31,32.47522434219718,-111.29402451217175,21.1176
2025-05-04T19:37:32,32.475257869809866,-111.29394731484354,25.992
2025-05-04T19:37:33,32.47527262195945,-111.29388805478811,23.4252
2025-05-04T19:37:34,32.47530983760953,-111.29385779611766,19.6524
2025-05-04T19:37:35,32.475356105715036,-111.2938301358372,19.4292
2025-05-04T19:37:36,32.47539483010769,-111.29380842670798,18.104400000000002
2025-05-04T19:37:37,32.475452749058604,-111.2938314769417,19.1916
2025-05-04T19:37:38,32.475475799292326,-111.29390322603285,19.2744
2025-05-04T19:37:39,32.475456269457936,-111.29393147304654,11.7648
2025-05-04T19:37:40,32.47547127306461,-111.29393884912133,7.6716
2025-05-04T19:37:41,32.475512847304344,-111.2939683534205,12.9672
2025-05-04T19:37:42,32.47553623281419,-111.29402627237141,16.214399999999998
2025-05-04T19:37:43,32.475582752376795,-111.29405544139445,16.938000000000002
2025-05-04T19:37:44,32.47564980760217,-111.29403649829328,19.4832
2025-05-04T19:37:45,32.47570060193539,-111.29398226737976,21.221999999999998
2025-05-04T19:37:46,32.47579950839281,-111.29387707449496,35.6148
2025-05-04T19:37:47,32.47587125748396,-111.29383055493236,34.1064
2025-05-04T19:37:48,32.47594174928963,-111.29383843392134,28.666800000000002
2025-05-04T19:37:49,32.47598332352936,-111.29391806200147,24.444
2025-05-04T19:37:50,32.47596513479948,-111.29405410028994,30.1644
2025-05-04T19:37:51,32.47593889944255,-111.29416080191731,32.6736
2025-05-04T19:37:52,32.47595876455307,-111.29419793374836,21.9996
2025-05-04T19:37:53,32.47595616616309,-111.29420665092766,13.0464
2025-05-04T19:37:54,32.47595474123955,-111.29423967562616,13.3308
2025-05-04T19:37:55,32.4759659729898,-111.2943270150572,20.934
2025-05-04T19:37:56,32.47595977038145,-111.29441812634468,26.7588
2025-05-04T19:37:57,32.47596362605691,-111.29447881132364,24.811200000000003
2025-05-04T19:37:58,32.47597963549197,-111.29457922652364,29.4012
2025-05-04T19:37:59,32.476021042093635,-111.29468089900911,33.2892
2025-05-04T19:38:00,32.47609069570899,-111.29475952126086,35.676
2025-05-04T19:38:01,32.47615708038211,-111.29484803415835,38.0304
2025-05-04T19:38:02,32.476188177242875,-111.29495456814766,37.6236
2025-05-04T19:38:03,32.47616336680949,-111.29507618956268,36.75600000000001
2025-05-04T19:38:04,32.47611751779914,-111.29516570828855,33.519600000000004
2025-05-04T19:38:05,32.47607443481684,-111.29519521258771,24.9516
2025-05-04T19:38:06,32.47602732852101,-111.29519194364548,19.4292
2025-05-04T19:38:07,32.47596320696175,-111.29517249763012,21.5892
2025-05-04T19:38:08,32.475892547518015,-111.29515003412962,25.3152
2025-05-04T19:38:09,32.475833874195814,-111.29509043879807,27.4176
2025-05-04T19:38:10,32.47576782479882,-111.2950080446899,32.5944
2025-05-04T19:38:11,32.475704457610846,-111.29492305219173,35.8128
2025-05-04T19:38:12,32.475644359365106,-111.29484702832997,35.3124
2025-05-04T19:38:13,32.47560563497245,-111.29478701390326,28.4544
2025-05-04T19:38:14,32.4755877815187,-111.2947606947273,20.142
2025-05-04T19:38:15,32.475573532283306,-111.29475608468056,11.8512
2025-05-04T19:38:16,32.47551611624658,-111.2946969922632,19.368
2025-05-04T19:38:17,32.47546624392271,-111.29465005360544,23.4864
2025-05-04T19:38:18,32.47539256699383,-111.2945952359587,29.448
2025-05-04T19:38:19,32.47530346736312,-111.2945516500622,34.362
2025-05-04T19:38:20,32.47520975768566,-111.2945191282779,36.8496
2025-05-04T19:38:21,32.47511244378984,-111.29451208747923,37.4688
2025-05-04T19:38:22,32.47501370497048,-111.29452113993466,37.9188
2025-05-04T19:38:23,32.474928461015224,-111.29454301670194,35.3952
2025-05-04T19:38:24,32.47487096115947,-111.29457713104784,28.944
2025-05-04T19:38:25,32.47485537081957,-111.29466304555535,25.668
2025-05-04T19:38:26,32.47486383654177,-111.29477905109525,30.942000000000004
2025-05-04T19:38:27,32.47488026507199,-111.2948865070939,34.4448
2025-05-04T19:38:28,32.47486811131239,-111.29498172551394,33.3504
2025-05-04T19:38:29,32.47486031614244,-111.29508214071393,32.9508
2025-05-04T19:38:30,32.4748760741204,-111.29516285844147,29.6784
2025-05-04T19:38:31,32.47492586262524,-111.29522664472461,28.7208
2025-05-04T19:38:32,32.47498671524227,-111.29526578821242,26.1468
2025-05-04T19:38:33,32.474998869001865,-111.29532027058303,21.3192
2025-05-04T19:38:34,32.47498964890838,-111.29534692503512,14.248800000000001
2025-05-04T19:38:35,32.474996857345104,-111.29535706713796,9.1836
2025-05-04T19:38:36,32.4750023894012,-111.29536159336567,6.3648
2025-05-04T19:38:37,32.47501722536981,-111.29538129083812,7.901999999999999
2025-05-04T19:38:38,32.47504304163158,-111.2953999824822,10.008
2025-05-04T19:38:39,32.475067265331745,-111.29540928639472,10.26
2025-05-04T19:38:40,32.4750869628042,-111.29542211070657,9.7704
2025-05-04T19:38:41,32.475105905905366,-111.29543996416032,9.4104
2025-05-04T19:38:42,32.475121496245265,-111.29545689560473,8.6112
2025-05-04T19:38:43,32.47513289563358,-111.29547248594463,7.736400000000001
2025-05-04T19:38:44,32.47513834387064,-111.29547508433461,4.9608
2025-05-04T19:38:45,32.47515100054443,-111.29547198303044,4.7196
2025-05-04T19:38:46,32.47516918927431,-111.29546536132693,5.8284
2025-05-04T19:38:47,32.4751680996269,-111.29547181539237,2.1132
2025-05-04T19:38:48,32.475162567570806,-111.29547483287752,0.31679999999999997
2025-05-04T19:38:49,32.47516315430403,-111.29547650925815,0.6012000000000001
2025-05-04T19:38:50,32.475162483751774,-111.2954755872488,0.23040000000000002
2025-05-04T19:38:51,32.475170781835914,-111.29547508433461,2.3436000000000003
2025-05-04T19:38:52,32.47516659088433,-111.295470809564,1.4076000000000002
2025-05-04T19:38:53,32.47516290284693,-111.29547106102109,0.7272000000000001
2025-05-04T19:38:54,32.47516524977982,-111.2954792752862,1.9404000000000001
2025-05-04T19:38:55,32.475155191496015,-111.29547516815364,1.9296000000000002
2025-05-04T19:38:56,32.47514915652573,-111.29548170603812,1.6452
2025-05-04T19:38:57,32.475146893411875,-111.29546301439404,2.3652
2025-05-04T19:38:58,32.47515653260052,-111.2954620923847,1.1196
2025-05-04T19:38:59,32.47515846043825,-111.29546678625047,1.2276
2025-05-04T19:39:00,32.47515653260052,-111.29546544514596,0.5112
2025-05-04T19:39:01,32.47516147792339,-111.2954668700695,1.6992
2025-05-04T19:39:12,32.47516910545528,-111.29547064192593,2.1311999999999998
2025-05-04T19:39:13,32.47516483068466,-111.29546955227852,1.1268
2025-05-04T19:39:23,32.47515259310603,-111.29547340795398,0.8064
2025-05-04T19:39:24,32.475151252001524,-111.29547148011625,0.2124
2025-05-04T19:39:25,32.47515007853508,-111.29546804353595,0.24840000000000004
2025-05-04T19:39:26,32.47515116818249,-111.29546904936433,0.1764
2025-05-04T19:39:27,32.47515653260052,-111.29546603187919,0.5364
2025-05-04T19:39:28,32.47516239993274,-111.29546234384179,1.3212
2025-05-04T19:39:29,32.47515644878149,-111.29546200856566,1.1808
2025-05-04T19:39:30,32.47516181319952,-111.29546066746116,1.7856
2025-05-04T19:39:31,32.47516424395144,-111.29546578042209,0.5184
2025-05-04T19:39:32,32.475160052999854,-111.29547567106783,0.33840000000000003
2025-05-04T19:39:34,32.47516608797014,-111.29546058364213,2.2356000000000003
2025-05-04T19:39:35,32.47516516596079,-111.29546351730824,0.9576000000000001
2025-05-04T19:39:36,32.47516332194209,-111.29546653479338,0.0
2025-05-04T19:39:37,32.47516181319952,-111.29546661861241,0.3024
2025-05-04T19:39:38,32.47516533359885,-111.29546636715531,0.5796
2025-05-04T19:39:39,32.47516290284693,-111.29546217620373,0.0
2025-05-04T19:39:40,32.47516290284693,-111.29546217620373,0.0
2025-05-04T19:39:41,32.47516290284693,-111.29546217620373,0.0
2025-05-04T19:39:42,32.47516290284693,-111.29546217620373,0.0
2025-05-04T19:39:43,32.47516290284693,-111.29546217620373,0.0
2025-05-04T19:39:44,32.47516290284693,-111.29546217620373,0.0
2025-05-04T19:39:45,32.47516457922757,-111.29546075128019,0.11520000000000001
2025-05-04T19:39:46,32.47516332194209,-111.29546100273728,0.4464
2025-05-04T19:39:47,32.475163573399186,-111.29546083509922,0.0
2025-05-04T19:39:48,32.475163992494345,-111.29546318203211,0.0
2025-05-04T19:39:49,32.475163992494345,-111.29546318203211,0.0
2025-05-04T19:39:50,32.475166507065296,-111.29545832052827,0.9936000000000001
2025-05-04T19:39:51,32.475165501236916,-111.2954586558044,0.0
2025-05-04T19:39:52,32.475165501236916,-111.2954586558044,0.0
2025-05-04T19:39:53,32.475165501236916,-111.2954586558044,0.0
2025-05-04T19:39:54,32.475165501236916,-111.2954586558044,0.0
2025-05-04T19:39:55,32.47516566887498,-111.29545245319605,0.5832
2025-05-04T19:39:56,32.47516583651304,-111.2954531237483,0.0
2025-05-04T19:39:57,32.47516583651304,-111.2954531237483,0.0
2025-05-04T19:39:58,32.47516583651304,-111.2954531237483,0.0
2025-05-04T19:39:59,32.47516583651304,-111.2954531237483,0.0
2025-05-04T19:40:00,32.47516583651304,-111.2954531237483,0.0
2025-05-04T19:40:01,32.475155191496015,-111.29544658586383,0.036000000000000004
2025-05-04T19:40:02,32.47515116818249,-111.29544423893094,0.2916
2025-05-04T19:40:03,32.47515024617314,-111.29543920978904,1.1448
2025-05-04T19:40:04,32.47514924034476,-111.29543744958937,0.4572
2025-05-04T19:40:05,32.47514773160219,-111.29544046707451,0.30600000000000005
2025-05-04T19:40:06,32.47514806687832,-111.29544826224446,0.1116
2025-05-04T19:40:07,32.47514672577381,-111.29544910043478,0.4212
2025-05-04T19:40:08,32.47514731250703,-111.29544918425381,0.6120000000000001
2025-05-04T19:40:09,32.475148318335414,-111.29545278847218,0.0
2025-05-04T19:40:10,32.475149407982826,-111.29545253701508,0.30600000000000005
2025-05-04T19:40:11,32.475151754915714,-111.2954533752054,0.31679999999999997
2025-05-04T19:40:12,32.47515209019184,-111.29545387811959,0.0
2025-05-04T19:40:13,32.47515209019184,-111.29545387811959,0.0
2025-05-04T19:40:14,32.47515209019184,-111.29545387811959,0.0
2025-05-04T19:40:15,32.47515116818249,-111.29545932635665,0.12240000000000001
2025-05-04T19:40:16,32.47515259310603,-111.29545806907117,0.5832
2025-05-04T19:40:17,32.47515401802957,-111.29545957781374,0.35640000000000005
2025-05-04T19:40:18,32.47515561059117,-111.29546234384179,0.23040000000000002
2025-05-04T19:40:19,32.475155694410205,-111.29546460695565,0.3528
2025-05-04T19:40:20,32.475156616419554,-111.29546636715531,0.3096
2025-05-04T19:40:21,32.47515971772373,-111.29546519368887,1.1412
2025-05-04T19:40:22,32.475160639733076,-111.29546485841274,0.9108
2025-05-04T19:40:23,32.475161561742425,-111.2954671215266,0.1548
2025-05-04T19:40:24,32.475163070484996,-111.29546997137368,0.3096
2025-05-04T19:40:25,32.47516700997949,-111.29547500051558,0.0
2025-05-04T19:40:26,32.47517120093107,-111.29547676071525,0.26639999999999997
2025-05-04T19:40:27,32.47517388314009,-111.29547625780106,0.2916
2025-05-04T19:40:28,32.475174218416214,-111.29547676071525,0.0
2025-05-04T19:40:29,32.475174218416214,-111.29547676071525,0.0
2025-05-04T19:40:30,32.47517606243491,-111.29547491669655,0.6372
2025-05-04T19:40:31,32.475174218416214,-111.29547600634396,0.3852
2025-05-04T19:40:32,32.47517120093107,-111.29547793418169,0.5796
2025-05-04T19:40:33,32.47517162002623,-111.29547659307718,0.9468000000000001
2025-05-04T19:40:34,32.47517262585461,-111.29547868855298,0.3744
2025-05-04T19:40:35,32.475168937817216,-111.29548128694296,0.3312
2025-05-04T19:40:36,32.47517027892172,-111.29548145458102,0.4428
2025-05-04T19:40:37,32.47517270967364,-111.29548128694296,0.6048
2025-05-04T19:40:38,32.475170781835914,-111.2954737432301,1.9512000000000003
2025-05-04T19:40:39,32.47516726143658,-111.2954811193049,0.108
2025-05-04T19:40:40,32.47516818344593,-111.29547994583845,0.63
2025-05-04T19:40:41,32.47517011128366,-111.2954792752862,0.5292
2025-05-04T19:40:42,32.47517706826329,-111.29547877237201,0.468
2025-05-04T19:40:43,32.47517606243491,-111.29548254422843,0.0972
2025-05-04T19:40:44,32.47517874464393,-111.29548220895231,0.8856
2025-05-04T19:40:45,32.47517907992005,-111.29548556171358,0.0
2025-05-04T19:40:46,32.475177235901356,-111.29548816010356,0.3096
2025-05-04T19:40:47,32.4751699436456,-111.29548816010356,0.5868
2025-05-04T19:40:55,32.475169859826565,-111.29548514261842,1.1772
2025-05-04T19:40:56,32.475172374397516,-111.29548028111458,0.6335999999999999
2025-05-04T19:40:57,32.47517245821655,-111.29548162221909,0.12240000000000001
2025-05-04T19:40:58,32.47517287731171,-111.29548572935164,0.342
2025-05-04T19:40:59,32.475173799321055,-111.2954808678478,0.5075999999999999
2025-05-04T19:41:00,32.47517639771104,-111.29547793418169,0.3456
2025-05-04T19:41:01,32.475177654996514,-111.29547785036266,0.7164
2025-05-04T19:41:02,32.47518142685294,-111.29548070020974,0.3996
2025-05-04T19:41:03,32.47518318705261,-111.29548287950456,0.1116
2025-05-04T19:41:04,32.47518268413842,-111.29548564553261,0.1404
2025-05-04T19:41:05,32.47518176212907,-111.29548723809421,0.11520000000000001
2025-05-04T19:41:06,32.4751836899668,-111.2954843044281,0.6624
2025-05-04T19:41:07,32.475182600319386,-111.29548832774162,0.3456
2025-05-04T19:41:08,32.475185450166464,-111.2954898364842,0.5147999999999999
2025-05-04T19:41:09,32.47518461197615,-111.29548279568553,0.4032
2025-05-04T19:41:10,32.47518762946129,-111.29548849537969,0.4464
2025-05-04T19:41:11,32.475184528157115,-111.2954861484468,0.07200000000000001
2025-05-04T19:41:12,32.475186958909035,-111.29548396915197,0.3456
2025-05-04T19:41:13,32.475185031071305,-111.29548204131424,0.0216
2025-05-04T19:41:14,32.475186455994844,-111.29548380151391,0.36719999999999997
2025-05-04T19:41:15,32.475184025242925,-111.29548648372293,0.1908
2025-05-04T19:41:17,32.47516566887498,-111.29548095166683,1.9656000000000002
2025-05-04T19:41:18,32.475177235901356,-111.29548564553261,0.2808
2025-05-04T19:41:19,32.475183606147766,-111.29548346623778,0.33840000000000003
2025-05-04T19:41:20,32.47518578544259,-111.29548162221909,0.8208000000000001
2025-05-04T19:41:21,32.475179666653275,-111.29548128694296,0.7524
2025-05-04T19:41:22,32.47517648153007,-111.29547349177301,1.3104
2025-05-04T19:41:23,32.47517799027264,-111.29547324031591,0.3204
2025-05-04T19:41:24,32.475180672481656,-111.29547382704914,0.2736
2025-05-04T19:41:25,32.47517882846296,-111.29547072574496,0.4536
2025-05-04T19:41:26,32.47517648153007,-111.29547114484012,0.5184
2025-05-04T19:41:27,32.47517597861588,-111.29546888172626,0.5616
2025-05-04T19:41:28,32.47517488896847,-111.29546955227852,0.0828
2025-05-04T19:41:29,32.475174218416214,-111.29546578042209,0.0324
2025-05-04T19:41:30,32.47517120093107,-111.29546251147985,0.558
2025-05-04T19:41:31,32.475171368569136,-111.29546226002276,0.6408
2025-05-04T19:41:32,32.47517321258783,-111.29546485841274,0.3132
2025-05-04T19:41:33,32.47516868636012,-111.29546628333628,1.6452
2025-05-04T19:41:34,32.475171368569136,-111.29546578042209,1.1916
2025-05-04T19:41:35,32.47517145238817,-111.29546494223177,1.1736
2025-05-04T19:41:36,32.475171871483326,-111.29546309821308,1.0080000000000002
2025-05-04T19:41:37,32.47517488896847,-111.2954634334892,0.4752
2025-05-04T19:41:38,32.47517446987331,-111.29546242766082,0.846
2025-05-04T19:41:39,32.47517262585461,-111.29546008072793,1.0872
2025-05-04T19:41:40,32.475174218416214,-111.2954634334892,0.378
2025-05-04T19:41:41,32.47517195530236,-111.29546821117401,0.3888
2025-05-04T19:41:42,32.47516910545528,-111.29546410404146,1.0655999999999999
2025-05-04T19:41:43,32.47516667470336,-111.2954620923847,0.9396000000000001
2025-05-04T19:41:44,32.47516239993274,-111.29546284675598,1.35
2025-05-04T19:41:45,32.475166926160455,-111.29546150565147,0.47880000000000006
2025-05-04T19:41:46,32.47516382485628,-111.29545957781374,0.9828000000000001
2025-05-04T19:41:47,32.47516457922757,-111.29545739851892,0.7704
2025-05-04T19:41:48,32.4751646630466,-111.29545723088086,0.5327999999999999
2025-05-04T19:41:49,32.475165417417884,-111.29545848816633,0.0864
2025-05-04T19:41:50,32.47516239993274,-111.29545756615698,1.2168
2025-05-04T19:41:51,32.475166926160455,-111.29545480012894,1.1520000000000001
2025-05-04T19:41:52,32.47517044655979,-111.29545882344246,0.5256
2025-05-04T19:41:53,32.475169859826565,-111.29545941017568,0.8028000000000001
2025-05-04T19:41:54,32.47517296113074,-111.29546016454697,0.108
2025-05-04T19:41:55,32.47517555952072,-111.29545714706182,0.738
2025-05-04T19:41:56,32.47517103329301,-111.29546033218503,1.0692
2025-05-04T19:41:57,32.475177654996514,-111.29546075128019,0.12240000000000001
2025-05-04T19:41:58,32.47517463751137,-111.29546041600406,1.0944
2025-05-04T19:41:59,32.4751715362072,-111.29546293057501,1.044
2025-05-04T19:42:00,32.47517488896847,-111.29546703770757,0.2232
2025-05-04T19:42:01,32.47517589479685,-111.29546787589788,0.028800000000000003
2025-05-04T19:42:02,32.4751749727875,-111.29546988755465,0.45
2025-05-04T19:42:03,32.47517446987331,-111.2954687140882,0.4392
2025-05-04T19:42:04,32.475172793492675,-111.29546888172626,1.0151999999999999
2025-05-04T19:42:05,32.47517120093107,-111.29547164775431,1.0655999999999999
2025-05-04T19:42:06,32.475168351083994,-111.29547340795398,1.0332
2025-05-04T19:42:07,32.47517069801688,-111.29547365941107,0.6120000000000001
2025-05-04T19:42:08,32.475165417417884,-111.29547516815364,1.1736
2025-05-04T19:42:09,32.47516826726496,-111.295470809564,0.1404
2025-05-04T19:42:10,32.47516508214176,-111.29547148011625,1.9296000000000002
2025-05-04T19:42:11,32.47516290284693,-111.29547072574496,1.1880000000000002
2025-05-04T19:42:12,32.475166004151106,-111.29546938464046,0.7632
2025-05-04T19:42:13,32.47516483068466,-111.29547022283077,0.81
2025-05-04T19:42:14,32.47516583651304,-111.29547131247818,0.1368
2025-05-04T19:42:15,32.47516265138984,-111.29547072574496,0.18359999999999999
2025-05-04T19:42:16,32.475162567570806,-111.29546569660306,0.07919999999999999
2025-05-04T19:42:17,32.47515904717147,-111.29546083509922,0.6804
2025-05-04T19:42:18,32.47516030445695,-111.29545513540506,0.4464
2025-05-04T19:42:19,32.475162064656615,-111.29545287229121,0.1476
2025-05-04T19:42:20,32.47516558505595,-111.29545044153929,0.13319999999999999
2025-05-04T19:42:21,32.475163489580154,-111.2954478431493,0.7595999999999999
2025-05-04T19:42:22,32.4751644115895,-111.29545010626316,0.7632
2025-05-04T19:42:23,32.475169859826565,-111.29545019008219,0.2232
2025-05-04T19:42:24,32.4751696921885,-111.29545270465314,0.1764
2025-05-04T19:42:25,32.47516868636012,-111.29545027390122,0.4572
2025-05-04T19:42:26,32.47516860254109,-111.2954494357109,0.6156
2025-05-04T19:42:27,32.47517002746463,-111.2954480946064,0.33840000000000003
2025-05-04T19:42:28,32.47516952455044,-111.29544876515865,0.3132
2025-05-04T19:42:29,32.475166423246264,-111.2954512797296,0.6696
2025-05-04T19:42:30,32.47516952455044,-111.29545303992927,0.3528
2025-05-04T19:42:31,32.4751696921885,-111.29545790143311,0.468
2025-05-04T19:42:32,32.47517094947398,-111.29546117037535,0.198
2025-05-04T19:42:33,32.47516818344593,-111.29546770825982,0.9432
2025-05-04T19:42:34,32.47517145238817,-111.29547106102109,0.3816
2025-05-04T19:42:35,32.47517103329301,-111.29547994583845,0.9612
2025-05-04T19:42:36,32.47517463751137,-111.2954737432301,0.8172
2025-05-04T19:42:37,32.47517396695912,-111.29547231830657,0.918
2025-05-04T19:42:38,32.47517254203558,-111.29547324031591,1.062
2025-05-04T19:42:39,32.4751715362072,-111.29547541961074,0.4068
2025-05-04T19:42:40,32.47517170384526,-111.29547667689621,0.234
2025-05-04T19:42:41,32.47516960836947,-111.29547525197268,0.4356
2025-05-04T19:42:42,32.475168853998184,-111.29547609016299,0.5004000000000001
2025-05-04T19:42:43,32.47516927309334,-111.29547550342977,0.5796
2025-05-04T19:42:44,32.47516424395144,-111.29547500051558,1.4076000000000002
2025-05-04T19:42:45,32.475165501236916,-111.29547516815364,0.8208000000000001
2025-05-04T19:42:46,32.47516516596079,-111.29547785036266,0.684
2025-05-04T19:42:47,32.47516524977982,-111.29547642543912,0.5544
2025-05-04T19:42:48,32.47516457922757,-111.2954705581069,1.2491999999999999
2025-05-04T19:42:49,32.475164998322725,-111.29547089338303,0.7343999999999999
2025-05-04T19:42:50,32.47516558505595,-111.29547273740172,0.756
2025-05-04T19:42:51,32.47516038827598,-111.29547349177301,1.7027999999999999
2025-05-04T19:42:52,32.47516382485628,-111.29547357559204,0.6335999999999999
2025-05-04T19:42:53,32.47516474686563,-111.29547122865915,0.1404
2025-05-04T19:42:54,32.47516239993274,-111.29547047428787,0.5796
2025-05-04T19:42:55,32.47515988536179,-111.29546997137368,0.6408
2025-05-04T19:42:56,32.47515804134309,-111.29546955227852,0.7632
2025-05-04T19:42:57,32.475160555914044,-111.29546695388854,0.1908
2025-05-04T19:42:58,32.47515980154276,-111.29546795971692,0.48600000000000004
2025-05-04T19:42:59,32.47515988536179,-111.29546619951725,0.2808
2025-05-04T19:43:00,32.47516047209501,-111.29546603187919,0.4356
2025-05-04T19:43:01,32.4751646630466,-111.29546569660306,0.18359999999999999
2025-05-04T19:43:02,32.475165501236916,-111.29546561278403,0.3312
2025-05-04T19:43:03,32.47516617178917,-111.29547139629722,0.2772
2025-05-04T19:43:04,32.475161142647266,-111.29547248594463,1.6452
2025-05-04T19:43:05,32.47516340576112,-111.29547290503979,0.8208000000000001
2025-05-04T19:43:06,32.47515795752406,-111.29547332413495,2.862
2025-05-04T19:43:07,32.475153682753444,-111.29547458142042,2.214
2025-05-04T19:43:08,32.47514848597348,-111.29546326585114,2.3652
2025-05-04T19:43:09,32.47514856979251,-111.29546226002276,1.6704
2025-05-04T19:43:10,32.47515980154276,-111.2954687140882,0.5724
2025-05-04T19:43:11,32.47516432777047,-111.29547977820039,0.774
2025-05-04T19:43:12,32.47517799027264,-111.2954861484468,1.2744
2025-05-04T19:43:15,32.475161142647266,-111.29549226723611,2.3544
2025-05-04T19:43:16,32.47515209019184,-111.29549352452159,2.7972
2025-05-04T19:43:17,32.47514630667865,-111.29548790864646,2.1204
2025-05-04T19:43:18,32.4751509167254,-111.29548992030323,0.3096
2025-05-04T19:43:19,32.475159633904696,-111.29549134522676,0.3924
2025-05-04T19:43:20,32.47515921480954,-111.29548707045615,0.0936
2025-05-04T19:43:21,32.47515242546797,-111.29547818563879,2.2752
2025-05-04T19:43:22,32.47515192255378,-111.29549629054964,1.9404000000000001
2025-05-04T19:43:23,32.47515200637281,-111.29550157114863,1.2024000000000001
2025-05-04T19:43:24,32.47515359893441,-111.2955083604902,2.0303999999999998
2025-05-04T19:43:25,32.475146893411875,-111.29552277736366,3.3624
2025-05-04T19:43:26,32.475129375234246,-111.29553325474262,4.5
2025-05-04T19:43:27,32.47511311434209,-111.29552864469588,4.3452
2025-05-04T19:43:28,32.47510372661054,-111.29553141072392,4.176
2025-05-04T19:43:29,32.47509433887899,-111.2955363560468,4.14
2025-05-04T19:43:30,32.4750782456249,-111.29553442820907,4.6692
2025-05-04T19:43:31,32.475065337494016,-111.2955358531326,4.7088
2025-05-04T19:43:32,32.47505251318216,-111.29553551785648,4.3488
2025-05-04T19:43:33,32.47504488565028,-111.29553518258035,2.8044000000000002
2025-05-04T19:43:34,32.475050166249275,-111.29552646540105,1.2708
2025-05-04T19:43:35,32.47505804523826,-111.29551875405014,1.6668
2025-05-04T19:43:36,32.47506097890437,-111.29551481455564,1.4976
2025-05-04T19:43:37,32.47506659477949,-111.29551347345114,0.9036000000000001
2025-05-04T19:43:38,32.47506567277014,-111.29551372490823,0.1548
2025-05-04T19:43:39,32.475066343322396,-111.29551146179438,0.5075999999999999
2025-05-04T19:43:40,32.47506257146597,-111.29551322199404,0.23040000000000002
2025-05-04T19:43:41,32.475058967247605,-111.29550618119538,0.81
2025-05-04T19:43:42,32.47505527921021,-111.29550903104246,0.36719999999999997
2025-05-04T19:43:43,32.47504371218383,-111.29551221616566,0.5436
2025-05-04T19:43:44,32.475026194006205,-111.29552110098302,0.7236
2025-05-04T19:43:45,32.47501437552273,-111.29552269354463,0.7200000000000001
2025-05-04T19:43:46,32.474999874830246,-111.29552671685815,0.522
2025-05-04T19:43:47,32.47498730197549,-111.29553375765681,0.5976
2025-05-04T19:43:48,32.47496886178851,-111.29553878679872,2.4408000000000003
2025-05-04T19:43:49,32.47494832612574,-111.29554633051157,4.5
2025-05-04T19:43:50,32.47493013739586,-111.29554792307317,5.0687999999999995
2025-05-04T19:43:51,32.47491605579853,-111.29555429331958,4.6331999999999995
2025-05-04T19:43:52,32.47489937581122,-111.29555848427117,5.04
2025-05-04T19:43:53,32.47488185763359,-111.29556183703244,5.839200000000001
2025-05-04T19:43:54,32.47487020678818,-111.29555965773761,5.486400000000001
2025-05-04T19:43:55,32.474859645590186,-111.29555772989988,4.816800000000001
2025-05-04T19:43:56,32.4748501740396,-111.29556007683277,4.1832
2025-05-04T19:43:57,32.47483944520354,-111.29556192085147,3.8592000000000004
2025-05-04T19:43:58,32.47482812963426,-111.2955622561276,3.906
2025-05-04T19:43:59,32.47481673024595,-111.2955601606518,3.6108
2025-05-04T19:44:00,32.47480457648635,-111.29555186256766,4.23
2025-05-04T19:44:01,32.47479133307934,-111.29555739462376,4.6908
2025-05-04T19:44:02,32.474775491282344,-111.2955551315099,5.1335999999999995
2025-05-04T19:44:03,32.47476417571306,-111.29554515704513,4.6224
2025-05-04T19:44:04,32.47475537471473,-111.29553828388453,4.316400000000001
2025-05-04T19:44:05,32.47475227341056,-111.2955292314291,2.8836000000000004
2025-05-04T19:44:06,32.47475084848702,-111.29552068188787,1.764
2025-05-04T19:44:07,32.47475193813443,-111.29551447927952,1.026
2025-05-04T19:44:08,32.47474833391607,-111.29551112651825,0.756
2025-05-04T19:44:09,32.47474397532642,-111.29551330581307,0.0
2025-05-04T19:44:10,32.47474397532642,-111.29551330581307,0.0
2025-05-04T19:44:11,32.47473760508001,-111.2955086119473,0.0
2025-05-04T19:44:12,32.47473668307066,-111.29550609737635,0.2268
2025-05-04T19:44:13,32.47473802417517,-111.29551489837468,0.234
2025-05-04T19:44:14,32.47473039664328,-111.29551280289888,2.3508
2025-05-04T19:44:15,32.47471178881824,-111.29550567828119,3.708
2025-05-04T19:44:16,32.47470055706799,-111.29549059085548,5.0544
2025-05-04T19:44:17,32.474694941192865,-111.29547575488687,5.2236
2025-05-04T19:44:18,32.47470214962959,-111.29545899108052,4.806
2025-05-04T19:44:19,32.474709609523416,-111.29544398747385,4.6944
2025-05-04T19:44:20,32.47471522539854,-111.29543426446617,3.528
2025-05-04T19:44:21,32.47471363283694,-111.29543049260974,2.0412
2025-05-04T19:44:22,32.47471271082759,-111.2954322528094,0.3996
2025-05-04T19:44:23,32.474713800475,-111.29543099552393,0.792
2025-05-04T19:44:24,32.47471321374178,-111.29542940296233,0.46080000000000004
2025-05-04T19:44:25,32.47471262700856,-111.29543124698102,0.324
2025-05-04T19:44:26,32.47471287846565,-111.2954325042665,0.09000000000000001
2025-05-04T19:44:27,32.47471287846565,-111.29543258808553,0.0
2025-05-04T19:44:28,32.47471287846565,-111.29543258808553,0.0
2025-05-04T19:44:29,32.47471028007567,-111.29543719813228,0.198
2025-05-04T19:44:30,32.47471120208502,-111.29543677903712,0.0
2025-05-04T19:44:31,32.4747122079134,-111.2954361923039,0.0
2025-05-04T19:44:32,32.47471438720822,-111.29543384537101,0.6156
2025-05-04T19:44:33,32.47471463866532,-111.29543786868453,0.0
2025-05-04T19:44:34,32.474713549017906,-111.29544029943645,0.2232
2025-05-04T19:44:35,32.474712543189526,-111.29544013179839,0.09000000000000001
2025-05-04T19:44:36,32.474712543189526,-111.2954325042665,1.0368
2025-05-04T19:44:37,32.47471329756081,-111.29543367773294,0.0
2025-05-04T19:44:38,32.47471237555146,-111.2954290676862,1.0224
2025-05-04T19:44:39,32.47471279464662,-111.29542646929622,1.2060000000000002
2025-05-04T19:44:40,32.474711118265986,-111.29542621783912,0.6335999999999999
2025-05-04T19:44:41,32.47470977716148,-111.29542755894363,0.061200000000000004
2025-05-04T19:44:42,32.47471019625664,-111.29542781040072,0.4968000000000001
2025-05-04T19:44:43,32.474706675857306,-111.29543049260974,0.234
2025-05-04T19:44:44,32.474708519876,-111.29542387090623,1.5048
2025-05-04T19:44:45,32.47470835223794,-111.29542579874396,0.0
2025-05-04T19:44:46,32.474712040275335,-111.29542856477201,0.13319999999999999
2025-05-04T19:44:47,32.47471086680889,-111.29542713984847,0.054
2025-05-04T19:44:48,32.474713465198874,-111.29542848095298,1.3176
2025-05-04T19:44:49,32.474710028618574,-111.29543351009488,0.24120000000000003
2025-05-04T19:44:50,32.47470826841891,-111.29543216899037,0.2844
2025-05-04T19:44:51,32.47470307163894,-111.2954272236675,1.08
2025-05-04T19:44:52,32.474696449935436,-111.29542848095298,0.5976
2025-05-04T19:44:53,32.474696869030595,-111.29542705602944,0.3456
2025-05-04T19:44:54,32.47469804249704,-111.295425882563,0.7308000000000001
2025-05-04T19:44:55,32.47469955123961,-111.29542546346784,0.8388000000000001
2025-05-04T19:44:56,32.47469955123961,-111.29542663693428,0.0
2025-05-04T19:44:57,32.47469695284963,-111.29542831331491,0.2556
2025-05-04T19:44:58,32.47469276189804,-111.29542873241007,0.0
2025-05-04T19:44:59,32.47469276189804,-111.29542873241007,0.0
2025-05-04T19:45:00,32.474691504612565,-111.2954325042665,0.3204
2025-05-04T19:45:01,32.47468882240355,-111.295431163162,1.044
2025-05-04T19:45:02,32.474687146022916,-111.29543728195131,0.1872
2025-05-04T19:45:03,32.47468697838485,-111.29543845541775,0.8028000000000001
2025-05-04T19:45:04,32.47468312270939,-111.2954425625503,0.48600000000000004
2025-05-04T19:45:05,32.47468002140522,-111.2954356893897,1.2024000000000001
2025-05-04T19:45:06,32.474675411358476,-111.29543711431324,1.2491999999999999
2025-05-04T19:45:07,32.47466845437884,-111.29543476738036,1.1664
2025-05-04T19:45:08,32.4746585637331,-111.29543610848486,1.0295999999999998
2025-05-04T19:45:09,32.47465739026666,-111.2954343482852,1.764
2025-05-04T19:45:10,32.474650517106056,-111.29543351009488,2.2716000000000003
2025-05-04T19:45:11,32.4746500980109,-111.29542848095298,0.9504
2025-05-04T19:45:12,32.47465906664729,-111.29542445763946,1.5156
2025-05-04T19:45:13,32.47466392815113,-111.29543124698102,0.48600000000000004
2025-05-04T19:45:14,32.47466577216983,-111.29543267190456,0.234
2025-05-04T19:45:15,32.47466920875013,-111.29543359391391,0.1368
2025-05-04T19:45:16,32.474675830453634,-111.29543602466583,0.738
2025-05-04T19:45:17,32.47468387708068,-111.2954327557236,1.8900000000000001
2025-05-04T19:45:18,32.474686643108726,-111.29542998969555,1.8468
2025-05-04T19:45:19,32.474691504612565,-111.29542437382042,1.7424
2025-05-04T19:45:20,32.474698880687356,-111.2954237870872,1.4687999999999999
2025-05-04T19:45:21,32.47469946742058,-111.29542512819171,0.396
2025-05-04T19:45:22,32.474700808525085,-111.29542269743979,0.666
2025-05-04T19:45:23,32.47470105998218,-111.29542470909655,0.3456
2025-05-04T19:45:24,32.47470592148602,-111.29541967995465,1.3176
2025-05-04T19:45:25,32.47470038942993,-111.2954200990498,0.81
2025-05-04T19:45:26,32.474697371944785,-111.29542076960206,0.0828
2025-05-04T19:45:27,32.474696366116405,-111.29542001523077,0.8496
2025-05-04T19:45:28,32.474699299782515,-111.29541942849755,0.54
2025-05-04T19:45:29,32.4747018981725,-111.29541917704046,0.0
2025-05-04T19:45:30,32.4747018981725,-111.29542118869722,0.0
2025-05-04T19:45:31,32.4747018981725,-111.29542118869722,0.0
2025-05-04T19:45:32,32.4747018981725,-111.29542118869722,0.0
2025-05-04T19:45:33,32.4747018981725,-111.29542118869722,0.0
2025-05-04T19:45:34,32.4747018981725,-111.29542118869722,0.0
2025-05-04T19:45:35,32.4747018981725,-111.29542118869722,0.0
2025-05-04T19:45:36,32.4747018981725,-111.29542118869722,0.0
2025-05-04T19:45:37,32.4747018981725,-111.29542118869722,0.0
2025-05-04T19:45:38,32.4747018981725,-111.29542118869722,0.0
2025-05-04T19:45:39,32.4747018981725,-111.29542118869722,0.0
2025-05-04T19:45:40,32.4747018981725,-111.29542118869722,0.0
2025-05-04T19:45:41,32.4747018981725,-111.29542118869722,0.0
2025-05-04T19:45:42,32.4747156444937,-111.29542487673461,0.0
2025-05-04T19:45:43,32.474716482684016,-111.29542504437268,0.0
2025-05-04T19:45:44,32.474716482684016,-111.29542504437268,0.0
2025-05-04T19:45:45,32.474716482684016,-111.29542504437268,0.0
2025-05-04T19:45:46,32.474716482684016,-111.29542504437268,0.0
2025-05-04T19:45:47,32.474716482684016,-111.29542504437268,0.0
2025-05-04T19:45:48,32.47471455484629,-111.295425882563,0.28800000000000003
2025-05-04T19:45:49,32.474713465198874,-111.29542822949588,0.11520000000000001
2025-05-04T19:45:50,32.47471421957016,-111.295425882563,0.216
2025-05-04T19:45:51,32.47471606358886,-111.29542504437268,0.4068
2025-05-04T19:45:52,32.474715979769826,-111.29542554728687,0.0
2025-05-04T19:45:53,32.47471681796014,-111.29542185924947,0.31679999999999997
2025-05-04T19:45:54,32.474715979769826,-111.29542227834463,0.0
2025-05-04T19:45:55,32.474715979769826,-111.29542227834463,0.0
2025-05-04T19:45:56,32.474720841273665,-111.2954221945256,0.7776
2025-05-04T19:45:57,32.474721847102046,-111.29542152397335,0.48600000000000004
2025-05-04T19:45:58,32.47471866197884,-111.2954221945256,0.1548
2025-05-04T19:45:59,32.47471732087433,-111.2954200990498,0.6084
2025-05-04T19:46:00,32.47471715323627,-111.29541867412627,0.4248
2025-05-04T19:46:01,32.47471438720822,-111.29541574046016,0.6228
2025-05-04T19:46:02,32.47471321374178,-111.29540693946183,2.1168
2025-05-04T19:46:03,32.47470868751407,-111.2954150699079,0.7272000000000001
2025-05-04T19:46:04,32.47470332309604,-111.29542286507785,0.12240000000000001
2025-05-04T19:46:05,32.474702317267656,-111.29542236216366,0.27
2025-05-04T19:46:06,32.474701227620244,-111.29542102105916,0.4176
2025-05-04T19:46:07,32.47470147907734,-111.29542227834463,0.0
2025-05-04T19:46:08,32.47470290400088,-111.29542311653495,0.5652
2025-05-04T19:46:09,32.47470550239086,-111.29542211070657,0.4248
2025-05-04T19:46:10,32.474706592038274,-111.29542261362076,0.936
2025-05-04T19:46:11,32.47470684349537,-111.29542429000139,0.6624
2025-05-04T19:46:12,32.47470600530505,-111.29542479291558,0.5292
2025-05-04T19:46:13,32.474708100780845,-111.29542764276266,0.63
2025-05-04T19:46:14,32.47471095062792,-111.29543141461909,0.0
2025-05-04T19:46:15,32.47471095062792,-111.29543141461909,0.0
2025-05-04T19:46:16,32.47471095062792,-111.29543141461909,0.0
2025-05-04T19:46:17,32.47471095062792,-111.29543141461909,0.0
2025-05-04T19:46:18,32.47470793314278,-111.29543501883745,0.1908
2025-05-04T19:46:19,32.474708100780845,-111.29543174989522,0.6876
2025-05-04T19:46:20,32.474708184599876,-111.2954322528094,0.342
2025-05-04T19:46:21,32.474706172943115,-111.29542915150523,0.6120000000000001
2025-05-04T19:46:22,32.474705250933766,-111.29542596638203,0.4212
2025-05-04T19:46:23,32.47470986098051,-111.29542655311525,0.522
2025-05-04T19:46:24,32.47471212409437,-111.29542479291558,0.0
2025-05-04T19:46:25,32.47471329756081,-111.29542018286884,0.5796
2025-05-04T19:46:26,32.47471279464662,-111.29542144015431,0.5616
2025-05-04T19:46:27,32.47471128590405,-111.29542336799204,0.3528
2025-05-04T19:46:28,32.47471279464662,-111.29542269743979,0.3492
2025-05-04T19:46:29,32.47471136972308,-111.29542311653495,0.0
2025-05-04T19:46:30,32.474712040275335,-111.29542487673461,0.3096
2025-05-04T19:46:31,32.474710615351796,-111.29542336799204,0.5508
2025-05-04T19:46:32,32.47470935806632,-111.29542512819171,0.468
2025-05-04T19:46:33,32.47470793314278,-111.29542630165815,0.0
2025-05-04T19:46:34,32.474710112437606,-111.29542051814497,0.36000000000000004
2025-05-04T19:46:35,32.474711118265986,-111.29542252980173,0.11520000000000001
2025-05-04T19:46:36,32.474710112437606,-111.29541708156466,0.8856
2025-05-04T19:46:37,32.47471069917083,-111.2954200990498,0.07919999999999999
2025-05-04T19:46:38,32.4747103638947,-111.29542185924947,0.036000000000000004
2025-05-04T19:46:39,32.47471086680889,-111.29542412236333,0.1008
2025-05-04T19:46:40,32.47470600530505,-111.29542320035398,0.6084
2025-05-04T19:46:41,32.47470558620989,-111.29542395472527,0.0
2025-05-04T19:46:42,32.47470558620989,-111.29542395472527,0.0
2025-05-04T19:46:43,32.474707597866654,-111.29542613402009,0.0
2025-05-04T19:46:44,32.474707597866654,-111.29542613402009,0.0
2025-05-04T19:46:45,32.474707681685686,-111.29542898386717,0.0
2025-05-04T19:46:46,32.474707681685686,-111.29542898386717,0.0
2025-05-04T19:46:47,32.474707681685686,-111.29542898386717,0.0
2025-05-04T19:46:48,32.474703239277005,-111.29543476738036,0.0
2025-05-04T19:46:49,32.47471321374178,-111.2954327557236,0.6120000000000001
2025-05-04T19:46:50,32.47471656650305,-111.2954343482852,0.2736
2025-05-04T19:46:51,32.47471799142659,-111.295431163162,0.9792000000000001
2025-05-04T19:46:52,32.47471849434078,-111.2954306602478,0.2772
2025-05-04T19:46:53,32.4747174885124,-111.29542789421976,0.5472
2025-05-04T19:46:54,32.47471874579787,-111.29543200135231,0.3024
2025-05-04T19:46:55,32.47472100891173,-111.29542713984847,0.4752
2025-05-04T19:46:56,32.47471966780722,-111.29542789421976,0.1728
2025-05-04T19:46:57,32.47472050599754,-111.29542772658169,0.2808
2025-05-04T19:46:58,32.47472050599754,-111.29542831331491,0.5004000000000001
2025-05-04T19:46:59,32.47472008690238,-111.29542454145849,0.7308000000000001
2025-05-04T19:47:00,32.47471916489303,-111.29542638547719,0.0
2025-05-04T19:47:01,32.474719416350126,-111.29542387090623,0.24840000000000004
2025-05-04T19:47:02,32.474720841273665,-111.29542261362076,0.5976
2025-05-04T19:47:03,32.47472260147333,-111.29541976377368,0.8316
2025-05-04T19:47:04,32.47472318820655,-111.29541825503111,0.4932
2025-05-04T19:47:05,32.47472310438752,-111.29541892558336,0.0
2025-05-04T19:47:06,32.47472310438752,-111.29541892558336,0.0
2025-05-04T19:47:07,32.474722769111395,-111.29541909322143,0.3456
2025-05-04T19:47:08,32.474721763283014,-111.29542001523077,0.1008
2025-05-04T19:47:09,32.474720757454634,-111.29541951231658,0.8424
2025-05-04T19:47:10,32.47471857815981,-111.29541951231658,0.0864
2025-05-04T19:47:11,32.47472042217851,-111.29541330970824,0.8352
2025-05-04T19:47:12,32.47472193092108,-111.29541037604213,0.0
2025-05-04T19:47:13,32.47472360730171,-111.29540953785181,0.5292
2025-05-04T19:47:14,32.47472360730171,-111.29541020840406,0.0
2025-05-04T19:47:15,32.47472360730171,-111.29541020840406,0.0
2025-05-04T19:47:16,32.47472000308335,-111.29541515372694,0.0864
2025-05-04T19:47:17,32.474721847102046,-111.2954166624695,0.27
2025-05-04T19:47:18,32.47472117654979,-111.29542043432593,0.12240000000000001
2025-05-04T19:47:19,32.474722266197205,-111.2954190094024,1.08
2025-05-04T19:47:20,32.474722266197205,-111.29542043432593,0.5868
2025-05-04T19:47:21,32.474718829616904,-111.29541750065982,1.1556
2025-05-04T19:47:22,32.47471866197884,-111.29541917704046,0.7092
2025-05-04T19:47:23,32.474717404693365,-111.29542144015431,0.0
2025-05-04T19:47:24,32.474717823788524,-111.29541967995465,0.24120000000000003
2025-05-04T19:47:25,32.474717907607555,-111.29541934467852,0.7488
2025-05-04T19:47:26,32.47471614740789,-111.29542311653495,0.0
2025-05-04T19:47:27,32.47471614740789,-111.29542311653495,0.0
2025-05-04T19:47:28,32.47471614740789,-111.29542311653495,0.0
2025-05-04T19:47:29,32.474713549017906,-111.29542579874396,0.0
2025-05-04T19:47:30,32.47471271082759,-111.29542755894363,0.0
2025-05-04T19:47:31,32.474711537361145,-111.29542814567685,0.0
2025-05-04T19:47:32,32.474711537361145,-111.29542814567685,0.0
2025-05-04T19:47:33,32.474714890122414,-111.29542420618236,0.6408
2025-05-04T19:47:34,32.47471522539854,-111.29542328417301,0.5940000000000001
2025-05-04T19:47:35,32.474714973941445,-111.29542546346784,0.2808
2025-05-04T19:47:36,32.47471338137984,-111.2954272236675,0.1548
2025-05-04T19:47:37,32.474712459370494,-111.29542236216366,1.1340000000000001
2025-05-04T19:47:38,32.474713046103716,-111.29542026668787,1.1736
2025-05-04T19:47:39,32.47471262700856,-111.29541967995465,0.0
2025-05-04T19:47:40,32.47471262700856,-111.29541967995465,0.0
2025-05-04T19:47:41,32.474715895950794,-111.29542336799204,0.0
2025-05-04T19:47:42,32.474715476855636,-111.29541976377368,0.5256
2025-05-04T19:47:43,32.47471857815981,-111.29542546346784,0.0
2025-05-04T19:47:44,32.47471866197884,-111.29542479291558,0.2592
2025-05-04T19:47:45,32.474720841273665,-111.2954256311059,0.6048
2025-05-04T19:47:46,32.47471924871206,-111.29542806185782,0.30600000000000005
2025-05-04T19:47:47,32.474719332531095,-111.2954240385443,1.0008000000000001
2025-05-04T19:47:48,32.47472142800689,-111.29542680457234,0.8748
2025-05-04T19:47:49,32.474721260368824,-111.29542998969555,0.0684
2025-05-04T19:47:50,32.474720841273665,-111.29542864859104,0.48600000000000004
2025-05-04T19:47:51,32.474716398864985,-111.29542596638203,0.9684
2025-05-04T19:47:52,32.47471338137984,-111.295420601964,1.35
2025-05-04T19:47:53,32.47471312992275,-111.29541993141174,0.8316
2025-05-04T19:47:54,32.47471262700856,-111.29542361944914,0.0684
2025-05-04T19:47:55,32.47471229173243,-111.29542554728687,0.27
2025-05-04T19:47:56,32.47471162118018,-111.29542261362076,0.6912
2025-05-04T19:47:57,32.474709106609225,-111.29542429000139,0.882
2025-05-04T19:47:58,32.474707681685686,-111.29542672075331,0.7415999999999999
2025-05-04T19:47:59,32.47471338137984,-111.2954290676862,0.1368
2025-05-04T19:48:00,32.4747174885124,-111.29542814567685,0.7704
2025-05-04T19:48:01,32.47471815906465,-111.29542831331491,0.5292
2025-05-04T19:48:02,32.47471958398819,-111.29543325863779,0.1296
2025-05-04T19:48:03,32.474719835445285,-111.29542613402009,0.0
2025-05-04T19:48:04,32.474719835445285,-111.29542613402009,0.0
2025-05-04T19:48:05,32.474719835445285,-111.29542613402009,0.0
2025-05-04T19:48:06,32.47471732087433,-111.29542504437268,0.0828
2025-05-04T19:48:07,32.474720338359475,-111.29542336799204,0.8352
2025-05-04T19:48:08,32.474720757454634,-111.2954240385443,0.3204
2025-05-04T19:48:09,32.47472193092108,-111.29542294889688,0.0
2025-05-04T19:48:10,32.474721344187856,-111.2954221945256,0.6264
2025-05-04T19:48:11,32.47471924871206,-111.29542026668787,0.6984
2025-05-04T19:48:12,32.474719835445285,-111.29541599191725,0.9468000000000001
2025-05-04T19:48:13,32.47471950016916,-111.2954166624695,0.0
2025-05-04T19:48:14,32.4747206736356,-111.29541649483144,0.27
2025-05-04T19:48:15,32.47472058981657,-111.2954169139266,0.0
2025-05-04T19:48:16,32.47471991926432,-111.29542085342109,0.18359999999999999
2025-05-04T19:48:17,32.47472042217851,-111.29542529582977,0.1656
2025-05-04T19:48:18,32.47471673414111,-111.29542605020106,1.1520000000000001
2025-05-04T19:48:19,32.474716482684016,-111.2954290676862,0.0
2025-05-04T19:48:20,32.47471849434078,-111.29542948678136,0.5327999999999999
2025-05-04T19:48:21,32.47471849434078,-111.29542236216366,1.6956
2025-05-04T19:48:22,32.474714973941445,-111.29541791975498,1.836
2025-05-04T19:48:23,32.47471581213176,-111.29542286507785,0.5256
2025-05-04T19:48:24,32.474719332531095,-111.29542797803879,0.2808
2025-05-04T19:48:25,32.474721847102046,-111.29542429000139,0.0
2025-05-04T19:48:26,32.4747206736356,-111.2954203505069,0.2628
2025-05-04T19:49:11,32.47470986098051,-111.29543099552393,1.3356000000000001
2025-05-04T19:49:12,32.47470307163894,-111.29543543793261,0.5112
2025-05-04T19:49:13,32.47469804249704,-111.29543627612293,0.198
2025-05-04T19:49:14,32.47470282018185,-111.29543325863779,1.5588
2025-05-04T19:49:22,32.47466820292175,-111.2954240385443,2.592
2025-05-04T19:49:23,32.47466434724629,-111.29542001523077,1.8396000000000001
2025-05-04T19:49:24,32.47466392815113,-111.2954272236675,0.23040000000000002
2025-05-04T19:49:25,32.47465990483761,-111.2954288162291,0.4536
2025-05-04T19:49:26,32.4746601562947,-111.29543736577034,0.234
2025-05-04T19:49:27,32.47466275468469,-111.29543468356133,0.8568
2025-05-04T19:49:28,32.47465864755213,-111.29543317481875,1.4976
2025-05-04T19:49:29,32.47466476634145,-111.29543677903712,0.7343999999999999
2025-05-04T19:49:30,32.4746656883508,-111.29544273018837,0.4068
2025-05-04T19:49:31,32.47466862201691,-111.29544398747385,0.378
2025-05-04T19:49:32,32.47466526925564,-111.2954449094832,0.684
2025-05-04T19:49:33,32.47466669417918,-111.29544566385448,0.7343999999999999
2025-05-04T19:49:34,32.47466493397951,-111.295444406569,1.8432000000000002
2025-05-04T19:49:35,32.47466644272208,-111.29545144736767,0.0504
2025-05-04T19:49:36,32.47466300614178,-111.2954515311867,0.7164
2025-05-04T19:49:37,32.474662167951465,-111.29545245319605,0.24120000000000003
2025-05-04T19:49:38,32.474662251770496,-111.29545270465314,0.0
2025-05-04T19:49:39,32.47465713880956,-111.2954499386251,0.0
2025-05-04T19:49:40,32.47465504333377,-111.29544876515865,0.1764
2025-05-04T19:49:41,32.47465278021991,-111.29544742405415,0.216
2025-05-04T19:49:43,32.4746498465538,-111.29544658586383,0.198
2025-05-04T19:49:43,32.47464858926833,-111.29544910043478,0.234
2025-05-04T19:49:44,32.47464775107801,-111.29545069299638,0.0
2025-05-04T19:49:46,32.47464842163026,-111.29545010626316,0.5652
2025-05-04T19:49:46,32.474649427458644,-111.29545086063445,0.8244
2025-05-04T19:49:47,32.474652361124754,-111.29545094445348,0.0
2025-05-04T19:49:48,32.474652947857976,-111.29544842988253,0.5364
2025-05-04T19:49:49,32.474655797705054,-111.29544524475932,0.7128000000000001
2025-05-04T19:49:50,32.47465646825731,-111.29544340074062,0.2268
2025-05-04T19:49:51,32.47465663589537,-111.29544348455966,0.0
2025-05-04T19:49:52,32.474659318104386,-111.29543929360807,0.9648000000000001
2025-05-04T19:49:53,32.474659234285355,-111.29544088616967,0.8748
2025-05-04T19:49:54,32.47465806081891,-111.29543635994196,1.53
2025-05-04T19:49:55,32.474654372781515,-111.29543652758002,1.4040000000000001
2025-05-04T19:49:56,32.474650936201215,-111.29544080235064,0.342
2025-05-04T19:49:57,32.474650936201215,-111.29544197581708,0.5688
2025-05-04T19:49:58,32.47465068474412,-111.29543761722744,1.7388
2025-05-04T19:49:59,32.47465764172375,-111.29544105380774,0.4392
2025-05-04T19:50:00,32.47466283850372,-111.29544071853161,0.4392
2025-05-04T19:50:01,32.474666023626924,-111.29543988034129,1.0116
2025-05-04T19:50:02,32.47466770000756,-111.29544138908386,0.4572
2025-05-04T19:50:03,32.47466719709337,-111.2954409699887,0.0
2025-05-04T19:50:04,32.474665604531765,-111.2954377848655,0.8208000000000001
2025-05-04T19:50:05,32.47466719709337,-111.2954356893897,0.24840000000000004
2025-05-04T19:50:06,32.47466686181724,-111.29543283954263,0.6120000000000001
2025-05-04T19:50:07,32.47466719709337,-111.29543384537101,0.0
2025-05-04T19:50:08,32.47466845437884,-111.2954345997423,0.2772
2025-05-04T19:50:09,32.47466929256916,-111.29543334245682,0.6516
2025-05-04T19:50:10,32.474671471863985,-111.2954322528094,0.0
2025-05-04T19:50:11,32.474671471863985,-111.2954322528094,0.0
2025-05-04T19:50:12,32.474671471863985,-111.2954322528094,0.0
2025-05-04T19:50:13,32.474670046940446,-111.29543007351458,0.0
2025-05-04T19:50:14,32.47466987930238,-111.29542948678136,0.0
2025-05-04T19:50:15,32.47466987930238,-111.29542948678136,0.0
2025-05-04T19:50:16,32.47466987930238,-111.29542948678136,0.0
2025-05-04T19:50:17,32.47466987930238,-111.29542948678136,0.0
2025-05-04T19:50:18,32.47466987930238,-111.29542948678136,0.0
2025-05-04T19:50:19,32.47466987930238,-111.29542948678136,0.0
2025-05-04T19:50:20,32.47467750683427,-111.29543644376099,0.54
2025-05-04T19:50:21,32.47468153014779,-111.29543812014163,0.0
2025-05-04T19:50:22,32.47468546964228,-111.29543703049421,0.9396000000000001
2025-05-04T19:50:23,32.47468848712742,-111.2954380363226,0.5147999999999999
2025-05-04T19:50:24,32.474689492955804,-111.29543711431324,0.162
2025-05-04T19:50:25,32.474688990041614,-111.29543585702777,0.4428
2025-05-04T19:50:26,32.47468924149871,-111.29543652758002,0.6120000000000001
2025-05-04T19:50:27,32.47468882240355,-111.29543920978904,0.35640000000000005
2025-05-04T19:50:28,32.474686140194535,-111.29543820396066,0.8208000000000001
2025-05-04T19:50:29,32.474690079689026,-111.29543652758002,0.46080000000000004
2025-05-04T19:50:30,32.474693013355136,-111.29543468356133,0.9936000000000001
2025-05-04T19:50:31,32.474695444107056,-111.2954356893897,0.0
2025-05-04T19:50:32,32.474695444107056,-111.2954356893897,0.0
2025-05-04T19:50:33,32.47470055706799,-111.2954325042665,0.5652
2025-05-04T19:50:34,32.47470282018185,-111.29543292336166,0.0
2025-05-04T19:50:35,32.47470793314278,-111.295431163162,0.0
2025-05-04T19:50:36,32.47470793314278,-111.295431163162,0.0
2025-05-04T19:50:37,32.47470801696181,-111.29543141461909,0.0
2025-05-04T19:50:38,32.47470801696181,-111.29543141461909,0.0
2025-05-04T19:50:39,32.47470801696181,-111.29543141461909,0.0
2025-05-04T19:50:40,32.47470550239086,-111.29542387090623,0.0
2025-05-04T19:50:41,32.47470575384796,-111.29542160779238,0.8424
2025-05-04T19:50:42,32.47470625676215,-111.29542269743979,0.0
2025-05-04T19:50:43,32.474701814353466,-111.29542118869722,0.5112
2025-05-04T19:50:44,32.4746984615922,-111.29542479291558,0.936
2025-05-04T19:50:45,32.474690079689026,-111.29543242044747,0.5472
2025-05-04T19:50:46,32.474676333367825,-111.29544574767351,0.6408
2025-05-04T19:50:47,32.47466392815113,-111.29545764997602,0.8568
2025-05-04T19:50:48,32.47465118765831,-111.29546544514596,1.3860000000000001
2025-05-04T19:50:49,32.47463685460389,-111.2954776827246,2.9124000000000003
2025-05-04T19:50:50,32.47462470084429,-111.29548262804747,3.3552000000000004
2025-05-04T19:50:51,32.47461740858853,-111.2954895850271,3.2796000000000003
2025-05-04T19:50:52,32.47459796257317,-111.29549528472126,4.6331999999999995
2025-05-04T19:50:53,32.474588910117745,-111.29550274461508,4.1112
2025-05-04T19:50:54,32.47457692399621,-111.29550400190055,4.0644
2025-05-04T19:50:55,32.47456485405564,-111.29550668410957,4.4928
2025-05-04T19:50:56,32.47455236501992,-111.29551171325147,4.9284
2025-05-04T19:50:57,32.47453828342259,-111.2955186702311,5.4288
2025-05-04T19:50:58,32.47453082352877,-111.2955257948488,4.2876
2025-05-04T19:50:59,32.474524369463325,-111.29553199745715,3.3444000000000003
2025-05-04T19:51:00,32.47451431117952,-111.29553652368486,3.582
2025-05-04T19:51:01,32.47449981048703,-111.29554172046483,3.8051999999999997
2025-05-04T19:51:02,32.474492182955146,-111.29554591141641,3.6144000000000003
2025-05-04T19:51:03,32.47447935864329,-111.2955516949296,4.0607999999999995
2025-05-04T19:51:04,32.47447608970106,-111.29555957391858,2.556
2025-05-04T19:51:05,32.474476927891374,-111.29556929692626,1.6128
2025-05-04T19:51:06,32.47447181493044,-111.29558337852359,2.8944
2025-05-04T19:51:07,32.4744703900069,-111.29559435881674,2.7720000000000002
2025-05-04T19:51:08,32.47446904890239,-111.29560257308185,2.0627999999999997
2025-05-04T19:51:09,32.47446938417852,-111.2956140562892,2.8404000000000003
2025-05-04T19:51:10,32.474471144378185,-111.29562738351524,3.3228000000000004
2025-05-04T19:51:11,32.4744738265872,-111.29564163275063,3.708
2025-05-04T19:51:12,32.47448178939521,-111.29565269686282,3.9348
2025-05-04T19:51:13,32.474483381956816,-111.29567038267851,4.4892
2025-05-04T19:51:14,32.47448556125164,-111.29568479955196,4.3416
2025-05-04T19:51:15,32.47448790818453,-111.295698126778,4.14
2025-05-04T19:51:16,32.474493188783526,-111.29571044817567,4.2264
2025-05-04T19:51:17,32.474499726668,-111.29572654142976,5.050800000000001
2025-05-04T19:51:18,32.474502911791205,-111.2957385275513,5.0544
2025-05-04T19:51:19,32.47450836002827,-111.29575068131089,5.6736
2025-05-04T19:51:20,32.47452017851174,-111.29576291888952,6.066000000000001
2025-05-04T19:51:21,32.474525375291705,-111.29577171988785,5.3424000000000005
2025-05-04T19:51:22,32.47452596202493,-111.29578286781907,4.5144
2025-05-04T19:51:23,32.47452897951007,-111.29579242318869,4.010400000000001
2025-05-04T19:51:24,32.47453400865197,-111.29580457694829,4.5108
2025-05-04T19:51:25,32.47453744523227,-111.29581723362207,4.7808
2025-05-04T19:51:26,32.47454314492643,-111.29583148285747,5.0796
2025-05-04T19:51:27,32.47454725205898,-111.29584740847349,5.3712
2025-05-04T19:51:28,32.47455119155347,-111.29585780203342,4.6080000000000005
2025-05-04T19:51:29,32.474558064714074,-111.29587163217366,4.752000000000001
2025-05-04T19:51:30,32.47456485405564,-111.29588881507516,5.0436000000000005
2025-05-04T19:51:31,32.474576253443956,-111.2959018908441,5.076
2025-05-04T19:51:32,32.47458438389003,-111.29591714590788,5.238
2025-05-04T19:51:33,32.47458958067,-111.29593181423843,5.0652
2025-05-04T19:51:34,32.47459662146866,-111.29594799131155,5.346
2025-05-04T19:51:35,32.47460718266666,-111.2959610670805,5.2884
2025-05-04T19:51:36,32.47461615130305,-111.29598202183843,5.9976
2025-05-04T19:51:37,32.474623611196876,-111.2960007134825,5.7312
2025-05-04T19:51:38,32.4746326636523,-111.29601798020303,5.5224
2025-05-04T19:51:39,32.47463945299387,-111.29603516310453,5.8068
2025-05-04T19:51:40,32.4746466614306,-111.29605150781572,5.7132
2025-05-04T19:51:41,32.47465663589537,-111.29606793634593,5.558400000000001
2025-05-04T19:51:42,32.47465915046632,-111.29608143121004,4.903200000000001
2025-05-04T19:51:43,32.474661748856306,-111.29610121250153,5.180400000000001
2025-05-04T19:51:44,32.47466593980789,-111.29612568765879,6.6744
2025-05-04T19:51:45,32.474674908444285,-111.29614186473191,6.5484
2025-05-04T19:51:46,32.47467742301524,-111.29615577869117,5.7636
2025-05-04T19:51:47,32.474686140194535,-111.29617103375494,6.0912
2025-05-04T19:51:48,32.474695444107056,-111.29619198851287,6.39
2025-05-04T19:51:49,32.47470147907734,-111.29620883613825,5.8788
2025-05-04T19:51:50,32.474709525704384,-111.29622593522072,5.6736
2025-05-04T19:51:51,32.474713800475,-111.296242531389,5.389200000000001
2025-05-04T19:51:52,32.47472452931106,-111.29626281559467,6.0767999999999995
2025-05-04T19:51:53,32.474738443270326,-111.29628159105778,5.9399999999999995
2025-05-04T19:51:54,32.47474615462124,-111.29629659466445,4.7376000000000005
2025-05-04T19:51:55,32.47475327923894,-111.29631729796529,5.3496
2025-05-04T19:51:56,32.47476006858051,-111.29633448086679,5.5836
2025-05-04T19:51:57,32.4747605714947,-111.29635082557797,5.112
2025-05-04T19:51:58,32.47476451098919,-111.29637002013624,5.7312
2025-05-04T19:51:59,32.474777000024915,-111.2963841855526,5.6988
2025-05-04T19:52:00,32.47479242272675,-111.29639659076929,6.012
2025-05-04T19:52:01,32.47480005025864,-111.29640472121537,5.4395999999999995
2025-05-04T19:52:02,32.47480474412441,-111.2964188028127,5.274
2025-05-04T19:52:03,32.47480994090438,-111.29643321968615,5.4323999999999995
2025-05-04T19:52:04,32.47481698170304,-111.29644487053156,5.562
2025-05-04T19:52:05,32.47482477687299,-111.29646465182304,6.5412
2025-05-04T19:52:06,32.47483307495713,-111.29648585803807,7.0848
2025-05-04T19:52:07,32.47484313324094,-111.29650136455894,6.3072
2025-05-04T19:52:08,32.474849838763475,-111.29651603288949,5.0652
2025-05-04T19:52:09,32.47485436499119,-111.29653497599065,5.2884
2025-05-04T19:52:10,32.474866434931755,-111.29655349999666,5.9976
2025-05-04T19:52:11,32.47487640939653,-111.29657328128815,6.6492
2025-05-04T19:52:12,32.47488386929035,-111.29658996127546,6.5376
2025-05-04T19:52:13,32.47488755732775,-111.29660756327212,6.3612
2025-05-04T19:52:14,32.47488772496581,-111.2966244108975,5.9184
2025-05-04T19:52:15,32.47489602304995,-111.29664125852287,5.9688
2025-05-04T19:52:16,32.47490482404828,-111.29665550775826,5.860799999999999
2025-05-04T19:52:17,32.47491111047566,-111.29667059518397,6.1416
2025-05-04T19:52:18,32.47491496615112,-111.2966846767813,5.5944
2025-05-04T19:52:19,32.474916307255626,-111.29669590853155,4.7016
2025-05-04T19:52:20,32.474920162931085,-111.29670747555792,4.6979999999999995
2025-05-04T19:52:21,32.47492888011038,-111.29672138951719,5.0976
2025-05-04T19:52:22,32.47493835166097,-111.296739410609,5.9544
2025-05-04T19:52:23,32.47494103386998,-111.29675701260567,6.0444
2025-05-04T19:52:24,32.47494882903993,-111.29677394405007,6.192
2025-05-04T19:52:25,32.47495863586664,-111.29678601399064,5.8788
2025-05-04T19:52:26,32.474970957264304,-111.29679892212152,6.1416
2025-05-04T19:52:27,32.47498294338584,-111.29681400954723,6.3288
2025-05-04T19:52:28,32.47499140910804,-111.29682851023972,5.486400000000001
2025-05-04T19:52:29,32.47499576769769,-111.2968363892287,4.2732
2025-05-04T19:52:30,32.475006664171815,-111.2968551646918,5.6052
2025-05-04T19:52:31,32.47501462697983,-111.29687209613621,5.752800000000001
2025-05-04T19:52:32,32.475015465170145,-111.29688173532486,4.3524
2025-05-04T19:52:33,32.47502367943525,-111.29689833149314,5.7348
2025-05-04T19:52:34,32.47502787038684,-111.29691241309047,5.7708
2025-05-04T19:52:35,32.475035078823566,-111.29693194292486,6.4872000000000005
2025-05-04T19:52:36,32.47504404745996,-111.296945521608,5.9076
2025-05-04T19:52:37,32.47505192644894,-111.2969592679292,5.7384
2025-05-04T19:52:38,32.47505544684827,-111.29697510972619,5.6411999999999995
2025-05-04T19:52:39,32.475054608657956,-111.29698776639998,5.274
2025-05-04T19:52:40,32.47505955398083,-111.29700176417828,4.8744000000000005
2025-05-04T19:52:41,32.47506751678884,-111.2970163486898,4.932
2025-05-04T19:52:42,32.475070701912045,-111.29703344777226,5.0832
2025-05-04T19:52:43,32.47507447376847,-111.29704954102635,5.2272
2025-05-04T19:52:44,32.47507438994944,-111.29706119187176,4.244400000000001
2025-05-04T19:52:45,32.475076988339424,-111.29706898704171,3.1284
2025-05-04T19:52:46,32.475077575072646,-111.2970715854317,1.764
2025-05-04T19:52:47,32.47508117929101,-111.29706932231784,0.2772
2025-05-04T19:52:48,32.47508520260453,-111.29706756211817,0.3996
2025-05-04T19:52:49,32.47509928420186,-111.29706965759397,2.6532
2025-05-04T19:52:50,32.475123926997185,-111.29707284271717,5.752800000000001
2025-05-04T19:52:51,32.47512987814844,-111.29708197899163,4.5252
2025-05-04T19:52:52,32.47514043934643,-111.29710611887276,5.6448
2025-05-04T19:52:53,32.47515292838216,-111.29711793735623,5.194800000000001
2025-05-04T19:52:54,32.47515787370503,-111.29712447524071,3.7691999999999997
2025-05-04T19:52:55,32.4751699436456,-111.29713067784905,3.546
2025-05-04T19:52:56,32.47518201358616,-111.29713864065707,3.87
2025-05-04T19:52:57,32.475187880918384,-111.29715079441667,3.5424
2025-05-04T19:52:58,32.47518922202289,-111.29716311581433,2.9412
2025-05-04T19:52:59,32.4751731287688,-111.2971714977175,2.8224
2025-05-04T19:53:00,32.47516022063792,-111.29716018214822,2.8044000000000002
2025-05-04T19:53:01,32.4751662556082,-111.2971545662731,1.2384
2025-05-04T19:53:02,32.47516667470336,-111.29715532064438,0.1368
2025-05-04T19:53:03,32.475168351083994,-111.29715867340565,0.6084
2025-05-04T19:53:04,32.47516759671271,-111.29715339280665,1.2168
2025-05-04T19:53:05,32.475168853998184,-111.29714316688478,1.3392
2025-05-04T19:53:06,32.475164914503694,-111.29713034257293,1.8108
2025-05-04T19:53:07,32.475164914503694,-111.29712757654488,0.0
2025-05-04T19:53:08,32.47517304494977,-111.29713143222034,1.3176
2025-05-04T19:53:09,32.47517212294042,-111.2971165124327,2.4588
2025-05-04T19:53:10,32.475174805149436,-111.2970953900367,3.9996
2025-05-04T19:54:15,32.47515887953341,-111.29725556820631,0.0
